Filename,Object_name,RA,Dec,GAIA_ID,GAIA_Gmag,Type,Subtype,Method,Chi2,z,z_std,AB,AB_std,compoM_AB,compoM_AB_std,best_compoM_extinct_params,best_compoM_Chi2,LOF_val,SDSS-u,err_SDSS-u,SDSS-g,err_SDSS-g,SDSS-r,err_SDSS-r,SDSS-i,err_SDSS-i,SDSS-z,err_SDSS-z,SDSS_phot_method,UKIDSS_Y,err_UKIDSS_Y,UKIDSS_J,err_UKIDSS_J,UKIDSS_H,err_UKIDSS_H,UKIDSS_K,err_UKIDSS_K,UKIDSS_phot_method,WISE_W1,err_WISE_W1,WISE_W2,err_WISE_W2,WISE_W3,err_WISE_W3,WISE_W4,err_WISE_W4,WISE_phot_method
spec-3377-54950-0596.fits,SDSS J132457.51+325145.9,201.23964674703825,32.86275045496121,1.4695358120862372e+18,17.923059463500977,QSO,QSO,xPCA,37895.47325334886,1.7479062980966789,0.0002335454361177514,,,0.09875325315887278,0.0009652802883893738,SMC,48092.96113701087,-1.2924893946247913,18.313,0.014,18.041,0.006,17.821,0.006,17.581,0.006,17.498,0.01,Surveyphotometry.dat crossmatch,99.999,99.999,16.564,0.014,16.14,0.024,15.641,0.022,Surveyphotometry.dat crossmatch,14.783,0.032,13.684,0.036,10.54,0.09,8.58,0.421,Surveyphotometry.dat crossmatch
spec-2009-53857-0075.fits,SDSS J131259.02+283600.7,198.24590682377183,28.600188091913395,1.461042600157797e+18,18.28989028930664,QSO,QSO,xPCA,5694.841231692988,1.999279168117146,0.0010895486126478498,,,4.721029010432143e-09,0.0001401254898633652,LMC,7986.941327659639,-1.1159854907722502,18.853,0.022,18.661,0.008,18.654,0.009,18.564,0.012,18.428,0.03,Surveyphotometry.dat crossmatch,99.999,99.999,17.609,0.029,17.221,0.038,16.635,0.039,Surveyphotometry.dat crossmatch,15.514,0.043,14.144,0.045,11.004,0.142,99.999,99.999,Surveyphotometry.dat crossmatch
spec-2093-53818-0296.fits,SDSS J131014.55+324304.2,197.5606604362117,32.71785034440505,1.4668004290179886e+18,18.501283645629883,QSO,QSO-MIDZ,xPCA,14231.533096233314,1.221611933876714,0.001181211402196789,,,0.18364778161969803,0.0032609658233787586,SMC,20737.519495672826,-1.6054731909088402,19.238,0.024,18.786,0.009,18.483,0.008,18.219,0.009,18.133,0.02,Surveyphotometry.dat crossmatch,99.999,99.999,17.207,0.024,16.837,0.03,16.363,0.034,Surveyphotometry.dat crossmatch,15.345,0.039,13.94,0.037,10.718,0.09,8.064,0.214,Surveyphotometry.dat crossmatch
spec-2664-54524-0621.fits,SDSS J132803.14+241854.0,202.0130906904075,24.3149775499502,1.4463717477877857e+18,18.06509780883789,QSO,QSO,xPCA,7376.138924655602,1.713376129243414,0.0002882423337016781,,,0.07677855093318113,0.0027567663087823616,SMC,7564.287352954314,-1.2412195021309032,18.779,0.019,18.605,0.008,18.58,0.009,18.331,0.009,18.325,0.02,Surveyphotometry.dat crossmatch,99.999,99.999,17.354,0.021,16.851,0.026,16.459,0.034,Surveyphotometry.dat crossmatch,15.222,0.038,14.028,0.039,10.854,0.105,8.593,0.391,Surveyphotometry.dat crossmatch
spec-6486-56328-0724.fits,SDSS J131347.68+294201.3,198.44867455552924,29.70037870069506,1.4626652388023624e+18,18.191204071044922,BAL_QSO,QSO,xPCA,32917.62938334831,2.052646472914589,0.00010816851430961052,,,0.012383264427110349,0.0006044701045495966,SMC,45746.540971903545,-0.9866771816777412,18.261,0.015,18.18,0.006,18.064,0.007,17.948,0.008,17.749,0.02,Surveyphotometry.dat crossmatch,99.999,99.999,17.139,0.018,16.717,0.028,16.187,0.03,Surveyphotometry.dat crossmatch,15.118,0.033,13.698,0.032,10.008,0.05,7.839,0.144,Surveyphotometry.dat crossmatch
spec-2240-53823-0048.fits,SDSS J125652.11+260708.0,194.21715643524345,26.118914848308048,3.958526324267568e+18,18.04241180419922,QSO,QSO,xPCA,3705.578926982449,1.7166269203150395,0.000245016164649816,,,4.487198373287482e-12,1.0631076368775196e-05,SMC,10752.936289393014,-1.2117425964608275,18.394,0.014,18.33,0.007,18.336,0.008,18.211,0.009,18.168,0.02,Surveyphotometry.dat crossmatch,99.999,99.999,17.257,0.022,16.808,0.021,16.357,0.032,Surveyphotometry.dat crossmatch,15.44,0.039,14.247,0.042,11.156,0.14,8.798,0.383,Surveyphotometry.dat crossmatch
spec-2661-54505-0220.fits,SDSS J124936.35+245509.4,192.40146567416,24.919309415360004,3.957982585703842e+18,18.90654945373535,QSO,QSO,xPCA,4147.972693216689,1.7165018179026514,0.0005512817362544083,,,0.3106731819508885,0.003720660440998197,SMC,4555.002486096359,-1.2435357132270144,19.481,0.031,19.229,0.01,18.994,0.011,18.708,0.011,18.763,0.03,Surveyphotometry.dat crossmatch,99.999,99.999,18.187,0.054,17.517,0.053,17.101,0.061,Surveyphotometry.dat crossmatch,99.999,99.999,99.999,99.999,99.999,99.999,99.999,99.999,Surveyphotometry.dat crossmatch
spec-1993-53762-0536.fits,SDSS J133321.15+353350.7,203.3381485141905,35.564101705967474,1.471886529290074e+18,18.576213836669922,QSO,QSO,xPCA,20271.811849700305,2.5604918828006618,0.00019290729259122317,,,6.365077193613844e-13,1.5988028054300782e-05,SMC,23464.46979215721,-1.111196082763763,19.195,0.022,18.441,0.007,18.476,0.008,18.448,0.01,18.241,0.02,Surveyphotometry.dat crossmatch,99.999,99.999,17.44,0.032,16.966,0.056,16.147,0.036,Surveyphotometry.dat crossmatch,15.643,0.041,14.837,0.057,11.376,0.156,99.999,99.999,Surveyphotometry.dat crossmatch
spec-2238-54205-0429.fits,SDSS J124319.89+274431.8,190.8329023596408,27.742178656022077,3.962679660722396e+18,18.498422622680664,QSO,QSO-MIDZ,xPCA,5860.75792921617,0.5623200273093372,0.00011931631174675632,,,0.3313805875549857,0.004807277035689644,MW,6877.4167771909415,-1.7411058170759548,18.484,0.017,18.207,0.006,18.262,0.008,18.132,0.009,18.199,0.03,Surveyphotometry.dat crossmatch,99.999,99.999,17.554,0.027,16.935,0.037,15.937,0.023,Surveyphotometry.dat crossmatch,14.412,0.029,13.262,0.029,10.258,0.07,7.704,0.208,Surveyphotometry.dat crossmatch
spec-2245-54208-0399.fits,SDSS J133118.76+260933.1,202.82818570494217,26.159194602793256,1.448151749738873e+18,18.568920135498047,QSO,QSO-MIDZ,xPCA,3657.4127544571957,1.3016008008807436,0.00027441567841220453,,,8.755271627049893e-12,4.1692696893562355e-05,LMC,6097.9035563396565,-1.0365387804473951,18.729,0.018,18.708,0.008,18.462,0.008,18.471,0.01,18.508,0.03,Surveyphotometry.dat crossmatch,99.999,99.999,17.798,0.035,16.989,0.028,16.595,0.039,Surveyphotometry.dat crossmatch,15.072,0.034,13.756,0.034,10.836,0.096,8.489,0.286,Surveyphotometry.dat crossmatch
spec-6003-56311-0944.fits,SDSS J134300.17+284407.5,205.75074780828177,28.735419297511378,1.4549023774735022e+18,16.758468627929688,QSO,QSO-MIDZ,xPCA,8942.270112347916,0.9057119154129565,0.00017648153604866008,,,2.8805560096500232e-11,1.3032018118442923e-05,LMC,33444.87540674163,-0.9933639059645661,17.578,0.011,17.202,0.004,17.002,0.005,17.091,0.006,16.993,0.01,Surveyphotometry.dat crossmatch,99.999,99.999,15.414,0.007,15.429,0.009,14.664,0.009,Surveyphotometry.dat crossmatch,13.342,0.024,12.349,0.023,9.779,0.044,7.101,0.094,Surveyphotometry.dat crossmatch
spec-2666-54230-0408.fits,SDSS J134143.80+244144.0,205.432535559677,24.69557194986122,1.444344037892156e+18,18.8107967376709,QSO,QSO,xPCA,3735.5344341856344,1.9056098338708523,0.00037053853240314334,,,0.110081910995837,0.0004524722815970744,SMC,4534.804171977186,-1.285909421105553,19.278,0.028,19.409,0.011,19.347,0.013,19.028,0.014,18.913,0.04,Surveyphotometry.dat crossmatch,99.999,99.999,17.969,0.036,17.644,0.054,17.123,0.057,Surveyphotometry.dat crossmatch,16.124,0.053,14.985,0.066,11.565,0.165,9.158,0.45,Surveyphotometry.dat crossmatch
spec-2022-53827-0019.fits,SDSS J124949.60+352924.9,192.4566837778857,35.490275585047144,1.5169067200839818e+18,18.762683868408203,QSO,QSO-MIDZ,xPCA,3811.6425910938005,0.9835812754651887,0.0004260026988220623,,,6.234328390716023e-09,6.697090607326038e-05,LMC,5682.983990978815,-1.241631777971605,18.55,0.016,18.496,0.007,18.394,0.008,18.478,0.01,18.509,0.02,Surveyphotometry.dat crossmatch,99.999,99.999,17.574,0.044,17.307,0.076,16.663,0.056,Surveyphotometry.dat crossmatch,15.055,0.034,13.835,0.035,11.434,0.171,99.999,99.999,Surveyphotometry.dat crossmatch
spec-5984-56337-0844.fits,SDSS J124145.80+262226.7,190.4408215377003,26.37409349928353,3.961327884191278e+18,18.2450008392334,QSO,QSO-MIDZ,xPCA,4724.278855511076,0.7469883144141922,0.00019739191633841473,,,0.057817102794895874,0.0021880595349965636,MW,4881.262943526643,-1.090451374008939,19.121,0.022,18.753,0.008,18.687,0.01,18.806,0.013,18.694,0.03,Surveyphotometry.dat crossmatch,99.999,99.999,17.725,0.037,17.152,0.034,16.381,0.036,Surveyphotometry.dat crossmatch,14.785,0.031,13.61,0.034,10.626,0.079,8.47,0.302,Surveyphotometry.dat crossmatch
spec-2115-53535-0525.fits,SDSS J135021.29+260111.5,207.58871603861596,26.01986214383356,1.4505011999290307e+18,18.36619758605957,QSO,QSO,xPCA,7942.823120019336,2.0641254090720675,0.00037426735982738735,,,1.4271750014421825e-10,4.02893482816038e-05,SMC,8429.736408694194,-1.0706856779424556,18.706,0.019,18.488,0.007,18.402,0.008,18.28,0.009,18.01,0.02,Surveyphotometry.dat crossmatch,99.999,99.999,17.406,0.022,16.981,0.035,16.312,0.035,Surveyphotometry.dat crossmatch,15.11,0.032,13.731,0.032,10.465,0.06,8.588,0.263,Surveyphotometry.dat crossmatch
spec-2662-54505-0236.fits,SDSS J130006.74+235234.1,195.02811594738924,23.87613789112684,3.95705215405342e+18,18.679365158081055,QSO,QSO-MIDZ,xPCA,4945.508433266275,1.3503362559739096,0.0003864996394886275,,,1.5145984861263118e-08,0.00043729244547352963,LMC,5208.735305937974,-1.2929026227484093,19.284,0.027,19.21,0.01,19.031,0.011,18.972,0.013,18.949,0.03,Surveyphotometry.dat crossmatch,99.999,99.999,18.034,0.043,17.464,0.05,16.717,0.041,Surveyphotometry.dat crossmatch,14.945,0.033,13.793,0.035,10.929,0.118,8.621,0.396,Surveyphotometry.dat crossmatch
spec-1975-53734-0510.fits,SDSS J124618.31+322856.6,191.5763419164992,32.48238704309445,1.5141245476447944e+18,18.70637321472168,QSO,QSO,xPCA,4143.761459024832,1.5608845499477657,0.0003178065539357832,,,6.167901131786009e-10,4.892390157695397e-05,SMC,5907.678270493845,-1.0398112462367604,19.184,0.027,18.981,0.009,18.937,0.011,18.75,0.013,18.916,0.05,Surveyphotometry.dat crossmatch,99.999,99.999,17.78,0.035,17.226,0.043,16.896,0.055,Surveyphotometry.dat crossmatch,15.758,0.047,14.608,0.051,11.774,0.215,99.999,99.999,Surveyphotometry.dat crossmatch
spec-2238-54205-0581.fits,SDSS J125202.09+275018.6,193.0086752184355,27.83850274069505,3.9619432327456e+18,18.83046531677246,QSO,QSO,xPCA,7594.802452604588,2.4854963547248845,0.00033807856844925805,,,0.05903240876753215,0.006173947089925084,MW,9884.049145472241,-1.0503523126198682,19.287,0.023,18.765,0.008,18.694,0.009,18.729,0.012,18.504,0.02,Surveyphotometry.dat crossmatch,99.999,99.999,17.895,0.042,17.331,0.052,16.579,0.046,Surveyphotometry.dat crossmatch,15.938,0.052,14.766,0.064,11.362,0.15,9.199,0.541,Surveyphotometry.dat crossmatch
spec-1978-53473-0436.fits,SDSS J133020.66+290455.3,202.58609232372444,29.082046244593137,1.4500470329066184e+18,18.896373748779297,QSO,QSO,xPCA,3935.530586002178,1.5844611013714682,0.0002595994994576432,,,0.08963270124135657,0.006245297314776473,MW,4975.0432804923785,-1.2539960522462743,19.738,0.035,19.439,0.012,19.247,0.012,18.959,0.013,18.979,0.04,Surveyphotometry.dat crossmatch,99.999,99.999,17.916,0.033,17.297,0.034,17.089,0.059,Surveyphotometry.dat crossmatch,99.999,99.999,99.999,99.999,99.999,99.999,99.999,99.999,Surveyphotometry.dat crossmatch
spec-2649-54212-0187.fits,SDSS J125308.60+221743.9,193.28586148081712,22.295530705874786,3.9549896420381297e+18,18.523571014404297,QSO,QSO-MIDZ,xPCA,3835.8116221494033,0.971967948527762,0.00032330439118233436,,,5.217804243144372e-11,5.051701318040523e-05,MW,5300.189410634201,-1.119591435426267,18.965,0.021,18.757,0.008,18.555,0.009,18.601,0.01,18.608,0.03,Surveyphotometry.dat crossmatch,99.999,99.999,16.998,0.019,16.931,0.027,16.153,0.027,Surveyphotometry.dat crossmatch,14.608,0.029,13.404,0.032,10.601,0.089,7.848,0.157,Surveyphotometry.dat crossmatch
spec-6483-56341-0394.fits,SDSS J130100.86+281944.7,195.25361489076332,28.32909471569297,1.4608430044375818e+18,16.89444923400879,QSO,QSO,xPCA,4509.554741247402,1.360691064302918,0.0001240719345436543,,,0.040242372627885645,0.0008666775754541736,SMC,4962.392569869314,-1.0409533077915147,17.412,0.01,17.315,0.005,17.084,0.005,17.005,0.006,17.007,0.01,Surveyphotometry.dat crossmatch,99.999,99.999,15.957,0.007,15.268,0.008,14.882,0.009,Surveyphotometry.dat crossmatch,13.381,0.024,11.954,0.021,9.022,0.029,6.728,0.082,Surveyphotometry.dat crossmatch
spec-5997-56309-0290.fits,spec-5997-56309-0290,199.581300716742,25.806491007331644,1.4474825981294838e+18,17.740205764770508,QSO,QSO,xPCA,14223.915907196115,1.4546597662500091,0.00012134890859725561,,,3.5617798884975474e-10,0.0001520413254860867,LMC,22658.096603382022,-1.0165100424856715,18.457,0.015,18.254,0.007,18.019,0.007,17.868,0.008,18.002,0.02,Surveyphotometry.dat crossmatch,99.999,99.999,17.165,0.018,99.999,99.999,16.19,0.027,Surveyphotometry.dat crossmatch,14.726,0.03,13.184,0.029,9.87,0.047,7.44,0.118,Surveyphotometry.dat crossmatch
spec-2243-53794-0494.fits,SDSS J131542.92+271428.3,198.9288427239172,27.24122145875073,1.4599515023692196e+18,18.536396026611328,QSO,QSO-MIDZ,xPCA,4240.749183727772,1.022891868429546,0.00045393412120315994,,,4.510910145850283e-11,6.708967120034438e-05,SMC,5768.552340021837,-1.3943392799344139,18.98,0.019,18.882,0.009,18.807,0.01,18.868,0.013,18.702,0.03,Surveyphotometry.dat crossmatch,99.999,99.999,18.021,0.042,17.404,0.04,16.602,0.038,Surveyphotometry.dat crossmatch,15.099,0.034,13.842,0.036,10.759,0.09,7.935,0.179,Surveyphotometry.dat crossmatch
spec-2242-54153-0457.fits,spec-2242-54153-0457,196.45357470366665,28.106522633563053,1.4609571131286958e+18,18.52577781677246,GALAXY,GALAXY-PASS,xPCA,6363.872946212699,0.024448191247628204,1.0535858784798601e-05,,,2.6008798612434005,0.002825545890242198,LMC,741379.1369715567,-1.0095951630654594,17.981,0.017,16.278,0.003,15.49,0.003,15.109,0.003,14.768,0.0,Surveyphotometry.dat crossmatch,99.999,99.999,14.383,0.003,13.709,0.003,13.406,0.003,Surveyphotometry.dat crossmatch,12.678,0.023,12.738,0.024,12.297,0.318,99.999,99.999,Surveyphotometry.dat crossmatch
spec-2115-53535-0062.fits,SDSS J135256.37+250915.3,208.23486655658192,25.154268546724555,1.4501894540224932e+18,18.191774368286133,QSO,QSO,xPCA,3903.3857446640486,1.9358250361106775,0.0005509674285200293,,,7.332656530578685e-10,2.8244376127677313e-05,SMC,8013.729857711833,-1.0123536344939645,18.69,0.02,18.562,0.008,18.46,0.009,18.372,0.01,18.281,0.02,Surveyphotometry.dat crossmatch,99.999,99.999,17.467,0.028,17.153,0.044,16.636,0.049,Surveyphotometry.dat crossmatch,15.331,0.037,14.208,0.04,10.858,0.09,8.774,0.372,Surveyphotometry.dat crossmatch
spec-2023-53851-0381.fits,SDSS J131613.12+351919.0,199.0547109930987,35.32196379760629,1.473958185291545e+18,18.908527374267578,QSO,QSO-MIDZ,xPCA,4205.672354116169,0.5242984218801048,0.00017457661523158642,,,2.23365984291634e-09,0.00011872884178964037,SMC,6629.938674798735,-2.3435448110947563,18.925,0.021,18.699,0.008,18.874,0.01,18.805,0.013,18.796,0.03,Surveyphotometry.dat crossmatch,99.999,99.999,17.62,0.039,16.867,0.053,15.911,0.028,Surveyphotometry.dat crossmatch,14.397,0.027,13.375,0.029,10.976,0.105,8.263,0.195,Surveyphotometry.dat crossmatch
spec-2661-54505-0185.fits,SDSS J125103.01+240445.7,192.7625411430824,24.079369438239144,3.957646062130383e+18,18.65325927734375,QSO,QSO-MIDZ,xPCA,3445.3222599072383,1.4499799226833754,0.00046581934576009316,,,0.059616877981225655,0.0037820032809782952,SMC,3588.435368067435,-1.056669884439847,18.801,0.02,18.728,0.008,18.625,0.009,18.54,0.01,18.572,0.02,Surveyphotometry.dat crossmatch,99.999,99.999,17.765,0.033,17.081,0.036,16.885,0.047,Surveyphotometry.dat crossmatch,15.517,0.042,14.0,0.04,10.972,0.128,99.999,99.999,Surveyphotometry.dat crossmatch
spec-2119-53792-0416.fits,SDSS J135706.53+253724.4,209.2772310711061,25.62347090761637,1.258181601025324e+18,18.382387161254883,QSO,QSO,xPCA,7368.061356302512,2.0099714955725854,0.00034516006241343055,,,0.04623658933102327,0.0017995731870389699,SMC,8637.130510566643,-1.0741150677167044,18.873,0.02,18.676,0.008,18.601,0.009,18.349,0.009,18.23,0.02,Surveyphotometry.dat crossmatch,99.999,99.999,99.999,9.999,99.999,9.999,17.386,0.073,Surveyphotometry.dat crossmatch,15.41,0.039,14.666,0.051,11.6,0.182,9.075,0.477,Surveyphotometry.dat crossmatch
spec-2094-53851-0142.fits,SDSS J134324.76+300233.1,205.85320437014676,30.042540812233305,1.4555930726367135e+18,18.843774795532227,QSO,QSO,xPCA,5164.439536533377,1.7121680850133802,0.00060493793953688,,,0.07220559684089553,0.00257637572476669,SMC,6692.38289840968,-1.3885472528280631,19.11,0.024,18.92,0.009,18.881,0.011,18.644,0.013,18.583,0.04,Surveyphotometry.dat crossmatch,99.999,99.999,17.852,0.045,17.404,0.052,16.785,0.042,Surveyphotometry.dat crossmatch,15.138,0.035,13.896,0.035,11.283,0.139,8.637,0.315,Surveyphotometry.dat crossmatch
sdssJ124721+235733_combined.dat,sdssJ124721+235733_combined,191.8384244214854,23.959252929220508,3.956318951595595e+18,18.77398109436035,QSO,,Composite model - MW,120.9694805611682,0.9463632967112799,0.0008099258594757575,4.180969601834481e-09,0.006552331275164254,4.180969601834481e-09,0.006552331275164254,MW,120.9694805611682,-1.5000880102096938,18.973,0.019,18.799,0.009,18.613,0.009,18.597,0.011,18.587,0.03,Surveyphotometry.dat crossmatch,99.999,99.999,17.405,0.024,17.313,0.044,16.456,0.032,Surveyphotometry.dat crossmatch,15.042,0.034,13.857,0.036,10.942,0.125,8.34,0.258,Surveyphotometry.dat crossmatch
spec-1838-53467-0313.fits,SDSS J135355.99+345115.0,208.4833546561719,34.854176731737084,1.4590678429145285e+18,18.777130126953125,QSO,QSO-MIDZ,xPCA,6418.3071246680865,0.39415159519500453,8.889556330771624e-05,,,5.135220590771206e-12,7.396685841491396e-05,LMC,8070.230839680602,-1.4372526432020507,18.424,0.016,18.35,0.007,18.381,0.008,18.349,0.01,18.04,0.02,Surveyphotometry.dat crossmatch,99.999,99.999,17.517,0.046,16.673,0.04,15.815,0.024,Surveyphotometry.dat crossmatch,14.179,0.03,13.323,0.03,10.712,0.078,8.703,0.374,Surveyphotometry.dat crossmatch
spec-5994-56101-0365.fits,SDSS J130634.62+254548.6,196.64425108451331,25.763493688800978,1.459485756115545e+18,18.544221878051758,QSO,QSO,xPCA,15645.00696977536,2.3838172767648813,0.0005363392480640081,,,0.01568876978848025,0.0031538004575337158,MW,65640.71284042136,-1.1004790588130475,19.06,0.02,18.635,0.008,18.58,0.009,18.53,0.01,18.423,0.02,Surveyphotometry.dat crossmatch,99.999,99.999,17.541,0.023,17.104,0.027,16.493,0.031,Surveyphotometry.dat crossmatch,15.645,0.042,14.483,0.053,10.92,0.146,99.999,99.999,Surveyphotometry.dat crossmatch
spec-2662-54505-0629.fits,SDSS J130854.91+245402.7,197.22878850098505,24.900760344252557,1.4471679617094136e+18,18.65395164489746,QSO,QSO-MIDZ,xPCA,4364.153463171258,0.6358745652453275,0.00016562532077268248,,,1.0302176481151969e-09,7.448106178781154e-05,SMC,6972.382944297492,-1.4108334897747237,19.152,0.023,18.799,0.008,18.864,0.01,18.819,0.012,18.779,0.03,Surveyphotometry.dat crossmatch,99.999,99.999,17.678,0.034,16.971,0.031,16.216,0.028,Surveyphotometry.dat crossmatch,14.718,0.031,13.85,0.039,11.695,0.225,99.999,99.999,Surveyphotometry.dat crossmatch
spec-2663-54234-0394.fits,SDSS J130836.75+245620.7,197.15315040853787,24.93906730533135,1.4591777210611103e+18,17.734256744384766,QSO,QSO-MIDZ,xPCA,5864.640651349288,0.6340675286483808,0.00010531712949256643,,,0.14353189662557558,0.0026915590936597705,SMC,6244.050220810606,-1.1343395585081006,18.021,0.013,17.71,0.006,17.642,0.006,17.495,0.007,17.568,0.01,Surveyphotometry.dat crossmatch,99.999,99.999,16.779,0.015,16.116,0.015,15.001,0.01,Surveyphotometry.dat crossmatch,13.199,0.024,11.88,0.023,8.941,0.027,6.355,0.055,Surveyphotometry.dat crossmatch
spec-2109-53468-0149.fits,spec-2109-53468-0149,204.00949633401297,32.344440660432205,1.468852156372544e+18,18.10760498046875,GALAXY,GALAXY-PASS,xPCA,4127.206004697333,0.1784130661170944,1.7339617358795657e-05,,,1.2771370589946556,0.0024852469723124493,LMC,36912.065353627346,-1.4911291132433064,18.601,0.017,17.385,0.005,16.78,0.004,16.538,0.005,16.391,0.0,Surveyphotometry.dat crossmatch,99.999,99.999,15.431,0.006,14.811,0.005,14.199,0.006,Surveyphotometry.dat crossmatch,13.757,0.025,13.325,0.029,10.757,0.09,8.012,0.213,Surveyphotometry.dat crossmatch
spec-11397-58522-0780.fits,SDSS J124448.56+304909.1,191.2023473486793,30.81921258169112,1.5133195977579717e+18,18.064125061035156,QSO,QSO,xPCA,8982.346855292893,1.9495894958948599,0.0003765259261870375,,,3.119795345457241e-10,5.251055519212065e-06,LMC,45117.10146598475,-0.9885679360411128,18.262,0.016,18.158,0.006,18.089,0.007,17.986,0.009,17.882,0.02,Surveyphotometry.dat crossmatch,99.999,99.999,16.975,0.018,16.583,0.028,16.001,0.026,Surveyphotometry.dat crossmatch,14.915,0.032,13.608,0.033,10.063,0.052,7.847,0.173,Surveyphotometry.dat crossmatch
spec-2651-54507-0380.fits,SDSS J131213.57+231958.6,198.05657097179403,23.33294200218196,3.9447804059916856e+18,17.486881256103516,QSO,QSO-MIDZ,xPCA,6568.0647519182185,1.5156154671765896,0.00028467077867727505,,,0.23867118972551213,0.0013683473786315764,SMC,14882.167402422285,-1.082954450981956,18.017,0.012,17.492,0.005,17.3,0.005,17.125,0.006,17.17,0.01,Surveyphotometry.dat crossmatch,99.999,99.999,16.318,0.01,15.799,0.01,15.371,0.013,Surveyphotometry.dat crossmatch,14.14,0.027,12.78,0.025,9.946,0.052,7.99,0.219,Surveyphotometry.dat crossmatch
spec-2245-54208-0350.fits,spec-2245-54208-0350,201.73890630602835,26.242874393935743,1.448314344315773e+18,18.771039962768555,GALAXY,GALAXY,xPCA,6235.677030416928,0.03740897282089484,9.970981813170772e-06,,,1.9988531164352266,0.006090233637702114,MW,92325.78748260846,-1.3088314129627625,16.541,0.008,15.323,0.002,14.778,0.002,14.486,0.002,14.222,0.0,Surveyphotometry.dat crossmatch,99.999,99.999,14.827,0.003,14.134,0.003,13.801,0.004,Surveyphotometry.dat crossmatch,12.442,0.03,12.41,0.032,8.677,0.036,7.11,0.181,Surveyphotometry.dat crossmatch
spec-6485-56342-0364.fits,SDSS J125009.66+311032.1,192.5402927203154,31.17559574522376,1.4653546743069074e+18,18.523653030395508,QSO,QSO,xPCA,18548.945515384068,2.2802470594993536,0.0005121918889243956,,,0.02133946649464718,0.0009047895682753621,SMC,84070.8970759212,-1.177332718044661,19.262,0.026,18.705,0.009,18.581,0.009,18.588,0.012,18.467,0.03,Surveyphotometry.dat crossmatch,99.999,99.999,17.612,0.031,17.172,0.062,16.618,0.046,Surveyphotometry.dat crossmatch,15.845,0.056,14.749,0.061,11.214,0.153,8.848,0.49,Surveyphotometry.dat crossmatch
spec-2783-54524-0581.fits,SDSS J135644.78+232934.6,209.1866002413376,23.492931158774468,1.2516466536653878e+18,18.630727767944336,QSO,QSO-MIDZ,xPCA,3731.1161033531243,0.9318348659911391,0.00042229113134781466,,,5.515162027698757e-10,6.495544626539693e-05,LMC,5118.082660384047,-1.1833272380925757,18.543,0.017,18.545,0.008,18.437,0.008,18.516,0.01,18.457,0.02,Surveyphotometry.dat crossmatch,99.999,99.999,99.999,99.999,17.1,0.044,16.197,0.035,Surveyphotometry.dat crossmatch,14.415,0.027,13.126,0.027,10.022,0.052,7.5,0.114,Surveyphotometry.dat crossmatch
spec-2029-53819-0369.fits,SDSS J130312.89+321911.4,195.80371791404136,32.319860858210525,1.4671161262943007e+18,17.884883880615234,QSO,QSO,xPCA,3959.726626348913,1.5659751442082461,0.000809484209829133,,,6.853884918379266e-11,0.0001400706001737283,LMC,13539.527731314762,-1.094981655747481,19.072,0.024,18.786,0.008,18.598,0.009,18.419,0.01,18.306,0.02,Surveyphotometry.dat crossmatch,99.999,99.999,17.014,0.014,16.495,0.017,15.911,0.02,Surveyphotometry.dat crossmatch,14.693,0.028,14.221,0.041,11.69,0.241,99.999,99.999,Surveyphotometry.dat crossmatch
spec-2116-53854-0468.fits,spec-2116-53854-0468,208.2625530824586,30.07434992423916,1.453914019597697e+18,18.63201904296875,QSO,QSO,xPCA,3963.7682217085853,1.0633362110240152,0.00029652249526650084,,,0.17817037624685575,0.004677911300823234,SMC,4242.198497808565,-1.2443981720376949,18.86,0.02,18.737,0.008,18.499,0.009,18.524,0.012,18.484,0.03,Surveyphotometry.dat crossmatch,99.999,99.999,18.118,0.051,17.455,0.064,16.69,0.052,Surveyphotometry.dat crossmatch,15.18,0.033,13.744,0.033,10.778,0.074,8.317,0.228,Surveyphotometry.dat crossmatch
spec-2664-54524-0508.fits,SDSS J132502.05+241644.9,201.258575516368,24.279176778572428,1.4463349141483264e+18,18.76132583618164,QSO,QSO,xPCA,3396.598991576984,1.114717269306959,0.00041516887348505045,,,9.864747446642827e-11,6.731296831059746e-05,MW,4778.240921356929,-1.0945262650760355,19.178,0.027,19.024,0.009,18.8,0.01,18.834,0.012,18.787,0.03,Surveyphotometry.dat crossmatch,99.999,99.999,17.863,0.033,17.258,0.04,16.432,0.037,Surveyphotometry.dat crossmatch,14.852,0.032,13.614,0.032,10.599,0.08,7.715,0.135,Surveyphotometry.dat crossmatch
spec-2024-53503-0522.fits,SDSS J134849.80+324402.2,207.2075471427949,32.73396248376575,1.4582618321733322e+18,18.13595962524414,QSO,QSO,xPCA,8150.983300020808,2.207164365800973,0.0001548480837556847,,,1.6845157511718653e-10,1.7936852297556965e-05,LMC,15102.520653500647,-1.1571490747550193,18.552,0.016,18.113,0.006,18.098,0.007,17.976,0.008,17.699,0.02,Surveyphotometry.dat crossmatch,99.999,99.999,16.998,0.021,16.498,0.019,15.513,0.016,Surveyphotometry.dat crossmatch,14.975,0.031,14.002,0.037,11.033,0.12,8.552,0.28,Surveyphotometry.dat crossmatch
spec-1993-53762-0121.fits,spec-1993-53762-0121,203.3923772271577,33.70218830659336,1.469261277777495e+18,17.730337142944336,QSO,QSO,xPCA,10431.883604044593,1.8184161530838066,0.00021789815660413998,,,0.02051371662228487,0.003307829219854815,MW,11151.980534552678,-1.0307945217886465,17.788,0.012,17.754,0.006,17.711,0.006,17.427,0.006,17.348,0.01,Surveyphotometry.dat crossmatch,99.999,99.999,16.608,0.017,16.212,0.016,15.644,0.018,Surveyphotometry.dat crossmatch,14.439,0.028,13.174,0.026,9.509,0.035,7.023,0.083,Surveyphotometry.dat crossmatch
spec-2016-53799-0468.fits,SDSS J130536.28+355829.5,196.4011935391554,35.97491039362881,1.516280307694125e+18,18.50777816772461,QSO,QSO-MIDZ,xPCA,3706.682430157294,1.3519818494885136,0.00034861515520949547,,,1.1463573905239055e-10,2.7101539371150144e-05,LMC,10867.740284107385,-1.0661113337467063,18.749,0.018,18.704,0.008,18.507,0.008,18.451,0.01,18.455,0.02,Surveyphotometry.dat crossmatch,99.999,99.999,17.804,0.048,99.999,99.999,16.559,0.055,Surveyphotometry.dat crossmatch,15.107,0.033,13.775,0.034,10.846,0.089,9.188,0.465,Surveyphotometry.dat crossmatch
spec-5992-56066-0424.fits,SDSS J130600.56+220826.7,196.5023440096463,22.1407997204742,3.9442316079551017e+18,18.868770599365234,BAL_QSO,QSO,xPCA,12914.316181408,2.118530529353272,0.00015976971341580642,,,0.08456879920230223,0.0017869622202299762,SMC,26275.168173942046,-1.4926490169847544,19.037,0.024,18.965,0.009,18.829,0.01,18.707,0.012,18.554,0.03,Surveyphotometry.dat crossmatch,99.999,99.999,17.594,0.025,17.033,0.029,99.999,9.999,Surveyphotometry.dat crossmatch,15.604,0.043,14.397,0.05,11.18,0.128,8.39,0.315,Surveyphotometry.dat crossmatch
spec-6489-56329-0528.fits,spec-6489-56329-0528,199.40776530904532,29.94099662325193,1.4627331680049782e+18,18.14918327331543,BAL_QSO,QSO,xPCA,28828.10780426494,1.7703019927726482,0.0001939963036761201,,,0.0652865911416722,0.000957362203406642,SMC,46274.171261115895,-1.0888087462989844,18.147,0.013,17.944,0.006,17.974,0.007,17.666,0.007,17.662,0.01,Surveyphotometry.dat crossmatch,99.999,99.999,16.951,0.017,16.696,0.026,16.077,0.026,Surveyphotometry.dat crossmatch,14.687,0.029,13.312,0.028,10.142,0.058,8.209,0.262,Surveyphotometry.dat crossmatch
spec-2783-54524-0107.fits,SDSS J135455.12+231245.0,208.7296904016423,23.212520614434748,1.2516114005735718e+18,18.749788284301758,QSO,QSO,xPCA,4011.8475824249545,1.9649580407262464,0.0004471339422996467,,,0.03386503645798049,0.00266601519688571,SMC,4856.694893724503,-1.099399660673517,19.008,0.025,18.948,0.009,18.821,0.01,18.605,0.01,18.412,0.02,Surveyphotometry.dat crossmatch,99.999,99.999,17.85,0.037,17.454,0.058,16.872,0.057,Surveyphotometry.dat crossmatch,15.775,0.046,14.506,0.051,11.251,0.122,99.999,99.999,Surveyphotometry.dat crossmatch
spec-2240-53823-0467.fits,SDSS J125711.97+274216.4,194.2998806643628,27.704568820926724,1.4636860623325158e+18,18.318405151367188,QSO,QSO,xPCA,3955.6137277878265,0.7929575196917498,0.00011106620382334363,,,0.025454906874893133,0.00330214850611784,MW,6607.108480756202,-1.281401378179722,18.948,0.019,18.515,0.007,18.468,0.008,18.476,0.01,18.441,0.02,Surveyphotometry.dat crossmatch,99.999,99.999,17.164,0.021,16.808,0.032,15.845,0.022,Surveyphotometry.dat crossmatch,14.139,0.026,12.965,0.027,10.017,0.061,7.624,0.151,Surveyphotometry.dat crossmatch
spec-2006-53476-0276.fits,SDSS J125724.10+333700.1,194.35039471627783,33.616711107407816,1.5155243290261207e+18,18.807613372802734,QSO,QSO-MIDZ,xPCA,3739.509901570822,1.4499840187747728,0.0005415091094587021,,,0.08300087359823359,0.004412299136208636,LMC,3740.4275516007947,-1.0340057298702385,19.248,0.024,18.927,0.009,18.725,0.009,18.569,0.01,18.713,0.03,Surveyphotometry.dat crossmatch,99.999,99.999,17.834,0.047,17.073,0.032,16.703,0.045,Surveyphotometry.dat crossmatch,15.261,0.037,13.769,0.034,10.851,0.1,8.578,0.308,Surveyphotometry.dat crossmatch
spec-2665-54232-0326.fits,SDSS J132909.87+244754.9,202.29116158146368,24.79860222678788,1.446423699712209e+18,17.41449546813965,QSO,QSO-MIDZ,xPCA,4182.870504188066,1.2377897261546198,0.00033811610056308364,,,1.1263214980909014e-09,3.818213908517428e-05,MW,5673.331692316017,-1.1107013688443834,17.951,0.011,17.912,0.006,17.67,0.006,17.623,0.007,17.684,0.01,Surveyphotometry.dat crossmatch,99.999,99.999,16.983,0.017,16.231,0.023,15.769,0.023,Surveyphotometry.dat crossmatch,14.432,0.03,13.116,0.028,10.297,0.056,8.108,0.196,Surveyphotometry.dat crossmatch
spec-2024-53503-0406.fits,SDSS J134459.11+324704.6,206.24633522171925,32.784634577047754,1.4583779680883712e+18,18.823448181152344,QSO,QSO,xPCA,3712.1646648004294,1.8008400693957494,0.0003922461239705344,,,4.3078925924524766e-10,6.412943629465953e-05,LMC,5836.082915775648,-1.2702249555889737,19.309,0.025,19.209,0.01,19.182,0.012,18.914,0.013,18.98,0.04,Surveyphotometry.dat crossmatch,99.999,99.999,18.052,0.052,17.618,0.05,17.041,0.062,Surveyphotometry.dat crossmatch,15.732,0.044,14.633,0.056,11.53,0.156,9.137,0.502,Surveyphotometry.dat crossmatch
spec-1975-53734-0626.fits,SDSS J124938.21+321111.5,192.4092501579856,32.186532483524886,1.5138596641259005e+18,18.51274871826172,QSO,QSO-MIDZ,xPCA,4455.2269129652295,0.6715909068742825,0.0003203063646957774,,,0.003393328470584714,0.004526292949136405,MW,5268.122222624587,-1.3061560648380086,18.997,0.022,18.634,0.008,18.618,0.009,18.517,0.01,18.402,0.02,Surveyphotometry.dat crossmatch,99.999,99.999,17.477,0.027,16.833,0.032,16.138,0.028,Surveyphotometry.dat crossmatch,14.532,0.029,13.523,0.031,10.582,0.097,7.925,0.221,Surveyphotometry.dat crossmatch
spec-6483-56341-0392.fits,SDSS J130048.10+282320.6,195.2004538813218,28.389093811685903,1.4638480040755072e+18,17.402498245239258,QSO,,Composite model - SMC,20708.44612325497,1.9256527527896785,7.195204385779252e-05,0.05007979485656981,0.0007902900955987259,0.05007979485656981,0.0007902900955987259,SMC,20708.44612325497,-1.019166544462952,17.847,0.012,17.96,0.006,17.9,0.006,17.606,0.007,17.496,0.01,Surveyphotometry.dat crossmatch,99.999,99.999,16.418,0.01,16.055,0.015,15.408,0.014,Surveyphotometry.dat crossmatch,14.332,0.028,13.069,0.027,9.601,0.041,7.523,0.158,Surveyphotometry.dat crossmatch
spec-2238-54205-0377.fits,SDSS J124421.40+282603.4,191.08922448407452,28.43429022338938,3.962736564744365e+18,18.12010955810547,QSO,QSO,xPCA,5944.6369623520895,1.1530295971595663,0.00012689898851989725,,,0.08630347615994456,0.002071673121431708,SMC,8080.0567647872485,-1.015027400574267,18.318,0.016,18.357,0.007,18.053,0.007,17.986,0.008,18.078,0.02,Surveyphotometry.dat crossmatch,99.999,99.999,16.962,0.02,16.48,0.018,15.938,0.022,Surveyphotometry.dat crossmatch,14.993,0.033,13.91,0.039,11.299,0.154,99.999,99.999,Surveyphotometry.dat crossmatch
spec-2665-54232-0084.fits,SDSS J133335.88+223818.1,203.39948862589264,22.638365026637185,1.4422268981891046e+18,18.78670883178711,QSO,QSO,xPCA,4824.17652604067,4.290230448166893,0.002969781238945819,,,8.236865337474426e-10,1.0522145812225716e-05,SMC,66896.99692487212,-1.2140717193602566,18.997,0.021,18.884,0.008,18.673,0.009,18.605,0.011,18.661,0.03,Surveyphotometry.dat crossmatch,99.999,99.999,17.739,0.048,17.074,0.031,16.514,0.038,Surveyphotometry.dat crossmatch,15.026,0.034,13.792,0.036,10.81,0.098,8.429,0.309,Surveyphotometry.dat crossmatch
spec-2114-53848-0012.fits,SDSS J135209.17+263637.8,208.03825033657048,26.610498143927988,1.4506635496925827e+18,18.801326751708984,QSO,QSO-MIDZ,xPCA,4149.241925780131,0.9382288096459324,0.000418508693629111,,,9.320462424858983e-11,0.00010759101213468199,MW,5624.433648018386,-1.570862247309983,18.782,0.022,18.744,0.008,18.677,0.01,18.836,0.014,18.746,0.04,Surveyphotometry.dat crossmatch,99.999,99.999,17.713,0.042,17.535,0.07,16.597,0.046,Surveyphotometry.dat crossmatch,14.781,0.03,13.655,0.031,11.087,0.09,8.81,0.323,Surveyphotometry.dat crossmatch
spec-6482-56358-0704.fits,SDSS J124044.68+330349.8,190.18619427624515,33.06384985390971,1.5145807418906714e+18,17.731061935424805,QSO,QSO-MIDZ,xPCA,5423.318851934998,0.8116320696852863,0.00010909144076575926,,,2.223903271822772e-11,1.6736784716390687e-05,SMC,9977.715014832389,-1.0047116680189612,17.635,0.011,17.358,0.005,17.29,0.005,17.42,0.006,17.264,0.01,Surveyphotometry.dat crossmatch,99.999,99.999,16.181,0.009,16.087,0.019,15.465,0.016,Surveyphotometry.dat crossmatch,13.894,0.026,12.959,0.025,10.243,0.074,7.567,0.133,Surveyphotometry.dat crossmatch
spec-1978-53473-0413.fits,SDSS J133141.54+293712.7,202.9230857126504,29.620195125249776,1.4560924227139077e+18,18.599973678588867,QSO,QSO-MIDZ,xPCA,3851.0850123952996,1.360336736922545,0.00039954775676320244,,,0.026066880975281804,0.004429031392834076,MW,4125.006642374489,-1.0869600575079963,18.856,0.019,18.87,0.009,18.605,0.009,18.587,0.011,18.57,0.03,Surveyphotometry.dat crossmatch,99.999,99.999,17.759,0.039,17.044,0.035,16.699,0.048,Surveyphotometry.dat crossmatch,15.33,0.037,14.023,0.039,11.032,0.117,99.999,99.999,Surveyphotometry.dat crossmatch
spec-2116-53854-0432.fits,spec-2116-53854-0432,208.09761340602483,30.1989004575695,1.4569198782295043e+18,18.765214920043945,QSO,QSO,xPCA,4397.760635175367,1.5278803357112662,0.0004755860249417682,,,0.2367518386814698,0.004359471726299899,SMC,4530.224616062827,-1.2821752304224787,19.436,0.028,19.015,0.009,18.861,0.01,18.574,0.01,18.578,0.02,Surveyphotometry.dat crossmatch,99.999,99.999,17.53,0.03,16.888,0.035,16.589,0.046,Surveyphotometry.dat crossmatch,15.132,0.033,13.705,0.033,10.659,0.082,8.055,0.169,Surveyphotometry.dat crossmatch
spec-2022-53827-0294.fits,SDSS J124114.83+353111.5,190.3117903966102,35.519882998000696,1.5184903604252572e+18,18.899080276489258,QSO,QSO,xPCA,3938.038907759028,1.6956366792765296,0.0006085664893989631,,,3.925887829344006e-10,0.0001639593474513223,MW,6849.8655838409295,-1.2395388627962063,19.391,0.026,19.205,0.01,19.211,0.012,18.987,0.013,19.006,0.03,Surveyphotometry.dat crossmatch,99.999,99.999,18.064,0.07,17.606,0.1,17.101,0.082,Surveyphotometry.dat crossmatch,15.819,0.048,14.44,0.048,11.356,0.148,8.938,0.512,Surveyphotometry.dat crossmatch
spec-1978-53473-0162.fits,spec-1978-53473-0162,203.08778086473367,28.20857357460349,1.449755219945157e+18,17.850418090820312,QSO,QSO,xPCA,3454.396017013641,1.039184453911109,0.00021737294924733353,,,5.564084485038326e-11,3.599430136170406e-05,LMC,5366.130260511245,-1.0904581500023056,18.454,0.015,18.253,0.007,18.015,0.007,18.055,0.008,18.084,0.01,Surveyphotometry.dat crossmatch,99.999,99.999,17.255,0.024,16.816,0.033,16.133,0.027,Surveyphotometry.dat crossmatch,14.956,0.033,13.695,0.036,10.416,0.071,7.661,0.148,Surveyphotometry.dat crossmatch
spec-3861-55274-0510.fits,SDSS J134849.80+324402.2,207.2075471427949,32.73396248376575,1.4582618321733322e+18,18.13595962524414,QSO,QSO,xPCA,13972.847933402714,2.2081694336165523,8.879216392504927e-05,,,0.09737423947523285,0.0027122084222297935,MW,22992.052290307056,-1.2235004486866352,18.552,0.016,18.113,0.006,18.098,0.007,17.976,0.008,17.699,0.02,Surveyphotometry.dat crossmatch,99.999,99.999,16.998,0.021,16.498,0.019,15.513,0.016,Surveyphotometry.dat crossmatch,14.975,0.031,14.002,0.037,11.033,0.12,8.552,0.28,Surveyphotometry.dat crossmatch
spec-2024-53503-0350.fits,SDSS J134345.99+330547.7,205.9416071366944,33.09661930961271,1.4584473404000722e+18,18.964508056640625,QSO,QSO,xPCA,6689.677702794541,1.6005330816115326,0.0005420863476737354,,,2.6340097551008634e-09,9.828841532267036e-05,MW,9622.7593885983,-1.4364775377941255,19.023,0.021,18.685,0.008,18.76,0.009,18.616,0.01,18.656,0.03,Surveyphotometry.dat crossmatch,99.999,99.999,18.225,0.06,17.656,0.05,17.262,0.078,Surveyphotometry.dat crossmatch,15.635,0.043,14.177,0.039,11.393,0.16,8.78,0.394,Surveyphotometry.dat crossmatch
spec-6481-56363-0724.fits,SDSS J124841.44+302432.9,192.1726614880797,30.40918034253665,1.4651987498143575e+18,18.518306732177734,BAL_QSO,QSO,xPCA,13453.890256432978,2.0611068734579185,0.0002463963981440594,,,0.11682966079407647,0.001554615461475256,SMC,15108.216704806513,-1.2102180351982779,19.031,0.023,18.824,0.009,18.678,0.01,18.565,0.012,18.339,0.03,Surveyphotometry.dat crossmatch,99.999,99.999,17.453,0.025,17.115,0.041,16.562,0.038,Surveyphotometry.dat crossmatch,15.478,0.041,14.421,0.048,11.048,0.111,8.928,0.467,Surveyphotometry.dat crossmatch
spec-10254-58514-0492.fits,SDSS J131414.80+335438.5,198.5617082461496,33.91070194046213,1.46702524908228e+18,18.08831214904785,QSO,QSO,xPCA,4732.555182381614,1.0339018905479302,0.0001769334475147401,,,4.847272214690557e-12,9.074288665229932e-06,LMC,22616.680647451,-1.043106183494651,18.524,0.017,18.384,0.007,18.203,0.007,18.311,0.009,18.241,0.02,Surveyphotometry.dat crossmatch,99.999,99.999,17.179,0.029,16.679,0.027,15.878,0.023,Surveyphotometry.dat crossmatch,14.163,0.027,13.113,0.027,10.453,0.079,7.853,0.184,Surveyphotometry.dat crossmatch
spec-5977-56098-0664.fits,SDSS J131122.75+260047.7,197.84478737750192,26.01325340633904,1.4593641570013286e+18,18.89657974243164,QSO,QSO,xPCA,38048.996757419154,2.9294059955871568,0.0006424151425370199,,,0.289848567701335,0.001866633098664805,LMC,48684.495494151175,-1.8150384565679336,99.999,9.999,99.999,9.999,99.999,9.999,99.999,9.999,99.999,9.999,Surveyphotometry.dat crossmatch,99.999,99.999,17.781,0.031,17.433,0.038,17.04,0.051,Surveyphotometry.dat crossmatch,16.316,0.059,15.618,0.109,11.54,0.187,99.999,99.999,Surveyphotometry.dat crossmatch
spec-6488-56364-0345.fits,SDSS J130134.24+323608.4,195.39268940404128,32.60236097461495,1.4671843690312678e+18,18.06603240966797,QSO,QSO,xPCA,244952.9384162329,3.213656765774308,8.888163711373576e-05,,,0.521812811794574,0.0016725703696938155,MW,303783.8264742994,-2.920345219222285,21.938,0.174,18.587,0.008,18.199,0.007,18.165,0.009,18.115,0.02,Surveyphotometry.dat crossmatch,99.999,99.999,16.956,0.016,16.576,0.019,16.085,0.024,Surveyphotometry.dat crossmatch,15.417,0.039,14.584,0.049,10.989,0.102,8.532,0.305,Surveyphotometry.dat crossmatch
spec-2031-53848-0212.fits,SDSS J125521.62+352343.2,193.84010318221317,35.395338982704594,1.5160144320382282e+18,18.389015197753906,QSO,QSO-MIDZ,xPCA,4507.442573631832,1.2221327495457088,0.0002487810305615348,,,1.6121760718947054e-10,4.368607807742907e-05,LMC,7473.134707772026,-1.0335666319322159,18.854,0.019,18.757,0.008,18.452,0.008,18.467,0.01,18.591,0.02,Surveyphotometry.dat crossmatch,99.999,99.999,17.983,0.062,99.999,99.999,16.712,0.061,Surveyphotometry.dat crossmatch,14.948,0.037,13.567,0.032,10.666,0.08,8.175,0.216,Surveyphotometry.dat crossmatch
spec-2661-54505-0135.fits,SDSS J125329.68+242104.0,193.37367776401243,24.351141000697467,3.9577057449958953e+18,18.391830444335938,QSO,QSO,xPCA,4407.689968569633,3.5547537295662233,0.0034492080966687265,,,3.483326501589959e-10,2.807790192792332e-05,SMC,23188.386828640618,-1.3459739499566343,18.388,0.015,18.331,0.007,18.175,0.007,18.286,0.009,18.234,0.02,Surveyphotometry.dat crossmatch,99.999,99.999,17.334,0.022,17.152,0.037,16.312,0.028,Surveyphotometry.dat crossmatch,14.729,0.03,13.531,0.033,10.749,0.093,8.787,0.383,Surveyphotometry.dat crossmatch
spec-2244-53795-0537.fits,SDSS J132503.79+271718.7,201.2658265801044,27.288532890917025,1.4492684798904883e+18,18.173219680786133,QSO,QSO-MIDZ,xPCA,7612.619380844351,0.5219836954740629,0.00011345443404537642,,,4.35267138087711e-12,2.678798017365639e-05,SMC,11223.489957522237,-1.5963382491329774,18.167,0.014,17.845,0.006,17.955,0.007,17.763,0.008,17.868,0.01,Surveyphotometry.dat crossmatch,99.999,99.999,16.676,0.012,15.894,0.011,14.793,0.009,Surveyphotometry.dat crossmatch,13.226,0.024,12.143,0.022,9.31,0.033,6.975,0.091,Surveyphotometry.dat crossmatch
spec-2245-54208-0125.fits,spec-2245-54208-0125,203.2360987630995,25.44559454727565,1.4480516297571965e+18,18.81186866760254,QSO,QSO-MIDZ,xPCA,3850.9461760971853,0.5963569229253067,0.00019627936204684427,,,2.423899346211747e-10,0.0001697413118452825,MW,4531.381726132079,-1.3837019348297683,18.866,0.02,18.638,0.008,18.681,0.009,18.547,0.011,18.698,0.03,Surveyphotometry.dat crossmatch,99.999,99.999,17.852,0.046,17.38,0.067,16.523,0.044,Surveyphotometry.dat crossmatch,15.013,0.033,13.847,0.035,11.314,0.158,99.999,99.999,Surveyphotometry.dat crossmatch
spec-3973-55323-0444.fits,SDSS J124422.27+351911.0,191.09282495126448,35.31973714482611,1.515447324556575e+18,18.882061004638672,QSO,QSO,xPCA,7287.7022499179475,2.182923568842946,0.00033462754528206727,,,0.39383983545868007,0.0018166684396758448,SMC,10915.410240717123,-1.2641009411667954,19.886,0.037,19.336,0.011,18.954,0.011,18.789,0.012,18.639,0.02,Surveyphotometry.dat crossmatch,99.999,99.999,17.907,0.06,17.319,0.081,16.693,0.057,Surveyphotometry.dat crossmatch,15.739,0.044,14.676,0.053,11.374,0.167,99.999,99.999,Surveyphotometry.dat crossmatch
spec-2093-53818-0417.fits,spec-2093-53818-0417,197.98948579584103,34.365247360649086,1.4678153856261478e+18,18.484766006469727,GALAXY,GALAXY-PASS,xPCA,9240.917814662751,0.016927519225007126,9.418589735733927e-06,,,2.2691200246316585,0.002216759472917884,SMC,775579.8879732157,-1.0013831213416764,15.904,0.008,14.231,0.002,13.531,0.002,13.18,0.002,12.918,0.0,Surveyphotometry.dat crossmatch,99.999,99.999,13.774,0.002,13.098,0.002,12.832,0.002,Surveyphotometry.dat crossmatch,11.289,0.023,11.348,0.022,10.142,0.053,8.17,0.205,Surveyphotometry.dat crossmatch
spec-2665-54232-0573.fits,SDSS J133532.10+250217.1,203.8837697587428,25.03810239791304,1.4449795255490056e+18,18.806116104125977,QSO,QSO,xPCA,4618.873150526593,0.6504789889033278,0.0001249304842951113,,,2.3115416563279298e-10,0.00027471058040001034,LMC,7209.691288481697,-1.8391209447686694,19.663,0.029,19.262,0.011,19.382,0.014,19.273,0.017,19.183,0.04,Surveyphotometry.dat crossmatch,99.999,99.999,17.909,0.043,17.118,0.056,16.114,0.031,Surveyphotometry.dat crossmatch,14.64,0.03,13.649,0.033,10.803,0.098,8.373,0.272,Surveyphotometry.dat crossmatch
spec-6481-56363-0824.fits,SDSS J125104.86+312911.6,192.77027352360952,31.48654542812856,1.465736243496941e+18,18.747407913208008,QSO,QSO,xPCA,8928.63657429694,1.9246606315928179,0.0006444096408825419,,,2.106720223347524e-09,0.0001245444261040113,MW,10439.1916797666,-1.0554697404435005,18.761,0.02,18.57,0.008,18.529,0.009,18.332,0.01,18.213,0.03,Surveyphotometry.dat crossmatch,99.999,99.999,17.672,0.03,17.447,0.073,16.798,0.052,Surveyphotometry.dat crossmatch,15.413,0.038,14.231,0.043,10.935,0.11,8.91,0.5,Surveyphotometry.dat crossmatch
spec-2240-53823-0216.fits,SDSS J125422.84+262005.1,193.59518018378716,26.33475610986049,3.9585041321716485e+18,17.603435516357422,QSO,QSO,xPCA,6379.864513143917,2.0382918621253667,0.00021287588191246714,,,1.656027160019946e-10,1.0120255026496846e-05,LMC,16331.69018080694,-1.003444412113529,17.405,0.009,17.381,0.005,17.382,0.006,17.258,0.006,17.08,0.01,Surveyphotometry.dat crossmatch,99.999,99.999,16.379,0.011,15.947,0.012,99.999,99.999,Surveyphotometry.dat crossmatch,14.174,0.027,12.762,0.025,9.384,0.035,7.19,0.099,Surveyphotometry.dat crossmatch
spec-2651-54507-0449.fits,SDSS J131433.38+230913.7,198.63909662612,23.15378380728772,1.4460109662395725e+18,18.15831184387207,QSO,QSO-MIDZ,xPCA,4737.610974738651,0.6242392459800918,0.0001454586088062712,,,0.028983047029717195,0.0036974915017165457,SMC,5181.248528992714,-1.174265868962671,18.702,0.018,18.254,0.006,18.224,0.007,18.023,0.008,18.074,0.02,Surveyphotometry.dat crossmatch,99.999,99.999,17.065,0.018,16.473,0.017,15.723,0.018,Surveyphotometry.dat crossmatch,14.384,0.028,13.33,0.03,10.791,0.098,9.115,0.517,Surveyphotometry.dat crossmatch
spec-5998-56087-0290.fits,SDSS J133801.80+221502.4,204.5075193076535,22.25069275180693,1.4419676539628943e+18,18.703996658325195,QSO,QSO,xPCA,7782.474989300443,2.1986104203300063,0.00017585381834048065,,,2.2375845750918777e-13,6.932748878822473e-06,LMC,43073.287002244724,-1.0602281963187663,19.28,0.027,19.0,0.009,18.975,0.011,18.895,0.013,18.654,0.03,Surveyphotometry.dat crossmatch,99.999,99.999,17.661,0.036,17.137,0.03,16.445,0.032,Surveyphotometry.dat crossmatch,15.723,0.041,14.726,0.053,11.218,0.132,8.909,0.419,Surveyphotometry.dat crossmatch
spec-2648-54485-0406.fits,SDSS J124315.43+233121.9,190.81433120260297,23.52274113634769,3.9561986237920783e+18,17.84717559814453,QSO,QSO,xPCA,3741.200598198293,1.1788510207183147,0.0001597467239605555,,,1.8415237271283275e-10,0.00016045456004392205,LMC,5376.855832927629,-1.0373200468954438,17.926,0.012,17.853,0.005,17.66,0.006,17.625,0.007,17.718,0.01,Surveyphotometry.dat crossmatch,99.999,99.999,17.182,0.026,16.689,0.034,15.922,0.029,Surveyphotometry.dat crossmatch,14.461,0.028,13.06,0.027,10.265,0.071,7.829,0.181,Surveyphotometry.dat crossmatch
spec-2104-53852-0123.fits,spec-2104-53852-0123,199.06644527437328,30.26446105971972,1.462797592513984e+18,18.726228713989258,GALAXY,GALAXY-PASS,xPCA,6820.243685572528,0.0491639080757662,1.2429509934589903e-05,,,1.9146945063178096,0.0027588543729150095,SMC,402757.9594190553,-1.2095797230280338,16.253,0.008,15.129,0.002,14.384,0.002,14.064,0.002,13.877,0.0,Surveyphotometry.dat crossmatch,99.999,99.999,14.648,0.003,13.961,0.003,13.458,0.003,Surveyphotometry.dat crossmatch,11.522,0.022,11.196,0.021,7.342,0.016,5.416,0.033,Surveyphotometry.dat crossmatch
spec-2009-53904-0376.fits,SDSS J130829.67+300539.0,197.12364718326543,30.094165762273487,1.4629208022393452e+18,16.69471549987793,QSO,QSO,xPCA,4459.4269509903515,0.8082147185465638,7.062048521637722e-05,,,0.025491506616466746,0.001821667926012998,SMC,5439.164926911732,-0.9777989184491296,17.339,0.009,16.911,0.004,16.786,0.005,16.808,0.005,16.655,0.0,Surveyphotometry.dat crossmatch,99.999,99.999,15.419,0.005,15.327,0.008,14.483,0.007,Surveyphotometry.dat crossmatch,12.76,0.023,11.548,0.02,9.01,0.028,6.695,0.067,Surveyphotometry.dat crossmatch
spec-2242-54153-0409.fits,SDSS J130401.73+274905.5,196.007255598974,27.81819299192505,1.4607585782636877e+18,18.886402130126953,BAL_QSO,QSO,xPCA,8661.518487556665,1.6362213207098097,0.0003299455615852242,,,0.10364317751983657,0.0046528842470554485,LMC,10640.547798776071,-1.1099839663019706,19.321,0.025,19.028,0.01,19.078,0.011,18.771,0.013,18.703,0.03,Surveyphotometry.dat crossmatch,99.999,99.999,17.726,0.031,17.158,0.037,16.857,0.045,Surveyphotometry.dat crossmatch,15.498,0.038,13.989,0.036,10.75,0.092,8.385,0.223,Surveyphotometry.dat crossmatch
spec-1838-53467-0190.fits,SDSS J135816.53+342633.5,209.5688975698661,34.44265148213836,1.4828139912429256e+18,18.884523391723633,QSO,QSO,xPCA,4107.928812676517,1.787230869417293,0.0003100527599890041,,,2.843890533764555e-10,9.184641559610733e-05,LMC,5037.123887741916,-1.1259608326349015,19.109,0.021,19.031,0.009,19.02,0.011,18.739,0.011,18.797,0.03,Surveyphotometry.dat crossmatch,99.999,99.999,17.956,0.058,17.698,0.1,17.011,0.07,Surveyphotometry.dat crossmatch,15.905,0.047,14.677,0.052,11.258,0.13,99.999,99.999,Surveyphotometry.dat crossmatch
spec-2649-54212-0469.fits,SDSS J125313.77+225431.0,193.30740013258315,22.908627613517314,3.9567017534409503e+18,17.932554244995117,QSO,QSO,xPCA,4368.911068274365,1.1276959341603061,0.00022229868822993954,,,2.466876421018671e-11,7.70818880397838e-06,SMC,24458.599254391127,-1.0164564396314344,18.161,0.013,18.086,0.006,17.915,0.006,18.029,0.008,18.17,0.02,Surveyphotometry.dat crossmatch,99.999,99.999,17.39,0.027,16.806,0.025,15.988,0.024,Surveyphotometry.dat crossmatch,14.448,0.028,13.057,0.026,10.31,0.06,7.981,0.183,Surveyphotometry.dat crossmatch
spec-2009-53857-0519.fits,SDSS J131016.00+300416.8,197.56667387360105,30.07134121121457,1.4629314924143153e+18,17.776399612426758,QSO,QSO-MIDZ,xPCA,4775.880068139773,1.16525973569279,0.00026672557113382957,,,1.59171636645878e-10,6.25844755775585e-05,LMC,6293.54603381039,-1.0511463416461326,18.218,0.013,18.18,0.006,17.962,0.007,17.959,0.008,18.085,0.02,Surveyphotometry.dat crossmatch,99.999,99.999,17.31,0.026,16.74,0.027,16.043,0.025,Surveyphotometry.dat crossmatch,14.7,0.028,13.508,0.029,10.592,0.073,8.262,0.198,Surveyphotometry.dat crossmatch
spec-2660-54504-0626.fits,SDSS J124635.49+252245.0,191.64789890659503,25.379151382201687,3.9609784069965353e+18,18.936874389648438,QSO,QSO,xPCA,4760.404722586297,3.4737004729020167,0.005318542423400355,,,2.4435892491316696e-10,7.58776167600892e-05,LMC,18068.951141674734,-1.8605100350208474,19.297,0.025,99.999,9.999,18.846,0.01,18.877,0.013,99.999,9.999,Surveyphotometry.dat crossmatch,99.999,99.999,17.274,0.021,17.125,0.027,16.487,0.033,Surveyphotometry.dat crossmatch,15.008,0.033,14.06,0.039,11.562,0.21,99.999,99.999,Surveyphotometry.dat crossmatch
spec-2104-53852-0448.fits,SDSS J131709.29+315351.1,199.28876602781423,31.89754789988184,1.4636045610333379e+18,18.979280471801758,QSO,QSO-MIDZ,xPCA,3704.961651391828,0.6801575196388514,0.00035894700778772346,,,0.05006565238802907,0.006176515932715287,LMC,3786.116499361326,-1.2915562519307655,19.46,0.034,19.145,0.01,19.022,0.012,18.901,0.016,18.859,0.06,Surveyphotometry.dat crossmatch,99.999,99.999,18.211,0.042,17.472,0.04,16.495,0.035,Surveyphotometry.dat crossmatch,15.039,0.031,13.901,0.035,11.07,0.095,9.148,0.476,Surveyphotometry.dat crossmatch
spec-2104-53852-0253.fits,SDSS J131435.15+301803.1,198.64648572534935,30.30088642967254,1.46278993029225e+18,18.036924362182617,BAL_QSO,QSO-MIDZ,xPCA,10549.786507907349,1.9276896984918739,0.0005064747992723691,,,0.41315784072558104,0.0017529167152714742,SMC,31562.76230872726,-1.3366593861063092,19.03,0.025,18.421,0.007,17.964,0.007,17.695,0.007,17.591,0.01,Surveyphotometry.dat crossmatch,99.999,99.999,16.777,0.013,16.444,0.017,15.96,0.023,Surveyphotometry.dat crossmatch,14.89,0.031,13.617,0.031,10.211,0.055,7.591,0.106,Surveyphotometry.dat crossmatch
spec-2115-53535-0388.fits,SDSS J134632.21+253235.1,206.6342036842777,25.54309711113694,1.4445141916121818e+18,18.408437728881836,QSO,QSO,xPCA,4812.845883820293,0.38800170628188146,4.162392600889559e-05,,,0.05338307664445307,0.0048312161786141575,LMC,8205.65783873452,-1.3727774457299864,18.139,0.015,18.106,0.006,18.079,0.007,17.979,0.008,17.609,0.01,Surveyphotometry.dat crossmatch,99.999,99.999,16.9,0.019,16.007,0.017,14.946,0.012,Surveyphotometry.dat crossmatch,13.519,0.024,12.565,0.023,10.235,0.054,8.142,0.193,Surveyphotometry.dat crossmatch
spec-2118-53820-0267.fits,SDSS J135250.94+265114.9,208.2122860506916,26.854154743548147,1.450691209281553e+18,18.656768798828125,QSO,QSO,xPCA,5637.998911325503,2.255903985821742,0.00030029847280851863,,,1.5512364794924814e-09,0.0004938336096577445,MW,6814.517967529403,-1.2983509226967935,19.401,0.029,18.942,0.01,18.946,0.011,18.855,0.014,18.59,0.03,Surveyphotometry.dat crossmatch,99.999,99.999,17.735,0.044,17.282,0.055,16.402,0.04,Surveyphotometry.dat crossmatch,15.965,0.045,15.209,0.071,12.03,0.221,9.001,0.428,Surveyphotometry.dat crossmatch
spec-2660-54504-0497.fits,SDSS J124143.37+251338.9,190.4307417820134,25.227478000148214,3.9596956892434493e+18,18.793378829956055,QSO,QSO,xPCA,5037.585643166847,2.150585795664159,0.0005339678251483338,,,0.06962512914360572,0.0021215270994002153,SMC,5658.482973889012,-1.2249945606240802,19.251,0.027,19.073,0.009,19.027,0.011,18.94,0.019,18.729,0.04,Surveyphotometry.dat crossmatch,99.999,99.999,17.966,0.044,17.454,0.039,16.678,0.044,Surveyphotometry.dat crossmatch,15.857,0.051,14.787,0.063,11.48,0.207,8.623,0.352,Surveyphotometry.dat crossmatch
spec-2245-54208-0116.fits,spec-2245-54208-0116,203.87979137635097,25.8218544748632,1.4450906793030088e+18,18.55931854248047,QSO,QSO-MIDZ,xPCA,3621.4544130896693,1.1841072773918224,0.0003768655176368462,,,2.9339809011139084e-10,0.00015540938909102488,MW,4219.140052588574,-1.0571079848208231,19.066,0.021,18.918,0.009,18.653,0.009,18.603,0.011,18.633,0.03,Surveyphotometry.dat crossmatch,99.999,99.999,17.828,0.033,17.29,0.043,16.428,0.034,Surveyphotometry.dat crossmatch,14.99,0.033,13.566,0.03,10.4,0.064,7.546,0.141,Surveyphotometry.dat crossmatch
spec-6002-56104-0620.fits,SDSS J134008.05+260031.3,205.03355942526656,26.0087101216483,1.4454245142253138e+18,18.862468719482422,QSO,QSO,xPCA,11326.831840842733,1.9855084502623828,0.0003685065578285195,,,8.160929605433975e-09,0.0001136577273602176,MW,24591.239322734582,-0.9957783726791124,19.107,0.022,19.189,0.01,19.228,0.012,19.12,0.014,18.927,0.04,Surveyphotometry.dat crossmatch,99.999,99.999,18.291,0.053,17.91,0.097,17.145,0.081,Surveyphotometry.dat crossmatch,16.167,0.054,15.107,0.072,11.512,0.171,9.104,0.458,Surveyphotometry.dat crossmatch
spec-2109-53468-0084.fits,SDSS J133627.15+311623.9,204.11314326878744,31.27334166448849,1.4567215838834427e+18,18.690505981445312,QSO,QSO-MIDZ,xPCA,3627.9583987762326,0.9927370706329477,0.000326223918001069,,,0.3314103447592488,0.005418485783477339,LMC,4874.742490335678,-1.3704691189189393,19.27,0.027,19.344,0.011,18.541,0.009,18.58,0.011,18.411,0.03,Surveyphotometry.dat crossmatch,99.999,99.999,17.33,0.018,17.023,0.033,16.053,0.026,Surveyphotometry.dat crossmatch,14.239,0.027,12.893,0.026,9.768,0.039,7.118,0.09,Surveyphotometry.dat crossmatch
spec-6487-56362-0618.fits,SDSS J130616.67+310529.2,196.56947400354605,31.091457304693048,1.4662388921105894e+18,17.26608657836914,QSO,QSO,xPCA,10277.164756337223,2.0138865713820797,0.00018445179122945703,,,0.057499484428278375,0.000765839862779099,SMC,20886.005522119038,-1.0103629079751595,17.788,0.011,17.722,0.006,17.62,0.006,17.491,0.006,17.344,0.01,Surveyphotometry.dat crossmatch,99.999,99.999,16.401,0.011,16.009,0.019,15.573,0.019,Surveyphotometry.dat crossmatch,14.531,0.029,13.169,0.028,9.499,0.034,7.191,0.114,Surveyphotometry.dat crossmatch
spec-2241-54169-0176.fits,spec-2241-54169-0176,194.47859532766725,27.05755542580698,1.4606465010933294e+18,18.082244873046875,GALAXY,GALAXY-PASS,xPCA,3758.0458743486306,0.13694000812381618,1.4600779650888936e-05,,,1.0520823758167224,0.0027207330571792365,SMC,506098.8073755305,-1.4641916920903624,18.474,0.021,16.923,0.004,16.341,0.004,16.149,0.004,15.964,0.0,Surveyphotometry.dat crossmatch,99.999,99.999,15.563,0.006,14.948,0.006,14.445,0.007,Surveyphotometry.dat crossmatch,13.515,0.025,13.287,0.029,11.637,0.233,99.999,99.999,Surveyphotometry.dat crossmatch
spec-5995-56093-0050.fits,SDSS J133403.68+222347.4,203.515336867826,22.3965057701033,1.4422085114334996e+18,17.54214096069336,BAL_QSO,QSO-MIDZ,xPCA,27026.314147398454,1.6959386191410468,0.00016124733656723813,,,0.17378012126494244,0.0010005936068966659,SMC,61609.72763520916,-1.001107961807399,18.208,0.014,17.93,0.006,17.834,0.006,17.612,0.007,17.611,0.01,Surveyphotometry.dat crossmatch,99.999,99.999,16.53,0.013,16.028,0.012,15.604,0.016,Surveyphotometry.dat crossmatch,14.462,0.028,13.071,0.027,9.91,0.047,7.509,0.141,Surveyphotometry.dat crossmatch
spec-2660-54504-0203.fits,SDSS J124049.05+240236.9,190.20437701559115,24.04359009019221,3.9592894927123067e+18,18.454931259155273,QSO,QSO-MIDZ,xPCA,3832.1265153009567,1.3513105907347258,0.0003181052206394981,,,6.136210246518448e-13,8.685945827025007e-05,SMC,4345.609856923151,-1.0349145996250868,18.857,0.018,18.905,0.009,18.648,0.009,18.606,0.011,18.605,0.03,Surveyphotometry.dat crossmatch,99.999,99.999,17.522,0.026,16.868,0.03,16.497,0.033,Surveyphotometry.dat crossmatch,14.987,0.033,13.58,0.031,10.823,0.1,8.38,0.268,Surveyphotometry.dat crossmatch
spec-2242-54153-0021.fits,SDSS J131252.47+264707.4,198.21867045170367,26.785398782877003,1.4598401080972662e+18,18.943952560424805,QSO,,Composite model - MW,9822.471323892529,2.169746661159033,0.00012316324597860806,1.9291377391481186e-08,0.0021790996533349915,1.9291377391481186e-08,0.0021790996533349915,MW,9822.471323892529,-1.302318557123194,18.954,0.021,18.653,0.008,18.639,0.009,18.522,0.01,18.309,0.02,Surveyphotometry.dat crossmatch,99.999,99.999,17.564,0.029,17.154,0.033,16.23,0.027,Surveyphotometry.dat crossmatch,15.779,0.045,14.775,0.064,12.079,0.322,8.861,0.454,Surveyphotometry.dat crossmatch
spec-8869-57481-0046.fits,SDSS J125809.31+351942.9,194.53880746341832,35.328615351663096,1.5163286561421156e+18,16.288541793823242,QSO,QSO,xPCA,44183.74299498269,0.3093701179665303,3.6469758091786855e-05,,,4.441485157088976e-12,1.2173081750249941e-05,LMC,65350.14872681155,-1.2468593885684194,18.673,0.018,18.612,0.008,18.316,0.008,18.249,0.009,17.324,0.01,Surveyphotometry.dat crossmatch,99.999,99.999,16.403,0.013,15.621,0.018,14.725,0.01,Surveyphotometry.dat crossmatch,13.442,0.024,12.604,0.023,10.531,0.074,8.39,0.294,Surveyphotometry.dat crossmatch
spec-2662-54505-0424.fits,SDSS J130006.02+243553.4,195.0251384461834,24.598188854308574,3.9573120897695124e+18,18.46920394897461,QSO,QSO,xPCA,8748.60329877434,2.109529498553732,0.00027252026961254973,,,0.07385967225521621,0.0019753357818655323,SMC,8762.00102561725,-1.3246104158037928,18.762,0.018,18.66,0.008,18.571,0.009,18.445,0.01,18.179,0.02,Surveyphotometry.dat crossmatch,99.999,99.999,17.544,0.025,16.999,0.032,16.248,0.026,Surveyphotometry.dat crossmatch,15.627,0.041,14.523,0.052,10.887,0.134,8.452,0.281,Surveyphotometry.dat crossmatch
spec-1975-53734-0528.fits,SDSS J124555.40+330230.3,191.4808682604696,33.041745747412406,1.5149077091614234e+18,18.91051483154297,QSO,QSO-MIDZ,xPCA,4642.448110305078,0.5774296509494679,0.00019836201847752964,,,1.603727079520917e-11,0.0014081026681532604,LMC,6256.409358849742,-1.6020041510559304,19.347,0.028,18.995,0.01,19.024,0.011,18.89,0.014,18.883,0.03,Surveyphotometry.dat crossmatch,99.999,99.999,99.999,99.999,17.501,0.072,16.641,0.049,Surveyphotometry.dat crossmatch,14.957,0.032,13.702,0.032,10.836,0.101,9.035,0.481,Surveyphotometry.dat crossmatch
spec-2094-53851-0196.fits,SDSS J134132.85+301326.1,205.3868869979718,30.22393246981223,1.4563556870296553e+18,18.563892364501953,QSO,QSO-MIDZ,xPCA,3775.5034574476463,0.7356014328754652,0.00033525259124223363,,,0.21354713939004816,0.005061856394255659,MW,3869.52687137042,-1.2258479664545787,19.422,0.028,18.8,0.009,18.681,0.01,18.699,0.011,18.638,0.02,Surveyphotometry.dat crossmatch,99.999,99.999,17.674,0.041,17.046,0.038,16.219,0.028,Surveyphotometry.dat crossmatch,14.475,0.029,13.5,0.03,10.991,0.108,8.695,0.398,Surveyphotometry.dat crossmatch
spec-2029-53819-0316.fits,SDSS J125859.62+311845.3,194.74844924396277,31.312601394179627,1.4655337916228562e+18,18.89861488342285,QSO,QSO,xPCA,5178.189327413145,1.9339335353753877,0.0004943096275919353,,,8.186814548223446e-10,5.033405217850435e-05,SMC,6187.652406063622,-1.3347920156783983,19.038,0.023,19.076,0.01,19.016,0.012,18.803,0.013,18.694,0.03,Surveyphotometry.dat crossmatch,99.999,99.999,17.748,0.033,17.384,0.059,16.773,0.049,Surveyphotometry.dat crossmatch,15.749,0.044,14.512,0.051,10.935,0.103,8.44,0.258,Surveyphotometry.dat crossmatch
spec-2112-53534-0157.fits,spec-2112-53534-0157,201.41166451686516,32.57783941980325,1.4695124818239022e+18,18.431529998779297,GALAXY,GALAXY-PASS,xPCA,22910.35380590394,0.05110612879262585,9.973499617759337e-06,,,1.1097253394215825,0.0013703427116881217,SMC,93727.05947789177,-1.5510746173604941,17.075,0.013,15.623,0.003,14.931,0.002,14.509,0.002,14.224,0.0,Surveyphotometry.dat crossmatch,99.999,99.999,14.348,0.003,13.602,0.002,13.002,0.002,Surveyphotometry.dat crossmatch,11.899,0.024,11.679,0.023,7.811,0.02,4.825,0.037,Surveyphotometry.dat crossmatch
spec-2244-53795-0278.fits,SDSS J132053.01+255939.5,200.2208865486556,25.99431627354289,1.4475712419590067e+18,18.90763282775879,QSO,QSO-MIDZ,xPCA,3832.4711720976848,1.0392664107081322,0.00048147750401342194,,,2.1536714450124013e-09,0.0003679724929647641,LMC,4209.825686832876,-1.328760902067427,19.098,0.021,19.048,0.009,18.897,0.01,19.0,0.014,19.004,0.04,Surveyphotometry.dat crossmatch,99.999,99.999,18.07,0.038,17.637,0.044,16.846,0.042,Surveyphotometry.dat crossmatch,15.377,0.037,14.176,0.04,11.29,0.149,8.48,0.294,Surveyphotometry.dat crossmatch
spec-2006-53476-0233.fits,SDSS J125850.78+332503.6,194.71159291170133,33.41766248342371,1.4674690008074002e+18,18.92261505126953,QSO,QSO-MIDZ,xPCA,3772.009046412337,0.9823061877282014,0.00044881704724995407,,,6.617646702974586e-10,0.00011723263790441608,MW,4494.530860285299,-1.376641359539924,19.274,0.024,19.207,0.01,19.06,0.011,19.084,0.014,18.907,0.03,Surveyphotometry.dat crossmatch,99.999,99.999,17.808,0.038,17.576,0.058,16.63,0.043,Surveyphotometry.dat crossmatch,14.812,0.033,13.605,0.032,10.887,0.114,8.266,0.278,Surveyphotometry.dat crossmatch
spec-2093-53818-0365.fits,SDSS J131009.66+341629.3,197.54026557466963,34.274786475280244,1.467857162771756e+18,17.981813430786133,QSO,QSO-MIDZ,xPCA,3875.3774535648568,0.665673974072188,0.0001535392097845236,,,1.996002863859092e-11,4.1119729432894265e-05,MW,5907.309960689967,-1.1399334714053546,18.287,0.014,17.947,0.006,17.994,0.007,17.948,0.008,17.976,0.02,Surveyphotometry.dat crossmatch,99.999,99.999,17.216,0.026,16.547,0.022,15.534,0.017,Surveyphotometry.dat crossmatch,13.883,0.027,12.706,0.025,9.878,0.043,7.587,0.118,Surveyphotometry.dat crossmatch
spec-6487-56362-0228.fits,SDSS J130957.05+304029.3,197.48775360462747,30.67480587821337,1.4659683735939261e+18,18.243213653564453,QSO,QSO,xPCA,8154.914104237473,2.0523679941604454,0.0002408616496736369,,,4.199566497505025e-10,8.337730319491702e-05,SMC,16632.203073018172,-0.9770030512009098,18.682,0.019,18.547,0.008,18.41,0.008,18.283,0.01,18.027,0.02,Surveyphotometry.dat crossmatch,99.999,99.999,17.104,0.02,16.73,0.025,16.209,0.028,Surveyphotometry.dat crossmatch,15.277,0.035,14.285,0.04,10.886,0.083,8.582,0.247,Surveyphotometry.dat crossmatch
spec-3982-55332-0280.fits,SDSS J132547.67+341320.6,201.44866785463995,34.22242858420702,1.470222938134025e+18,17.959028244018555,QSO,QSO-MIDZ,xPCA,7755.563585680077,1.938664455467105,0.00014315759978741064,,,4.694807414465547e-10,7.519654509283041e-05,MW,8829.410281636066,-1.0416957821601607,18.057,0.013,18.01,0.006,18.025,0.007,17.855,0.007,17.778,0.01,Surveyphotometry.dat crossmatch,99.999,99.999,17.0,0.026,16.488,0.026,16.083,0.029,Surveyphotometry.dat crossmatch,15.231,0.035,14.197,0.041,11.258,0.144,99.999,99.999,Surveyphotometry.dat crossmatch
spec-2028-53818-0537.fits,spec-2028-53818-0537,207.31238456639775,35.29506780960975,1.4711491349449103e+18,18.936986923217773,GALAXY,QSO-GAL,xPCA,7803.077224518538,0.016972302545054815,7.387332766094419e-06,,,2.570075296993694,0.002255784763412594,LMC,1082384.4281155844,-1.06784716393339,18.047,0.022,15.168,0.002,14.411,0.002,14.039,0.002,13.762,0.0,Surveyphotometry.dat crossmatch,99.999,99.999,14.296,0.003,13.622,0.003,13.372,0.004,Surveyphotometry.dat crossmatch,12.036,0.023,12.1,0.022,11.348,0.142,99.999,99.999,Surveyphotometry.dat crossmatch
spec-2237-53828-0604.fits,SDSS J124521.72+302955.5,191.3405383215055,30.498749303031595,1.513238508775751e+18,18.701942443847656,QSO,QSO-MIDZ,xPCA,3839.9415789865207,1.493282170665876,0.00043927402248605704,,,3.081255984084888e-08,0.00023299882197261825,MW,4228.873402134696,-1.1594073113063266,19.065,0.021,18.806,0.009,18.739,0.009,18.497,0.011,18.582,0.02,Surveyphotometry.dat crossmatch,99.999,99.999,17.53,0.038,16.992,0.038,16.565,0.046,Surveyphotometry.dat crossmatch,15.416,0.04,14.01,0.038,10.954,0.095,8.576,0.284,Surveyphotometry.dat crossmatch
spec-5999-56089-0934.fits,spec-5999-56089-0934,204.25868920902167,25.98802038291353,1.4454711790459197e+18,18.394149780273438,QSO,QSO,xPCA,16643.439838029495,1.8779559479284345,0.00039197622321974227,,,2.0677162781458647e-10,5.000277287296761e-05,LMC,23651.75382192735,-1.0235245600457956,18.35,0.015,18.196,0.007,18.125,0.007,18.037,0.008,18.024,0.02,Surveyphotometry.dat crossmatch,99.999,99.999,17.378,0.025,17.127,0.04,99.999,99.999,Surveyphotometry.dat crossmatch,15.376,0.041,13.874,0.036,10.639,0.075,8.6,0.327,Surveyphotometry.dat crossmatch
SDSS_J1245_2809_combined.dat,SDSS_J1245_2809_combined,191.29556396375008,28.16207133623161,3.96271408917996e+18,,QSO,QSO,Stellar-templates,602.6406074271763,1.402476543489714,0.00024571126502681567,,,0.022551337247655078,0.017215188465428067,SMC,539.0808520116941,-1.5467591231352784,18.346,0.015,18.138,0.006,17.829,0.006,17.73,0.008,17.746,0.01,Surveyphotometry.dat crossmatch,99.999,99.999,16.818,0.016,16.083,0.017,15.823,0.023,Surveyphotometry.dat crossmatch,14.752,0.031,13.498,0.031,10.702,0.089,8.07,0.177,Surveyphotometry.dat crossmatch
spec-1978-53473-0201.fits,SDSS J132851.66+280124.0,202.21526485850117,28.02333743059365,1.4496935742784876e+18,18.919631958007812,QSO,QSO-MIDZ,xPCA,4143.846434360797,0.9819377054788185,0.00029095057732887725,,,1.6888605088255602e-08,0.00031914114257431525,SMC,4784.6967818748535,-1.372540327458327,19.203,0.022,18.964,0.009,18.764,0.01,18.834,0.012,18.629,0.03,Surveyphotometry.dat crossmatch,99.999,99.999,17.618,0.026,17.37,0.041,16.545,0.034,Surveyphotometry.dat crossmatch,14.643,0.031,13.386,0.028,10.745,0.081,8.48,0.331,Surveyphotometry.dat crossmatch
spec-6492-56362-0574.fits,SDSS J132537.89+323615.6,201.40791215187565,32.60433045665446,1.4695154668242926e+18,18.626739501953125,QSO,QSO,xPCA,5956.687536559746,2.0175236888588324,0.0003219599191962315,,,0.09119915428541923,0.002744150169979344,LMC,6583.85578632225,-0.9856444988789994,18.577,0.019,18.489,0.007,18.424,0.008,18.296,0.01,18.094,0.02,Surveyphotometry.dat crossmatch,99.999,99.999,17.676,0.037,17.281,0.033,16.695,0.038,Surveyphotometry.dat crossmatch,15.609,0.041,14.278,0.044,11.032,0.133,99.999,99.999,Surveyphotometry.dat crossmatch
SDSS_J1306_2732_combined.dat,SDSS_J1306_2732_combined,196.52973669170424,27.542299541020263,1.460502735652505e+18,,QSO,QSO,xPCA,434.51401399798334,1.7572265082072354,0.0002454049370157917,,,7.25829742446657e-12,0.00040106483452646943,SMC,576.2731967686047,-1.1579531994271355,18.862,0.018,18.739,0.008,18.674,0.009,18.387,0.01,18.295,0.02,Surveyphotometry.dat crossmatch,99.999,99.999,17.227,0.021,16.748,0.026,16.253,0.028,Surveyphotometry.dat crossmatch,15.122,0.033,13.964,0.036,10.953,0.099,8.905,0.394,Surveyphotometry.dat crossmatch
spec-2654-54231-0335.fits,spec-2654-54231-0335,204.25070843330212,22.21930589432965,1.4419592358276357e+18,18.285545349121094,QSO,QSO-MIDZ,xPCA,4559.544879149626,0.6874464512769971,0.00016346389370826985,,,1.7915595954464889e-10,4.3660505304840856e-05,SMC,8236.30650574658,-1.3668356566020408,18.827,0.02,18.527,0.007,18.573,0.009,18.578,0.011,18.626,0.02,Surveyphotometry.dat crossmatch,99.999,99.999,17.548,0.031,16.908,0.023,15.815,0.017,Surveyphotometry.dat crossmatch,14.173,0.027,13.012,0.026,10.574,0.079,8.334,0.252,Surveyphotometry.dat crossmatch
spec-1993-53762-0552.fits,spec-1993-53762-0552,204.175172837806,34.74625981714838,1.471591211635177e+18,18.643678665161133,GALAXY,GALAXY-PASS,xPCA,8617.509482250167,0.024353840427361773,9.216346710531071e-06,,,2.2332565746187814,0.0017854815303175453,SMC,756307.26874918,-1.0235945958188037,16.424,0.008,14.588,0.002,13.768,0.002,13.37,0.002,13.066,0.0,Surveyphotometry.dat crossmatch,99.999,99.999,13.969,0.002,13.244,0.002,12.879,0.003,Surveyphotometry.dat crossmatch,11.383,0.022,11.353,0.021,9.723,0.041,8.008,0.228,Surveyphotometry.dat crossmatch
spec-2112-53534-0242.fits,spec-2112-53534-0242,200.12672270429104,32.003928147860584,1.4635775242154332e+18,18.494426727294922,GALAXY,GALAXY-PASS,xPCA,6457.971796575643,0.018312629745109076,7.959198621858669e-06,,,7.257880164427976,0.01099176534685542,LMC,237840.9507498498,-1.0786057550128854,16.553,0.009,14.807,0.002,14.021,0.002,13.649,0.002,13.336,0.0,Surveyphotometry.dat crossmatch,99.999,99.999,13.741,0.002,13.08,0.002,12.798,0.002,Surveyphotometry.dat crossmatch,11.499,0.023,11.575,0.021,10.88,0.115,99.999,99.999,Surveyphotometry.dat crossmatch
spec-2031-53848-0094.fits,spec-2031-53848-0094,194.1702052453544,35.21658350591151,1.5159992149700675e+18,18.897809982299805,GALAXY,GALAXY-PASS,xPCA,4061.1731241190237,0.02766129518650895,1.2689878046698771e-05,,,2.240982223035001,0.003504298257586136,MW,565209.3675086283,-1.0056026234011495,17.915,0.018,16.168,0.003,15.408,0.003,15.029,0.003,14.813,0.0,Surveyphotometry.dat crossmatch,99.999,99.999,14.858,0.004,14.186,0.004,13.903,0.006,Surveyphotometry.dat crossmatch,12.892,0.023,12.91,0.026,12.045,0.308,99.999,99.999,Surveyphotometry.dat crossmatch
spec-2109-53468-0444.fits,spec-2109-53468-0444,204.202536849581,33.489086052050695,1.4692142392953472e+18,18.601346969604492,GALAXY,GALAXY-PASS,xPCA,5029.919335968074,0.02260991680296076,1.1187400114014774e-05,,,3.474495833368657,0.006307658268137173,LMC,125633.27375294907,-1.0245932574814227,17.521,0.015,15.784,0.003,14.994,0.003,14.603,0.003,14.257,0.0,Surveyphotometry.dat crossmatch,99.999,99.999,14.296,0.003,13.644,0.003,13.32,0.003,Surveyphotometry.dat crossmatch,12.224,0.022,12.364,0.023,11.532,0.185,9.002,0.514,Surveyphotometry.dat crossmatch
spec-6492-56362-0738.fits,SDSS J132856.20+314814.6,202.2342108192921,31.804081376020548,1.4686198115248082e+18,18.598102569580078,QSO,QSO,xPCA,4322.913990922727,1.9116650837172837,0.0005277326033587772,,,9.886161984537511e-14,8.790757161643796e-06,SMC,20127.99715429096,-1.0354829534914518,18.794,0.02,18.663,0.008,18.554,0.009,18.432,0.012,18.399,0.03,Surveyphotometry.dat crossmatch,99.999,99.999,17.415,0.03,17.163,0.032,16.597,0.037,Surveyphotometry.dat crossmatch,15.543,0.038,14.205,0.039,11.084,0.121,8.345,0.26,Surveyphotometry.dat crossmatch
spec-2093-53818-0172.fits,SDSS J131502.78+325023.2,198.76161803662924,32.83978859394487,1.4667107543971814e+18,18.15711784362793,QSO,QSO,xPCA,8718.892102509097,2.209064429860157,0.0003689012721833413,,,0.08237794618086204,0.0014274417460441932,SMC,17238.424773018494,-1.1621038407989248,18.696,0.019,18.232,0.006,18.063,0.007,17.93,0.008,17.701,0.01,Surveyphotometry.dat crossmatch,99.999,99.999,16.988,0.02,16.495,0.023,15.614,0.018,Surveyphotometry.dat crossmatch,15.087,0.031,14.073,0.036,10.852,0.074,8.598,0.254,Surveyphotometry.dat crossmatch
spec-2662-54505-0470.fits,SDSS J130137.39+243941.6,195.4058112800704,24.661579636754368,3.957304668066043e+18,18.981836318969727,QSO,QSO,xPCA,3936.6487215084608,1.3299880126379833,0.0003112106393645525,,,0.037536037263284104,0.0038110453150456344,SMC,4324.541711677869,-1.2328011565520838,19.299,0.028,19.175,0.01,18.903,0.01,18.846,0.011,18.884,0.04,Surveyphotometry.dat crossmatch,99.999,99.999,18.126,0.043,17.247,0.039,16.838,0.044,Surveyphotometry.dat crossmatch,15.4,0.039,13.888,0.035,10.95,0.191,99.999,99.999,Surveyphotometry.dat crossmatch
spec-2016-53799-0213.fits,SDSS J130740.85+350154.3,196.920211427712,35.03177443202148,1.4681389512821407e+18,18.798994064331055,QSO,QSO,xPCA,3754.1449795858225,1.49034647292215,0.0003094653890826157,,,0.0917886308321405,0.0043252863993466575,SMC,4215.32371808671,-1.28023663652104,19.227,0.023,19.011,0.009,18.827,0.01,18.666,0.011,18.675,0.03,Surveyphotometry.dat crossmatch,99.999,99.999,17.904,0.039,17.143,0.046,16.903,0.072,Surveyphotometry.dat crossmatch,15.722,0.042,14.388,0.045,11.485,0.149,8.539,0.284,Surveyphotometry.dat crossmatch
spec-2238-54205-0252.fits,SDSS J124402.19+262139.3,191.0091208612654,26.360944029554044,3.961363751462043e+18,18.602737426757812,QSO,QSO,xPCA,20339.969726355583,3.1249329263476,0.00038190738282746354,,,0.16128721300047333,0.0034951499617375537,MW,31591.34403115993,-2.2364610701067433,20.557,0.058,18.755,0.009,18.483,0.008,18.428,0.01,18.457,0.03,Surveyphotometry.dat crossmatch,99.999,99.999,17.197,0.022,16.756,0.029,16.295,0.032,Surveyphotometry.dat crossmatch,15.494,0.04,14.579,0.053,10.965,0.135,99.999,99.999,Surveyphotometry.dat crossmatch
spec-2783-54524-0616.fits,SDSS J135557.65+240227.6,208.99021719457323,24.0409841259897,1.257725990894484e+18,18.788665771484375,QSO,QSO,xPCA,6408.011920624433,0.668130411477619,9.281033431583348e-05,,,5.327698931979416e-10,3.950693551577715e-05,LMC,16062.789061481531,-1.295315178098506,19.159,0.027,18.73,0.008,18.878,0.01,18.898,0.013,18.868,0.03,Surveyphotometry.dat crossmatch,99.999,99.999,17.88,0.035,16.903,0.027,15.669,0.018,Surveyphotometry.dat crossmatch,13.751,0.025,12.626,0.025,10.025,0.054,7.927,0.159,Surveyphotometry.dat crossmatch
sdssJ135230+284745_combined.dat,sdssJ135230+284745_combined,208.12841354949063,28.796055149210343,1.4522723070021804e+18,,QSO,,Composite model - SMC,168.43121060110434,2.2806704918748713,0.003594661100409846,0.059441443851918935,0.021390387682609074,0.059441443851918935,0.021390387682609074,SMC,168.43121060110434,-1.2078018932108825,20.029,0.04,19.443,0.012,19.263,0.013,19.195,0.017,18.919,0.04,Surveyphotometry.dat crossmatch,99.999,99.999,17.946,0.047,99.999,99.999,16.761,0.061,Surveyphotometry.dat crossmatch,16.196,0.052,14.953,0.059,11.432,0.144,8.604,0.28,Surveyphotometry.dat crossmatch
spec-2783-54524-0143.fits,spec-2783-54524-0143,208.54170954874303,23.166784316236825,1.2516523917414126e+18,18.103469848632812,QSO,QSO,xPCA,11828.44349827528,0.23933866766646483,2.2003686998429867e-05,,,0.44674924910437114,0.005351830405625896,LMC,15389.373317167468,-1.6459380525861955,18.407,0.018,18.267,0.007,18.05,0.007,17.816,0.007,17.705,0.02,Surveyphotometry.dat crossmatch,99.999,99.999,16.684,0.013,15.756,0.012,14.585,0.008,Surveyphotometry.dat crossmatch,13.054,0.024,11.991,0.022,9.18,0.033,6.979,0.085,Surveyphotometry.dat crossmatch
spec-2114-53848-0105.fits,SDSS J135023.68+265243.1,207.59867244927696,26.87863639220485,1.451436167065048e+18,17.202939987182617,QSO,QSO,xPCA,4975.564092111062,1.619803542528156,0.00018244978464059195,,,3.637870766345225e-11,6.471771495741234e-05,LMC,6084.504618794765,-1.0333881181472453,17.241,0.009,17.16,0.004,17.144,0.005,17.004,0.005,16.925,0.01,Surveyphotometry.dat crossmatch,99.999,99.999,16.162,0.011,15.611,0.012,15.353,0.015,Surveyphotometry.dat crossmatch,14.162,0.026,12.754,0.025,9.584,0.033,7.41,0.098,Surveyphotometry.dat crossmatch
spec-2006-53476-0030.fits,SDSS J130639.81+331726.7,196.6659038643325,33.29078165752639,1.4676367106901212e+18,18.967973709106445,QSO,QSO,xPCA,4935.996292315578,1.8065624932138709,0.0006644980161143222,,,0.11009758963933378,0.00457293487527749,SMC,5704.273509294196,-1.8673510377553073,19.622,0.029,19.359,0.011,19.25,0.012,18.97,0.013,18.862,0.03,Surveyphotometry.dat crossmatch,99.999,99.999,17.749,0.037,17.507,0.053,16.773,0.049,Surveyphotometry.dat crossmatch,16.019,0.05,14.778,0.057,11.452,0.159,8.647,0.326,Surveyphotometry.dat crossmatch
spec-5991-56076-0574.fits,SDSS J130006.02+243553.4,195.0251384461834,24.598188854308574,3.9573120897695124e+18,18.46920394897461,QSO,QSO,xPCA,14192.644866769191,2.1103049088197543,0.00012840335962824482,,,0.13743401424323737,0.001290954091949334,SMC,18728.99133033751,-1.3033063033573178,18.762,0.018,18.66,0.008,18.571,0.009,18.445,0.01,18.179,0.02,Surveyphotometry.dat crossmatch,99.999,99.999,17.544,0.025,16.999,0.032,16.248,0.026,Surveyphotometry.dat crossmatch,15.627,0.041,14.523,0.052,10.887,0.134,8.452,0.281,Surveyphotometry.dat crossmatch
spec-2009-53904-0456.fits,SDSS J131016.00+300416.8,197.56667387360105,30.07134121121457,1.4629314924143153e+18,17.776399612426758,QSO,QSO-MIDZ,xPCA,3456.755493968125,1.1664566331268884,0.0002973740144448203,,,8.968858094355811e-10,0.00014302216969419414,MW,4371.038583508294,-1.0519807852851595,18.218,0.013,18.18,0.006,17.962,0.007,17.959,0.008,18.085,0.02,Surveyphotometry.dat crossmatch,99.999,99.999,17.31,0.026,16.74,0.027,16.043,0.025,Surveyphotometry.dat crossmatch,14.7,0.028,13.508,0.029,10.592,0.073,8.262,0.198,Surveyphotometry.dat crossmatch
spec-2023-53851-0356.fits,spec-2023-53851-0356,198.69059757673463,35.14846401532087,1.4738680940579095e+18,18.59625244140625,GALAXY,GALAXY-PASS,xPCA,7025.610722067146,0.034070145854840916,9.12029075579253e-06,,,1.830065828606005,0.0016241636491669542,MW,72333.77302877705,-1.0559669938875649,16.934,0.011,15.105,0.002,14.307,0.002,13.928,0.002,13.617,0.0,Surveyphotometry.dat crossmatch,99.999,99.999,13.815,0.002,99.999,99.999,99.999,99.999,Surveyphotometry.dat crossmatch,11.6,0.023,11.664,0.02,11.088,0.167,99.999,99.999,Surveyphotometry.dat crossmatch
spec-5997-56309-0160.fits,SDSS J132057.53+265010.3,200.23974969048592,26.83619645751884,1.449332487787696e+18,18.845510482788086,QSO,QSO,xPCA,19360.83259173271,2.26071202574215,0.0002439255900843462,,,0.017656788390644048,0.0011247338125175022,SMC,25675.918796015456,-1.1313175546351204,19.783,0.033,19.227,0.01,19.153,0.012,19.093,0.014,18.955,0.04,Surveyphotometry.dat crossmatch,99.999,99.999,17.991,0.039,17.573,0.048,16.81,0.046,Surveyphotometry.dat crossmatch,16.124,0.052,14.978,0.061,12.139,0.323,99.999,99.999,Surveyphotometry.dat crossmatch
spec-2024-53503-0602.fits,SDSS J135042.69+321616.3,207.6779076840447,32.27123391033115,1.457439122596554e+18,18.75240707397461,QSO,QSO,xPCA,4624.2871077597065,1.8881020365405645,0.0003726444903619116,,,1.2904989921190373e-09,0.0001270633892688044,MW,10778.171670278654,-1.0938912815691648,18.727,0.018,18.545,0.008,18.57,0.009,18.346,0.01,18.297,0.02,Surveyphotometry.dat crossmatch,99.999,99.999,17.917,0.037,17.545,0.067,16.888,0.052,Surveyphotometry.dat crossmatch,15.901,0.05,14.727,0.054,11.129,0.129,8.783,0.341,Surveyphotometry.dat crossmatch
spec-6006-56105-0770.fits,SDSS J135048.19+281837.8,207.70082630664848,28.3105309509412,1.4521420835941094e+18,18.746442794799805,QSO,QSO,xPCA,25773.125029522107,2.254122073990252,9.899862722829807e-05,,,0.051342189554132264,0.0010297714434714493,SMC,33676.71184535548,-1.178996625633348,19.508,0.031,19.025,0.009,19.025,0.011,18.9,0.013,18.812,0.04,Surveyphotometry.dat crossmatch,99.999,99.999,17.806,0.045,99.999,99.999,16.534,0.051,Surveyphotometry.dat crossmatch,15.908,0.044,14.842,0.052,11.613,0.177,8.901,0.375,Surveyphotometry.dat crossmatch
spec-2662-54505-0253.fits,SDSS J125955.88+231818.3,194.98283007624616,23.305119667676703,3.9566091926018867e+18,17.964143753051758,QSO,QSO,xPCA,7850.133622355724,2.126295932961443,0.0006399593115871096,,,2.452906221238685e-10,0.00013471347289787633,MW,12916.524813826518,-1.1214435126930375,18.371,0.015,18.218,0.006,18.046,0.007,18.026,0.008,17.857,0.01,Surveyphotometry.dat crossmatch,99.999,99.999,17.056,0.02,16.513,0.029,15.768,0.024,Surveyphotometry.dat crossmatch,15.131,0.034,13.975,0.037,10.468,0.075,7.991,0.209,Surveyphotometry.dat crossmatch
spec-6003-56311-0096.fits,SDSS J134208.36+270930.5,205.5349028952052,27.158504702082155,1.4516549698788618e+18,17.801279067993164,QSO,QSO-MIDZ,xPCA,15987.28005682018,1.188859206037779,0.0002375680122141366,,,0.041969812958500184,0.0014469343516724034,SMC,18995.19914432967,-1.0466981563761564,18.2,0.015,18.03,0.006,17.685,0.006,17.687,0.007,17.885,0.02,Surveyphotometry.dat crossmatch,99.999,99.999,17.354,0.027,16.732,0.028,15.971,0.023,Surveyphotometry.dat crossmatch,14.146,0.028,12.954,0.026,10.055,0.054,7.804,0.14,Surveyphotometry.dat crossmatch
spec-5998-56087-0806.fits,spec-5998-56087-0806,204.9051083208745,23.922755120800787,1.4439162290858913e+18,18.731809616088867,BAL_QSO,QSO,xPCA,30483.6800917341,2.0452075023666225,0.0002493422097370514,,,0.15974671090469256,0.0013478948678547625,SMC,34222.14765899596,-1.3110152252999365,19.658,0.031,19.24,0.01,18.947,0.011,18.753,0.012,18.531,0.03,Surveyphotometry.dat crossmatch,99.999,99.999,17.772,0.031,17.262,0.04,16.75,0.044,Surveyphotometry.dat crossmatch,15.86,0.047,14.604,0.05,10.936,0.093,8.545,0.259,Surveyphotometry.dat crossmatch
spec-2238-54205-0154.fits,SDSS J124832.75+265312.7,192.13647130001348,26.8868729270853,3.9617707769227213e+18,18.014083862304688,QSO,QSO-MIDZ,xPCA,6764.084217620901,0.5860248952694393,9.694460473395197e-05,,,1.491417666449335e-13,3.431089799933943e-05,MW,10407.10841267031,-1.3133594902899473,18.195,0.014,17.796,0.006,17.904,0.007,17.742,0.007,17.848,0.02,Surveyphotometry.dat crossmatch,99.999,99.999,17.018,0.018,16.209,0.019,15.103,0.012,Surveyphotometry.dat crossmatch,13.461,0.025,12.355,0.024,9.878,0.046,7.82,0.156,Surveyphotometry.dat crossmatch
spec-2118-53820-0186.fits,SDSS J135429.08+273436.0,208.6211849135248,27.57669732313327,1.4511286474063575e+18,18.084749221801758,QSO,QSO-MIDZ,xPCA,3681.9374462898772,1.2468288928498876,0.0002901988260531669,,,6.603218807247485e-10,5.7045475679218976e-05,MW,5630.691953582671,-1.071925950500941,18.235,0.015,18.219,0.007,18.042,0.007,18.05,0.008,18.113,0.02,Surveyphotometry.dat crossmatch,99.999,99.999,17.35,0.024,16.758,0.031,16.19,0.032,Surveyphotometry.dat crossmatch,14.673,0.029,13.192,0.026,10.327,0.061,8.187,0.172,Surveyphotometry.dat crossmatch
spec-1978-53473-0074.fits,spec-1978-53473-0074,204.05541352517747,28.41622469069511,1.4490153860584312e+18,18.30027198791504,BAL_QSO,QSO,xPCA,15383.973118287679,1.9128444726638354,0.00020897800370118694,,,0.16563287625704337,0.0022301803981551876,SMC,19081.646551812424,-1.6330116774231485,18.476,0.017,18.577,0.008,18.403,0.008,17.985,0.008,17.94,0.02,Surveyphotometry.dat crossmatch,99.999,99.999,16.924,0.016,16.468,0.019,15.769,0.02,Surveyphotometry.dat crossmatch,14.784,0.03,13.698,0.032,10.293,0.062,8.008,0.217,Surveyphotometry.dat crossmatch
spec-2648-54485-0178.fits,SDSS J124441.09+221835.0,191.1712470230568,22.30975919743513,3.9558693243558195e+18,18.731273651123047,QSO,QSO-MIDZ,xPCA,4145.745384215811,1.1418546721386176,0.00034573864475424343,,,0.263867344809507,0.0051549649069662085,SMC,6278.847288702013,-1.337783275368263,18.971,0.02,18.964,0.009,18.625,0.009,18.664,0.011,18.833,0.03,Surveyphotometry.dat crossmatch,99.999,99.999,18.073,0.044,17.346,0.038,16.621,0.04,Surveyphotometry.dat crossmatch,15.309,0.037,14.132,0.043,11.192,0.133,9.064,0.49,Surveyphotometry.dat crossmatch
spec-2665-54232-0063.fits,spec-2665-54232-0063,204.05066171404275,23.332789495544738,1.443778515253936e+18,18.778409957885742,GALAXY,GALAXY,xPCA,3237.0559520932575,0.2671831346781402,8.221740841983043e-05,,,1.1818373210959316,0.005983374044533418,SMC,47289.07261166109,-1.254024132376422,19.4,0.029,18.928,0.01,18.313,0.008,18.005,0.009,17.723,0.02,Surveyphotometry.dat crossmatch,99.999,99.999,16.522,0.012,15.83,0.011,15.103,0.011,Surveyphotometry.dat crossmatch,13.957,0.028,13.393,0.032,11.477,0.17,99.999,99.999,Surveyphotometry.dat crossmatch
spec-2650-54505-0497.fits,SDSS J130519.03+222927.8,196.32929659848463,22.49109289236301,3.944291192036923e+18,18.4864501953125,QSO,QSO,xPCA,4281.8407108013635,1.6396722083829642,0.0001921777296961026,,,0.10839340489218732,0.003847990046848035,LMC,5636.3289437691665,-1.0491136725757497,19.397,0.026,19.303,0.01,19.069,0.011,18.719,0.011,18.687,0.03,Surveyphotometry.dat crossmatch,99.999,99.999,17.456,0.023,16.839,0.023,16.616,0.035,Surveyphotometry.dat crossmatch,15.519,0.04,14.214,0.046,10.732,0.096,8.217,0.236,Surveyphotometry.dat crossmatch
spec-1975-53734-0086.fits,SDSS J124425.50+312957.0,191.1062489316006,31.499187094211955,1.5135425581003525e+18,18.44645881652832,BAL_QSO,QSO-MIDZ,xPCA,3641.1175019792463,1.2763026291381383,0.0003267234468916216,,,6.906963092830412e-11,7.624712120434676e-05,LMC,4559.313627849415,-1.086918859108453,19.124,0.023,19.056,0.01,18.694,0.009,18.666,0.011,18.743,0.03,Surveyphotometry.dat crossmatch,99.999,99.999,17.88,0.044,17.033,0.034,16.567,0.041,Surveyphotometry.dat crossmatch,15.05,0.033,13.813,0.036,10.907,0.107,8.831,0.406,Surveyphotometry.dat crossmatch
spec-5998-56087-0552.fits,SDSS J133418.99+240011.5,203.57912922425305,24.00319259595276,1.4446264749418652e+18,18.68863296508789,BAL_QSO,QSO,xPCA,30169.29363350497,2.539709896297934,0.00011854712483758291,,,3.971305272479353e-11,1.5483101130719874e-05,LMC,59255.226849556886,-1.3999485779709107,19.543,0.032,18.818,0.008,18.832,0.01,18.821,0.012,18.48,0.02,Surveyphotometry.dat crossmatch,99.999,99.999,17.424,0.024,16.803,0.029,15.953,0.023,Surveyphotometry.dat crossmatch,15.533,0.04,14.669,0.053,10.942,0.101,8.553,0.271,Surveyphotometry.dat crossmatch
spec-2649-54212-0307.fits,SDSS J124859.54+221509.3,192.24811834063263,22.252613528132187,3.955074235713624e+18,18.799177169799805,QSO,QSO,xPCA,4823.539896482535,1.5992384831559963,0.0004383906517205847,,,7.25387106067718e-11,2.2240399324200663e-05,SMC,11351.45735094068,-1.2419385139554893,18.978,0.02,18.752,0.008,18.855,0.01,18.798,0.012,19.016,0.03,Surveyphotometry.dat crossmatch,99.999,99.999,18.558,0.069,17.864,0.062,17.586,0.097,Surveyphotometry.dat crossmatch,99.999,99.999,99.999,99.999,99.999,99.999,99.999,99.999,Surveyphotometry.dat crossmatch
spec-2009-53904-0316.fits,SDSS J130401.70+290647.3,196.00710739534847,29.113155614206864,1.4612684424217846e+18,18.68301010131836,QSO,QSO,xPCA,5368.031626709349,2.196327789630901,0.00063228712851789,,,0.03521889408845012,0.0020534858498805486,SMC,7859.683867721847,-1.12404422807441,99.999,9.999,99.999,9.999,99.999,9.999,99.999,9.999,99.999,9.999,Surveyphotometry.dat crossmatch,99.999,99.999,17.568,0.031,17.242,0.038,16.368,0.035,Surveyphotometry.dat crossmatch,15.613,0.044,14.345,0.044,10.864,0.098,8.484,0.274,Surveyphotometry.dat crossmatch
spec-2028-53818-0481.fits,SDSS J134626.02+344143.5,206.60843218364548,34.69543053655747,1.471013207820101e+18,18.86488914489746,QSO,QSO,xPCA,4322.484704045784,1.5610360937463283,0.00041864476740785013,,,2.691531893195265e-16,3.723638009708817e-05,SMC,6540.6105428604205,-1.0935870589567085,19.194,0.023,18.952,0.009,18.925,0.011,18.829,0.012,18.902,0.03,Surveyphotometry.dat crossmatch,99.999,99.999,18.122,0.065,17.381,0.078,17.18,0.084,Surveyphotometry.dat crossmatch,15.962,0.05,14.632,0.053,11.999,0.279,99.999,99.999,Surveyphotometry.dat crossmatch
spec-2009-53857-0456.fits,SDSS J130804.00+295027.8,197.01667377406463,29.841059718907747,1.4614124827410872e+18,18.737714767456055,QSO,QSO,xPCA,4902.506198367302,1.2869810449620507,0.00017396759450096367,,,0.10213350245254993,0.0041969605793078305,MW,7212.769326661188,-1.3078306149576784,19.185,0.025,19.057,0.009,18.659,0.009,18.586,0.011,18.727,0.03,Surveyphotometry.dat crossmatch,99.999,99.999,17.866,0.038,16.874,0.032,16.712,0.055,Surveyphotometry.dat crossmatch,15.205,0.034,13.781,0.031,10.632,0.072,8.401,0.25,Surveyphotometry.dat crossmatch
spec-3375-55003-0043.fits,spec-3375-55003-0043,191.94883884408367,34.65749507418431,1.5151714845768758e+18,18.986421585083008,GALAXY,GALAXY-PASS,Stellar-templates,3961.4802773473525,-0.0003532269612268065,6.084505994708674e-05,,,0.7944263618169409,0.013679445520366207,MW,54844.0614066068,-1.7255703091419539,20.671,0.062,19.422,0.012,18.985,0.01,18.793,0.012,18.721,0.03,Surveyphotometry.dat crossmatch,99.999,99.999,18.492,0.09,17.388,0.073,17.146,0.084,Surveyphotometry.dat crossmatch,17.483,0.16,99.999,99.999,99.999,99.999,99.999,99.999,Surveyphotometry.dat crossmatch
spec-2104-53852-0625.fits,SDSS J132432.43+312556.2,201.1351467917104,31.43227968098664,1.4692995502283192e+18,17.869165420532227,QSO,QSO-MIDZ,xPCA,4295.991335552779,0.8932588691799863,0.0001854552723092805,,,0.08662430494055462,0.0028935995231784,SMC,4945.3417594627135,-1.1491799546211647,18.161,0.014,17.992,0.006,17.852,0.006,17.849,0.007,17.76,0.01,Surveyphotometry.dat crossmatch,99.999,99.999,16.795,0.014,16.569,0.023,15.699,0.021,Surveyphotometry.dat crossmatch,14.038,0.035,12.774,0.026,9.956,0.046,7.279,0.094,Surveyphotometry.dat crossmatch
spec-5988-56072-0596.fits,SDSS J124557.77+223205.3,191.49071886011097,22.53482972425128,3.955890829255863e+18,17.278470993041992,QSO,QSO,xPCA,17824.445686155042,1.4800552563678657,0.000228380616017177,,,0.8839719546932543,0.0010230712461622993,SMC,30529.29259888599,-1.101666358921593,19.349,0.029,18.124,0.006,17.313,0.005,16.907,0.005,16.755,0.01,Surveyphotometry.dat crossmatch,99.999,99.999,15.675,0.006,14.975,0.006,14.732,0.009,Surveyphotometry.dat crossmatch,13.534,0.025,12.192,0.023,9.255,0.038,7.17,0.095,Surveyphotometry.dat crossmatch
spec-2244-53795-0612.fits,SDSS J132755.24+271416.2,201.9801817640348,27.237827205390943,1.449228549579294e+18,18.1248779296875,QSO,QSO-MIDZ,xPCA,3603.4053274553817,1.1589868642643189,0.00034335674791522304,,,1.0844809504085597e-09,5.73487113067825e-05,MW,4987.544090215603,-1.0227477221250483,18.772,0.018,18.553,0.008,18.328,0.008,18.318,0.01,18.352,0.02,Surveyphotometry.dat crossmatch,99.999,99.999,17.526,0.036,99.999,99.999,16.153,0.043,Surveyphotometry.dat crossmatch,14.6,0.03,13.267,0.029,10.375,0.069,7.999,0.194,Surveyphotometry.dat crossmatch
spec-2016-53799-0015.fits,SDSS J131136.79+343458.6,197.90329214739413,34.58298708988617,1.4678685057816397e+18,18.789567947387695,QSO,QSO,xPCA,4633.995560076706,1.7513174072772697,0.0003094713915386022,,,0.08930065573725683,0.004573280608523161,LMC,5223.289448706946,-1.1226346547380293,18.758,0.02,18.665,0.008,18.658,0.009,18.366,0.009,18.42,0.02,Surveyphotometry.dat crossmatch,99.999,99.999,17.646,0.035,17.135,0.05,16.655,0.058,Surveyphotometry.dat crossmatch,15.412,0.039,14.25,0.043,10.851,0.086,9.135,0.501,Surveyphotometry.dat crossmatch
spec-6483-56341-0778.fits,SDSS J130456.85+293332.2,196.23688587599705,29.55894305839791,1.464380850602527e+18,18.501110076904297,QSO,,Composite model - MW,86426.22053708274,3.0050487946417515,1.550012621098773e-05,0.2545903861381587,0.002042326498142427,0.2545903861381587,0.002042326498142427,MW,86426.22053708274,-1.9834094199463763,20.224,0.053,18.501,0.007,18.37,0.008,18.326,0.01,18.229,0.03,Surveyphotometry.dat crossmatch,99.999,99.999,17.113,0.017,16.633,0.025,16.128,0.027,Surveyphotometry.dat crossmatch,15.234,0.035,14.465,0.047,11.039,0.116,8.934,0.469,Surveyphotometry.dat crossmatch
spec-2244-53795-0260.fits,SDSS J132127.75+254501.0,200.36565657664207,25.75027909143411,1.447513483238245e+18,17.97985076904297,QSO,QSO,xPCA,4738.409856240176,0.7059183748521881,8.76836646233233e-05,,,0.22791829745658268,0.003174601068742039,MW,5679.808113050868,-1.1080404708359295,18.352,0.015,17.907,0.006,17.817,0.006,17.761,0.007,17.689,0.02,Surveyphotometry.dat crossmatch,99.999,99.999,16.835,0.014,16.155,0.013,99.999,99.999,Surveyphotometry.dat crossmatch,13.478,0.025,12.383,0.024,9.488,0.038,7.31,0.122,Surveyphotometry.dat crossmatch
spec-1838-53467-0238.fits,SDSS J135643.24+342839.4,209.1801926046745,34.47761649088029,1.4588126874975521e+18,18.505067825317383,QSO,QSO,xPCA,4516.342325466072,1.5163162310365135,0.00023970647724693174,,,3.6105833763327294e-10,4.1402533111234446e-05,LMC,6627.744832521265,-1.148110475719441,18.927,0.019,18.676,0.008,18.59,0.009,18.433,0.01,18.464,0.02,Surveyphotometry.dat crossmatch,99.999,99.999,17.31,0.033,16.687,0.04,16.418,0.041,Surveyphotometry.dat crossmatch,15.164,0.034,13.752,0.034,10.962,0.106,8.066,0.217,Surveyphotometry.dat crossmatch
spec-2110-53467-0581.fits,SDSS J133321.94+312242.3,203.3414169904661,31.378424560700417,1.4683720434513513e+18,18.832523345947266,QSO,QSO-MIDZ,xPCA,4030.9050182689834,0.859863181612015,0.0003443409399662196,,,2.6199535162890752e-11,4.648329555923661e-05,SMC,7385.578316766938,-1.1474868818742556,19.318,0.028,18.911,0.009,18.871,0.01,18.853,0.013,18.807,0.04,Surveyphotometry.dat crossmatch,99.999,99.999,17.586,0.021,17.313,0.041,16.493,0.038,Surveyphotometry.dat crossmatch,14.871,0.032,13.643,0.032,10.969,0.119,8.274,0.264,Surveyphotometry.dat crossmatch
spec-2028-53818-0317.fits,spec-2028-53818-0317,205.2151567941605,34.055341552422824,1.4705628933859948e+18,18.74442481994629,QSO,QSO-MIDZ,xPCA,7093.688772024319,0.421772140459306,0.00010687370227135899,,,0.5207234058753012,0.0053391525942088625,SMC,7475.353754402627,-1.7746556215799913,19.106,0.021,18.617,0.008,18.359,0.008,18.213,0.009,17.97,0.02,Surveyphotometry.dat crossmatch,99.999,99.999,16.842,0.021,15.82,0.013,14.496,0.008,Surveyphotometry.dat crossmatch,12.796,0.023,11.633,0.021,8.876,0.027,6.754,0.079,Surveyphotometry.dat crossmatch
spec-6491-56337-0304.fits,SDSS J133321.26+291010.8,203.33860081706115,29.169689984885355,1.449872073119404e+18,18.212156295776367,QSO,QSO,xPCA,36939.22711397035,2.6505571867155013,0.00022894496663581585,,,0.13019292440063082,0.0010092528000027606,SMC,46193.35475697249,-1.3337282579807195,19.046,0.024,18.461,0.007,18.388,0.008,18.363,0.011,18.334,0.02,Surveyphotometry.dat crossmatch,99.999,99.999,17.333,0.026,16.846,0.03,16.493,0.039,Surveyphotometry.dat crossmatch,15.754,0.047,14.892,0.064,11.277,0.168,8.891,0.434,Surveyphotometry.dat crossmatch
spec-6486-56328-0598.fits,SDSS J131159.93+295159.7,197.9997327184317,29.866591611123223,1.462864765802453e+18,17.717050552368164,BAL_QSO,QSO,xPCA,22338.330674081342,1.6793914373097205,0.00011435646654311913,,,0.1298561537456233,0.0006969022759277521,SMC,31390.552598057286,-1.0101228804460765,17.97,0.013,17.762,0.005,17.731,0.006,17.521,0.007,17.668,0.01,Surveyphotometry.dat crossmatch,99.999,99.999,17.139,0.02,16.537,0.026,16.203,0.033,Surveyphotometry.dat crossmatch,14.507,0.029,13.052,0.025,9.753,0.041,7.456,0.111,Surveyphotometry.dat crossmatch
spec-2093-53818-0004.fits,spec-2093-53818-0004,199.37153895858796,32.2480053192635,1.463629269981716e+18,18.657978057861328,QSO,QSO,xPCA,4925.348183228736,1.747559552679607,0.0005274989916221845,,,0.03568295170749542,0.002766009810817146,SMC,6001.291498065828,-1.3353007522728235,19.266,0.026,19.073,0.01,19.016,0.012,18.755,0.015,18.691,0.04,Surveyphotometry.dat crossmatch,99.999,99.999,17.63,0.023,17.222,0.03,16.626,0.037,Surveyphotometry.dat crossmatch,15.131,0.033,14.19,0.037,11.363,0.126,9.145,0.408,Surveyphotometry.dat crossmatch
spec-2242-54153-0018.fits,SDSS J130943.71+254336.0,197.4321621042864,25.726693960495304,1.4593329970144701e+18,17.09556770324707,QSO,QSO-MIDZ,xPCA,3783.9190855798206,1.3853384019030677,0.00023600819117740885,,,2.5888651763788725e-10,2.0641345860574536e-05,LMC,7889.614882048357,-1.043166595173863,17.617,0.01,17.557,0.005,17.381,0.005,17.325,0.006,17.338,0.01,Surveyphotometry.dat crossmatch,99.999,99.999,16.288,0.009,15.686,0.009,15.42,0.013,Surveyphotometry.dat crossmatch,14.177,0.027,12.779,0.026,9.624,0.045,7.059,0.09,Surveyphotometry.dat crossmatch
spec-2666-54230-0398.fits,spec-2666-54230-0398,205.11235309092396,24.08548638486763,1.4439135833860419e+18,17.749540328979492,QSO,QSO-MIDZ,xPCA,6794.889735714714,0.7613675865347074,0.00018107216450423101,,,1.617442616473619e-11,0.00010534969920006742,SMC,12329.218130623362,-1.1343246288514952,17.817,0.012,17.693,0.006,17.695,0.006,17.633,0.007,17.609,0.01,Surveyphotometry.dat crossmatch,99.999,99.999,16.796,0.014,16.234,0.018,15.225,0.012,Surveyphotometry.dat crossmatch,13.459,0.025,12.252,0.023,9.754,0.041,7.755,0.131,Surveyphotometry.dat crossmatch
spec-5987-56339-0308.fits,SDSS J124830.54+251805.8,192.1272825705542,25.30160790342352,3.9580549430171244e+18,18.586788177490234,QSO,QSO,xPCA,8445.785500557957,2.169327466661673,0.00040214376601441915,,,0.19577049840841532,0.001962638608343739,SMC,10404.804790310964,-1.213553073281241,19.487,0.03,19.189,0.01,19.017,0.011,18.865,0.012,18.571,0.03,Surveyphotometry.dat crossmatch,99.999,99.999,17.751,0.041,17.285,0.045,16.408,0.035,Surveyphotometry.dat crossmatch,15.907,0.052,14.728,0.06,11.027,0.14,8.801,0.533,Surveyphotometry.dat crossmatch
spec-2665-54232-0085.fits,SDSS J133312.12+222819.0,203.30050393947147,22.47195939799115,1.4421306522665528e+18,18.289474487304688,QSO,QSO,xPCA,24566.16467463816,3.0606939019873596,0.0003738233850909121,,,0.4164279184469829,0.0029431187844775886,LMC,40043.72357844246,-2.6679545803437685,21.608,0.154,18.927,0.009,18.385,0.008,18.218,0.009,18.227,0.02,Surveyphotometry.dat crossmatch,99.999,99.999,17.058,0.02,16.683,0.02,16.287,0.026,Surveyphotometry.dat crossmatch,15.368,0.039,14.432,0.051,10.536,0.094,8.224,0.336,Surveyphotometry.dat crossmatch
spec-2017-53474-0351.fits,SDSS J133919.34+283908.8,204.8305821798132,28.652444944364177,1.4550006763875466e+18,18.670513153076172,QSO,QSO,xPCA,7558.496161054223,2.515981285991697,0.0006174816443800234,,,0.16323733329527482,0.0030449778262535004,LMC,18378.4177545302,-1.439506633818082,19.676,0.037,19.053,0.01,18.844,0.011,18.765,0.012,18.519,0.03,Surveyphotometry.dat crossmatch,99.999,99.999,17.668,0.04,17.105,0.034,16.481,0.039,Surveyphotometry.dat crossmatch,15.794,0.044,14.809,0.056,11.155,0.112,8.879,0.393,Surveyphotometry.dat crossmatch
sdssJ130847+264143_combined.dat,sdssJ130847+264143_combined,197.19631480098343,26.69531431042039,1.459651374350484e+18,18.867263793945312,QSO,QSO,xPCA,65.53260771486465,2.1308511854422716,0.00025289395746777235,,,1.46579374072503e-10,0.0021980675363959057,LMC,256.45344134514164,-1.251452624978661,19.308,0.023,19.181,0.01,19.044,0.011,18.953,0.013,18.674,0.03,Surveyphotometry.dat crossmatch,99.999,99.999,17.816,0.034,17.277,0.038,16.536,0.035,Surveyphotometry.dat crossmatch,15.776,0.047,14.574,0.056,10.867,0.189,8.318,0.35,Surveyphotometry.dat crossmatch
spec-2243-53794-0070.fits,spec-2243-53794-0070,199.96831068362417,26.48004913756669,1.4478079161322296e+18,18.879762649536133,GALAXY,GALAXY-PASS,xPCA,5573.540236390807,0.22941228710372588,2.8283558326198165e-05,,,1.2469975720522257,0.00396272864917957,MW,18346.9802744031,-1.510619189803147,99.999,9.999,99.999,9.999,99.999,9.999,99.999,9.999,99.999,9.999,Surveyphotometry.dat crossmatch,99.999,99.999,15.946,0.008,15.169,0.006,14.393,0.007,Surveyphotometry.dat crossmatch,13.595,0.024,13.173,0.028,9.609,0.039,7.067,0.095,Surveyphotometry.dat crossmatch
spec-5995-56093-0866.fits,SDSS J133046.34+241923.2,202.69312367969127,24.323112401544847,1.4433840310978534e+18,18.35237693786621,QSO,QSO-MIDZ,xPCA,5359.865377654898,1.2062665098165686,0.00027663684962512587,,,0.7028796794576793,0.0021513843223177065,SMC,10628.495048203009,-1.0040930350208166,19.883,0.037,18.972,0.009,18.224,0.008,18.073,0.008,18.011,0.02,Surveyphotometry.dat crossmatch,99.999,99.999,17.281,0.019,16.55,0.021,15.79,0.02,Surveyphotometry.dat crossmatch,14.257,0.028,12.744,0.025,9.801,0.047,7.817,0.183,Surveyphotometry.dat crossmatch
spec-1987-53765-0378.fits,SDSS J124641.89+345251.2,191.6745552894573,34.880921620792265,1.5153689843531625e+18,18.069618225097656,QSO,QSO,xPCA,5521.423060381112,3.6445848739286224,0.005599913757619953,,,2.3493464338113397e-09,8.297354880915065e-06,SMC,52478.70664109105,-1.1297475945706517,18.788,0.02,18.589,0.008,18.365,0.008,18.429,0.01,18.5,0.03,Surveyphotometry.dat crossmatch,99.999,99.999,17.124,0.024,16.928,0.044,16.251,0.034,Surveyphotometry.dat crossmatch,15.072,0.034,13.977,0.038,11.211,0.169,8.48,0.361,Surveyphotometry.dat crossmatch
spec-3985-55320-0724.fits,SDSS J133429.88+334243.8,203.6245409071641,33.71217930660443,1.4692593192720005e+18,18.147075653076172,QSO,QSO,xPCA,17289.48320379329,2.414966460928831,0.00010251632551968752,,,2.3752728625127395e-10,2.0569928919988387e-05,LMC,27613.639255301197,-1.0942368034412304,18.94,0.021,18.345,0.007,18.464,0.008,18.372,0.009,18.129,0.02,Surveyphotometry.dat crossmatch,99.999,99.999,17.106,0.028,16.561,0.023,15.725,0.02,Surveyphotometry.dat crossmatch,15.322,0.035,14.464,0.043,11.214,0.118,8.874,0.441,Surveyphotometry.dat crossmatch
spec-2663-54234-0292.fits,SDSS J130858.90+235119.1,197.24541412994023,23.85531322203634,3.9450545580486574e+18,18.902053833007812,QSO,QSO-MIDZ,xPCA,3910.0725655018514,1.480142074972101,0.0005630503292322312,,,4.459917261076616e-09,6.122302980512227e-05,SMC,5083.407846692159,-1.344260078508,19.185,0.025,19.023,0.009,18.972,0.011,18.822,0.012,18.844,0.03,Surveyphotometry.dat crossmatch,99.999,99.999,18.086,0.048,17.432,0.042,17.018,0.059,Surveyphotometry.dat crossmatch,15.747,0.046,14.322,0.049,11.274,0.166,99.999,99.999,Surveyphotometry.dat crossmatch
spec-2094-53851-0388.fits,SDSS J133846.82+303814.4,204.69511225303816,30.63730537086009,1.4564439958527365e+18,17.630399703979492,QSO,QSO-MIDZ,xPCA,3941.4843043869746,0.8550259955021566,0.0001948050651668662,,,2.0572664448728628e-10,5.029129074568412e-05,MW,6190.026131902577,-1.0931642941744601,18.281,0.015,18.063,0.006,18.032,0.007,18.119,0.009,18.004,0.02,Surveyphotometry.dat crossmatch,99.999,99.999,16.678,0.019,16.529,0.026,15.691,0.019,Surveyphotometry.dat crossmatch,14.179,0.027,13.084,0.028,10.43,0.077,8.638,0.295,Surveyphotometry.dat crossmatch
spec-2117-54115-0340.fits,spec-2117-54115-0340,208.12849200434883,33.20548775717042,1.4586301342081285e+18,18.981796264648438,GALAXY,GALAXY-PASS,xPCA,6221.238780851758,0.06043597541019094,1.1431029791025857e-05,,,2.557255934627604,0.002732926447116757,SMC,651571.514977866,-1.1574708343391955,17.83,0.023,15.981,0.003,15.13,0.003,14.715,0.003,14.401,0.0,Surveyphotometry.dat crossmatch,99.999,99.999,14.879,0.004,14.193,0.003,13.817,0.004,Surveyphotometry.dat crossmatch,12.582,0.023,12.559,0.023,11.754,0.233,99.999,99.999,Surveyphotometry.dat crossmatch
spec-2245-54208-0445.fits,SDSS J133334.59+271847.7,203.3941493624368,27.31325420873932,1.448811216196859e+18,18.472766876220703,QSO,QSO,xPCA,3396.1421631157446,1.5044185013557576,0.0002927596268109075,,,5.1795446458311606e-11,2.740837582597942e-05,LMC,7499.077024225098,-1.046725101782422,18.786,0.019,18.542,0.007,18.457,0.008,18.261,0.009,18.359,0.02,Surveyphotometry.dat crossmatch,99.999,99.999,17.512,0.029,16.937,0.036,16.471,0.047,Surveyphotometry.dat crossmatch,15.031,0.035,13.604,0.033,10.717,0.085,8.283,0.203,Surveyphotometry.dat crossmatch
spec-2109-53468-0133.fits,spec-2109-53468-0133,203.673211725744,32.02556672930087,1.4688171781588465e+18,18.665040969848633,GALAXY,GALAXY-PASS,xPCA,10634.613383941733,0.03621529886861996,1.2803841981311517e-05,,,2.1463985467083804,0.003990067737432934,MW,258727.48952650517,-1.4537915061776052,17.177,0.018,15.606,0.003,14.868,0.003,14.511,0.003,14.254,0.0,Surveyphotometry.dat crossmatch,99.999,99.999,15.128,0.005,14.424,0.004,14.032,0.005,Surveyphotometry.dat crossmatch,12.714,0.023,12.624,0.024,9.205,0.029,6.179,0.051,Surveyphotometry.dat crossmatch
spec-2009-53857-0316.fits,spec-2009-53857-0316,196.38141250270635,28.65026861278512,1.461193164530958e+18,18.58332633972168,QSO,QSO,xPCA,8201.573861860445,0.18595988691306298,2.5946928585707017e-05,,,0.641198742214739,0.005309503603844523,SMC,14910.806226847491,-1.864267382957209,18.21,0.016,18.041,0.007,17.7,0.006,17.374,0.007,17.337,0.01,Surveyphotometry.dat crossmatch,99.999,99.999,16.687,0.013,15.822,0.011,14.779,0.009,Surveyphotometry.dat crossmatch,13.438,0.024,12.402,0.022,9.31,0.031,6.745,0.06,Surveyphotometry.dat crossmatch
spec-1994-53845-0245.fits,SDSS J125104.86+312911.6,192.77027352360952,31.48654542812856,1.465736243496941e+18,18.747407913208008,QSO,QSO,xPCA,5622.518526010626,1.9245655314114491,0.00044756502124501684,,,0.017165213141902814,0.0025406286256506863,SMC,6469.804906071455,-1.1460586746247847,18.761,0.02,18.57,0.008,18.529,0.009,18.332,0.01,18.213,0.03,Surveyphotometry.dat crossmatch,99.999,99.999,17.672,0.03,17.447,0.073,16.798,0.052,Surveyphotometry.dat crossmatch,15.413,0.038,14.231,0.043,10.935,0.11,8.91,0.5,Surveyphotometry.dat crossmatch
spec-2662-54505-0367.fits,SDSS J125949.76+251842.6,194.95736855035787,25.31184306947047,3.9574921347987743e+18,18.927040100097656,QSO,QSO,xPCA,3470.5064045372155,1.0811817074182053,0.0006233842783729633,,,1.6780841958781e-08,0.0007193375952426657,SMC,3550.6694957231985,-1.157632426953535,19.097,0.021,18.989,0.009,18.745,0.01,18.811,0.013,18.905,0.03,Surveyphotometry.dat crossmatch,99.999,99.999,17.85,0.056,17.398,0.046,16.575,0.042,Surveyphotometry.dat crossmatch,15.278,0.035,14.172,0.041,11.349,0.175,8.576,0.373,Surveyphotometry.dat crossmatch
spec-6496-56363-0464.fits,SDSS J133511.58+304246.1,203.79824201170723,30.71281591844132,1.4562938781562473e+18,18.595399856567383,QSO,QSO,xPCA,6341.472496164635,0.4038800419586912,2.7513873855593388e-05,,,0.03958368204228388,0.003718157437880131,LMC,11314.988743971724,-1.539985278174307,17.958,0.013,17.77,0.005,17.791,0.006,17.681,0.007,17.343,0.01,Surveyphotometry.dat crossmatch,99.999,99.999,16.437,0.015,15.57,0.012,14.494,0.007,Surveyphotometry.dat crossmatch,13.088,0.026,12.064,0.023,9.611,0.041,7.085,0.111,Surveyphotometry.dat crossmatch
spec-2028-53818-0486.fits,SDSS J134725.61+344855.4,206.85672324879167,34.81539882275579,1.4710413484458537e+18,18.388017654418945,QSO,QSO,xPCA,4885.499296608488,1.2146535011595718,0.00017981709984807605,,,0.15971256966982605,0.002478209031476372,MW,5751.105651604842,-1.0105539108181434,18.414,0.015,18.368,0.007,18.085,0.007,17.993,0.008,18.097,0.02,Surveyphotometry.dat crossmatch,99.999,99.999,17.834,0.05,17.006,0.055,16.405,0.041,Surveyphotometry.dat crossmatch,14.398,0.044,13.153,0.037,9.913,0.052,7.674,0.189,Surveyphotometry.dat crossmatch
spec-1838-53467-0162.fits,SDSS J135904.92+342143.8,209.77051576032864,34.36217467366187,1.4820672510491832e+18,18.481657028198242,BAL_QSO,QSO,xPCA,29802.562956746886,2.9602016163158487,0.0002081166431705609,,,0.15695575209209817,0.0021398733925547114,LMC,41406.472336651044,-1.7257838161017085,20.11,0.038,18.813,0.008,18.657,0.009,18.527,0.01,18.454,0.02,Surveyphotometry.dat crossmatch,99.999,99.999,17.347,0.033,16.881,0.031,16.423,0.041,Surveyphotometry.dat crossmatch,15.285,0.037,14.383,0.043,10.743,0.088,8.416,0.296,Surveyphotometry.dat crossmatch
spec-2116-53854-0173.fits,SDSS J135301.98+294737.9,208.25826605493333,29.79386493854795,1.4524048325136195e+18,18.403711318969727,QSO,QSO,xPCA,6546.911390689429,0.33250853667205305,2.2836403056102762e-05,,,0.5413454626003299,0.005250867268526194,SMC,7246.719207058041,-1.5980705494145968,18.445,0.016,18.341,0.007,18.193,0.007,18.255,0.009,17.824,0.01,Surveyphotometry.dat crossmatch,99.999,99.999,17.159,0.022,16.258,0.017,15.117,0.012,Surveyphotometry.dat crossmatch,13.487,0.026,12.356,0.024,9.213,0.032,6.735,0.074,Surveyphotometry.dat crossmatch
spec-2242-54153-0454.fits,SDSS J130502.30+280600.9,196.2596030297381,28.100268400645994,1.4611392197417313e+18,18.77796173095703,QSO,QSO,xPCA,12864.360907843831,0.2760567818269337,2.479015132641603e-05,,,1.480910504031755,0.005745014121035563,SMC,24222.072559317254,-2.6209524410766054,19.159,0.03,18.872,0.01,18.128,0.008,17.901,0.009,17.392,0.01,Surveyphotometry.dat crossmatch,99.999,99.999,16.614,0.012,15.881,0.011,15.002,0.01,Surveyphotometry.dat crossmatch,13.933,0.025,13.138,0.028,10.8,0.084,7.993,0.156,Surveyphotometry.dat crossmatch
spec-2023-53851-0261.fits,SDSS J131450.45+343111.7,198.71019858427624,34.51992925893774,1.473086165195235e+18,18.436437606811523,QSO,QSO,xPCA,3966.0267783722416,1.9584892802769072,0.0003909721152461059,,,5.2802913950988906e-11,0.00019736374168599128,LMC,4304.027951039798,-1.2274683851101145,18.935,0.021,18.831,0.008,18.764,0.01,18.617,0.011,18.489,0.02,Surveyphotometry.dat crossmatch,99.999,99.999,17.993,0.044,17.472,0.06,16.846,0.062,Surveyphotometry.dat crossmatch,15.713,0.044,14.622,0.052,11.225,0.157,8.964,0.493,Surveyphotometry.dat crossmatch
spec-1975-53734-0085.fits,SDSS J124445.49+311233.7,191.1895419971899,31.209366000947544,1.5133466732319232e+18,18.964181900024414,QSO,QSO,xPCA,8870.57295469664,2.717027286272107,0.0003518446265159852,,,0.1341240796263737,0.005377039948307544,MW,11780.052258500662,-1.8102497562297188,20.171,0.047,19.177,0.011,19.094,0.012,19.035,0.016,18.848,0.04,Surveyphotometry.dat crossmatch,99.999,99.999,17.992,0.041,17.529,0.046,17.099,0.056,Surveyphotometry.dat crossmatch,16.136,0.055,15.038,0.07,11.418,0.166,8.982,0.487,Surveyphotometry.dat crossmatch
spec-2009-53857-0523.fits,SDSS J131222.10+293747.7,198.0920958987482,29.629931246277824,1.4626692588916974e+18,18.52851104736328,QSO,QSO,xPCA,7399.7850802502435,0.2463786468730389,2.0778087881498604e-05,,,0.8967339662545393,0.007345384688455137,LMC,7882.654775952716,-2.8811647013129926,18.358,0.018,18.305,0.007,17.975,0.007,17.605,0.007,17.398,0.02,Surveyphotometry.dat crossmatch,99.999,99.999,16.702,0.012,15.871,0.014,14.75,0.009,Surveyphotometry.dat crossmatch,13.482,0.025,12.61,0.024,10.198,0.056,7.849,0.162,Surveyphotometry.dat crossmatch
spec-2117-54115-0514.fits,SDSS J135417.90+334859.8,208.5746324746592,33.81661193054181,1.4587662674909996e+18,18.250858306884766,QSO,QSO,xPCA,41613.601892177365,2.2513402870268306,0.00017540908103846423,,,0.18406744945249318,0.0012372623965913182,SMC,60357.07068288115,-1.3768344761092488,18.754,0.021,18.158,0.006,18.029,0.007,17.979,0.008,17.736,0.01,Surveyphotometry.dat crossmatch,99.999,99.999,16.886,0.019,16.356,0.018,15.522,0.017,Surveyphotometry.dat crossmatch,14.865,0.031,13.491,0.031,10.101,0.051,8.37,0.26,Surveyphotometry.dat crossmatch
sdssJ130548+244845_combined.dat,sdssJ130548+244845_combined,196.45300962838067,24.812774370560746,3.957183614412036e+18,,QSO,QSO,xPCA,134.69003735609581,1.02,0.01,,,7.692509910040956e-09,0.0006548376768873629,MW,596.3184802275887,-1.2154353218279224,19.81,0.033,19.528,0.012,19.203,0.012,19.278,0.016,19.292,0.05,Surveyphotometry.dat crossmatch,99.999,99.999,18.389,0.091,17.784,0.064,17.108,0.063,Surveyphotometry.dat crossmatch,15.493,0.041,14.435,0.052,11.898,0.301,99.999,99.999,Surveyphotometry.dat crossmatch
spec-2119-53792-0366.fits,SDSS J135650.26+260446.2,209.2094458352369,26.079483598577276,1.4503632799390587e+18,18.819358825683594,QSO,QSO,xPCA,3399.769871918403,1.1539221382043836,0.00028340275285892893,,,0.023765948223366164,0.004510560918553853,MW,4008.884923184959,-1.1102480255265235,19.109,0.024,18.959,0.009,18.742,0.009,18.679,0.011,18.708,0.03,Surveyphotometry.dat crossmatch,99.999,99.999,18.133,0.041,17.538,0.037,16.626,0.035,Surveyphotometry.dat crossmatch,15.169,0.034,13.677,0.032,10.625,0.078,7.947,0.192,Surveyphotometry.dat crossmatch
spec-6486-56328-0846.fits,SDSS J131707.49+294119.5,199.2812105550561,29.688758739111773,1.4626975326602542e+18,18.20993423461914,BAL_QSO,QSO,xPCA,140846.17340360046,2.254666817907074,0.0001502272410568652,,,0.270175309533045,0.000614490935790496,SMC,259719.6120144366,-1.4721590813545762,19.737,0.036,18.997,0.01,18.795,0.01,18.607,0.013,18.299,0.02,Surveyphotometry.dat crossmatch,99.999,99.999,17.252,0.021,16.842,0.032,16.014,0.024,Surveyphotometry.dat crossmatch,15.357,0.039,14.087,0.04,10.529,0.079,8.407,0.285,Surveyphotometry.dat crossmatch
spec-2020-53431-0591.fits,spec-2020-53431-0591,190.5791776600253,34.234858333307066,1.5152383829875584e+18,18.864009857177734,QSO,QSO,xPCA,6302.452851326625,0.1784468503635117,3.105483108309689e-05,,,1.0095380227028978,0.004631759567669258,SMC,48534.516987223185,-1.2722824330554308,19.198,0.026,18.65,0.008,18.114,0.007,17.732,0.007,17.604,0.01,Surveyphotometry.dat crossmatch,99.999,99.999,16.331,0.012,15.55,0.01,14.661,0.009,Surveyphotometry.dat crossmatch,13.81,0.025,12.884,0.025,9.876,0.043,7.364,0.126,Surveyphotometry.dat crossmatch
spec-2653-54230-0339.fits,SDSS J132846.41+221429.4,202.19337345328543,22.241520637249348,1.4424872376307052e+18,18.997541427612305,QSO,QSO,xPCA,5194.812644098451,1.6154122050514752,0.0003007436049223215,,,0.2018261445349328,0.003742617797172637,SMC,5879.25393149784,-1.4746364946422061,19.483,0.026,19.28,0.01,19.05,0.011,18.79,0.012,18.681,0.02,Surveyphotometry.dat crossmatch,99.999,99.999,17.779,0.036,17.103,0.027,16.864,0.042,Surveyphotometry.dat crossmatch,15.763,0.045,14.717,0.059,11.83,0.261,9.098,0.487,Surveyphotometry.dat crossmatch
spec-1994-53845-0388.fits,SDSS J125338.20+322005.8,193.40918488397276,32.33496728608442,1.5139203434236475e+18,18.188133239746094,QSO,QSO,xPCA,8282.17250049455,2.0946936113603676,0.0003421183433927666,,,0.06856235352304625,0.00176768455019128,SMC,9135.359321329677,-1.096934981608049,18.857,0.023,18.644,0.008,18.529,0.009,18.404,0.01,18.142,0.03,Surveyphotometry.dat crossmatch,99.999,99.999,17.34,0.027,16.977,0.039,16.285,0.037,Surveyphotometry.dat crossmatch,15.313,0.037,14.326,0.044,10.776,0.088,8.666,0.34,Surveyphotometry.dat crossmatch
spec-2245-54208-0326.fits,SDSS J132836.74+272250.0,202.15310331075227,27.38056378841913,1.449237173873813e+18,18.923076629638672,QSO,QSO-MIDZ,xPCA,5303.033191466104,1.153426236398687,0.00042777718855493757,,,0.19450142571227894,0.006320217682833598,LMC,5877.270868480877,-1.5414027255626657,19.588,0.03,19.441,0.011,19.074,0.011,19.021,0.014,19.149,0.04,Surveyphotometry.dat crossmatch,99.999,99.999,18.112,0.05,17.539,0.058,16.916,0.058,Surveyphotometry.dat crossmatch,15.365,0.039,13.989,0.036,10.803,0.092,8.268,0.282,Surveyphotometry.dat crossmatch
SDSS_J1359_3126_combined.dat,SDSS_J1359_3126_combined,209.8638884430396,31.437424475366697,1.454478339644579e+18,,STAR,K5_-1.0_Dwarf.fits,Stellar-templates,199.31815342151302,,,,,7.15680990327392,0.2522660159446888,LMC,677.8252814258789,-1.6100818859619808,21.777,0.155,19.105,0.011,18.038,0.007,17.549,0.006,17.219,0.01,Surveyphotometry.dat crossmatch,99.999,99.999,16.086,0.009,15.517,0.013,15.376,0.017,Surveyphotometry.dat crossmatch,15.269,0.033,15.306,0.076,99.999,99.999,99.999,99.999,Surveyphotometry.dat crossmatch
spec-2028-53818-0202.fits,SDSS J134324.83+331232.2,205.85349307075347,33.20896560569587,1.458451837228754e+18,18.88431739807129,QSO,QSO-MIDZ,xPCA,4448.222996914572,1.0203781759539745,0.0003799424561346241,,,0.05931089984877935,0.003713476058339136,MW,5599.966673876568,-1.109650303236627,19.203,0.027,18.892,0.008,18.606,0.009,18.654,0.011,18.68,0.03,Surveyphotometry.dat crossmatch,99.999,99.999,17.832,0.047,17.301,0.039,16.27,0.033,Surveyphotometry.dat crossmatch,14.697,0.03,13.366,0.03,10.365,0.066,8.096,0.217,Surveyphotometry.dat crossmatch
spec-2114-53848-0370.fits,SDSS J134826.53+284317.3,207.1105666455478,28.72150661799509,1.4522271239467986e+18,18.323396682739258,QSO,QSO,xPCA,7937.806724316932,2.047403766609423,0.00027126490277187663,,,3.99201613605904e-12,0.00020683838018255028,MW,8404.86116612853,-1.1556137289100545,18.964,0.022,18.894,0.009,18.779,0.011,18.599,0.013,18.354,0.03,Surveyphotometry.dat crossmatch,99.999,99.999,17.426,0.028,16.855,0.026,16.424,0.037,Surveyphotometry.dat crossmatch,15.565,0.041,14.609,0.05,11.379,0.144,99.999,99.999,Surveyphotometry.dat crossmatch
spec-6496-56363-0972.fits,SDSS J134444.32+315007.6,206.18471758006407,31.835484534578,1.456614866832098e+18,17.79931640625,BAL_QSO,QSO,xPCA,19175.849067013718,1.437325700983052,0.00017218181157936058,,,0.30920314182167097,0.0014635823008844473,SMC,22804.931553634946,-1.0308993304906404,18.426,0.017,17.842,0.006,17.524,0.005,17.292,0.006,17.218,0.01,Surveyphotometry.dat crossmatch,99.999,99.999,16.297,0.01,15.69,0.013,15.315,0.013,Surveyphotometry.dat crossmatch,13.947,0.026,12.503,0.023,9.392,0.035,6.943,0.082,Surveyphotometry.dat crossmatch
spec-2239-53726-0258.fits,SDSS J124641.86+285906.3,191.67444646155465,28.98512513511761,3.9628743429998505e+18,18.725357055664062,QSO,QSO-MIDZ,xPCA,3832.5719406029316,0.8282265012008356,0.00024068423930971916,,,0.026644221836853967,0.00541640612679937,SMC,4533.713074036982,-1.3387363438318556,19.15,0.026,18.925,0.01,18.89,0.011,18.895,0.014,18.653,0.04,Surveyphotometry.dat crossmatch,99.999,99.999,17.422,0.026,17.091,0.029,16.142,0.027,Surveyphotometry.dat crossmatch,14.523,0.029,13.356,0.031,10.564,0.081,7.828,0.219,Surveyphotometry.dat crossmatch
spec-2023-53851-0150.fits,SDSS J131958.47+343425.5,199.99365645988803,34.57375076947493,1.4731109385669384e+18,18.591970443725586,QSO,QSO-MIDZ,xPCA,3695.429937660848,1.3800714784064936,0.0003486427363639923,,,0.051309232814356454,0.004964884550442927,MW,4048.532756437208,-1.2784135102521847,19.397,0.026,19.226,0.01,18.922,0.01,18.843,0.013,18.794,0.03,Surveyphotometry.dat crossmatch,99.999,99.999,17.874,0.043,17.149,0.054,16.667,0.063,Surveyphotometry.dat crossmatch,15.314,0.036,13.947,0.035,11.171,0.099,99.999,99.999,Surveyphotometry.dat crossmatch
spec-6003-56311-0727.fits,SDSS J133901.05+281424.5,204.75439411545625,28.24016425970424,1.4549548791510328e+18,18.98890495300293,QSO,QSO,xPCA,22300.14576822925,2.517825175669125,0.00011583154036586308,,,0.31982830688173985,0.004718278717447483,MW,44616.737659053724,-1.4106015029867116,20.188,0.05,19.137,0.01,19.101,0.012,19.146,0.016,18.756,0.04,Surveyphotometry.dat crossmatch,99.999,99.999,18.002,0.045,17.453,0.047,16.511,0.04,Surveyphotometry.dat crossmatch,15.879,0.05,14.972,0.069,12.123,0.287,8.598,0.388,Surveyphotometry.dat crossmatch
spec-2666-54230-0352.fits,SDSS J133754.40+234317.4,204.47669776725303,23.721503708912824,1.4438155550519327e+18,17.825532913208008,QSO,QSO-MIDZ,xPCA,4255.750457021582,0.9732858424365278,0.0002194119042344228,,,0.17080329802434613,0.0025648932378149886,SMC,5612.327337257804,-1.0864597272935712,18.394,0.015,18.167,0.006,17.916,0.007,17.983,0.008,17.864,0.01,Surveyphotometry.dat crossmatch,99.999,99.999,16.339,0.01,16.304,0.014,15.465,0.014,Surveyphotometry.dat crossmatch,13.957,0.026,12.713,0.025,9.891,0.053,7.252,0.096,Surveyphotometry.dat crossmatch
spec-2246-53767-0125.fits,SDSS J134108.19+251043.9,205.2841469904812,25.17887968827901,1.4451266496528492e+18,18.72694206237793,QSO,QSO,xPCA,4103.5615468766955,1.9350894134959313,0.0002999767367425583,,,0.0631423558777088,0.002646905214053929,SMC,4737.9054955433385,-1.1659702077583407,18.896,0.022,18.959,0.01,18.88,0.011,18.602,0.012,18.43,0.03,Surveyphotometry.dat crossmatch,99.999,99.999,17.486,0.027,17.013,0.049,16.42,0.038,Surveyphotometry.dat crossmatch,15.51,0.038,14.586,0.049,11.752,0.169,9.068,0.516,Surveyphotometry.dat crossmatch
spec-2109-53468-0352.fits,SDSS J133102.95+324716.1,202.76232000855404,32.787818490738246,1.469108583099993e+18,18.371522903442383,QSO,QSO-MIDZ,xPCA,9301.599608936154,1.7897458063358362,0.0004840965181327079,,,0.6882415252249748,0.003250870049955834,SMC,14333.479616662707,-1.7125866319130727,19.856,0.033,19.3,0.011,18.606,0.009,18.204,0.008,18.165,0.02,Surveyphotometry.dat crossmatch,99.999,99.999,16.873,0.018,16.328,0.027,15.776,0.023,Surveyphotometry.dat crossmatch,15.036,0.03,14.186,0.037,11.213,0.133,8.289,0.263,Surveyphotometry.dat crossmatch
spec-2119-53792-0281.fits,SDSS J135424.90+243006.3,208.60375126178567,24.50174044125764,1.2579860597537068e+18,17.58994483947754,QSO,QSO,xPCA,4639.375787436088,1.8850762568287796,0.0004230279753380196,,,6.279575061438232e-10,2.4597700923834417e-05,LMC,11361.779580246426,-1.0009997034817537,17.758,0.01,17.709,0.005,17.718,0.006,17.544,0.007,17.536,0.01,Surveyphotometry.dat crossmatch,99.999,99.999,16.648,0.014,16.34,0.017,15.903,0.023,Surveyphotometry.dat crossmatch,14.801,0.032,13.363,0.03,9.976,0.047,7.937,0.165,Surveyphotometry.dat crossmatch
spec-6005-56090-0364.fits,SDSS J135256.37+250915.3,208.23486655658192,25.154268546724555,1.4501894540224932e+18,18.191774368286133,QSO,QSO,xPCA,6794.195906254818,1.9291474426710287,0.0005272291713500513,,,6.416526652456428e-12,1.6491750415160013e-05,SMC,16565.63960433141,-1.0007698468245028,18.69,0.02,18.562,0.008,18.46,0.009,18.372,0.01,18.281,0.02,Surveyphotometry.dat crossmatch,99.999,99.999,17.467,0.028,17.153,0.044,16.636,0.049,Surveyphotometry.dat crossmatch,15.331,0.037,14.208,0.04,10.858,0.09,8.774,0.372,Surveyphotometry.dat crossmatch
spec-2652-54508-0396.fits,SDSS J132111.20+221612.1,200.29667727321396,22.27003006265244,1.4426831267947548e+18,18.681140899658203,QSO,QSO-MIDZ,xPCA,4067.2440549013136,0.9454048757180975,0.0004829006026976673,,,0.766484205630289,0.004618230431778669,SMC,7756.623290396899,-1.1707846713786065,19.482,0.027,19.09,0.01,18.727,0.009,18.463,0.01,18.152,0.02,Surveyphotometry.dat crossmatch,99.999,99.999,16.455,0.011,15.938,0.01,14.922,0.009,Surveyphotometry.dat crossmatch,13.775,0.025,12.59,0.024,9.188,0.033,6.738,0.073,Surveyphotometry.dat crossmatch
spec-6489-56329-0352.fits,SDSS J132202.29+285840.8,200.5095548644868,28.978048147025685,1.4616784228195384e+18,18.729944229125977,QSO,QSO,xPCA,92852.57468703334,3.312200091141472,0.0002431502815094285,,,0.17997844340298094,0.0011477668227533877,SMC,101543.15620092752,-2.903071380930936,20.729,0.062,19.23,0.01,18.689,0.009,18.49,0.01,18.254,0.02,Surveyphotometry.dat crossmatch,99.999,99.999,16.961,0.015,16.593,0.019,16.008,0.024,Surveyphotometry.dat crossmatch,15.093,0.034,14.481,0.045,11.09,0.136,8.423,0.301,Surveyphotometry.dat crossmatch
spec-2109-53468-0073.fits,SDSS J133926.81+322706.8,204.8617368694267,32.4519215600433,1.4688894323912166e+18,18.626985549926758,QSO,QSO-MIDZ,xPCA,3498.9212726610904,0.9137711353393543,0.0004413361249685024,,,0.5331112434005552,0.0078052687842098956,SMC,4032.305925562689,-1.6526579843172409,19.467,0.026,19.326,0.011,19.02,0.011,18.158,0.008,17.333,0.01,Surveyphotometry.dat crossmatch,99.999,99.999,17.465,0.029,16.957,0.043,15.854,0.025,Surveyphotometry.dat crossmatch,14.01,0.03,12.724,0.027,10.032,0.054,8.024,0.266,Surveyphotometry.dat crossmatch
spec-2663-54234-0333.fits,SDSS J130845.71+252417.8,197.19048500979048,25.404932438271786,1.4592298447844818e+18,18.613805770874023,QSO,QSO,xPCA,4808.284441188574,2.083238519262937,0.0006518483563368971,,,1.951340743990785e-09,5.4516352918886204e-05,LMC,8885.635489837343,-1.0721527452803987,18.696,0.02,18.472,0.007,18.403,0.008,18.342,0.009,18.209,0.02,Surveyphotometry.dat crossmatch,99.999,99.999,17.444,0.025,17.032,0.029,16.422,0.031,Surveyphotometry.dat crossmatch,15.489,0.043,14.317,0.051,10.725,0.088,8.531,0.32,Surveyphotometry.dat crossmatch
spec-5997-56309-0921.fits,SDSS J132246.82+272633.0,200.69510308478812,27.44250422729981,1.4493812786159447e+18,18.818410873413086,BAL_QSO,QSO,xPCA,10099.566135725603,2.0176286039977778,0.0005062811306116296,,,0.31253294720907987,0.0016325164043221874,SMC,26000.556633718184,-1.1554160208282027,19.518,0.029,19.484,0.013,19.11,0.012,18.769,0.013,18.576,0.03,Surveyphotometry.dat crossmatch,99.999,99.999,17.716,0.031,17.18,0.033,16.617,0.037,Surveyphotometry.dat crossmatch,15.85,0.044,15.006,0.066,11.914,0.243,99.999,99.999,Surveyphotometry.dat crossmatch
spec-1994-53845-0154.fits,SDSS J125404.65+312611.5,193.5194180234514,31.43652371606586,1.4656998865985267e+18,18.952110290527344,QSO,QSO-MIDZ,xPCA,4131.708690116567,1.49020145112634,0.0006720410530577711,,,1.277030952230411e-10,9.591596164480165e-05,LMC,6848.1322996597855,-1.503023742738009,19.23,0.027,18.922,0.009,18.869,0.011,18.745,0.013,18.91,0.04,Surveyphotometry.dat crossmatch,99.999,99.999,18.125,0.043,17.557,0.084,17.054,0.065,Surveyphotometry.dat crossmatch,15.68,0.042,14.24,0.041,11.239,0.158,8.668,0.36,Surveyphotometry.dat crossmatch
spec-2236-53729-0092.fits,SDSS J124035.17+261334.4,190.1465215358544,26.22622949751479,3.961302316249937e+18,18.51167106628418,QSO,QSO,xPCA,3529.2923322882207,1.5528727209422264,0.0003298522830832456,,,7.76651998735025e-10,0.00028110732411610294,SMC,3952.172746054421,-1.2483944524388895,19.305,0.023,19.115,0.01,19.039,0.011,18.828,0.014,18.898,0.04,Surveyphotometry.dat crossmatch,99.999,99.999,17.785,0.04,17.291,0.038,16.87,0.055,Surveyphotometry.dat crossmatch,15.621,0.044,14.285,0.045,11.282,0.137,99.999,99.999,Surveyphotometry.dat crossmatch
spec-2002-53471-0040.fits,SDSS J132613.76+285143.7,201.557353885572,28.862144575810657,1.4499784508690703e+18,18.405471801757812,QSO,QSO-MIDZ,xPCA,4326.731797571405,1.3004559024399294,0.0004824548208232827,,,1.417343092934356e-10,1.2532515822419874e-05,LMC,16130.096068295614,-1.078180023343273,18.131,0.014,18.021,0.006,17.853,0.006,17.826,0.008,17.879,0.02,Surveyphotometry.dat crossmatch,99.999,99.999,17.776,0.029,16.853,0.024,16.528,0.035,Surveyphotometry.dat crossmatch,14.985,0.032,13.775,0.032,11.144,0.12,8.439,0.269,Surveyphotometry.dat crossmatch
spec-6484-56358-0564.fits,SDSS J125423.13+305018.5,193.5964188985944,30.838490873981947,1.4654602617832026e+18,18.327289581298828,QSO,QSO,xPCA,5990.246511684216,2.008948370941377,0.0002581936263932269,,,4.521473009910272e-10,0.00012735530433186828,MW,10447.541108343305,-1.0185682648056664,18.554,0.017,18.599,0.007,18.564,0.009,18.423,0.01,18.3,0.02,Surveyphotometry.dat crossmatch,99.999,99.999,17.683,0.033,17.287,0.042,16.806,0.049,Surveyphotometry.dat crossmatch,15.722,0.044,14.467,0.048,10.945,0.11,8.492,0.313,Surveyphotometry.dat crossmatch
spec-2243-53794-0204.fits,SDSS J131334.14+260811.0,198.39226378326555,26.136383588283653,1.4597332149513272e+18,18.271528244018555,QSO,QSO,xPCA,4133.548183092649,1.7977887828837014,0.0002714202357625219,,,0.030136497291676747,0.005908968492485801,MW,4701.8963793089115,-1.160863241256085,18.567,0.016,18.582,0.008,18.64,0.009,18.387,0.009,18.397,0.02,Surveyphotometry.dat crossmatch,99.999,99.999,17.301,0.021,16.971,0.028,16.296,0.029,Surveyphotometry.dat crossmatch,15.334,0.035,14.205,0.042,11.042,0.124,8.296,0.3,Surveyphotometry.dat crossmatch
spec-2241-54156-0536.fits,SDSS J130100.86+281944.7,195.25361489076332,28.32909471569297,1.4608430044375818e+18,16.89444923400879,QSO,QSO-MIDZ,xPCA,3442.0906632176993,1.3615111475013304,0.00029259913337716136,,,1.1447886174719042e-09,4.32032642740358e-05,MW,4879.469145491077,-1.0257838541308166,17.412,0.01,17.315,0.005,17.084,0.005,17.005,0.006,17.007,0.01,Surveyphotometry.dat crossmatch,99.999,99.999,15.957,0.007,15.268,0.008,14.882,0.009,Surveyphotometry.dat crossmatch,13.381,0.024,11.954,0.021,9.022,0.029,6.728,0.082,Surveyphotometry.dat crossmatch
spec-2242-54153-0206.fits,SDSS J130552.47+261124.5,196.4686367809078,26.1901198097743,1.4595173327150006e+18,18.581104278564453,QSO,QSO,xPCA,3785.003294110111,1.0680926922252079,0.000349843639802557,,,0.014632801308943125,0.0036119419545159303,LMC,4303.099025754823,-1.023739628707534,18.689,0.017,18.596,0.008,18.348,0.008,18.388,0.01,18.557,0.03,Surveyphotometry.dat crossmatch,99.999,99.999,17.367,0.024,16.897,0.025,16.164,0.027,Surveyphotometry.dat crossmatch,14.94,0.032,13.642,0.033,10.711,0.109,8.36,0.321,Surveyphotometry.dat crossmatch
spec-2240-53823-0311.fits,SDSS J124925.96+272634.5,192.35819347034032,27.44292963213195,3.9618253745471237e+18,18.291658401489258,QSO,QSO,xPCA,5431.959026028893,1.1574482931055567,0.00024387083110849665,,,1.628143962966594e-12,2.100963588930527e-05,SMC,10974.487895510632,-1.0322423783404273,18.665,0.018,18.525,0.007,18.346,0.008,18.402,0.01,18.468,0.03,Surveyphotometry.dat crossmatch,99.999,99.999,17.85,0.034,17.232,0.043,16.438,0.035,Surveyphotometry.dat crossmatch,14.816,0.031,13.451,0.032,10.52,0.075,8.202,0.291,Surveyphotometry.dat crossmatch
spec-6484-56358-0991.fits,SDSS J130444.78+305858.1,196.1865840507108,30.98283436315344,1.4662115374621942e+18,18.557674407958984,QSO,QSO,xPCA,18719.909169202918,2.4616805748341384,0.00017663530530011306,,,0.20885852623491474,0.0035203068765836676,MW,33324.313824344325,-1.1238546910163307,19.426,0.027,18.943,0.009,18.882,0.01,18.868,0.013,18.647,0.02,Surveyphotometry.dat crossmatch,99.999,99.999,17.649,0.032,17.046,0.048,16.324,0.036,Surveyphotometry.dat crossmatch,15.837,0.047,14.707,0.056,11.445,0.162,99.999,99.999,Surveyphotometry.dat crossmatch
spec-2246-53767-0317.fits,SDSS J133511.22+255637.3,203.7967746723193,25.94371343741378,1.4480954341269458e+18,18.788564682006836,QSO,QSO,xPCA,11710.30048285573,2.5011823943755567,0.0003489389891975681,,,0.09735183617594192,0.003426881180816181,LMC,13725.115453884722,-1.128528990719206,19.571,0.029,18.849,0.008,18.772,0.01,18.787,0.012,18.63,0.03,Surveyphotometry.dat crossmatch,99.999,99.999,17.703,0.032,17.317,0.046,99.999,99.999,Surveyphotometry.dat crossmatch,15.829,0.048,14.949,0.07,11.14,0.129,99.999,99.999,Surveyphotometry.dat crossmatch
spec-6492-56362-0846.fits,SDSS J133102.95+324716.1,202.76232000855404,32.787818490738246,1.469108583099993e+18,18.371522903442383,QSO,QSO-MIDZ,xPCA,16985.27128263611,1.6883119868370262,0.0004027613435207067,,,0.44964820803354555,0.0022184385334532986,SMC,30593.64573934794,-1.6017686596347491,19.856,0.033,19.3,0.011,18.606,0.009,18.204,0.008,18.165,0.02,Surveyphotometry.dat crossmatch,99.999,99.999,16.873,0.018,16.328,0.027,15.776,0.023,Surveyphotometry.dat crossmatch,15.036,0.03,14.186,0.037,11.213,0.133,8.289,0.263,Surveyphotometry.dat crossmatch
spec-2651-54507-0466.fits,SDSS J131336.84+223609.9,198.4035473968349,22.60274928496508,3.9439409932877855e+18,18.806005477905273,QSO,QSO-MIDZ,xPCA,4296.609129247611,1.3127569781511257,0.0002660880390229122,,,0.2273211130377104,0.004888996524527123,SMC,7657.578605320535,-1.5088358234661898,19.124,0.025,19.557,0.012,18.998,0.011,19.095,0.019,19.113,0.04,Surveyphotometry.dat crossmatch,99.999,99.999,17.951,0.035,16.983,0.025,16.907,0.047,Surveyphotometry.dat crossmatch,16.074,0.055,14.693,0.057,11.213,0.155,99.999,99.999,Surveyphotometry.dat crossmatch
spec-2011-53499-0281.fits,SDSS J125605.67+284942.2,194.0236183893431,28.828392107713288,1.464097554558992e+18,18.551837921142578,QSO,QSO-MIDZ,xPCA,3907.436473189644,1.3483020969659607,0.0005925810600885877,,,1.3315382108546048e-10,4.4869192055308757e-05,MW,9950.947586122753,-1.1613385347071306,19.101,0.02,19.046,0.009,18.949,0.011,18.929,0.013,19.006,0.03,Surveyphotometry.dat crossmatch,99.999,99.999,18.178,0.073,17.61,0.052,17.034,0.07,Surveyphotometry.dat crossmatch,15.552,0.041,14.157,0.04,11.231,0.145,99.999,99.999,Surveyphotometry.dat crossmatch
spec-2094-53851-0374.fits,spec-2094-53851-0374,204.67974485144268,31.27052610469409,1.4566636233017498e+18,18.31483268737793,GALAXY,GALAXY-PASS,xPCA,12779.371774730702,0.015710213375520178,8.305890765888515e-06,,,3.105411729044746,0.002480942622693938,MW,846867.380980455,-1.1092509824924974,16.212,0.009,14.349,0.002,13.506,0.002,13.084,0.002,14.436,0.0,Surveyphotometry.dat crossmatch,99.999,99.999,13.674,0.002,13.001,0.002,12.686,0.002,Surveyphotometry.dat crossmatch,11.101,0.022,11.206,0.02,10.141,0.052,8.958,0.455,Surveyphotometry.dat crossmatch
spec-2648-54485-0224.fits,SDSS J124232.29+220255.0,190.6345117327264,22.048608028115325,3.9554860414743204e+18,17.850671768188477,QSO,QSO,xPCA,9428.614254066899,1.8946096125793934,0.00011644568669833864,,,0.10123772762812173,0.0026265373709397494,LMC,17379.510114874814,-1.3333134496169796,18.299,0.015,18.4,0.007,18.277,0.008,17.874,0.007,17.876,0.01,Surveyphotometry.dat crossmatch,99.999,99.999,99.999,99.999,99.999,99.999,99.999,99.999,Surveyphotometry.dat crossmatch,14.729,0.032,13.67,0.034,10.497,0.075,8.381,0.278,Surveyphotometry.dat crossmatch
spec-2653-54230-0336.fits,SDSS J132836.15+221635.4,202.15063658911976,22.2765098272524,1.4424883371423386e+18,18.04328155517578,QSO,QSO,xPCA,4185.383023526949,1.1544494859089327,0.0001745203350763709,,,0.03917077066301471,0.0023634261483723544,LMC,5114.815127839705,-1.0187149182819721,18.17,0.013,18.039,0.006,17.83,0.006,17.769,0.007,17.779,0.01,Surveyphotometry.dat crossmatch,99.999,99.999,17.24,0.023,16.608,0.018,15.898,0.018,Surveyphotometry.dat crossmatch,14.386,0.028,12.846,0.026,9.658,0.038,7.124,0.078,Surveyphotometry.dat crossmatch
spec-2660-54504-0538.fits,SDSS J124257.32+254303.0,190.73885436523088,25.71751246098423,3.961214424039097e+18,18.673934936523438,QSO,QSO-MIDZ,xPCA,5184.967638214439,0.8262910887051065,0.00014376871065889212,,,9.794961255927756e-11,5.2068675060463045e-05,MW,12424.597143233657,-1.2407742382694598,18.826,0.018,18.524,0.008,18.534,0.009,18.723,0.012,18.581,0.03,Surveyphotometry.dat crossmatch,99.999,99.999,17.355,0.024,17.199,0.032,16.24,0.03,Surveyphotometry.dat crossmatch,14.447,0.029,13.366,0.03,10.567,0.094,8.008,0.195,Surveyphotometry.dat crossmatch
spec-2243-53794-0158.fits,spec-2243-53794-0158,199.03724997827777,26.724153386901843,1.4598710318617114e+18,18.901643753051758,QSO,QSO,xPCA,4105.266802779806,0.4127652371278552,0.00011697559661053567,,,0.3238374192874383,0.008199930259817939,MW,4906.3891555067285,-1.6287771940503488,19.302,0.026,19.099,0.01,19.057,0.011,19.055,0.014,18.984,0.04,Surveyphotometry.dat crossmatch,99.999,99.999,18.024,0.041,17.446,0.039,16.545,0.036,Surveyphotometry.dat crossmatch,15.229,0.033,14.267,0.042,11.683,0.216,8.949,0.444,Surveyphotometry.dat crossmatch
spec-3985-55320-0412.fits,SDSS J133102.95+324716.1,202.76232000855404,32.787818490738246,1.469108583099993e+18,18.371522903442383,QSO,QSO-MIDZ,xPCA,26021.52189987617,1.786625053959083,0.0002334038106785298,,,0.7525879775971274,0.0017800298582645868,SMC,43734.83386334099,-1.569731751190669,19.856,0.033,19.3,0.011,18.606,0.009,18.204,0.008,18.165,0.02,Surveyphotometry.dat crossmatch,99.999,99.999,16.873,0.018,16.328,0.027,15.776,0.023,Surveyphotometry.dat crossmatch,15.036,0.03,14.186,0.037,11.213,0.133,8.289,0.263,Surveyphotometry.dat crossmatch
spec-2029-53819-0076.fits,SDSS J131000.33+311557.8,197.50138763201636,31.266068358287917,1.466095057949594e+18,18.342676162719727,QSO,QSO,xPCA,6422.655207767689,1.8547128199307374,0.00020589341266492132,,,0.03096368921647497,0.005347364244687094,MW,6609.374030258235,-1.1884994058519276,18.57,0.017,18.623,0.008,18.582,0.009,18.248,0.009,18.192,0.02,Surveyphotometry.dat crossmatch,99.999,99.999,17.579,0.024,17.096,0.034,16.479,0.039,Surveyphotometry.dat crossmatch,15.329,0.034,14.276,0.041,11.294,0.119,8.808,0.353,Surveyphotometry.dat crossmatch
spec-2239-53726-0007.fits,SDSS J125319.58+283334.3,193.3315998452293,28.5595483102059,1.4639856792515474e+18,18.70804214477539,BAL_QSO,QSO-MIDZ,xPCA,11994.192732483145,1.8323351835937132,0.0009578246944671159,,,0.7319437776829655,0.00425215766923237,SMC,13204.359382595101,-2.45522160595326,19.953,0.044,19.214,0.011,18.734,0.01,18.317,0.01,18.158,0.02,Surveyphotometry.dat crossmatch,99.999,99.999,17.121,0.027,16.741,0.022,99.999,99.999,Surveyphotometry.dat crossmatch,14.788,0.034,13.519,0.033,10.1,0.062,7.979,0.275,Surveyphotometry.dat crossmatch
spec-2011-53499-0388.fits,SDSS J125659.48+301439.0,194.2478323525268,30.244189886401628,1.4653679715253123e+18,18.731971740722656,QSO,QSO,xPCA,15093.270853745646,2.933877554443192,0.0003238421462111657,,,0.2871425688659321,0.0024556928442959203,SMC,22895.832313921124,-2.2776296845126254,21.001,0.083,19.221,0.011,18.84,0.01,18.622,0.012,18.532,0.03,Surveyphotometry.dat crossmatch,99.999,99.999,17.246,0.022,16.644,0.024,16.147,0.028,Surveyphotometry.dat crossmatch,15.334,0.039,14.329,0.045,10.366,0.072,8.034,0.226,Surveyphotometry.dat crossmatch
spec-10252-58485-0544.fits,SDSS J125518.07+335904.5,193.8252589191084,33.98460170379222,1.515592597530752e+18,18.822935104370117,QSO,QSO-MIDZ,xPCA,4738.113917023051,1.1332905031651763,0.0002298736099929695,,,0.45807858867090995,0.003770707404004675,SMC,7772.025095089336,-1.2098558212352202,20.214,0.044,20.147,0.017,19.665,0.016,19.707,0.021,19.79,0.06,Surveyphotometry.dat crossmatch,99.999,99.999,18.151,0.066,17.452,0.061,16.898,0.063,Surveyphotometry.dat crossmatch,15.837,0.046,14.681,0.055,11.403,0.196,8.072,0.236,Surveyphotometry.dat crossmatch
spec-2243-53794-0164.fits,SDSS J131531.76+262132.3,198.8823495105497,26.358964047108294,1.4477562691497073e+18,18.635499954223633,QSO,QSO,xPCA,3880.132886774475,1.5279147582568444,0.0003672427983734356,,,0.05479418271607576,0.002611645828142252,SMC,5461.471566384798,-1.1542277657693343,19.126,0.023,18.765,0.008,18.649,0.009,18.487,0.011,18.541,0.03,Surveyphotometry.dat crossmatch,99.999,99.999,17.465,0.026,16.873,0.025,16.46,0.036,Surveyphotometry.dat crossmatch,15.287,0.035,14.055,0.038,10.87,0.106,8.227,0.248,Surveyphotometry.dat crossmatch
spec-6495-56339-0512.fits,SDSS J135852.46+295413.1,209.7186167253601,29.903670235830837,1.4537663070817377e+18,17.4118709564209,QSO,QSO,xPCA,44576.348074806345,0.11396103497139687,1.2475246248443279e-05,,,2.301103690378832,0.0020692898834437923,SMC,60614.02191771485,-1.6664881425659714,18.655,0.022,17.361,0.005,16.561,0.004,15.943,0.004,15.742,0.0,Surveyphotometry.dat crossmatch,99.999,99.999,14.738,0.004,13.918,0.003,12.826,0.002,Surveyphotometry.dat crossmatch,11.426,0.023,10.446,0.019,7.591,0.016,5.128,0.028,Surveyphotometry.dat crossmatch
spec-2029-53819-0352.fits,SDSS J125959.61+320205.9,194.99837803980705,32.03497285029617,1.4671380134481393e+18,18.996688842773438,QSO,QSO-MIDZ,xPCA,5106.025657539058,1.4352861565073507,0.00034463086479606393,,,3.3158134305757633e-09,7.219920624219599e-05,MW,7168.906374706004,-1.161921031813478,19.103,0.023,18.958,0.009,18.863,0.01,18.791,0.012,18.881,0.03,Surveyphotometry.dat crossmatch,99.999,99.999,18.184,0.039,17.464,0.038,17.108,0.055,Surveyphotometry.dat crossmatch,15.514,0.04,13.994,0.037,11.023,0.103,8.222,0.223,Surveyphotometry.dat crossmatch
spec-2110-53467-0066.fits,SDSS J133251.34+305255.5,203.213908897404,30.882081106362985,1.4683208474409244e+18,18.471336364746094,QSO,QSO,xPCA,5169.466291857454,1.7184189415013427,0.0002363176035325953,,,0.02714959575036479,0.0052560339891494536,MW,5857.00039487815,-1.2196220924342023,18.821,0.02,18.694,0.008,18.629,0.009,18.366,0.01,18.271,0.02,Surveyphotometry.dat crossmatch,99.999,99.999,17.24,0.023,16.708,0.027,16.257,0.028,Surveyphotometry.dat crossmatch,15.093,0.033,13.735,0.032,10.47,0.078,8.376,0.264,Surveyphotometry.dat crossmatch
spec-6000-56102-0703.fits,SDSS J132747.47+284259.9,201.9478055813485,28.71664101654025,1.4499382843348214e+18,17.501466751098633,QSO,QSO,xPCA,27208.01298108082,1.9318861608575522,0.0002530645627724234,,,0.18663381269242793,0.0008156184070860495,SMC,31284.14723669373,-0.9957685391419402,17.918,0.012,17.755,0.005,17.641,0.006,17.482,0.007,17.387,0.01,Surveyphotometry.dat crossmatch,99.999,99.999,16.597,0.013,16.215,0.016,15.724,0.019,Surveyphotometry.dat crossmatch,14.534,0.029,13.15,0.027,9.553,0.035,7.406,0.12,Surveyphotometry.dat crossmatch
sdssJ130521+231038_combined.dat,sdssJ130521+231038_combined,196.3414599839179,23.177402490658004,3.9449246438777313e+18,,BAL_QSO,BAL_QSO,Stellar-templates,234.5337941260467,1.901052254544025,0.0027123801452837437,6.632445373347482e-09,0.01053357257572683,6.632445373347482e-09,0.01053357257572683,MW,234.5337941260467,-1.4976366326552006,19.521,0.029,19.444,0.011,19.366,0.013,19.182,0.016,19.04,0.04,Surveyphotometry.dat crossmatch,99.999,99.999,17.94,0.036,17.503,0.04,17.09,0.051,Surveyphotometry.dat crossmatch,15.924,0.05,14.589,0.059,11.121,0.147,8.35,0.255,Surveyphotometry.dat crossmatch
spec-2029-53819-0243.fits,SDSS J130220.02+305620.8,195.58343882728107,30.939142211233808,1.4647707649130744e+18,18.83534812927246,QSO,QSO,xPCA,15019.913750036329,0.41138772001151164,3.267390723758144e-05,,,0.3689764419127218,0.004583442057360887,MW,21675.687208960146,-2.551733331699308,18.653,0.017,18.402,0.007,18.417,0.008,18.207,0.009,17.96,0.02,Surveyphotometry.dat crossmatch,99.999,99.999,17.224,0.021,16.488,0.028,15.655,0.019,Surveyphotometry.dat crossmatch,14.267,0.027,13.269,0.029,10.807,0.097,8.336,0.29,Surveyphotometry.dat crossmatch
spec-2665-54232-0134.fits,SDSS J133213.71+231213.7,203.0571443526704,23.20380687566248,1.4430608734626084e+18,18.971548080444336,QSO,QSO-MIDZ,xPCA,4038.032911070676,0.9305897674405346,0.00039631569102702765,,,0.07687867457589435,0.00537607141204155,SMC,4386.387289142475,-1.3428327890774738,19.133,0.024,18.951,0.009,18.79,0.01,18.752,0.011,18.603,0.02,Surveyphotometry.dat crossmatch,99.999,99.999,17.684,0.03,17.548,0.042,16.704,0.04,Surveyphotometry.dat crossmatch,15.141,0.034,13.872,0.036,10.962,0.122,8.544,0.288,Surveyphotometry.dat crossmatch
spec-2666-54230-0200.fits,SDSS J134132.99+233651.0,205.38748882528748,23.614169414568845,1.4438394651342136e+18,18.868797302246094,QSO,,Composite model - SMC,4591.408078352665,0.6539976738234758,3.499718484101244e-05,0.3742799082158349,0.007377960970375103,0.3742799082158349,0.007377960970375103,SMC,4591.408078352665,-1.6258579472427324,19.46,0.028,19.035,0.009,18.933,0.011,18.785,0.012,18.76,0.03,Surveyphotometry.dat crossmatch,99.999,99.999,17.955,0.044,17.144,0.045,16.158,0.032,Surveyphotometry.dat crossmatch,14.428,0.029,13.32,0.028,10.638,0.081,8.316,0.218,Surveyphotometry.dat crossmatch
spec-6000-56102-0880.fits,SDSS J133110.22+281616.9,202.79259139859576,28.271372472750823,1.4497132967685908e+18,18.730937957763672,QSO,QSO,xPCA,20427.331938218842,2.658026972863631,0.0005142755507613082,,,0.2892985828016055,0.002436954159922927,LMC,27073.73648939976,-1.362247431879039,20.0,0.039,19.0,0.009,18.876,0.011,18.817,0.012,18.732,0.03,Surveyphotometry.dat crossmatch,99.999,99.999,17.904,0.034,17.523,0.044,17.231,0.067,Surveyphotometry.dat crossmatch,15.72,0.048,14.714,0.059,11.354,0.143,8.831,0.491,Surveyphotometry.dat crossmatch
spec-2029-53819-0543.fits,SDSS J130856.48+320059.6,197.2353667792865,32.01656290250034,1.4663873605396726e+18,18.925655364990234,QSO,QSO,xPCA,9949.781506564064,2.5808875914831098,0.0004782176946635153,,,0.046705502619476674,0.0059327027127032,MW,13650.40956928004,-1.4737458346268288,19.506,0.032,18.957,0.009,18.883,0.011,18.89,0.014,18.705,0.04,Surveyphotometry.dat crossmatch,99.999,99.999,18.118,0.038,17.548,0.043,16.846,0.045,Surveyphotometry.dat crossmatch,16.29,0.061,15.281,0.081,11.68,0.188,99.999,99.999,Surveyphotometry.dat crossmatch
spec-6494-56363-0464.fits,SDSS J135024.52+294753.4,207.60216341708195,29.798207341863527,1.4553838218298076e+18,18.954402923583984,BAL_QSO,QSO,xPCA,6768.666466943261,2.2295149305048314,0.00016648093714603934,,,0.08195580962595109,0.0016521664365408695,SMC,9328.95550004666,-1.2126037366502822,19.43,0.03,18.873,0.009,18.867,0.011,18.444,0.011,18.17,0.03,Surveyphotometry.dat crossmatch,99.999,99.999,17.795,0.045,17.227,0.044,16.444,0.042,Surveyphotometry.dat crossmatch,99.999,99.999,99.999,99.999,99.999,99.999,99.999,99.999,Surveyphotometry.dat crossmatch
spec-2650-54505-0435.fits,SDSS J130158.93+220402.9,195.49558561334027,22.06748376426602,3.944449757933477e+18,18.630413055419922,QSO,QSO-MIDZ,xPCA,3686.527811079127,1.1205105216693056,0.00043797745961709496,,,0.0707927861974188,0.0037904070847240637,MW,3852.320352749287,-1.1393839863444863,18.671,0.017,18.581,0.007,18.37,0.008,18.338,0.009,18.366,0.02,Surveyphotometry.dat crossmatch,99.999,99.999,99.999,99.999,99.999,99.999,99.999,99.999,Surveyphotometry.dat crossmatch,15.37,0.04,14.227,0.043,11.676,0.22,99.999,99.999,Surveyphotometry.dat crossmatch
spec-2110-53467-0481.fits,spec-2110-53467-0481,202.5272022439992,31.38807995163182,1.46840798803213e+18,18.568784713745117,GALAXY,GALAXY-PASS,xPCA,5610.606288718641,0.02464535401118333,8.800849093299296e-06,,,2.142966754983074,0.0022620627083715927,LMC,883346.8426793673,-1.0356561618223423,16.146,0.009,14.387,0.002,13.631,0.002,13.26,0.002,12.976,0.0,Surveyphotometry.dat crossmatch,99.999,99.999,13.978,0.002,13.347,0.002,13.024,0.003,Surveyphotometry.dat crossmatch,11.472,0.023,11.543,0.021,10.927,0.1,9.109,0.536,Surveyphotometry.dat crossmatch
spec-5968-56356-0322.fits,SDSS J124145.80+262226.7,190.4408215377003,26.37409349928353,3.961327884191278e+18,18.2450008392334,QSO,QSO-GAL,xPCA,7276.433382413836,0.7471354201804602,6.067956210803871e-05,,,1.2002743905118601e-11,6.596349998656863e-06,LMC,43530.26786442364,-1.0731090935386303,19.121,0.022,18.753,0.008,18.687,0.01,18.806,0.013,18.694,0.03,Surveyphotometry.dat crossmatch,99.999,99.999,17.725,0.037,17.152,0.034,16.381,0.036,Surveyphotometry.dat crossmatch,14.785,0.031,13.61,0.034,10.626,0.079,8.47,0.302,Surveyphotometry.dat crossmatch
spec-2648-54485-0069.fits,SDSS J124725.24+222249.1,191.85519073437223,22.380345423731185,3.9551322005926385e+18,18.84233856201172,QSO,QSO,xPCA,3843.98284236344,1.252388696790744,0.0003356095879160555,,,0.08372562085135372,0.004099414457491887,SMC,4167.190971327466,-1.2264090557611043,19.563,0.032,19.429,0.011,19.025,0.011,18.948,0.014,18.983,0.04,Surveyphotometry.dat crossmatch,99.999,99.999,18.104,0.043,17.345,0.036,16.922,0.051,Surveyphotometry.dat crossmatch,15.401,0.04,13.871,0.036,10.902,0.112,8.499,0.32,Surveyphotometry.dat crossmatch
spec-3985-55320-0686.fits,SDSS J133323.93+334555.9,203.34971053509125,33.76554561120618,1.4700130989153874e+18,18.654979705810547,QSO,QSO,xPCA,55147.002923341795,3.0396073725147192,0.00025898504961847013,,,0.3714879247772227,0.00183560591009313,LMC,67196.98390013808,-2.28690009975888,20.373,0.049,18.973,0.009,18.658,0.009,18.513,0.01,18.509,0.03,Surveyphotometry.dat crossmatch,99.999,99.999,17.7,0.045,17.064,0.035,16.492,0.037,Surveyphotometry.dat crossmatch,15.425,0.035,14.609,0.047,12.197,0.305,99.999,99.999,Surveyphotometry.dat crossmatch
spec-1994-53845-0318.fits,SDSS J125009.66+311032.1,192.5402927203154,31.17559574522376,1.4653546743069074e+18,18.523653030395508,QSO,QSO,xPCA,8958.11598945401,2.271458060887402,0.001070269124579874,,,0.2562634118082247,0.00632607752870025,MW,25410.268341504277,-1.5993014631101004,19.262,0.026,18.705,0.009,18.581,0.009,18.588,0.012,18.467,0.03,Surveyphotometry.dat crossmatch,99.999,99.999,17.612,0.031,17.172,0.062,16.618,0.046,Surveyphotometry.dat crossmatch,15.845,0.056,14.749,0.061,11.214,0.153,8.848,0.49,Surveyphotometry.dat crossmatch
spec-6485-56342-0200.fits,SDSS J125338.20+322005.8,193.40918488397276,32.33496728608442,1.5139203434236475e+18,18.188133239746094,QSO,QSO,xPCA,39194.28047294329,2.092644495399399,0.00013716605105246893,,,8.192832786431577e-10,2.770230739220254e-05,SMC,50613.714178886185,-1.0235908224437207,18.857,0.023,18.644,0.008,18.529,0.009,18.404,0.01,18.142,0.03,Surveyphotometry.dat crossmatch,99.999,99.999,17.34,0.027,16.977,0.039,16.285,0.037,Surveyphotometry.dat crossmatch,15.313,0.037,14.326,0.044,10.776,0.088,8.666,0.34,Surveyphotometry.dat crossmatch
spec-2241-54156-0099.fits,SDSS J125948.68+263917.7,194.95287227636223,26.654922877289454,1.4603869476303293e+18,18.482402801513672,QSO,QSO-MIDZ,xPCA,4190.490127621946,1.4575651771613167,0.00032243851961080423,,,0.09020430062838343,0.004908668932865415,MW,5014.826624240266,-1.0888874609857842,18.526,0.017,18.521,0.008,18.298,0.008,18.142,0.009,18.154,0.02,Surveyphotometry.dat crossmatch,99.999,99.999,17.41,0.021,16.594,0.02,16.512,0.034,Surveyphotometry.dat crossmatch,15.344,0.038,13.913,0.035,10.526,0.082,8.165,0.228,Surveyphotometry.dat crossmatch
spec-2104-53852-0563.fits,SDSS J132125.56+320605.2,200.35654123840465,32.101452393889126,1.4635762829689457e+18,18.16895294189453,QSO,QSO,xPCA,5841.218698325039,2.056539411358591,0.00032194501938925243,,,1.555203498398777e-08,0.00013218069955287204,MW,9302.931880604705,-0.982649606132365,18.224,0.014,18.215,0.007,18.131,0.007,17.897,0.008,17.612,0.01,Surveyphotometry.dat crossmatch,99.999,99.999,16.821,0.017,16.316,0.015,15.662,0.016,Surveyphotometry.dat crossmatch,14.892,0.032,13.894,0.037,10.485,0.071,8.331,0.248,Surveyphotometry.dat crossmatch
spec-5977-56098-0276.fits,SDSS J131257.42+243127.2,198.23926023141524,24.52423901283052,1.4469211213489567e+18,17.940649032592773,QSO,QSO,xPCA,10209.012293745953,1.9051009811616255,0.00041978531700195604,,,6.154208815733336e-12,8.361931171567774e-06,LMC,25351.355535426017,-1.006687084750605,18.67,0.019,18.546,0.007,18.553,0.009,18.335,0.009,18.212,0.02,Surveyphotometry.dat crossmatch,99.999,99.999,17.653,0.028,17.256,0.039,16.639,0.04,Surveyphotometry.dat crossmatch,15.434,0.037,14.279,0.042,11.252,0.145,9.217,0.522,Surveyphotometry.dat crossmatch
spec-2648-54485-0364.fits,SDSS J124149.83+231934.9,190.457656460352,23.326376807320603,3.956213810796383e+18,18.2911434173584,QSO,QSO-MIDZ,xPCA,3909.3399007290845,1.3876463444636817,0.00024327644842417993,,,0.1684011084560263,0.003899953772474818,LMC,5726.532327756941,-1.2170216394333033,18.872,0.021,18.896,0.009,18.63,0.009,18.657,0.013,18.688,0.03,Surveyphotometry.dat crossmatch,99.999,99.999,17.804,0.038,16.919,0.041,16.85,0.06,Surveyphotometry.dat crossmatch,15.721,0.046,14.328,0.045,11.079,0.139,99.999,99.999,Surveyphotometry.dat crossmatch
spec-1975-53734-0063.fits,spec-1975-53734-0063,192.42753666487303,31.64961302561821,1.5137914299811505e+18,18.57488250732422,GALAXY,GALAXY-PASS,xPCA,4171.23099745933,0.1647034832079141,1.6156393984290202e-05,,,1.3062844564734015,0.0024678443204295686,LMC,35976.94539897976,-1.529939306925133,19.198,0.03,17.69,0.005,17.007,0.005,16.741,0.005,16.595,0.01,Surveyphotometry.dat crossmatch,99.999,99.999,15.835,0.007,15.238,0.01,14.736,0.009,Surveyphotometry.dat crossmatch,14.027,0.026,13.751,0.034,99.999,99.999,99.999,99.999,Surveyphotometry.dat crossmatch
spec-3985-55320-0918.fits,SDSS J133903.25+335500.5,204.7635512809818,33.91682692890136,1.4707225244335247e+18,18.79289436340332,QSO,QSO,xPCA,6973.14739767592,2.2796688880229783,0.0001764525611177779,,,8.798214137491558e-11,1.1406675369678333e-05,SMC,11630.55947727011,-1.1098956905809183,19.511,0.028,19.102,0.01,19.198,0.012,19.177,0.016,18.925,0.03,Surveyphotometry.dat crossmatch,99.999,99.999,18.219,0.066,17.661,0.059,16.644,0.045,Surveyphotometry.dat crossmatch,16.425,0.067,15.273,0.078,12.377,0.351,99.999,99.999,Surveyphotometry.dat crossmatch
sdssJ135525+264100_combined.dat,sdssJ135525+264100_combined,208.85604087679744,26.683518401027072,1.4510043295771633e+18,,QSO,,Composite model - MW,93.97359270920202,1.9394403470105255,0.0025052811559502786,6.318006057125995e-07,0.01786627802190871,6.318006057125995e-07,0.01786627802190871,MW,93.97359270920202,-1.2994630952635755,18.769,0.019,18.672,0.008,18.652,0.009,18.542,0.011,18.48,0.03,Surveyphotometry.dat crossmatch,99.999,99.999,17.817,0.043,17.501,0.063,16.92,0.06,Surveyphotometry.dat crossmatch,15.786,0.044,14.48,0.047,11.313,0.135,8.431,0.281,Surveyphotometry.dat crossmatch
spec-6487-56362-0128.fits,SDSS J131159.93+295159.7,197.9997327184317,29.866591611123223,1.462864765802453e+18,17.717050552368164,QSO,QSO,xPCA,7664.4019668453575,1.6793148946196719,0.00020208140360805112,,,0.18252983854338595,0.0012533933498042465,SMC,13639.01407228424,-1.005779074828647,17.97,0.013,17.762,0.005,17.731,0.006,17.521,0.007,17.668,0.01,Surveyphotometry.dat crossmatch,99.999,99.999,17.139,0.02,16.537,0.026,16.203,0.033,Surveyphotometry.dat crossmatch,14.507,0.029,13.052,0.025,9.753,0.041,7.456,0.111,Surveyphotometry.dat crossmatch
spec-2243-53794-0124.fits,spec-2243-53794-0124,198.8976130545333,25.612195696528524,1.4476464940816102e+18,18.161209106445312,QSO,QSO,xPCA,4777.454166317436,1.926458588037661,0.0004233110602511116,,,7.629871859099122e-11,2.8184169621339814e-05,LMC,9600.615801368294,-1.0180696070859456,18.48,0.014,18.53,0.007,18.554,0.008,18.346,0.009,18.226,0.02,Surveyphotometry.dat crossmatch,99.999,99.999,17.511,0.03,17.176,0.039,16.588,0.041,Surveyphotometry.dat crossmatch,15.505,0.037,14.18,0.039,10.847,0.103,8.263,0.257,Surveyphotometry.dat crossmatch
spec-2241-54169-0134.fits,spec-2241-54169-0134,194.5131958445918,26.915971989896214,1.4605960953571707e+18,18.276626586914062,GALAXY,GALAXY-PASS,xPCA,6193.656838520839,0.027400522989884678,8.063692059007265e-06,,,1.408467354924406,0.0012252870185578413,LMC,345008.3640506533,-1.0132349058139314,17.101,0.011,15.367,0.002,14.598,0.002,14.244,0.002,13.934,0.0,Surveyphotometry.dat crossmatch,99.999,99.999,14.193,0.002,13.55,0.002,13.212,0.003,Surveyphotometry.dat crossmatch,12.074,0.023,12.114,0.023,11.303,0.155,99.999,99.999,Surveyphotometry.dat crossmatch
spec-6486-56328-0878.fits,spec-6486-56328-0878,199.40776530904532,29.94099662325193,1.4627331680049782e+18,18.14918327331543,QSO,QSO,xPCA,70104.81857176324,1.7702393675574373,0.00015016724692182518,,,0.015636289117316366,0.0006889073970275609,SMC,89492.4891280159,-1.0771127473782771,18.147,0.013,17.944,0.006,17.974,0.007,17.666,0.007,17.662,0.01,Surveyphotometry.dat crossmatch,99.999,99.999,16.951,0.017,16.696,0.026,16.077,0.026,Surveyphotometry.dat crossmatch,14.687,0.029,13.312,0.028,10.142,0.058,8.209,0.262,Surveyphotometry.dat crossmatch
spec-6494-56363-0254.fits,SDSS J135506.26+292550.3,208.7761165931989,29.430640201844927,1.45381987391413e+18,17.508506774902344,QSO,QSO,xPCA,33618.13711932234,2.2806244065717416,0.00018193305093111385,,,0.3538363914652039,0.001157936461713166,LMC,111581.69446203127,-1.0700557204025523,18.297,0.015,17.85,0.005,17.738,0.006,17.756,0.007,17.62,0.01,Surveyphotometry.dat crossmatch,99.999,99.999,16.649,0.015,16.161,0.013,15.521,0.015,Surveyphotometry.dat crossmatch,14.842,0.03,13.805,0.032,10.215,0.051,7.737,0.131,Surveyphotometry.dat crossmatch
spec-5984-56337-0074.fits,SDSS J124257.32+254303.0,190.73885436523088,25.71751246098423,3.961214424039097e+18,18.673934936523438,QSO,QSO-MIDZ,xPCA,3685.236646985466,0.8275530817227752,0.00025505385598857623,,,5.427510774255913e-09,0.0002727552195051535,SMC,4909.910835316349,-2.406659814602778,18.826,0.018,18.524,0.008,18.534,0.009,18.723,0.012,18.581,0.03,Surveyphotometry.dat crossmatch,99.999,99.999,17.355,0.024,17.199,0.032,16.24,0.03,Surveyphotometry.dat crossmatch,14.447,0.029,13.366,0.03,10.567,0.094,8.008,0.195,Surveyphotometry.dat crossmatch
spec-5997-56309-0608.fits,SDSS J131521.21+271748.5,198.83837845992412,27.29680173418571,1.459952911118524e+18,18.384801864624023,BAL_QSO,QSO,xPCA,46603.373832676894,2.0232265171283275,0.00014394864625277284,,,0.1420571683389896,0.0010914661179770163,SMC,62767.86623636536,-1.2922956238289152,18.837,0.018,18.658,0.008,18.5,0.008,18.297,0.009,18.082,0.01,Surveyphotometry.dat crossmatch,99.999,99.999,17.021,0.018,16.554,0.019,16.054,0.024,Surveyphotometry.dat crossmatch,15.098,0.033,13.917,0.037,10.147,0.058,7.809,0.188,Surveyphotometry.dat crossmatch
spec-2011-53499-0593.fits,spec-2011-53499-0593,195.43283494908368,29.926828694497196,1.4643728834392166e+18,17.910232543945312,GALAXY,GALAXY,xPCA,23988.69524613566,0.0307125148868886,8.997388936793332e-06,,,1.4853725110365537,0.0028044134492111183,MW,479540.62121063145,-2.2742080597792484,17.196,0.012,15.808,0.003,15.227,0.003,14.905,0.003,14.668,0.0,Surveyphotometry.dat crossmatch,99.999,99.999,14.682,0.003,14.007,0.003,13.6,0.004,Surveyphotometry.dat crossmatch,12.533,0.028,12.438,0.03,8.702,0.031,6.56,0.102,Surveyphotometry.dat crossmatch
spec-2244-53795-0349.fits,SDSS J132057.53+265010.3,200.23974969048592,26.83619645751884,1.449332487787696e+18,18.845510482788086,QSO,QSO,xPCA,6280.906209869338,2.2583453889999174,0.0005168842825782472,,,0.052337712737434865,0.0020980644220326868,SMC,8877.470234528633,-1.2498850880956085,19.783,0.033,19.227,0.01,19.153,0.012,19.093,0.014,18.955,0.04,Surveyphotometry.dat crossmatch,99.999,99.999,17.991,0.039,17.573,0.048,16.81,0.046,Surveyphotometry.dat crossmatch,16.124,0.052,14.978,0.061,12.139,0.323,99.999,99.999,Surveyphotometry.dat crossmatch
spec-2114-53848-0607.fits,spec-2114-53848-0607,208.175228846493,28.89609306950217,1.4522777057774264e+18,18.984975814819336,GALAXY,GALAXY-PASS,xPCA,5391.027207104207,0.46025646666687564,3.3074113869522436e-05,,,1.4898242041232617,0.006337154567740977,MW,13222.480413015757,-1.7978563156447107,19.741,0.043,19.094,0.011,18.611,0.01,18.17,0.01,17.988,0.02,Surveyphotometry.dat crossmatch,99.999,99.999,16.925,0.02,99.999,99.999,15.378,0.019,Surveyphotometry.dat crossmatch,13.903,0.026,13.369,0.029,10.462,0.059,7.99,0.154,Surveyphotometry.dat crossmatch
spec-2016-53799-0216.fits,SDSS J130749.63+350140.3,196.95678340882705,35.02787962253386,1.4680920459433795e+18,17.609115600585938,QSO,QSO,xPCA,13033.829903910198,0.30058060027951095,2.3321759106834435e-05,,,4.1359149828903985e-10,1.9452200950782533e-05,SMC,26775.46194506022,-1.3593081657432258,16.768,0.007,16.917,0.004,16.949,0.005,17.002,0.006,16.417,0.0,Surveyphotometry.dat crossmatch,99.999,99.999,16.192,0.009,15.305,0.009,14.103,0.007,Surveyphotometry.dat crossmatch,12.586,0.024,11.471,0.021,8.916,0.028,7.08,0.087,Surveyphotometry.dat crossmatch
spec-5993-56070-0840.fits,SDSS J132002.46+234046.0,200.0102513282473,23.67943582376181,1.4461132208210657e+18,17.75160026550293,BAL_QSO,QSO,xPCA,128878.09509539373,2.6276104599576313,0.00019128588527758862,,,0.3398764101933201,0.0012987586175187138,LMC,397461.5666176587,-1.7619587547602404,18.87,0.019,18.089,0.006,17.92,0.007,17.898,0.008,17.89,0.01,Surveyphotometry.dat crossmatch,99.999,99.999,16.995,0.018,16.5,0.018,16.073,0.024,Surveyphotometry.dat crossmatch,15.399,0.04,14.267,0.045,10.592,0.082,8.769,0.385,Surveyphotometry.dat crossmatch
spec-5972-56334-0724.fits,SDSS J125915.18+262518.1,194.81326303059384,26.421693036784564,3.9583771342838006e+18,18.468748092651367,QSO,,Composite model - MW,272000.11435927916,3.3805396744650618,3.0945140409910366e-05,0.35173921092850335,0.0010254662880267718,0.35173921092850335,0.0010254662880267718,MW,272000.11435927916,-2.976251348029115,19.802,0.034,18.689,0.008,18.291,0.008,18.208,0.009,18.097,0.02,Surveyphotometry.dat crossmatch,99.999,99.999,16.93,0.017,16.682,0.021,16.099,0.025,Surveyphotometry.dat crossmatch,15.227,0.034,14.537,0.052,10.803,0.107,8.296,0.275,Surveyphotometry.dat crossmatch
spec-2117-54115-0209.fits,SDSS J135405.39+313902.3,208.5224684983525,31.65067567995396,1.4571593269504801e+18,18.34608268737793,QSO,QSO-MIDZ,xPCA,5253.567225882381,1.3204381658854643,0.00024440203483904984,,,1.2438116969758564e-10,8.298823260086222e-05,LMC,7281.528637161598,-1.0574635475535432,18.638,0.018,18.533,0.008,18.257,0.007,18.313,0.01,18.377,0.03,Surveyphotometry.dat crossmatch,99.999,99.999,18.162,0.044,17.067,0.045,16.817,0.055,Surveyphotometry.dat crossmatch,15.522,0.041,14.056,0.039,10.954,0.094,8.578,0.322,Surveyphotometry.dat crossmatch
spec-5984-56337-0188.fits,SDSS J124114.00+253331.2,190.30838948265543,25.55867291377308,3.961219474920607e+18,18.42389488220215,QSO,QSO,xPCA,3967.8891180863056,1.8404185621469815,0.00035046402031950436,,,3.246511122000778e-10,7.927659037026876e-05,SMC,4850.3692869393835,-0.9748717899358782,18.829,0.018,18.734,0.008,18.77,0.01,18.58,0.011,18.55,0.02,Surveyphotometry.dat crossmatch,99.999,99.999,17.797,0.04,17.46,0.039,16.917,0.054,Surveyphotometry.dat crossmatch,15.382,0.038,14.134,0.04,11.195,0.128,99.999,99.999,Surveyphotometry.dat crossmatch
spec-6480-56340-0310.fits,SDSS J125202.09+275018.6,193.0086752184355,27.83850274069505,3.9619432327456e+18,18.83046531677246,QSO,QSO,xPCA,13923.441401092237,2.485960208076277,0.00020198973363066104,,,0.10695806880974076,0.001336853943915861,SMC,14558.81900483198,-1.033794276753015,19.287,0.023,18.765,0.008,18.694,0.009,18.729,0.012,18.504,0.02,Surveyphotometry.dat crossmatch,99.999,99.999,17.895,0.042,17.331,0.052,16.579,0.046,Surveyphotometry.dat crossmatch,15.938,0.052,14.766,0.064,11.362,0.15,9.199,0.541,Surveyphotometry.dat crossmatch
spec-2663-54234-0388.fits,SDSS J130843.60+245756.1,197.18168235337905,24.96557388223882,1.4591782364571935e+18,18.708087921142578,QSO,QSO-MIDZ,xPCA,3989.6998933038417,1.443233894267443,0.0003713145575705974,,,6.964981964655351e-09,0.005338373408803824,MW,4302.641145771075,-1.1361166668883818,19.482,0.029,19.358,0.011,19.134,0.012,18.952,0.013,18.896,0.03,Surveyphotometry.dat crossmatch,99.999,99.999,17.808,0.038,17.218,0.037,16.851,0.049,Surveyphotometry.dat crossmatch,15.54,0.041,14.195,0.047,11.048,0.135,8.223,0.252,Surveyphotometry.dat crossmatch
spec-2117-54115-0135.fits,SDSS J135647.47+321210.1,209.1978170529552,32.202793417042805,1.457575874355005e+18,18.464628219604492,QSO,QSO,xPCA,4448.366699057426,1.0424547572604597,0.00024040579972572278,,,0.06784079954191712,0.003685077417049036,MW,4797.471131973447,-1.195862324350889,18.681,0.018,18.572,0.008,18.3,0.008,18.323,0.009,18.27,0.02,Surveyphotometry.dat crossmatch,99.999,99.999,17.485,0.028,16.983,0.037,16.239,0.03,Surveyphotometry.dat crossmatch,14.666,0.029,13.31,0.028,10.477,0.06,8.007,0.164,Surveyphotometry.dat crossmatch
spec-2110-53467-0133.fits,SDSS J132827.07+302734.2,202.1128058437428,30.459511768584548,1.4682453934553416e+18,18.55693817138672,QSO,QSO,xPCA,5955.918600950669,0.7386413331486545,7.784669233553013e-05,,,8.191991464519266e-12,1.690677952097814e-05,MW,19883.52627850913,-1.1478300522644684,18.055,0.013,17.783,0.005,17.899,0.006,18.044,0.008,17.963,0.02,Surveyphotometry.dat crossmatch,99.999,99.999,17.074,0.015,16.408,0.016,15.356,0.014,Surveyphotometry.dat crossmatch,13.542,0.024,12.432,0.023,9.705,0.045,7.361,0.127,Surveyphotometry.dat crossmatch
spec-2109-53468-0531.fits,spec-2109-53468-0531,204.63030372006716,33.178058232524606,1.469009249096281e+18,18.4670467376709,GALAXY,GALAXY-PASS,xPCA,5859.337990297823,0.05858716126593129,9.837273411151838e-06,,,1.9138565134414511,0.0024224366213350113,SMC,734460.1907554994,-1.1798770376634358,17.63,0.014,15.946,0.003,15.234,0.003,14.908,0.003,14.682,0.0,Surveyphotometry.dat crossmatch,99.999,99.999,14.516,0.003,13.907,0.003,13.491,0.004,Surveyphotometry.dat crossmatch,12.544,0.023,12.507,0.023,11.432,0.158,99.999,99.999,Surveyphotometry.dat crossmatch
spec-2243-53794-0442.fits,SDSS J131516.58+274933.9,198.81910125055924,27.82608557960961,1.4601956283104364e+18,18.23138999938965,QSO,QSO,xPCA,27711.285295090882,3.1799062018569986,0.00035299658601176207,,,0.21023105017351226,0.0015440552717836675,SMC,46081.32442226205,-2.418716408549916,21.093,0.081,18.696,0.008,18.308,0.008,18.143,0.009,18.144,0.02,Surveyphotometry.dat crossmatch,99.999,99.999,17.189,0.019,17.01,0.029,16.434,0.03,Surveyphotometry.dat crossmatch,15.864,0.049,14.949,0.067,11.045,0.139,8.315,0.292,Surveyphotometry.dat crossmatch
spec-3980-55331-0425.fits,SDSS J131239.43+334234.0,198.16432391771963,33.709460605413355,1.4670183384788224e+18,18.44524383544922,QSO,QSO,xPCA,8563.098341136274,2.39162324204412,0.00019353658125255714,,,1.1580174915769986e-10,0.00020107619971185462,MW,9836.982319937144,-1.1381533610605337,19.269,0.025,18.63,0.008,18.706,0.009,18.643,0.011,18.436,0.02,Surveyphotometry.dat crossmatch,99.999,99.999,17.488,0.034,16.871,0.03,16.107,0.027,Surveyphotometry.dat crossmatch,15.65,0.043,14.578,0.05,10.472,0.076,8.04,0.188,Surveyphotometry.dat crossmatch
spec-2009-53904-0357.fits,SDSS J130456.85+293332.2,196.23688587599705,29.55894305839791,1.464380850602527e+18,18.501110076904297,QSO,QSO,xPCA,25945.051564837457,2.9899015596241276,0.00018156384311100547,,,0.07931733252529505,0.0033360394102833826,MW,30045.17560693666,-2.0143727544886314,20.224,0.053,18.501,0.007,18.37,0.008,18.326,0.01,18.229,0.03,Surveyphotometry.dat crossmatch,99.999,99.999,17.113,0.017,16.633,0.025,16.128,0.027,Surveyphotometry.dat crossmatch,15.234,0.035,14.465,0.047,11.039,0.116,8.934,0.469,Surveyphotometry.dat crossmatch
spec-2110-53467-0353.fits,spec-2110-53467-0353,200.9283342703327,31.515483021759863,1.4633001036882596e+18,18.593299865722656,GALAXY,QSO-GAL,xPCA,5472.785444208279,0.01758336802396543,9.536856186117482e-06,,,1.850551261611136,0.002592997860148216,SMC,664072.1688820871,-1.0994863618612782,17.051,0.013,15.316,0.002,14.562,0.002,14.179,0.002,13.896,0.0,Surveyphotometry.dat crossmatch,99.999,99.999,14.35,0.003,13.692,0.003,13.404,0.004,Surveyphotometry.dat crossmatch,12.171,0.023,12.245,0.022,11.523,0.175,99.999,99.999,Surveyphotometry.dat crossmatch
spec-2115-53535-0638.fits,SDSS J135236.08+253012.2,208.1503369627612,25.5033851480526,1.4502714707181696e+18,17.596914291381836,QSO,QSO-MIDZ,xPCA,5478.484213798025,0.8747786537807622,0.00016902233741980955,,,5.022864963582022e-10,1.0080939193317313e-05,MW,21143.446741178177,-1.094467325734654,18.274,0.014,18.038,0.006,17.961,0.007,18.085,0.008,18.043,0.02,Surveyphotometry.dat crossmatch,99.999,99.999,16.505,0.012,16.495,0.023,15.711,0.021,Surveyphotometry.dat crossmatch,14.007,0.026,12.684,0.025,9.973,0.054,7.769,0.138,Surveyphotometry.dat crossmatch
spec-2110-53467-0235.fits,SDSS J132708.90+303643.1,201.7870829322705,30.61196557495688,1.462261576299686e+18,18.68584632873535,QSO,QSO-MIDZ,xPCA,3560.127752252977,0.9625015119293774,0.0005560540506925842,,,1.8121529684819726e-08,0.0016568875210843043,MW,3862.0560304653486,-1.4615736324363662,19.448,0.03,19.219,0.011,18.987,0.012,19.021,0.018,18.859,0.04,Surveyphotometry.dat crossmatch,99.999,99.999,17.351,0.024,17.073,0.035,16.236,0.034,Surveyphotometry.dat crossmatch,14.789,0.029,13.759,0.032,11.206,0.127,8.458,0.27,Surveyphotometry.dat crossmatch
spec-2002-53471-0550.fits,SDSS J132330.54+293319.0,200.8773006069433,29.55528783779612,1.4621053812241997e+18,18.756851196289062,QSO,QSO,xPCA,5584.709711117279,1.095897308747431,0.00039703336175591974,,,1.9583803112163678e-10,5.259831358098952e-05,LMC,7842.937757122327,-1.4404677745353438,18.753,0.019,18.584,0.008,18.446,0.008,18.465,0.012,18.497,0.03,Surveyphotometry.dat crossmatch,99.999,99.999,17.686,0.035,17.093,0.04,16.173,0.027,Surveyphotometry.dat crossmatch,14.405,0.028,13.197,0.028,10.433,0.067,7.892,0.179,Surveyphotometry.dat crossmatch
spec-5994-56101-0176.fits,SDSS J131122.75+260047.7,197.84478737750192,26.01325340633904,1.4593641570013286e+18,18.89657974243164,QSO,QSO,xPCA,41171.49724850747,2.9299990481319624,0.0002744876092199908,,,0.07341730720722374,0.0012250424555764472,SMC,53092.25389640431,-1.8271702878697462,99.999,9.999,99.999,9.999,99.999,9.999,99.999,9.999,99.999,9.999,Surveyphotometry.dat crossmatch,99.999,99.999,17.781,0.031,17.433,0.038,17.04,0.051,Surveyphotometry.dat crossmatch,16.316,0.059,15.618,0.109,11.54,0.187,99.999,99.999,Surveyphotometry.dat crossmatch
spec-6002-56104-0336.fits,SDSS J134108.19+251043.9,205.2841469904812,25.17887968827901,1.4451266496528492e+18,18.72694206237793,QSO,QSO,xPCA,4900.457146225696,1.9343370688067147,0.00014102009069017922,,,0.19277307184203632,0.0012741418127342613,SMC,8017.6454491920485,-1.1079376365265892,18.896,0.022,18.959,0.01,18.88,0.011,18.602,0.012,18.43,0.03,Surveyphotometry.dat crossmatch,99.999,99.999,17.486,0.027,17.013,0.049,16.42,0.038,Surveyphotometry.dat crossmatch,15.51,0.038,14.586,0.049,11.752,0.169,9.068,0.516,Surveyphotometry.dat crossmatch
spec-2663-54234-0050.fits,SDSS J131432.25+233500.2,198.63440454291407,23.583356670246783,1.4460419930834202e+18,18.024858474731445,QSO,QSO,xPCA,7404.735120925567,1.7558410896152121,0.000337366799878834,,,0.0783030615542429,0.001978361830818974,SMC,12211.571238306902,-1.2605750277618826,18.605,0.018,18.255,0.007,18.19,0.007,17.948,0.008,17.876,0.02,Surveyphotometry.dat crossmatch,99.999,99.999,16.866,0.014,16.549,0.017,15.889,0.02,Surveyphotometry.dat crossmatch,14.631,0.029,13.225,0.029,10.07,0.057,7.955,0.177,Surveyphotometry.dat crossmatch
spec-6002-56104-0890.fits,SDSS J134627.81+261458.3,206.61588942972443,26.249541174719315,1.4513052521664082e+18,18.840686798095703,QSO,QSO,xPCA,5670.007627599116,1.8278085288368562,0.0003374527540446604,,,0.010876012116350846,0.0017686985690574452,SMC,7650.721924768503,-1.0089670114702718,19.167,0.024,19.092,0.009,18.945,0.011,18.641,0.011,18.527,0.03,Surveyphotometry.dat crossmatch,99.999,99.999,17.662,0.036,17.419,0.052,16.775,0.058,Surveyphotometry.dat crossmatch,15.575,0.039,14.25,0.044,10.616,0.072,8.42,0.261,Surveyphotometry.dat crossmatch
spec-6000-56102-0084.fits,spec-6000-56102-0084,203.0966144975422,26.243835747183848,1.4481737399710241e+18,18.512174606323242,QSO,QSO,xPCA,14994.805112665068,2.1349455349238027,0.0003906289692704175,,,0.13286478894905196,0.0021847936676860774,LMC,33298.395999439665,-1.21550157843842,19.07,0.022,18.707,0.008,18.53,0.009,18.486,0.01,18.283,0.02,Surveyphotometry.dat crossmatch,99.999,99.999,17.496,0.022,16.966,0.024,16.31,0.028,Surveyphotometry.dat crossmatch,15.587,0.042,14.434,0.046,11.164,0.119,99.999,99.999,Surveyphotometry.dat crossmatch
sdssJ125941+240616_combined.dat,sdssJ125941+240616_combined,194.92220053163217,24.104480748165575,3.957071807823211e+18,18.603809356689453,QSO,QSO-MIDZ,Stellar-templates,184.72175177232526,1.5498227989786448,0.0004766900765069523,,,1.826020617356908e-07,0.004790396592464701,SMC,229.34880061670953,-1.1747999588484346,19.481,0.028,18.758,0.008,18.584,0.009,18.411,0.01,18.502,0.03,Surveyphotometry.dat crossmatch,99.999,99.999,17.772,0.033,17.147,0.036,16.737,0.04,Surveyphotometry.dat crossmatch,15.356,0.037,13.806,0.036,10.776,0.115,8.883,0.408,Surveyphotometry.dat crossmatch
spec-6489-56329-0866.fits,SDSS J132603.00+295758.1,201.5125435946134,29.966172698546032,1.4622057073647977e+18,18.90599822998047,QSO,QSO,xPCA,104193.9588746988,3.7309396819140415,0.0003283399568200055,,,0.7785284635026792,0.002524427967823706,MW,211704.65748092957,-3.6188784717912172,23.774,0.91,19.827,0.015,18.878,0.011,18.6,0.013,18.391,0.03,Surveyphotometry.dat crossmatch,99.999,99.999,17.628,0.031,17.284,0.046,16.841,0.049,Surveyphotometry.dat crossmatch,16.375,0.059,15.897,0.122,99.999,99.999,9.18,0.511,Surveyphotometry.dat crossmatch
spec-2002-53471-0228.fits,SDSS J131820.29+291005.7,199.58454330998725,29.16826746479349,1.4618728001557338e+18,17.793609619140625,QSO,QSO-MIDZ,xPCA,4692.237175945444,0.5820856814385478,0.0001810417104613791,,,9.3669696023084e-10,2.0737642844796222e-05,SMC,18914.457129685594,-1.143555173227657,18.106,0.013,17.751,0.005,18.049,0.007,17.975,0.008,18.073,0.02,Surveyphotometry.dat crossmatch,99.999,99.999,16.809,0.017,16.084,0.018,15.309,0.014,Surveyphotometry.dat crossmatch,13.781,0.025,12.768,0.026,10.35,0.057,8.141,0.204,Surveyphotometry.dat crossmatch
spec-8871-57519-0340.fits,spec-8871-57519-0340,198.1403673265333,35.956055686752535,1.4742436459982444e+18,18.9901123046875,BAL_QSO,QSO,xPCA,26438.0845685851,1.7825136063398055,0.0001203250471669947,,,0.18126105881970322,0.00179494587823123,SMC,37142.09521080644,-1.7303819816295898,19.647,0.031,19.275,0.011,19.154,0.012,18.831,0.013,18.759,0.03,Surveyphotometry.dat crossmatch,99.999,99.999,17.851,0.045,17.374,0.08,16.826,0.065,Surveyphotometry.dat crossmatch,15.53,0.042,14.13,0.041,11.302,0.151,99.999,99.999,Surveyphotometry.dat crossmatch
spec-2006-53476-0330.fits,SDSS J125726.27+345410.7,194.35947759659476,34.90297890519249,1.5159386344556262e+18,18.161252975463867,QSO,QSO,xPCA,28686.403421501465,3.1679003982066565,0.00020512888071274745,,,0.13107144650180838,0.0027515858359209583,MW,33825.397198758175,-1.8532557487087689,21.027,0.085,18.59,0.008,18.342,0.008,18.239,0.009,18.226,0.02,Surveyphotometry.dat crossmatch,99.999,99.999,16.996,0.02,99.999,9.999,16.075,0.038,Surveyphotometry.dat crossmatch,15.365,0.037,14.624,0.053,10.828,0.11,8.885,0.47,Surveyphotometry.dat crossmatch
spec-2009-53904-0073.fits,SDSS J131423.13+291001.8,198.5963727469468,29.16718660313578,1.4625845621366984e+18,17.81871223449707,QSO,QSO,xPCA,3599.024843475,1.0975387850480631,0.0003914545366129874,,,0.11198106822826813,0.0038386556407868366,LMC,3867.7498197753193,-1.1064700724508938,18.639,0.018,18.432,0.007,18.121,0.008,18.075,0.009,18.032,0.02,Surveyphotometry.dat crossmatch,99.999,99.999,17.25,0.022,16.677,0.03,16.001,0.027,Surveyphotometry.dat crossmatch,14.628,0.031,13.464,0.033,10.715,0.109,7.814,0.186,Surveyphotometry.dat crossmatch
spec-3853-55268-0501.fits,spec-3853-55268-0501,206.22631669615896,35.99595562114215,1.4713851219246746e+18,18.241302490234375,QSO,QSO,xPCA,28772.26209213573,2.5861684725926697,0.0002705737863122023,,,0.3412255550986672,0.0017878324000412116,LMC,39425.3394129411,-1.406224156684544,19.045,0.021,18.375,0.007,18.201,0.007,18.12,0.008,17.931,0.02,Surveyphotometry.dat crossmatch,99.999,99.999,17.013,0.02,16.495,0.028,15.774,0.024,Surveyphotometry.dat crossmatch,15.268,0.034,14.389,0.043,10.693,0.09,8.224,0.237,Surveyphotometry.dat crossmatch
spec-5987-56339-0176.fits,SDSS J125116.01+251341.1,192.8167452947234,25.22808993595973,3.9580150857204854e+18,18.7520809173584,QSO,QSO,xPCA,19033.33242893653,2.645668485270361,0.00069728963120516,,,0.1820064920748325,0.0012991471854425507,SMC,25338.596854415184,-1.33464738630139,19.62,0.03,18.944,0.009,18.737,0.009,18.637,0.011,18.476,0.02,Surveyphotometry.dat crossmatch,99.999,99.999,17.462,0.025,17.137,0.035,16.617,0.039,Surveyphotometry.dat crossmatch,15.943,0.05,14.918,0.067,11.181,0.127,99.999,99.999,Surveyphotometry.dat crossmatch
spec-2094-53851-0631.fits,SDSS J134806.04+301000.6,207.02520797494475,30.166831910007897,1.4554681749872724e+18,18.462553024291992,QSO,QSO-MIDZ,xPCA,6530.396595544349,0.8803222898436579,0.0007984725021676165,,,0.30451945537011293,0.00420340913861833,SMC,6965.8189749633375,-1.237959418435498,19.051,0.023,18.679,0.008,18.347,0.008,18.297,0.01,18.148,0.03,Surveyphotometry.dat crossmatch,99.999,99.999,16.956,0.023,16.81,0.031,16.047,0.023,Surveyphotometry.dat crossmatch,14.654,0.031,13.472,0.031,10.435,0.071,7.981,0.185,Surveyphotometry.dat crossmatch
spec-2660-54504-0502.fits,SDSS J124237.01+253218.4,190.65421351538373,25.538465451685795,3.9612076251070525e+18,18.943002700805664,QSO,QSO,xPCA,5476.2764920107975,1.745048360676675,0.0001549251351380095,,,0.08901053963705606,0.005657230443193544,MW,9954.909661905047,-1.2607598854683197,18.89,0.019,18.916,0.009,18.687,0.009,18.033,0.009,17.415,0.01,Surveyphotometry.dat crossmatch,99.999,99.999,18.138,0.046,17.694,0.043,17.155,0.066,Surveyphotometry.dat crossmatch,99.999,99.999,99.999,99.999,99.999,99.999,99.999,99.999,Surveyphotometry.dat crossmatch
spec-2666-54230-0386.fits,SDSS J133950.51+235848.7,204.9604811063921,23.980206741224183,1.4439226500612787e+18,18.96310806274414,QSO,QSO,xPCA,5430.595753930825,2.51839747325083,0.001590009588293523,,,0.42033108887796344,0.00455772322953879,LMC,14305.267165058383,-1.654493036974953,19.691,0.032,19.148,0.01,18.888,0.011,18.334,0.009,17.716,0.01,Surveyphotometry.dat crossmatch,99.999,99.999,17.958,0.036,17.36,0.043,16.755,0.043,Surveyphotometry.dat crossmatch,99.999,99.999,99.999,99.999,99.999,99.999,99.999,99.999,Surveyphotometry.dat crossmatch
spec-1994-53845-0298.fits,spec-1994-53845-0298,192.42753666487303,31.64961302561821,1.5137914299811505e+18,18.57488250732422,GALAXY,GALAXY-PASS,xPCA,4578.649930158084,0.16470931614765583,2.1854381543629442e-05,,,1.111568874685985,0.0038319948345674204,LMC,265584.5880751143,-1.533791506562177,19.198,0.03,17.69,0.005,17.007,0.005,16.741,0.005,16.595,0.01,Surveyphotometry.dat crossmatch,99.999,99.999,15.835,0.007,15.238,0.01,14.736,0.009,Surveyphotometry.dat crossmatch,14.027,0.026,13.751,0.034,99.999,99.999,99.999,99.999,Surveyphotometry.dat crossmatch
spec-2114-53848-0431.fits,SDSS J134843.30+274602.8,207.18044259608013,27.7674472621755,1.4517454004143828e+18,18.774322509765625,QSO,QSO-MIDZ,xPCA,3384.2608424539944,1.3865470458299463,0.0004861195142412686,,,0.07480966017628404,0.004063059356843479,SMC,3666.415542959509,-1.205015342561389,19.272,0.028,19.174,0.011,18.824,0.011,18.783,0.013,18.873,0.04,Surveyphotometry.dat crossmatch,99.999,99.999,18.065,0.048,17.232,0.039,17.067,0.071,Surveyphotometry.dat crossmatch,15.855,0.042,14.464,0.047,11.131,0.091,99.999,99.999,Surveyphotometry.dat crossmatch
spec-2009-53857-0399.fits,SDSS J130829.67+300539.0,197.12364718326543,30.094165762273487,1.4629208022393452e+18,16.69471549987793,QSO,QSO-MIDZ,xPCA,5418.3459083822445,0.8082979918291049,0.00011135974506237643,,,0.010991548065789645,0.0016138504726904979,LMC,6845.865846548691,-0.9784036628815204,17.339,0.009,16.911,0.004,16.786,0.005,16.808,0.005,16.655,0.0,Surveyphotometry.dat crossmatch,99.999,99.999,15.419,0.005,15.327,0.008,14.483,0.007,Surveyphotometry.dat crossmatch,12.76,0.023,11.548,0.02,9.01,0.028,6.695,0.067,Surveyphotometry.dat crossmatch
spec-10254-58514-0046.fits,SDSS J132514.96+330555.6,201.3123754740596,33.09878504648788,1.4697314564360753e+18,17.767303466796875,QSO,QSO,xPCA,13642.295971786443,0.35628200618657835,1.6603631509331167e-05,,,0.30004593506456545,0.0021477176473791437,SMC,26300.59066499382,-1.5685093799574727,18.227,0.014,17.966,0.006,17.724,0.006,17.715,0.007,17.362,0.01,Surveyphotometry.dat crossmatch,99.999,99.999,16.396,0.012,15.548,0.014,14.447,0.008,Surveyphotometry.dat crossmatch,12.969,0.024,11.915,0.022,9.225,0.035,7.187,0.11,Surveyphotometry.dat crossmatch
spec-6491-56337-0045.fits,SDSS J133919.34+283908.8,204.8305821798132,28.652444944364177,1.4550006763875466e+18,18.670513153076172,QSO,QSO,xPCA,9852.16049980912,2.5169857565587486,0.00045544538811651735,,,0.03840514774333462,0.002459124954866932,LMC,19885.602256907987,-1.314181063259009,19.676,0.037,19.053,0.01,18.844,0.011,18.765,0.012,18.519,0.03,Surveyphotometry.dat crossmatch,99.999,99.999,17.668,0.04,17.105,0.034,16.481,0.039,Surveyphotometry.dat crossmatch,15.794,0.044,14.809,0.056,11.155,0.112,8.879,0.393,Surveyphotometry.dat crossmatch
spec-2115-53535-0157.fits,SDSS J135051.46+250454.8,207.71445281225672,25.081889960458597,1.450234018602841e+18,18.386262893676758,QSO,QSO-MIDZ,xPCA,3710.2729487476263,1.3819355157852855,0.00028925743564781113,,,4.713509910072439e-11,0.00016399062430882136,MW,5083.7746657718135,-1.1059172066084701,18.473,0.016,18.466,0.007,18.294,0.008,18.289,0.009,18.328,0.02,Surveyphotometry.dat crossmatch,99.999,99.999,17.364,0.024,16.582,0.025,16.257,0.033,Surveyphotometry.dat crossmatch,14.801,0.031,13.407,0.03,10.591,0.071,8.449,0.26,Surveyphotometry.dat crossmatch
spec-3985-55320-0690.fits,spec-3985-55320-0690,203.3923772271577,33.70218830659336,1.469261277777495e+18,17.730337142944336,QSO,QSO,xPCA,25493.947076343677,1.8187074282889744,0.00016741941094903964,,,0.09528393610807362,0.0016445649108354499,LMC,28228.209891047347,-1.022263379340341,17.788,0.012,17.754,0.006,17.711,0.006,17.427,0.006,17.348,0.01,Surveyphotometry.dat crossmatch,99.999,99.999,16.608,0.017,16.212,0.016,15.644,0.018,Surveyphotometry.dat crossmatch,14.439,0.028,13.174,0.026,9.509,0.035,7.023,0.083,Surveyphotometry.dat crossmatch
spec-2243-53794-0576.fits,spec-2243-53794-0576,199.51725083102997,27.90148699495052,1.4614990005615222e+18,17.84473991394043,GALAXY,GALAXY-PASS,xPCA,3994.6757987986985,0.07472044674277965,1.070688530043582e-05,,,1.490916333079275,0.0025843135019562036,MW,701284.4428380032,-1.2052581742962474,18.213,0.016,16.575,0.004,15.982,0.003,15.717,0.004,15.517,0.0,Surveyphotometry.dat crossmatch,99.999,99.999,14.759,0.003,14.163,0.003,13.742,0.004,Surveyphotometry.dat crossmatch,13.236,0.024,13.1,0.026,12.171,0.317,99.999,99.999,Surveyphotometry.dat crossmatch
spec-6485-56342-0562.fits,SDSS J124745.39+325147.0,191.93913293146596,32.863085788042426,1.5141599381753236e+18,18.45016098022461,QSO,QSO,xPCA,47812.04907045368,3.1763360347425373,0.00043416464519170655,,,9.860183461276976e-09,0.00016879987694569265,LMC,77142.64332724821,-1.4154456399906128,19.477,0.029,18.896,0.009,18.621,0.009,18.576,0.012,18.449,0.03,Surveyphotometry.dat crossmatch,99.999,99.999,17.518,0.025,17.107,0.046,16.601,0.045,Surveyphotometry.dat crossmatch,15.873,0.051,14.853,0.061,11.601,0.184,99.999,99.999,Surveyphotometry.dat crossmatch
spec-2650-54505-0625.fits,SDSS J130944.98+222632.0,197.43743696814784,22.44222728670497,3.943876671857772e+18,18.146160125732422,QSO,QSO,xPCA,7561.615443640302,1.9677730598853131,0.0006782306490396267,,,0.036707849132117054,0.0014423363096568095,SMC,21042.645242174607,-1.0792994535133533,18.161,0.013,18.052,0.006,17.937,0.007,17.858,0.007,17.721,0.01,Surveyphotometry.dat crossmatch,99.999,99.999,17.027,0.016,16.637,0.02,16.175,0.024,Surveyphotometry.dat crossmatch,15.129,0.033,13.738,0.035,10.288,0.067,7.977,0.211,Surveyphotometry.dat crossmatch
spec-6004-56066-0540.fits,SDSS J135443.27+232128.9,208.68032561764423,23.358033620198626,1.2516644219453834e+18,18.943252563476562,QSO,QSO,xPCA,11810.482059674518,2.243425515909934,0.00010868506281903191,,,2.028000163634136e-14,7.822387946229456e-05,MW,24384.3009083052,-1.2427292415341002,19.183,0.025,18.795,0.008,18.802,0.01,18.692,0.011,18.469,0.03,Surveyphotometry.dat crossmatch,99.999,99.999,17.768,0.034,17.169,0.044,16.307,0.034,Surveyphotometry.dat crossmatch,15.932,0.051,14.975,0.066,11.731,0.208,9.161,0.472,Surveyphotometry.dat crossmatch
spec-6487-56362-0724.fits,SDSS J130905.38+313412.8,197.2724646784711,31.57024783450148,1.466162884073247e+18,18.844575881958008,QSO,QSO,xPCA,15814.85053283312,2.1829162666425033,0.00018334125671206798,,,0.0801464248849608,0.002180693307653511,LMC,20229.17724756468,-1.083024048076228,19.192,0.024,18.832,0.009,18.773,0.01,18.747,0.013,18.493,0.03,Surveyphotometry.dat crossmatch,99.999,99.999,17.702,0.025,17.207,0.035,16.514,0.039,Surveyphotometry.dat crossmatch,15.712,0.044,14.439,0.048,11.128,0.122,8.784,0.355,Surveyphotometry.dat crossmatch
spec-6492-56362-0298.fits,SDSS J132850.29+305420.0,202.20953118770356,30.9055417117205,1.4682744317313352e+18,18.531980514526367,QSO,QSO,xPCA,21263.064683859244,0.43321056191974594,2.6765829491890437e-05,,,4.754619820687006e-12,1.809545257644451e-05,MW,37290.97870294988,-4.965553859635423,18.63,0.018,18.406,0.007,18.47,0.009,18.189,0.01,18.019,0.02,Surveyphotometry.dat crossmatch,99.999,99.999,17.014,0.015,16.397,0.016,15.663,0.018,Surveyphotometry.dat crossmatch,14.388,0.028,13.389,0.028,10.391,0.071,7.339,0.126,Surveyphotometry.dat crossmatch
spec-2009-53904-0249.fits,SDSS J130646.71+282354.4,196.6946359972943,28.39846643473611,1.460986593784232e+18,18.313480377197266,QSO,QSO-MIDZ,xPCA,3718.687433723725,0.9216310167773152,0.00040691638827678356,,,0.04369207277032018,0.004406666756445684,SMC,5599.286657637691,-1.15381232981832,18.688,0.019,18.519,0.008,18.349,0.008,18.244,0.01,18.12,0.02,Surveyphotometry.dat crossmatch,99.999,99.999,17.124,0.02,16.914,0.028,16.057,0.024,Surveyphotometry.dat crossmatch,14.472,0.029,13.155,0.027,10.494,0.063,8.376,0.256,Surveyphotometry.dat crossmatch
spec-2116-53854-0486.fits,SDSS J135439.70+301649.2,208.66545658671964,30.280354200883515,1.4539430879358863e+18,17.926481246948242,QSO,QSO,xPCA,4029.1018153607747,1.5507011851037533,0.0001694847316789824,,,0.041351944165239546,0.0016125068141716638,SMC,5219.4797679892,-1.010750374534908,18.157,0.015,17.978,0.006,17.899,0.006,17.671,0.007,17.741,0.02,Surveyphotometry.dat crossmatch,99.999,99.999,16.928,0.018,16.246,0.022,16.056,0.03,Surveyphotometry.dat crossmatch,14.698,0.029,13.141,0.027,9.828,0.036,7.594,0.104,Surveyphotometry.dat crossmatch
spec-6494-56363-0608.fits,SDSS J135201.41+304614.3,208.00590408192613,30.770641900838456,1.4570009972761313e+18,18.890260696411133,QSO,,Composite model - LMC,8742.393108821392,0.8850625365213847,4.999322490251146e-05,0.32400617876414867,0.002877756761538036,0.32400617876414867,0.002877756761538036,LMC,8742.393108821392,-1.1093879445035286,20.256,0.048,19.613,0.013,19.522,0.015,19.503,0.022,19.258,0.05,Surveyphotometry.dat crossmatch,99.999,99.999,17.143,0.024,17.056,0.049,16.15,0.035,Surveyphotometry.dat crossmatch,14.749,0.03,13.61,0.032,11.017,0.1,8.624,0.335,Surveyphotometry.dat crossmatch
spec-5977-56098-0326.fits,SDSS J131213.57+231958.6,198.05657097179403,23.33294200218196,3.9447804059916856e+18,17.486881256103516,QSO,QSO,xPCA,10764.296707149093,1.5168792647378435,0.00022563874924743768,,,0.30894669871887614,0.0009078057770693093,SMC,52807.58634482039,-1.0722634448047126,18.017,0.012,17.492,0.005,17.3,0.005,17.125,0.006,17.17,0.01,Surveyphotometry.dat crossmatch,99.999,99.999,16.318,0.01,15.799,0.01,15.371,0.013,Surveyphotometry.dat crossmatch,14.14,0.027,12.78,0.025,9.946,0.052,7.99,0.219,Surveyphotometry.dat crossmatch
SDSSJ1340+2731_combined.dat,SDSSJ1340+2731_combined,205.04400780016687,27.518386027243924,1.448676903979717e+18,,QSO,,Composite model - SMC,375.81407324149046,1.24754470439777,0.0010227109131834,1.9412394222490998,0.034623026506038435,1.9412394222490998,0.034623026506038435,SMC,375.81407324149046,-1.9201325842626293,21.24,0.102,20.074,0.02,18.656,0.009,18.057,0.008,17.73,0.02,Surveyphotometry.dat crossmatch,99.999,99.999,16.466,0.011,15.583,0.009,14.868,0.009,Surveyphotometry.dat crossmatch,13.201,0.024,11.757,0.022,8.95,0.028,6.767,0.072,Surveyphotometry.dat crossmatch
spec-2116-53854-0439.fits,SDSS J135220.12+302448.2,208.0838411957551,30.41339152415404,1.4569420703246405e+18,18.73287010192871,QSO,QSO,xPCA,3884.52243791515,1.061163509528714,0.0005176609793374572,,,0.08295292741042493,0.005834838960229953,MW,3997.784187602593,-1.4238514249248948,19.083,0.025,18.952,0.009,18.782,0.01,18.836,0.014,18.849,0.05,Surveyphotometry.dat crossmatch,99.999,99.999,17.91,0.04,17.227,0.051,16.781,0.053,Surveyphotometry.dat crossmatch,15.199,0.044,13.995,0.037,10.779,0.085,8.002,0.231,Surveyphotometry.dat crossmatch
spec-5968-56356-0661.fits,SDSS J124031.76+284348.2,190.1323461674841,28.730060545039965,3.9629844316014013e+18,18.416942596435547,QSO,QSO,xPCA,66775.4735674254,2.3693533209595685,0.0002262571280585924,,,0.325255081379004,0.003264462569729565,MW,131161.49106614818,-1.2681266503910777,18.836,0.021,18.355,0.007,18.327,0.008,18.32,0.01,18.107,0.02,Surveyphotometry.dat crossmatch,99.999,99.999,17.415,0.031,16.816,0.024,16.059,0.028,Surveyphotometry.dat crossmatch,15.448,0.039,14.272,0.044,10.875,0.105,99.999,99.999,Surveyphotometry.dat crossmatch
spec-2029-53819-0030.fits,SDSS J131130.18+311606.9,197.8757679347179,31.268603298017403,1.4661052971512556e+18,18.531251907348633,QSO,QSO,xPCA,3796.8583854966428,1.8400762494591985,0.00042903914244117494,,,4.852844146495394e-11,6.389054666602756e-05,MW,16399.548843960765,-1.0035406207877635,18.557,0.017,18.453,0.007,18.459,0.008,18.296,0.009,18.266,0.02,Surveyphotometry.dat crossmatch,99.999,99.999,17.805,0.028,17.443,0.045,16.832,0.051,Surveyphotometry.dat crossmatch,15.591,0.041,14.279,0.039,11.266,0.117,99.999,99.999,Surveyphotometry.dat crossmatch
spec-2116-53854-0421.fits,spec-2116-53854-0421,208.07886219157209,30.27496696668309,1.4569225926488356e+18,18.683834075927734,QSO,QSO,xPCA,4888.252325703178,2.2549635408159787,0.000958162685441866,,,0.3511858358707957,0.004260518682069503,LMC,11268.952839488109,-1.4642262834648294,19.345,0.026,18.915,0.009,18.82,0.01,18.854,0.012,18.677,0.03,Surveyphotometry.dat crossmatch,99.999,99.999,17.872,0.039,17.473,0.064,16.799,0.055,Surveyphotometry.dat crossmatch,16.018,0.048,14.865,0.06,11.646,0.167,99.999,99.999,Surveyphotometry.dat crossmatch
spec-2104-53852-0052.fits,SDSS J132009.02+303430.8,200.0375890562959,30.575247019945188,1.4631491227008701e+18,17.879470825195312,QSO,QSO,xPCA,3911.107363702379,1.0822362360458393,0.0003437368126682945,,,2.66093097496577e-08,0.0020063343214433245,MW,4890.255483114814,-1.0851848813742622,19.586,0.03,19.08,0.01,18.635,0.009,18.634,0.011,18.524,0.02,Surveyphotometry.dat crossmatch,99.999,99.999,17.461,0.025,16.903,0.025,16.09,0.028,Surveyphotometry.dat crossmatch,14.631,0.03,13.497,0.033,11.099,0.136,8.931,0.486,Surveyphotometry.dat crossmatch
spec-6005-56090-0143.fits,SDSS J135643.78+251308.1,209.18245337096369,25.218911071581047,1.258131057850089e+18,18.809608459472656,QSO,QSO,xPCA,12231.255338010567,2.435025773664505,0.0001283469518048098,,,3.8212425167464745e-10,5.680899346465653e-05,LMC,16010.2949255043,-1.263915067054048,19.647,0.032,19.116,0.01,19.138,0.011,19.063,0.014,18.838,0.03,Surveyphotometry.dat crossmatch,99.999,99.999,17.795,0.033,17.293,0.045,16.466,0.039,Surveyphotometry.dat crossmatch,15.949,0.051,15.053,0.07,11.406,0.154,99.999,99.999,Surveyphotometry.dat crossmatch
spec-2009-53904-0546.fits,SDSS J131222.10+293747.7,198.0920958987482,29.629931246277824,1.4626692588916974e+18,18.52851104736328,QSO,QSO,xPCA,7636.974616165375,0.2463212503368024,2.1554141285654956e-05,,,0.4973320359571893,0.005802141958112267,MW,13504.294962007803,-1.5817841403193376,18.358,0.018,18.305,0.007,17.975,0.007,17.605,0.007,17.398,0.02,Surveyphotometry.dat crossmatch,99.999,99.999,16.702,0.012,15.871,0.014,14.75,0.009,Surveyphotometry.dat crossmatch,13.482,0.025,12.61,0.024,10.198,0.056,7.849,0.162,Surveyphotometry.dat crossmatch
spec-2660-54504-0544.fits,SDSS J124352.33+253606.9,190.96808770736024,25.601918694474072,3.9610446525718625e+18,18.360883712768555,QSO,QSO,xPCA,5670.456035723805,1.9152110401312439,0.0001757293514347704,,,0.19786966441878742,0.0021587026070709614,SMC,11089.35624511709,-1.4314057074767443,18.744,0.017,18.805,0.008,18.744,0.009,18.331,0.01,18.174,0.02,Surveyphotometry.dat crossmatch,99.999,99.999,17.53,0.033,17.073,0.029,16.474,0.036,Surveyphotometry.dat crossmatch,15.544,0.041,14.798,0.062,12.055,0.328,99.999,99.999,Surveyphotometry.dat crossmatch
spec-2783-54524-0599.fits,SDSS J135546.62+232657.6,208.9442540738077,23.44935652211764,1.2516864766021284e+18,18.767065048217773,QSO,QSO-MIDZ,xPCA,4164.952669855476,0.9231360102516777,0.0003664458558242628,,,0.025201741959917,0.004723858861084262,SMC,4522.60251727132,-1.2207609430290114,18.991,0.023,18.967,0.009,18.734,0.009,18.739,0.011,18.613,0.03,Surveyphotometry.dat crossmatch,99.999,99.999,17.567,0.026,17.345,0.047,16.566,0.042,Surveyphotometry.dat crossmatch,15.035,0.033,13.85,0.035,11.041,0.125,9.067,0.538,Surveyphotometry.dat crossmatch
sdssJ134015+305333_combined.dat,sdssJ134015+305333_combined,205.0640312370692,30.892665272890905,1.456452173469647e+18,17.49498176574707,QSO,QSO-MIDZ,xPCA,801.0321713465904,1.7437192625667286,0.0005286263521729341,,,0.4882729140117144,0.011755291001572632,SMC,1769.2120712281614,-1.336226025596751,19.198,0.025,18.137,0.006,17.636,0.006,17.463,0.006,17.189,0.01,Surveyphotometry.dat crossmatch,99.999,99.999,16.423,0.015,16.113,0.019,15.65,0.018,Surveyphotometry.dat crossmatch,14.496,0.029,13.041,0.027,9.946,0.046,7.74,0.134,Surveyphotometry.dat crossmatch
spec-6480-56340-0612.fits,SDSS J125017.94+281555.4,192.57476069861772,28.265414560235417,3.9620268299889705e+18,18.98334503173828,QSO,QSO,xPCA,22964.503903983714,2.4987853282117367,0.00010553196418544855,,,0.11180490258160743,0.00405913297797527,MW,31820.081039785575,-1.2564605569604417,19.824,0.034,19.147,0.01,19.124,0.011,19.077,0.015,18.87,0.03,Surveyphotometry.dat crossmatch,99.999,99.999,17.956,0.036,17.449,0.052,16.604,0.041,Surveyphotometry.dat crossmatch,16.166,0.054,15.323,0.085,12.122,0.294,99.999,99.999,Surveyphotometry.dat crossmatch
spec-2112-53534-0231.fits,SDSS J132242.78+323829.4,200.67827575717607,32.64149731041777,1.469621466617626e+18,18.761293411254883,QSO,QSO-MIDZ,xPCA,4085.0176015010793,0.5877056855989911,0.00017611898321548826,,,0.14367671980405644,0.006560481980197194,SMC,5529.199996750121,-1.3737716762335601,19.641,0.035,19.087,0.01,19.066,0.012,18.763,0.012,18.691,0.03,Surveyphotometry.dat crossmatch,99.999,99.999,17.196,0.025,16.467,0.018,15.529,0.015,Surveyphotometry.dat crossmatch,13.907,0.027,13.007,0.027,10.739,0.118,7.974,0.254,Surveyphotometry.dat crossmatch
spec-2093-53818-0545.fits,SDSS J131803.47+334156.4,199.51445367431128,33.698999942925,1.4728002234528476e+18,18.892513275146484,QSO,QSO-MIDZ,xPCA,3547.0793656185515,0.9640161045397113,0.0004769728654815298,,,3.325410693338915e-14,9.391518798427631e-05,MW,4567.4036815665595,-1.5927443690543661,19.071,0.021,18.919,0.009,18.916,0.01,18.934,0.013,18.763,0.03,Surveyphotometry.dat crossmatch,99.999,99.999,17.957,0.056,17.795,0.072,16.919,0.055,Surveyphotometry.dat crossmatch,15.129,0.033,13.869,0.033,11.104,0.088,8.915,0.337,Surveyphotometry.dat crossmatch
spec-2009-53857-0152.fits,SDSS J130859.11+290558.5,197.24633836373297,29.099605902454208,1.4613143813915604e+18,18.953882217407227,QSO,QSO-MIDZ,xPCA,3925.029410573762,0.7496452416824975,0.00022353615581592395,,,0.02763835306066288,0.006718167998680637,MW,4380.403477719224,-1.5254975280309182,19.391,0.029,18.917,0.009,18.759,0.01,18.8,0.013,18.671,0.04,Surveyphotometry.dat crossmatch,99.999,99.999,17.626,0.028,17.255,0.036,16.349,0.03,Surveyphotometry.dat crossmatch,14.773,0.031,13.572,0.031,10.791,0.087,8.572,0.257,Surveyphotometry.dat crossmatch
spec-2029-53819-0079.fits,SDSS J130905.38+313412.8,197.2724646784711,31.57024783450148,1.466162884073247e+18,18.844575881958008,QSO,QSO,xPCA,5997.028432863646,2.1825212390680107,0.000558100018393201,,,0.08266658371907144,0.007254106152129347,MW,7670.079785806345,-1.1575720290802143,19.192,0.024,18.832,0.009,18.773,0.01,18.747,0.013,18.493,0.03,Surveyphotometry.dat crossmatch,99.999,99.999,17.702,0.025,17.207,0.035,16.514,0.039,Surveyphotometry.dat crossmatch,15.712,0.044,14.439,0.048,11.128,0.122,8.784,0.355,Surveyphotometry.dat crossmatch
spec-2117-54115-0300.fits,SDSS J135211.48+321042.3,208.04784448238536,32.17842132481722,1.457443692441804e+18,18.863327026367188,QSO,QSO,xPCA,8594.931566813932,2.0821518763598115,0.0003241413502307716,,,1.786703067479167e-08,0.0018101436228797553,MW,9349.10539010323,-1.2797789743930994,19.178,0.025,18.935,0.01,18.83,0.01,18.726,0.012,18.579,0.03,Surveyphotometry.dat crossmatch,99.999,99.999,18.006,0.043,17.717,0.069,17.016,0.056,Surveyphotometry.dat crossmatch,16.163,0.058,14.956,0.067,11.445,0.178,99.999,99.999,Surveyphotometry.dat crossmatch
spec-2243-53794-0146.fits,SDSS J131624.55+261744.3,199.1023328870776,26.295654990443467,1.447745583271063e+18,18.97452735900879,QSO,QSO,xPCA,4076.021719411501,2.108329881911837,0.001067402229713038,,,0.260136856034992,0.0033140742288916836,SMC,5044.2310314585575,-1.2434402672884053,19.478,0.029,19.339,0.011,19.018,0.011,18.696,0.012,18.441,0.02,Surveyphotometry.dat crossmatch,99.999,99.999,17.721,0.031,17.161,0.032,16.433,0.034,Surveyphotometry.dat crossmatch,15.666,0.041,14.782,0.053,11.774,0.211,99.999,99.999,Surveyphotometry.dat crossmatch
spec-2651-54507-0542.fits,SDSS J131730.80+221645.7,199.37835923401045,22.279397214664108,3.943674297294334e+18,18.634349822998047,QSO,QSO-MIDZ,xPCA,4055.8879177888466,1.3772234189052144,0.0003339273663030494,,,4.2778083050691584e-11,4.4497354558440636e-05,LMC,5843.067716872178,-1.0908598503904514,18.615,0.018,18.609,0.007,18.444,0.008,18.407,0.009,18.42,0.03,Surveyphotometry.dat crossmatch,99.999,99.999,17.559,0.028,16.873,0.022,16.468,0.032,Surveyphotometry.dat crossmatch,15.045,0.034,13.65,0.035,10.677,0.094,7.804,0.161,Surveyphotometry.dat crossmatch
spec-5996-56096-0394.fits,SDSS J132038.77+250159.2,200.16157491289445,25.03308541605483,1.446631056437658e+18,18.967992782592773,BAL_QSO,QSO,xPCA,4498.529973585608,2.080627274440139,0.0002012983533135276,,,0.05718252806473743,0.0018508239125678491,SMC,8687.137501098932,-1.1855615050761328,19.041,0.02,19.083,0.01,19.021,0.011,18.896,0.013,18.584,0.03,Surveyphotometry.dat crossmatch,99.999,99.999,17.972,0.042,17.482,0.049,16.998,0.055,Surveyphotometry.dat crossmatch,15.835,0.049,14.686,0.058,10.985,0.115,8.671,0.365,Surveyphotometry.dat crossmatch
spec-2112-53534-0229.fits,SDSS J132240.25+322754.2,200.66772881105936,32.465083455228296,1.469593536446421e+18,18.15135383605957,QSO,QSO,xPCA,17471.097222027445,2.5536949577764076,0.00021467387249792132,,,3.479077925272814e-10,6.371816987602174e-05,LMC,22350.92996811523,-1.0819174621987249,18.886,0.022,18.14,0.006,18.142,0.007,18.104,0.01,17.864,0.02,Surveyphotometry.dat crossmatch,99.999,99.999,16.981,0.02,16.533,0.019,15.634,0.016,Surveyphotometry.dat crossmatch,15.301,0.038,14.392,0.048,10.83,0.117,8.473,0.363,Surveyphotometry.dat crossmatch
spec-11401-58491-0546.fits,SDSS J131637.56+311234.3,199.15653639520457,31.209522133239464,1.463405961745042e+18,18.533191680908203,QSO,QSO,xPCA,9538.691562834081,2.288669346402419,0.00011647704183532994,,,0.013256395430199889,0.00180340917121255,SMC,19724.405664741516,-1.6311843078564965,19.333,0.027,18.833,0.009,18.938,0.011,18.753,0.012,18.507,0.02,Surveyphotometry.dat crossmatch,99.999,99.999,17.439,0.022,16.808,0.027,15.958,0.025,Surveyphotometry.dat crossmatch,15.554,0.04,14.651,0.051,11.455,0.147,8.722,0.325,Surveyphotometry.dat crossmatch
spec-2117-54115-0553.fits,spec-2117-54115-0553,208.9380278938077,33.80850209932519,1.4587574026785316e+18,18.859298706054688,GALAXY,GALAXY-PASS,xPCA,4757.315302899985,0.06496516711625828,1.1231771442224394e-05,,,4.9022014373770775,0.003580171356952544,LMC,431781.7477701982,-1.190492439714842,18.549,0.019,16.771,0.004,15.942,0.003,15.561,0.003,15.272,0.0,Surveyphotometry.dat crossmatch,99.999,99.999,14.844,0.004,14.147,0.003,13.739,0.004,Surveyphotometry.dat crossmatch,13.015,0.024,12.947,0.026,12.003,0.302,99.999,99.999,Surveyphotometry.dat crossmatch
spec-2115-53535-0623.fits,SDSS J135559.88+260039.0,208.99952378416435,26.01083819967323,1.4503596764616658e+18,16.62171745300293,QSO,QSO-MIDZ,xPCA,4551.224659535117,0.8508447866947075,0.00010279093923964641,,,2.1487952476390015e-10,1.5799790852094792e-05,MW,8169.112171523334,-1.0316950632728805,17.228,0.009,16.836,0.004,16.731,0.004,16.752,0.005,16.608,0.0,Surveyphotometry.dat crossmatch,99.999,99.999,15.143,0.004,15.189,0.006,14.575,0.007,Surveyphotometry.dat crossmatch,13.153,0.024,11.997,0.022,9.013,0.031,6.502,0.065,Surveyphotometry.dat crossmatch
spec-2029-53819-0466.fits,SDSS J130433.42+320635.5,196.13928019945075,32.10989279656858,1.4670947545375905e+18,18.4749755859375,QSO,QSO-MIDZ,xPCA,5516.209027416036,1.3359847325497909,0.0003298714808519219,,,0.15708223605871696,0.002230488780885928,SMC,8876.827701496253,-1.0409237872636745,18.264,0.015,18.205,0.006,17.883,0.006,17.943,0.008,18.0,0.02,Surveyphotometry.dat crossmatch,99.999,99.999,17.511,0.022,16.666,0.02,16.301,0.028,Surveyphotometry.dat crossmatch,14.692,0.03,13.379,0.029,10.567,0.085,8.328,0.27,Surveyphotometry.dat crossmatch
spec-10256-58193-0684.fits,SDSS J134114.52+355339.6,205.3105074783784,35.89435916691824,1.472120828346108e+18,18.261734008789062,QSO,,Composite model - LMC,10058.981712716388,0.33448242005976375,2.3375473832104587e-05,1.4733365468941849e-09,0.00024429500471756396,1.4733365468941849e-09,0.00024429500471756396,LMC,10058.981712716388,-1.3492324819683046,18.33,0.015,18.382,0.007,18.202,0.007,18.239,0.009,17.519,0.01,Surveyphotometry.dat crossmatch,99.999,99.999,16.982,0.02,16.092,0.019,14.9,0.011,Surveyphotometry.dat crossmatch,13.405,0.024,12.343,0.022,9.87,0.048,7.681,0.138,Surveyphotometry.dat crossmatch
spec-2109-53468-0144.fits,SDSS J133628.16+320344.9,204.11737570657425,32.062486286474055,1.4687925765862408e+18,17.71883773803711,QSO,QSO,xPCA,8866.500011232658,0.37028214867630815,2.6804334738127576e-05,,,7.357788965774159e-13,3.7878475537377195e-05,LMC,10439.226129251274,-1.5209148366269936,17.383,0.01,17.29,0.004,17.295,0.005,17.366,0.006,17.018,0.01,Surveyphotometry.dat crossmatch,99.999,99.999,16.499,0.012,15.641,0.009,14.444,0.006,Surveyphotometry.dat crossmatch,12.892,0.023,11.865,0.021,9.484,0.036,7.393,0.109,Surveyphotometry.dat crossmatch
spec-6494-56363-0920.fits,SDSS J135704.01+304843.3,209.2667123052436,30.812021946764123,1.4540580513246915e+18,18.868995666503906,QSO,QSO,xPCA,9749.132720022826,2.281211486796691,0.00029504977771164777,,,0.12388060241773723,0.001769783803833469,SMC,18639.463281447624,-1.055691506604337,19.488,0.029,19.033,0.01,18.978,0.011,18.997,0.014,18.851,0.03,Surveyphotometry.dat crossmatch,99.999,99.999,18.134,0.045,17.593,0.067,16.813,0.053,Surveyphotometry.dat crossmatch,16.038,0.047,14.886,0.058,11.351,0.138,8.505,0.26,Surveyphotometry.dat crossmatch
spec-2024-53503-0028.fits,spec-2024-53503-0028,207.431273238758,30.857148986828683,1.4571996008597174e+18,18.894250869750977,QSO,QSO-MIDZ,xPCA,4384.188794350833,1.2323803940505378,0.0009457747768511275,,,0.039806229281211206,0.005745511677133865,MW,4550.892007054069,-1.4002017065502488,19.339,0.028,19.238,0.01,18.983,0.011,18.992,0.013,19.039,0.05,Surveyphotometry.dat crossmatch,99.999,99.999,18.174,0.067,17.544,0.055,16.801,0.045,Surveyphotometry.dat crossmatch,15.31,0.036,14.113,0.038,11.505,0.156,99.999,99.999,Surveyphotometry.dat crossmatch
spec-2009-53857-0296.fits,SDSS J130401.70+290647.3,196.00710739534847,29.113155614206864,1.4612684424217846e+18,18.68301010131836,QSO,QSO,xPCA,5939.190503846935,2.188682737653708,0.0006427638013872755,,,0.03582842859160737,0.0021217385287094596,SMC,8225.338420722532,-1.1710795081511067,99.999,9.999,99.999,9.999,99.999,9.999,99.999,9.999,99.999,9.999,Surveyphotometry.dat crossmatch,99.999,99.999,17.568,0.031,17.242,0.038,16.368,0.035,Surveyphotometry.dat crossmatch,15.613,0.044,14.345,0.044,10.864,0.098,8.484,0.274,Surveyphotometry.dat crossmatch
spec-2653-54230-0445.fits,SDSS J133122.10+225950.8,202.8421002564301,22.997467843890213,1.4429580004063944e+18,18.415328979492188,QSO,QSO-MIDZ,xPCA,3981.0013843821957,0.8898615969449548,0.00025063174613126416,,,0.03882049511464999,0.004130132871692636,LMC,4564.7164930066965,-1.1856071118645146,18.711,0.017,18.639,0.008,18.555,0.009,18.524,0.011,18.385,0.03,Surveyphotometry.dat crossmatch,99.999,99.999,17.464,0.025,17.122,0.029,16.185,0.025,Surveyphotometry.dat crossmatch,14.298,0.027,12.861,0.025,9.857,0.049,7.63,0.157,Surveyphotometry.dat crossmatch
spec-2002-53471-0239.fits,SDSS J131821.91+283934.9,199.59133051891183,28.6596825173523,1.4617474515343022e+18,18.87281608581543,QSO,QSO-MIDZ,xPCA,3763.262595944922,1.4756776606488438,0.00048236819940412483,,,0.01605233917180143,0.004702570154893439,SMC,4311.368823063325,-1.4888316484896422,19.556,0.029,19.31,0.011,19.224,0.012,19.016,0.014,19.048,0.04,Surveyphotometry.dat crossmatch,99.999,99.999,18.225,0.048,17.612,0.054,17.216,0.065,Surveyphotometry.dat crossmatch,15.885,0.048,14.444,0.053,11.536,0.192,99.999,99.999,Surveyphotometry.dat crossmatch
spec-2028-53818-0189.fits,spec-2028-53818-0189,206.6655220434482,34.22454856208401,1.470613058603518e+18,18.90024185180664,GALAXY,GALAXY-PASS,xPCA,7399.030881151051,0.025344957588584904,9.381289682710576e-06,,,3.003720262224284,0.0020941125047633236,MW,230372.41560095138,-1.0785180895985722,17.003,0.014,15.225,0.002,14.413,0.002,14.034,0.002,13.742,0.0,Surveyphotometry.dat crossmatch,99.999,99.999,14.361,0.003,13.708,0.003,13.374,0.003,Surveyphotometry.dat crossmatch,12.092,0.023,12.161,0.022,11.661,0.187,99.999,99.999,Surveyphotometry.dat crossmatch
spec-2241-54156-0471.fits,spec-2241-54156-0471,194.76732881128416,27.95914837564705,1.463810620680109e+18,18.984670639038086,GALAXY,GALAXY-PASS,xPCA,4431.073958814341,0.023468394284835294,1.4675608863629e-05,,,2.335327571729415,0.004323172657606289,MW,429346.19576595485,-0.9708551099360575,18.531,0.025,16.713,0.004,15.924,0.003,15.544,0.003,15.245,0.0,Surveyphotometry.dat crossmatch,99.999,99.999,15.082,0.005,14.402,0.005,14.096,0.006,Surveyphotometry.dat crossmatch,13.259,0.024,13.286,0.03,99.999,99.999,99.999,99.999,Surveyphotometry.dat crossmatch
spec-2023-53851-0594.fits,SDSS J132334.69+354128.0,200.8945621842003,35.69113812801957,1.4735706718659139e+18,18.98044776916504,QSO,QSO-MIDZ,xPCA,4321.372558219558,1.3589929616799463,0.000442271913065214,,,0.06508847064764804,0.004086013980967397,SMC,5069.988821634879,-1.3477471563289916,19.134,0.021,19.074,0.009,18.775,0.009,18.763,0.012,18.945,0.04,Surveyphotometry.dat crossmatch,99.999,99.999,17.939,0.054,17.148,0.071,16.77,0.068,Surveyphotometry.dat crossmatch,15.399,0.034,14.182,0.038,11.416,0.126,99.999,99.999,Surveyphotometry.dat crossmatch
spec-2660-54504-0028.fits,SDSS J124611.72+244538.3,191.54885925860088,24.760672766216395,3.9579214210739215e+18,18.17519760131836,QSO,QSO,xPCA,4712.98688567604,1.9500027808412463,0.0006318601561457211,,,0.04855450195854375,0.0020784056036569007,SMC,8231.683594454944,-0.9817758294664163,18.547,0.016,18.473,0.007,18.217,0.008,18.186,0.009,18.124,0.02,Surveyphotometry.dat crossmatch,99.999,99.999,17.302,0.023,16.892,0.024,16.362,0.03,Surveyphotometry.dat crossmatch,15.193,0.035,14.004,0.041,10.714,0.101,8.033,0.2,Surveyphotometry.dat crossmatch
spec-6005-56090-0246.fits,SDSS J135424.90+243006.3,208.60375126178567,24.50174044125764,1.2579860597537068e+18,17.58994483947754,QSO,QSO,xPCA,7359.286948583107,1.8813515941436816,0.00029754344780788696,,,1.8218147259871365e-11,1.7085721908149162e-06,SMC,98761.42461743818,-1.0149897993779866,17.758,0.01,17.709,0.005,17.718,0.006,17.544,0.007,17.536,0.01,Surveyphotometry.dat crossmatch,99.999,99.999,16.648,0.014,16.34,0.017,15.903,0.023,Surveyphotometry.dat crossmatch,14.801,0.032,13.363,0.03,9.976,0.047,7.937,0.165,Surveyphotometry.dat crossmatch
spec-2664-54524-0377.fits,SDSS J132038.77+250159.2,200.16157491289445,25.03308541605483,1.446631056437658e+18,18.967992782592773,QSO,QSO,xPCA,3924.184724227315,2.082831338426574,0.000399612058246798,,,1.0309542913919563e-09,0.00011443959459294314,LMC,5045.4805271875875,-1.172036849340823,19.041,0.02,19.083,0.01,19.021,0.011,18.896,0.013,18.584,0.03,Surveyphotometry.dat crossmatch,99.999,99.999,17.972,0.042,17.482,0.049,16.998,0.055,Surveyphotometry.dat crossmatch,15.835,0.049,14.686,0.058,10.985,0.115,8.671,0.365,Surveyphotometry.dat crossmatch
spec-2028-53818-0258.fits,SDSS J134228.34+334034.8,205.61808548167772,33.676344265558704,1.470491901869205e+18,18.760910034179688,QSO,QSO-MIDZ,xPCA,3917.70728192967,1.221518836395596,0.00036247412911391785,,,3.386996761615274e-09,0.00023412248837890762,MW,4332.86075948798,-1.0387733069556917,18.934,0.02,18.944,0.009,18.756,0.009,18.747,0.012,18.861,0.03,Surveyphotometry.dat crossmatch,99.999,99.999,17.952,0.049,17.319,0.04,16.771,0.047,Surveyphotometry.dat crossmatch,15.29,0.037,13.948,0.036,10.769,0.087,8.251,0.262,Surveyphotometry.dat crossmatch
spec-10256-58193-0252.fits,SDSS J134208.19+343906.3,205.5341459267148,34.65176663943465,1.47086343801685e+18,17.52296257019043,QSO,QSO-MIDZ,xPCA,7407.346504517897,0.490150044154134,6.084407732878525e-05,,,2.0239163453896272e-10,9.384960772972658e-06,LMC,34771.516796189986,-1.451823135497593,17.772,0.01,17.566,0.005,17.794,0.006,17.713,0.007,17.682,0.01,Surveyphotometry.dat crossmatch,99.999,99.999,16.856,0.023,16.161,0.024,15.391,0.017,Surveyphotometry.dat crossmatch,13.836,0.025,12.736,0.025,10.017,0.071,7.901,0.194,Surveyphotometry.dat crossmatch
spec-5986-56328-0920.fits,SDSS J124611.72+244538.3,191.54885925860088,24.760672766216395,3.9579214210739215e+18,18.17519760131836,QSO,QSO-MIDZ,xPCA,5541.131776952942,1.953418864867151,0.00031178298447521026,,,5.5969497699676074e-14,1.2518862494627928e-05,LMC,19535.6942215034,-0.9940349881954085,18.547,0.016,18.473,0.007,18.217,0.008,18.186,0.009,18.124,0.02,Surveyphotometry.dat crossmatch,99.999,99.999,17.302,0.023,16.892,0.024,16.362,0.03,Surveyphotometry.dat crossmatch,15.193,0.035,14.004,0.041,10.714,0.101,8.033,0.2,Surveyphotometry.dat crossmatch
spec-6494-56363-0652.fits,spec-6494-56363-0652,208.07886219157209,30.27496696668309,1.4569225926488356e+18,18.683834075927734,QSO,QSO,xPCA,12838.388279000774,2.2541730605855053,0.00048299195763877475,,,0.30955482411095564,0.0020251848745795886,LMC,35896.84910459015,-1.1216379777378849,19.345,0.026,18.915,0.009,18.82,0.01,18.854,0.012,18.677,0.03,Surveyphotometry.dat crossmatch,99.999,99.999,17.872,0.039,17.473,0.064,16.799,0.055,Surveyphotometry.dat crossmatch,16.018,0.048,14.865,0.06,11.646,0.167,99.999,99.999,Surveyphotometry.dat crossmatch
spec-2472-54175-0467.fits,SDSS J124448.28+300302.4,191.20116921349165,30.050705816260795,1.5132105743082977e+18,18.441307067871094,QSO,QSO,xPCA,19311.826984965915,2.7517163850883968,0.00016494539749395943,,,0.06003707435576165,0.0028991375530816044,MW,22168.523583455113,-1.7676519684668446,19.744,0.038,18.934,0.009,18.805,0.01,18.758,0.013,18.753,0.04,Surveyphotometry.dat crossmatch,99.999,99.999,17.515,0.024,17.109,0.04,16.805,0.047,Surveyphotometry.dat crossmatch,15.918,0.05,14.928,0.066,11.178,0.154,8.877,0.416,Surveyphotometry.dat crossmatch
spec-2239-53726-0509.fits,SDSS J124958.98+302849.1,192.4957625028843,30.48028261610356,1.4652440359495713e+18,18.3212890625,QSO,QSO,xPCA,6931.232372101073,1.631029925089524,0.0002831425878008816,,,0.21431420943219018,0.004060795132024009,LMC,9201.228568777404,-1.1481575461400069,19.352,0.024,19.107,0.01,18.909,0.01,18.571,0.011,18.581,0.02,Surveyphotometry.dat crossmatch,99.999,99.999,17.32,0.025,16.616,0.03,16.47,0.038,Surveyphotometry.dat crossmatch,15.451,0.039,14.299,0.042,11.231,0.147,8.846,0.356,Surveyphotometry.dat crossmatch
spec-10248-58220-0811.fits,SDSS J124422.27+351911.0,191.09282495126448,35.31973714482611,1.515447324556575e+18,18.882061004638672,QSO,QSO,xPCA,7604.567643727072,2.1789167606341806,0.0004303814771656618,,,0.2085953767869265,0.001998615654825009,SMC,11384.712925566057,-1.2324954884606305,19.886,0.037,19.336,0.011,18.954,0.011,18.789,0.012,18.639,0.02,Surveyphotometry.dat crossmatch,99.999,99.999,17.907,0.06,17.319,0.081,16.693,0.057,Surveyphotometry.dat crossmatch,15.739,0.044,14.676,0.053,11.374,0.167,99.999,99.999,Surveyphotometry.dat crossmatch
spec-2664-54524-0428.fits,SDSS J132213.08+245035.6,200.5545248524306,24.8432221061908,1.4466147355618952e+18,18.483043670654297,BAL_QSO,QSO,xPCA,4181.717433923435,1.9063639635399876,0.0006214405972934054,,,1.8117235847398688e-10,0.00017212059655177618,LMC,5091.989820573374,-1.2021114760648761,19.159,0.022,19.073,0.01,18.977,0.011,18.785,0.013,18.818,0.03,Surveyphotometry.dat crossmatch,99.999,99.999,18.013,0.04,17.591,0.05,17.04,0.057,Surveyphotometry.dat crossmatch,15.63,0.044,14.323,0.047,11.289,0.156,99.999,99.999,Surveyphotometry.dat crossmatch
spec-2094-53851-0503.fits,SDSS J134416.48+302029.3,206.06870343260383,30.341466781709908,1.455627157496771e+18,18.61818504333496,QSO,QSO,xPCA,5645.702836954775,2.036423772067025,0.00029285390007167993,,,0.10537749826812542,0.003910386143748321,LMC,6309.331605955313,-1.1710262186993163,18.972,0.022,18.824,0.009,18.689,0.009,18.506,0.011,18.283,0.03,Surveyphotometry.dat crossmatch,99.999,99.999,17.777,0.045,17.42,0.053,16.786,0.044,Surveyphotometry.dat crossmatch,15.418,0.04,14.2,0.044,10.85,0.09,8.479,0.347,Surveyphotometry.dat crossmatch
spec-6002-56104-0132.fits,SDSS J134602.42+245854.5,206.5100892450496,24.98182797327301,1.4444118339515996e+18,18.1458683013916,BAL_QSO,QSO,xPCA,49034.61401044605,2.1268699183152577,0.00013812478033379,,,0.11671992734562739,0.0007553104977681621,SMC,119443.5408625525,-1.2523164615682678,18.33,0.014,18.005,0.006,17.831,0.006,17.739,0.007,17.568,0.01,Surveyphotometry.dat crossmatch,99.999,99.999,17.075,0.019,16.755,0.032,15.967,0.028,Surveyphotometry.dat crossmatch,15.155,0.032,13.883,0.032,10.897,0.085,8.615,0.254,Surveyphotometry.dat crossmatch
spec-2661-54505-0404.fits,SDSS J124830.54+251805.8,192.1272825705542,25.30160790342352,3.9580549430171244e+18,18.586788177490234,QSO,QSO,xPCA,8080.012867150785,2.170479140085291,0.00044388042890323813,,,0.08894514612714773,0.0022269025535348805,SMC,8853.476074281747,-1.1458831584234999,19.487,0.03,19.189,0.01,19.017,0.011,18.865,0.012,18.571,0.03,Surveyphotometry.dat crossmatch,99.999,99.999,17.751,0.041,17.285,0.045,16.408,0.035,Surveyphotometry.dat crossmatch,15.907,0.052,14.728,0.06,11.027,0.14,8.801,0.533,Surveyphotometry.dat crossmatch
spec-2649-54212-0171.fits,spec-2649-54212-0171,193.63864070923267,22.184347170464207,3.954931028619469e+18,17.483516693115234,QSO,QSO-MIDZ,xPCA,3026.9182498289715,1.7684734567953653,0.002863040498534717,,,0.170546997892455,0.0017201460178013772,MW,50843.21038859121,-0.9881796000879658,18.064,0.013,17.63,0.005,17.277,0.006,16.967,0.006,16.731,0.01,Surveyphotometry.dat crossmatch,99.999,99.999,15.719,0.006,15.059,0.006,14.221,0.006,Surveyphotometry.dat crossmatch,13.067,0.024,12.282,0.024,10.114,0.056,8.083,0.191,Surveyphotometry.dat crossmatch
spec-3977-55335-0322.fits,SDSS J130423.24+340438.0,196.09685298532443,34.07725588781307,1.4679244734988915e+18,18.587003707885742,QSO,QSO,xPCA,26750.755048482457,2.5549213768079757,0.0001247208472192782,,,0.13672505769123683,0.001496166940511301,LMC,46415.06862006646,-1.2950454264834834,19.107,0.022,18.601,0.008,18.568,0.009,18.584,0.01,18.375,0.03,Surveyphotometry.dat crossmatch,99.999,99.999,17.219,0.032,16.574,0.025,15.683,0.02,Surveyphotometry.dat crossmatch,15.14,0.034,14.422,0.046,11.6,0.168,99.999,99.999,Surveyphotometry.dat crossmatch
spec-2666-54230-0137.fits,SDSS J134229.63+224952.4,205.62345544834284,22.831238213379727,1.443470407184939e+18,18.44562339782715,QSO,QSO,xPCA,3382.472039619559,1.1110482432360549,0.0003555571612740587,,,3.2445896222033956e-09,0.00011822216826783873,MW,3919.36903275061,-1.0883736068354268,18.573,0.017,18.48,0.007,18.297,0.008,18.338,0.009,18.417,0.02,Surveyphotometry.dat crossmatch,99.999,99.999,17.712,0.034,17.173,0.029,16.545,0.033,Surveyphotometry.dat crossmatch,14.961,0.03,13.662,0.03,10.584,0.07,8.008,0.175,Surveyphotometry.dat crossmatch
spec-2241-54156-0522.fits,spec-2241-54156-0522,195.28932362940807,28.033112730788,1.46080067323993e+18,18.573223114013672,GALAXY,GALAXY-PASS,xPCA,3865.840830903365,0.023410810022403084,2.1285672019408908e-05,,,1.9459933749854903,0.004961561418668214,SMC,318930.4891757577,-0.9715322620629128,18.554,0.025,16.833,0.004,16.095,0.003,15.724,0.004,15.459,0.0,Surveyphotometry.dat crossmatch,99.999,99.999,15.268,0.005,14.607,0.005,14.345,0.006,Surveyphotometry.dat crossmatch,13.62,0.026,13.648,0.035,99.999,99.999,99.999,99.999,Surveyphotometry.dat crossmatch
spec-6481-56363-0540.fits,SDSS J124448.28+300302.4,191.20116921349165,30.050705816260795,1.5132105743082977e+18,18.441307067871094,QSO,QSO,xPCA,17357.044094167224,2.7518891619911314,0.00017174639985275422,,,0.1867253991704172,0.001796379154270028,LMC,22251.002499589595,-1.7459187834482912,19.744,0.038,18.934,0.009,18.805,0.01,18.758,0.013,18.753,0.04,Surveyphotometry.dat crossmatch,99.999,99.999,17.515,0.024,17.109,0.04,16.805,0.047,Surveyphotometry.dat crossmatch,15.918,0.05,14.928,0.066,11.178,0.154,8.877,0.416,Surveyphotometry.dat crossmatch
spec-10258-58492-0548.fits,SDSS J133357.71+341247.4,203.4904644610547,34.21316536381472,1.470058866086615e+18,18.775745391845703,QSO,QSO-MIDZ,xPCA,6001.750498908729,1.095096700347205,0.00029079953647910556,,,2.5041919655532235e-10,3.600062579823735e-05,SMC,7911.092385306504,-1.0218076118535802,19.183,0.023,19.163,0.01,18.994,0.011,19.142,0.016,19.161,0.04,Surveyphotometry.dat crossmatch,99.999,99.999,18.534,0.109,17.743,0.067,17.026,0.066,Surveyphotometry.dat crossmatch,15.2,0.032,13.769,0.031,10.908,0.103,8.085,0.179,Surveyphotometry.dat crossmatch
spec-2017-53474-0605.fits,spec-2017-53474-0605,206.53376441952383,29.636248798446967,1.455350909496013e+18,17.424575805664062,QSO,QSO,xPCA,16304.477312663741,0.07663873330679594,1.561768102465924e-05,,,0.8315493516411817,0.002861410543642362,LMC,82210.83302987294,-3.0274588892802305,16.837,0.008,16.197,0.003,15.862,0.003,15.459,0.003,15.38,0.0,Surveyphotometry.dat crossmatch,99.999,99.999,15.207,0.005,14.491,0.004,13.74,0.004,Surveyphotometry.dat crossmatch,12.416,0.023,11.692,0.022,8.364,0.021,5.838,0.041,Surveyphotometry.dat crossmatch
spec-2117-54115-0333.fits,SDSS J135200.04+325602.9,208.00019161169345,32.93412380972163,1.4586080709589821e+18,18.69443130493164,QSO,QSO-MIDZ,xPCA,4476.831680108227,1.0330439752360194,0.0003275784401220111,,,1.2519669545865697e-11,2.389472071154418e-05,MW,9116.943050117809,-1.112096063761506,18.809,0.022,18.748,0.008,18.627,0.009,18.72,0.011,18.621,0.03,Surveyphotometry.dat crossmatch,99.999,99.999,17.807,0.042,17.266,0.037,16.342,0.034,Surveyphotometry.dat crossmatch,14.756,0.032,13.423,0.031,10.518,0.071,8.158,0.203,Surveyphotometry.dat crossmatch
spec-2110-53467-0328.fits,SDSS J132503.72+320504.8,201.26550879485853,32.08467827453096,1.469354319651861e+18,18.690692901611328,BAL_QSO,QSO,xPCA,7942.874042715292,1.9325958398271466,0.0003883854137557847,,,5.270161729437929e-10,0.00014983082663888703,SMC,10162.220650682035,-1.2905475350347275,18.695,0.018,18.471,0.007,18.408,0.008,18.336,0.011,18.251,0.03,Surveyphotometry.dat crossmatch,99.999,99.999,17.831,0.039,17.435,0.041,16.916,0.047,Surveyphotometry.dat crossmatch,15.343,0.037,13.896,0.036,10.298,0.07,7.891,0.212,Surveyphotometry.dat crossmatch
spec-2783-54524-0341.fits,SDSS J134837.04+235043.1,207.1543520832221,23.8453197583041,1.4440059724266532e+18,18.316434860229492,QSO,QSO-MIDZ,xPCA,6241.645589560269,1.376128919101026,0.0002007234182729632,,,1.185597936015706e-10,1.503435729280269e-05,LMC,17713.362767959046,-1.1064759274465394,18.904,0.02,18.966,0.009,18.55,0.009,18.562,0.011,18.644,0.02,Surveyphotometry.dat crossmatch,99.999,99.999,17.486,0.025,16.642,0.026,16.467,0.038,Surveyphotometry.dat crossmatch,15.001,0.033,13.509,0.03,10.317,0.062,8.251,0.225,Surveyphotometry.dat crossmatch
spec-2239-53726-0066.fits,SDSS J125224.99+291321.1,193.10410020538376,29.222570929040877,1.4648412066724943e+18,17.324575424194336,QSO,QSO-MIDZ,xPCA,7018.892298559926,0.8230139837567323,0.00010544899911051913,,,5.155373025179932e-10,1.7200298105173533e-05,SMC,11134.517360358068,-1.0045241334982815,17.521,0.01,17.299,0.005,17.193,0.005,17.243,0.006,17.146,0.01,Surveyphotometry.dat crossmatch,99.999,99.999,16.016,0.008,15.833,0.014,15.052,0.011,Surveyphotometry.dat crossmatch,13.246,0.023,11.9,0.022,8.948,0.032,6.622,0.078,Surveyphotometry.dat crossmatch
spec-2243-53794-0003.fits,SDSS J131935.55+261025.4,199.89815277096807,26.173745353400733,1.447775957279671e+18,18.564525604248047,QSO,QSO-MIDZ,xPCA,4718.20085668934,1.2246925476731114,0.0005516023557932104,,,7.812037038849688e-10,0.00010857213713050777,SMC,5876.813173315386,-1.3585282213713037,19.224,0.024,18.924,0.009,18.674,0.009,18.687,0.012,18.625,0.03,Surveyphotometry.dat crossmatch,99.999,99.999,17.826,0.035,17.132,0.031,99.999,99.999,Surveyphotometry.dat crossmatch,14.65,0.03,13.493,0.03,11.02,0.115,9.094,0.528,Surveyphotometry.dat crossmatch
spec-2006-53476-0535.fits,spec-2006-53476-0535,195.47527127604707,34.75866014375339,1.5160527818032364e+18,18.94187355041504,GALAXY,GALAXY-PASS,xPCA,3810.3932110159426,0.048841830972922384,1.6452334377240192e-05,,,2.1862023098126757,0.003748864111732475,SMC,443278.73486733495,-1.1342415537759303,18.322,0.028,16.575,0.004,15.778,0.003,15.413,0.003,15.097,0.0,Surveyphotometry.dat crossmatch,99.999,99.999,15.351,0.005,14.688,0.006,14.374,0.008,Surveyphotometry.dat crossmatch,13.36,0.025,13.326,0.028,12.27,0.405,99.999,99.999,Surveyphotometry.dat crossmatch
spec-6001-56072-0363.fits,SDSS J134659.96+231251.6,206.7498387114264,23.214351602588323,1.251436165907973e+18,18.72059440612793,QSO,QSO,xPCA,51140.12999639177,2.2996661383995893,0.0001513175494250664,,,0.3576351148480882,0.002249972990194332,LMC,72314.87292962067,-1.7184262970202844,19.61,0.03,18.856,0.009,18.666,0.009,18.611,0.011,18.344,0.02,Surveyphotometry.dat crossmatch,99.999,99.999,17.435,0.026,16.89,0.034,16.15,0.031,Surveyphotometry.dat crossmatch,15.68,0.042,14.659,0.052,11.563,0.173,8.865,0.473,Surveyphotometry.dat crossmatch
sdssJ130848+233515_combined.dat,sdssJ130848+233515_combined,197.20389265829863,23.587648396817443,3.944836343645998e+18,,STAR,G7_+0.0_Dwarf.fits,Stellar-templates,100.64708856054355,,,,,1.0772124094695974,0.06126321416494773,SMC,1039.3401499820725,-1.1299223131464977,20.405,0.045,18.774,0.008,18.099,0.007,17.822,0.008,17.673,0.02,Surveyphotometry.dat crossmatch,99.999,99.999,16.661,0.014,16.148,0.014,16.024,0.024,Surveyphotometry.dat crossmatch,16.13,0.055,16.331,0.209,99.999,99.999,99.999,99.999,Surveyphotometry.dat crossmatch
spec-2240-53823-0639.fits,spec-2240-53823-0639,195.22550731530183,27.783732672305128,1.46078785705751e+18,18.85621452331543,GALAXY,GALAXY-PASS,xPCA,4882.4885894731015,0.02770862182781597,1.0971579899058964e-05,,,3.4270171965789014,0.004637460169764962,LMC,178587.52698907003,-0.9893020663935564,17.243,0.015,15.605,0.003,14.897,0.003,14.535,0.003,14.252,0.0,Surveyphotometry.dat crossmatch,99.999,99.999,15.006,0.004,14.356,0.004,14.093,0.005,Surveyphotometry.dat crossmatch,12.87,0.023,12.924,0.026,11.687,0.252,99.999,99.999,Surveyphotometry.dat crossmatch
spec-2239-53726-0408.fits,SDSS J124903.44+304322.2,192.2643392141194,30.722818553154596,1.4653092163734825e+18,18.488000869750977,QSO,QSO,xPCA,5143.289448394735,1.1436308571542027,0.0001576066085670809,,,0.20084755801573362,0.0028320208279225545,MW,6262.638954189235,-0.9981174201855026,18.805,0.022,18.705,0.008,18.429,0.008,18.291,0.01,18.336,0.03,Surveyphotometry.dat crossmatch,99.999,99.999,17.567,0.031,16.934,0.038,16.071,0.027,Surveyphotometry.dat crossmatch,14.68,0.031,13.217,0.029,10.129,0.066,7.478,0.144,Surveyphotometry.dat crossmatch
spec-2651-54507-0424.fits,spec-2651-54507-0424,198.11741893398263,22.64380893776674,3.9439679012584417e+18,18.157655715942383,QSO,QSO,xPCA,9393.97119244643,0.12706769024349196,1.873634063301253e-05,,,1.4527466637738295,0.004295349795006342,SMC,18784.07751645167,-2.406141023254977,19.055,0.023,18.411,0.007,17.77,0.006,17.2,0.006,17.135,0.01,Surveyphotometry.dat crossmatch,99.999,99.999,16.141,0.008,15.515,0.008,14.71,0.008,Surveyphotometry.dat crossmatch,13.678,0.026,12.745,0.025,9.885,0.051,7.515,0.144,Surveyphotometry.dat crossmatch
spec-5861-56069-0742.fits,SDSS J133403.68+222347.4,203.515336867826,22.3965057701033,1.4422085114334996e+18,17.54214096069336,QSO,QSO-MIDZ,xPCA,35692.69203308764,1.6959386191410468,0.00013150102925621514,,,0.0633185148760664,0.0008450483498643989,SMC,86794.66402553201,-1.000200842050686,18.208,0.014,17.93,0.006,17.834,0.006,17.612,0.007,17.611,0.01,Surveyphotometry.dat crossmatch,99.999,99.999,16.53,0.013,16.028,0.012,15.604,0.016,Surveyphotometry.dat crossmatch,14.462,0.028,13.071,0.027,9.91,0.047,7.509,0.141,Surveyphotometry.dat crossmatch
spec-2783-54524-0157.fits,SDSS J135443.27+232128.9,208.68032561764423,23.358033620198626,1.2516644219453834e+18,18.943252563476562,QSO,QSO,xPCA,7146.876644991828,2.2429274724322688,0.0001711676178582154,,,3.3847365285989e-11,1.531596168483662e-05,SMC,12669.012340252417,-1.1900695052242252,19.183,0.025,18.795,0.008,18.802,0.01,18.692,0.011,18.469,0.03,Surveyphotometry.dat crossmatch,99.999,99.999,17.768,0.034,17.169,0.044,16.307,0.034,Surveyphotometry.dat crossmatch,15.932,0.051,14.975,0.066,11.731,0.208,9.161,0.472,Surveyphotometry.dat crossmatch
spec-2110-53467-0338.fits,spec-2110-53467-0338,201.29045795269045,32.01443255315494,1.4693530869980285e+18,18.75457763671875,GALAXY,GALAXY-PASS,xPCA,12961.680673183471,0.0402232785735993,9.906184609476148e-06,,,1.9420094728603117,0.003586039957815368,MW,303458.6811645029,-1.9564210102492472,17.252,0.014,15.78,0.003,15.115,0.003,14.74,0.003,14.452,0.0,Surveyphotometry.dat crossmatch,99.999,99.999,14.989,0.004,14.231,0.003,13.784,0.004,Surveyphotometry.dat crossmatch,12.499,0.038,12.28,0.039,8.343,0.035,5.697,0.071,Surveyphotometry.dat crossmatch
spec-2665-54232-0166.fits,SDSS J133304.01+234456.5,203.2667286440257,23.749021237368176,1.4431158834043976e+18,17.99665641784668,QSO,QSO,xPCA,6255.654125938832,1.641496259278528,0.0001905198066325146,,,2.950735481150636e-10,5.127679128617688e-05,MW,9478.359663390804,-1.0949116373655428,18.182,0.013,18.126,0.006,18.071,0.007,17.858,0.008,17.828,0.01,Surveyphotometry.dat crossmatch,99.999,99.999,16.663,0.013,16.054,0.012,15.777,0.018,Surveyphotometry.dat crossmatch,14.794,0.031,13.656,0.033,10.604,0.073,8.703,0.426,Surveyphotometry.dat crossmatch
sdssJ135531+254633_combined.dat,sdssJ135531+254633_combined,208.88298060644584,25.77596160351564,1.4503297104743736e+18,,STAR,STAR-M,xPCA,259.5353906169506,0.0,6.809999561134386e-05,,,3.376055618886108,0.08746594232264093,LMC,1123.1735961128238,-1.813094880768278,22.533,0.27,20.13,0.016,18.94,0.01,18.517,0.01,18.222,0.02,Surveyphotometry.dat crossmatch,99.999,99.999,17.115,0.018,16.52,0.016,16.375,0.029,Surveyphotometry.dat crossmatch,16.341,0.06,16.181,0.16,99.999,99.999,99.999,99.999,Surveyphotometry.dat crossmatch
spec-10250-58472-0093.fits,SDSS J125338.10+323450.9,193.4087578994448,32.58081485093348,1.513942097433808e+18,18.865400314331055,QSO,QSO,xPCA,6403.390623767116,0.5113672249338461,3.728165196136956e-05,,,1.0145503144196044e-13,1.677302787196565e-05,LMC,19839.808430070254,-2.082771711525369,19.389,0.029,19.046,0.01,19.222,0.013,19.069,0.014,19.046,0.04,Surveyphotometry.dat crossmatch,99.999,99.999,18.068,0.052,17.254,0.053,16.366,0.041,Surveyphotometry.dat crossmatch,15.04,0.034,13.954,0.037,11.538,0.178,8.236,0.249,Surveyphotometry.dat crossmatch
spec-6486-56328-0706.fits,SDSS J131435.15+301803.1,198.64648572534935,30.30088642967254,1.46278993029225e+18,18.036924362182617,QSO,QSO,xPCA,115960.2903696074,1.9180192291130125,0.00028883188226663635,,,0.4034647359379845,0.0006867870131171683,SMC,317077.9102532019,-1.3036393093831797,19.03,0.025,18.421,0.007,17.964,0.007,17.695,0.007,17.591,0.01,Surveyphotometry.dat crossmatch,99.999,99.999,16.777,0.013,16.444,0.017,15.96,0.023,Surveyphotometry.dat crossmatch,14.89,0.031,13.617,0.031,10.211,0.055,7.591,0.106,Surveyphotometry.dat crossmatch
spec-3853-55268-0388.fits,SDSS J134840.17+350614.1,207.16744234532263,35.10391958432537,1.4710524466410253e+18,18.140039443969727,QSO,QSO,xPCA,101941.6931906583,2.8018047978734555,6.792328732851518e-05,,,0.15001980060481457,0.0014371427291293148,LMC,181607.22100717967,-2.6265526487276247,19.669,0.03,99.999,9.999,18.243,0.007,18.263,0.009,99.999,9.999,Surveyphotometry.dat crossmatch,99.999,99.999,16.844,0.02,16.337,0.029,15.839,0.025,Surveyphotometry.dat crossmatch,15.027,0.033,14.16,0.04,11.235,0.139,99.999,99.999,Surveyphotometry.dat crossmatch
spec-2110-53467-0021.fits,SDSS J133511.58+304246.1,203.79824201170723,30.71281591844132,1.4562938781562473e+18,18.595399856567383,QSO,QSO,xPCA,6260.33635264905,0.4040740085525396,3.653262285579627e-05,,,0.046278283629975596,0.004048617469969935,LMC,8433.103371300444,-1.5251303601851876,17.958,0.013,17.77,0.005,17.791,0.006,17.681,0.007,17.343,0.01,Surveyphotometry.dat crossmatch,99.999,99.999,16.437,0.015,15.57,0.012,14.494,0.007,Surveyphotometry.dat crossmatch,13.088,0.026,12.064,0.023,9.611,0.041,7.085,0.111,Surveyphotometry.dat crossmatch
spec-2101-53858-0091.fits,SDSS J133955.49+353224.2,204.9812584673791,35.54011052002684,1.471733838909099e+18,18.914587020874023,QSO,QSO,xPCA,3940.1221349688876,1.064203191496691,0.000474433491548351,,,1.8757524046920764e-09,0.0003275324463072138,MW,4237.4254581733,-1.121920674863286,19.143,0.022,18.991,0.009,18.712,0.009,18.772,0.012,18.741,0.03,Surveyphotometry.dat crossmatch,99.999,99.999,18.715,0.101,17.732,0.088,16.747,0.057,Surveyphotometry.dat crossmatch,15.013,0.032,13.958,0.036,10.962,0.103,8.815,0.375,Surveyphotometry.dat crossmatch
spec-2239-53726-0001.fits,SDSS J125247.31+283419.0,193.1971614519273,28.571961796561776,1.4640322066322378e+18,18.002479553222656,QSO,QSO-MIDZ,xPCA,5872.243504955004,0.831766026676173,0.00018167189298725554,,,0.14785165912269485,0.003321384796627344,LMC,6025.840888038799,-1.0620122870262472,18.459,0.017,18.174,0.007,18.012,0.007,18.01,0.008,17.875,0.02,Surveyphotometry.dat crossmatch,99.999,99.999,16.615,0.018,16.358,0.016,99.999,99.999,Surveyphotometry.dat crossmatch,13.921,0.026,12.745,0.025,10.27,0.064,7.881,0.18,Surveyphotometry.dat crossmatch
spec-6006-56105-0342.fits,SDSS J134825.14+270616.1,207.10479289980995,27.104491193497136,1.4514996939253975e+18,18.265966415405273,BAL_QSO,QSO,xPCA,70262.46692735446,2.1947667524978574,0.00014839991578761798,,,0.17522915547337495,0.0007951459011557027,SMC,89054.87363645915,-1.1778523419219615,18.391,0.015,18.068,0.006,17.939,0.006,17.901,0.008,17.694,0.01,Surveyphotometry.dat crossmatch,99.999,99.999,17.055,0.021,16.653,0.03,15.77,0.021,Surveyphotometry.dat crossmatch,14.914,0.031,13.487,0.03,10.019,0.05,7.917,0.14,Surveyphotometry.dat crossmatch
spec-2648-54485-0335.fits,SDSS J124047.59+233105.3,190.19833827868283,23.518142612526283,3.956234254840768e+18,18.797019958496094,QSO,QSO-MIDZ,xPCA,5931.568387089067,0.6789199898069189,0.00023725748662997833,,,2.1151057107474634e-09,0.0007731126295161195,LMC,8013.6376240862155,-1.3820381339955576,19.314,0.027,18.858,0.008,18.926,0.01,18.851,0.013,18.738,0.03,Surveyphotometry.dat crossmatch,99.999,99.999,17.721,0.04,16.957,0.045,15.861,0.027,Surveyphotometry.dat crossmatch,14.316,0.028,13.263,0.029,10.632,0.089,8.269,0.285,Surveyphotometry.dat crossmatch
spec-6001-56072-0010.fits,SDSS J135443.27+232128.9,208.68032561764423,23.358033620198626,1.2516644219453834e+18,18.943252563476562,QSO,QSO,xPCA,7118.153238276921,2.2434708563351067,0.00014141745375079593,,,4.57513085413714e-09,0.00015128997284774505,MW,15425.238734256309,-1.3359357223167692,19.183,0.025,18.795,0.008,18.802,0.01,18.692,0.011,18.469,0.03,Surveyphotometry.dat crossmatch,99.999,99.999,17.768,0.034,17.169,0.044,16.307,0.034,Surveyphotometry.dat crossmatch,15.932,0.051,14.975,0.066,11.731,0.208,9.161,0.472,Surveyphotometry.dat crossmatch
sdssJ135845+305859_combined.dat,sdssJ135845+305859_combined,209.6880612478344,30.983206751692958,1.4540752698492646e+18,17.931184768676758,QSO,,Composite model - MW,357.64686398866377,0.8893456132832117,0.0014035447960643599,1.3750089120686398e-11,0.000944029750482453,1.3750089120686398e-11,0.000944029750482453,MW,357.64686398866377,-1.0833708763678411,17.88,0.012,17.529,0.005,17.42,0.005,17.508,0.007,17.443,0.01,Surveyphotometry.dat crossmatch,99.999,99.999,16.278,0.01,16.16,0.022,15.219,0.015,Surveyphotometry.dat crossmatch,13.404,0.024,12.079,0.022,9.313,0.028,7.039,0.065,Surveyphotometry.dat crossmatch
spec-2117-54115-0089.fits,SDSS J135842.36+315937.8,209.6765211872742,31.99386484685134,1.457531511636398e+18,18.680965423583984,QSO,QSO-MIDZ,xPCA,4276.840149981973,1.4964316058134646,0.00037390659222390075,,,0.0964371987578497,0.003192658360493726,SMC,4833.85800037763,-1.130358881533795,19.109,0.023,18.861,0.009,18.784,0.01,18.603,0.011,18.708,0.03,Surveyphotometry.dat crossmatch,99.999,99.999,17.81,0.038,17.137,0.046,16.866,0.055,Surveyphotometry.dat crossmatch,15.754,0.041,14.432,0.044,11.599,0.155,9.363,0.509,Surveyphotometry.dat crossmatch
spec-2112-53534-0191.fits,SDSS J132249.49+324826.8,200.7062662152161,32.80742177908019,1.4696367910610286e+18,18.6806640625,QSO,QSO,xPCA,3674.351116655773,1.6466843900193306,0.0003750091183434129,,,3.0144022884369057e-10,9.858356821257206e-05,SMC,4092.896265653362,-1.1235434747975523,18.625,0.016,18.513,0.007,18.544,0.008,18.391,0.009,18.375,0.02,Surveyphotometry.dat crossmatch,99.999,99.999,17.58,0.033,16.97,0.047,16.639,0.051,Surveyphotometry.dat crossmatch,15.347,0.039,13.942,0.037,11.088,0.125,8.885,0.448,Surveyphotometry.dat crossmatch
spec-2009-53857-0503.fits,SDSS J131014.85+301756.2,197.56190432994444,30.29896549321577,1.4629395669528356e+18,18.627342224121094,BAL_QSO,QSO,xPCA,6739.825603574212,1.9350568088234354,0.00040593561388557395,,,0.4512207785406507,0.0032166547409610835,SMC,8426.380761039956,-1.4337152470958603,19.452,0.031,19.209,0.011,18.82,0.01,18.314,0.01,18.158,0.02,Surveyphotometry.dat crossmatch,99.999,99.999,17.251,0.025,16.754,0.029,16.11,0.026,Surveyphotometry.dat crossmatch,14.965,0.031,13.873,0.035,10.547,0.06,8.22,0.186,Surveyphotometry.dat crossmatch
spec-1987-53765-0581.fits,SDSS J125336.19+343801.7,193.40081815581496,34.63382719752402,1.5158748627810985e+18,18.942493438720703,QSO,QSO,xPCA,3847.6995125056997,1.6039168649035103,0.0004250921395206289,,,0.2874502327441963,0.004761481693922515,SMC,4381.431324346803,-1.4318028626793655,19.81,0.035,19.485,0.012,19.171,0.012,18.887,0.013,18.935,0.03,Surveyphotometry.dat crossmatch,99.999,99.999,18.082,0.057,17.213,0.064,17.065,0.07,Surveyphotometry.dat crossmatch,15.683,0.044,14.527,0.051,11.671,0.202,99.999,99.999,Surveyphotometry.dat crossmatch
spec-1987-53765-0082.fits,SDSS J125143.69+324133.5,192.93208834102035,32.692664093471414,1.513990029268792e+18,18.453758239746094,QSO,QSO,xPCA,6732.596548130167,0.27423637936122214,2.0383948584253956e-05,,,0.40739301097372116,0.005339091692158349,MW,10487.343717186814,-1.6708864477081802,17.971,0.013,17.907,0.006,17.786,0.006,17.787,0.008,17.315,0.01,Surveyphotometry.dat crossmatch,99.999,99.999,16.909,0.016,16.246,0.023,15.335,0.016,Surveyphotometry.dat crossmatch,14.064,0.026,13.04,0.027,10.231,0.066,7.813,0.167,Surveyphotometry.dat crossmatch
spec-2654-54231-0604.fits,spec-2654-54231-0604,206.514719149132,22.118813066319024,1.2512081933388186e+18,18.687807083129883,GALAXY,GALAXY-PASS,xPCA,6578.149121161777,0.02770862182781597,8.502087512094086e-06,,,2.593472944899954,0.0016149259830742224,SMC,228506.67569113444,-1.0207810635097117,16.435,0.009,14.706,0.002,13.937,0.002,13.561,0.002,13.25,0.0,Surveyphotometry.dat crossmatch,99.999,99.999,13.866,0.002,13.182,0.002,12.849,0.002,Surveyphotometry.dat crossmatch,11.438,0.023,11.485,0.021,10.884,0.087,99.999,99.999,Surveyphotometry.dat crossmatch
spec-2242-54153-0559.fits,SDSS J130730.99+270859.4,196.87915927558797,27.14986841529377,1.459727236357358e+18,18.671472549438477,QSO,QSO,xPCA,5860.055015742812,1.7845047348749556,0.00020981182657063509,,,0.11371467680237633,0.0040723447929903525,LMC,7214.271552634538,-1.2813770344480313,19.014,0.021,18.91,0.008,18.807,0.01,18.472,0.01,18.375,0.02,Surveyphotometry.dat crossmatch,99.999,99.999,17.47,0.028,16.948,0.03,16.39,0.034,Surveyphotometry.dat crossmatch,15.364,0.037,14.283,0.041,11.001,0.117,9.052,0.475,Surveyphotometry.dat crossmatch
spec-6005-56090-0018.fits,SDSS J135946.87+254909.1,209.9452956376281,25.819202442955888,1.258549181505723e+18,18.842771530151367,QSO,QSO-MIDZ,xPCA,6256.00078237993,1.8847620757381787,0.00032480159738468284,,,0.035374091710638274,0.002050316115694676,SMC,7587.571669114064,-1.0260379970848605,18.92,0.021,18.916,0.009,18.892,0.01,18.669,0.012,18.619,0.03,Surveyphotometry.dat crossmatch,99.999,99.999,17.749,0.032,17.463,0.038,16.971,0.052,Surveyphotometry.dat crossmatch,15.726,0.045,14.216,0.04,10.918,0.103,8.794,0.353,Surveyphotometry.dat crossmatch
spec-1975-53734-0074.fits,SDSS J124935.24+313355.2,192.3968511223742,31.56534786654681,1.513414877312494e+18,18.37143325805664,QSO,QSO-MIDZ,xPCA,4014.70393385763,0.8949161621920716,0.00017808428894657086,,,6.241712302719991e-09,7.525649249417012e-09,MW,10221.754154602335,-1.1172402595078903,18.519,0.017,18.283,0.007,18.269,0.008,18.403,0.011,18.389,0.03,Surveyphotometry.dat crossmatch,99.999,99.999,17.314,0.021,17.213,0.058,16.619,0.043,Surveyphotometry.dat crossmatch,15.128,0.034,13.869,0.037,11.06,0.118,99.999,99.999,Surveyphotometry.dat crossmatch
spec-6496-56363-0745.fits,SDSS J133932.73+322942.9,204.8863971911277,32.495275650046416,1.4688900165067817e+18,18.987836837768555,QSO,QSO,xPCA,16228.160249217088,2.362173695655057,0.00011168251311820788,,,0.09678333739473834,0.004734455493384734,MW,27960.418169002292,-1.1783840399752668,19.503,0.027,19.009,0.009,19.052,0.011,19.03,0.013,18.799,0.03,Surveyphotometry.dat crossmatch,99.999,99.999,18.184,0.055,17.611,0.079,16.806,0.059,Surveyphotometry.dat crossmatch,16.412,0.07,15.372,0.096,12.016,0.28,9.001,0.434,Surveyphotometry.dat crossmatch
spec-2119-53792-0241.fits,SDSS J135611.12+241532.1,209.0463744162964,24.258929436536796,1.2579237698436232e+18,17.979888916015625,QSO,QSO-MIDZ,xPCA,4793.508397815828,1.5479654891336503,0.00042746887422598606,,,0.08132971487151333,0.0023928777053654413,SMC,7305.924367373291,-1.1193062825292008,18.657,0.019,18.421,0.007,18.168,0.007,17.941,0.008,17.857,0.01,Surveyphotometry.dat crossmatch,99.999,99.999,16.782,0.014,16.127,0.014,15.743,0.02,Surveyphotometry.dat crossmatch,14.774,0.03,13.416,0.032,10.167,0.053,7.587,0.127,Surveyphotometry.dat crossmatch
spec-2664-54524-0147.fits,SDSS J132358.10+235726.0,200.992125484105,23.957246788789814,1.4463010354462272e+18,18.56740379333496,QSO,QSO-MIDZ,xPCA,6008.912253519584,0.3945368667414435,9.898690130084988e-05,,,1.332996077125885e-08,0.0015078163543429516,MW,26129.397801936917,-1.4161854522248203,18.433,0.015,18.328,0.007,18.298,0.008,18.203,0.009,17.787,0.02,Surveyphotometry.dat crossmatch,99.999,99.999,16.782,0.014,15.917,0.013,14.917,0.01,Surveyphotometry.dat crossmatch,13.609,0.025,12.749,0.026,10.5,0.085,8.324,0.298,Surveyphotometry.dat crossmatch
spec-1987-53765-0217.fits,SDSS J124855.94+331115.4,192.23312248812087,33.187604302603845,1.5141722389616858e+18,18.13579559326172,QSO,QSO-MIDZ,xPCA,4033.6886782119545,0.723733015662055,0.0001857981939876261,,,6.183067296008926e-11,0.0005117488870979698,MW,4510.2732263045455,-1.2084784243632312,18.174,0.014,17.921,0.006,17.923,0.006,18.027,0.009,17.916,0.02,Surveyphotometry.dat crossmatch,99.999,99.999,17.296,0.024,16.738,0.037,15.84,0.025,Surveyphotometry.dat crossmatch,14.179,0.027,13.025,0.026,10.39,0.07,8.302,0.229,Surveyphotometry.dat crossmatch
spec-2242-54153-0048.fits,SDSS J130855.04+260411.0,197.22934151105687,26.06973910289984,1.4594056292055588e+18,18.496553421020508,QSO,QSO-MIDZ,xPCA,3955.9001010160746,1.2090396430024921,0.0005056170204722517,,,0.25263876372085026,0.0046945876875392895,LMC,4373.820377935981,-1.028856675212734,19.3,0.025,19.127,0.01,18.622,0.009,18.573,0.011,18.647,0.03,Surveyphotometry.dat crossmatch,99.999,99.999,17.681,0.03,17.098,0.029,16.382,0.031,Surveyphotometry.dat crossmatch,14.936,0.033,13.633,0.036,10.664,0.13,7.867,0.239,Surveyphotometry.dat crossmatch
spec-5996-56096-0442.fits,SDSS J132009.71+235622.7,200.0404555761889,23.939639692429893,1.4461215358777723e+18,18.446693420410156,QSO,QSO,xPCA,5013.389265912974,2.0392455377828216,0.0004432844512794086,,,0.11555724548132919,0.0015540265686872015,SMC,8510.776455244266,-0.9885643235880512,18.882,0.021,18.793,0.008,18.692,0.009,18.616,0.01,18.398,0.02,Surveyphotometry.dat crossmatch,99.999,99.999,17.778,0.033,17.403,0.048,16.755,0.046,Surveyphotometry.dat crossmatch,15.768,0.049,14.456,0.048,11.298,0.161,8.704,0.44,Surveyphotometry.dat crossmatch
spec-1978-53473-0234.fits,SDSS J132858.23+281946.7,202.2426569067938,28.32965024733615,1.44972552883526e+18,18.20146369934082,QSO,QSO,xPCA,7131.360441920016,0.44004729402743986,3.267711171199937e-05,,,0.22547733301376466,0.004349951457219961,SMC,9968.922829981977,-2.2093237912781762,18.791,0.02,18.444,0.007,18.33,0.008,18.173,0.009,18.022,0.02,Surveyphotometry.dat crossmatch,99.999,99.999,16.935,0.016,16.13,0.014,15.012,0.01,Surveyphotometry.dat crossmatch,13.412,0.025,12.184,0.022,9.426,0.039,7.027,0.083,Surveyphotometry.dat crossmatch
spec-2115-53535-0433.fits,SDSS J134756.66+254512.6,206.98609315940587,25.75350745442548,1.4505157383932861e+18,18.00663948059082,QSO,QSO-MIDZ,xPCA,4102.847423598978,0.8641034061110826,0.00021153974446254116,,,3.4753761581898454e-10,4.374902744985775e-05,LMC,6344.54895422223,-1.0409210132306985,18.189,0.014,18.103,0.006,17.998,0.007,17.999,0.008,17.886,0.02,Surveyphotometry.dat crossmatch,99.999,99.999,16.824,0.016,16.496,0.022,15.617,0.02,Surveyphotometry.dat crossmatch,13.993,0.025,12.771,0.024,10.035,0.047,7.632,0.114,Surveyphotometry.dat crossmatch
spec-2024-53503-0005.fits,spec-2024-53503-0005,207.502643067814,31.456317396786687,1.457255263635857e+18,18.549724578857422,QSO,QSO,xPCA,4204.230634627334,0.4902186696798432,7.005119774564852e-05,,,0.17775576456032935,0.007492145651030166,LMC,4768.2637189729,-1.6626501491415715,18.716,0.02,18.383,0.007,18.369,0.008,18.207,0.01,18.234,0.03,Surveyphotometry.dat crossmatch,99.999,99.999,17.429,0.024,16.761,0.037,15.985,0.027,Surveyphotometry.dat crossmatch,14.616,0.03,13.462,0.03,10.211,0.056,7.207,0.087,Surveyphotometry.dat crossmatch
spec-6494-56363-0265.fits,SDSS J135449.63+294918.8,208.70680255549047,29.821899202090147,1.4538503467063977e+18,18.61347770690918,QSO,QSO,xPCA,70140.54324646489,2.610035222429976,0.00020920817851365997,,,0.30890471490662735,0.0018956180068308015,LMC,92097.15385334434,-1.380126246883142,19.603,0.032,18.879,0.009,18.706,0.01,18.649,0.012,18.495,0.03,Surveyphotometry.dat crossmatch,99.999,99.999,17.281,0.028,16.82,0.024,16.348,0.031,Surveyphotometry.dat crossmatch,15.378,0.036,14.101,0.036,10.455,0.058,8.019,0.154,Surveyphotometry.dat crossmatch
spec-2117-54115-0320.fits,SDSS J135123.87+311320.8,207.8494734310728,31.222444942914983,1.4572346091371553e+18,18.581974029541016,QSO,QSO-MIDZ,xPCA,9787.099962562563,1.3394064177234384,0.0006378591438429738,,,1.7071099403325428e-09,0.00018671313562219278,SMC,10121.256120904329,-1.4814097006006928,19.129,0.022,18.947,0.009,18.678,0.009,18.701,0.012,18.918,0.03,Surveyphotometry.dat crossmatch,99.999,99.999,17.991,0.039,17.348,0.058,16.875,0.057,Surveyphotometry.dat crossmatch,15.384,0.037,13.985,0.038,10.898,0.097,8.354,0.262,Surveyphotometry.dat crossmatch
spec-1838-53467-0277.fits,SDSS J135608.09+343948.2,209.03374578915108,34.66337469886002,1.4588656315578555e+18,18.47891616821289,QSO,QSO-MIDZ,xPCA,4332.976032206912,1.151047496548658,0.00047245908935396276,,,0.0409922205571395,0.0029065379624504117,MW,4727.531826669558,-1.0096397825018038,19.123,0.023,18.912,0.009,18.559,0.009,18.466,0.01,18.495,0.03,Surveyphotometry.dat crossmatch,99.999,99.999,17.304,0.04,16.791,0.046,16.018,0.03,Surveyphotometry.dat crossmatch,14.786,0.032,13.542,0.032,10.878,0.085,8.547,0.284,Surveyphotometry.dat crossmatch
spec-2239-53726-0203.fits,SDSS J124912.42+284821.6,192.30173138994505,28.806015606537237,3.962813633637592e+18,18.562484741210938,QSO,QSO,xPCA,6758.412773991647,1.7149768346503376,0.001153779432721305,,,0.2654112514846356,0.003306590059512976,SMC,7766.830954904343,-1.574329641675667,19.559,0.027,19.183,0.01,18.933,0.01,18.629,0.011,18.555,0.03,Surveyphotometry.dat crossmatch,99.999,99.999,17.416,0.035,16.954,0.029,16.452,0.041,Surveyphotometry.dat crossmatch,15.547,0.042,14.409,0.048,11.85,0.251,8.799,0.506,Surveyphotometry.dat crossmatch
spec-6008-56093-0506.fits,SDSS J135838.21+260042.1,209.6592299715256,26.01169470805686,1.258570381464359e+18,18.978290557861328,BAL_QSO,QSO,xPCA,11468.90752747292,2.367245149266959,0.00046867281522073223,,,0.13988862752654674,0.007616450694161142,MW,12823.791362892049,-1.1175176094420833,20.289,0.043,19.717,0.013,19.761,0.016,19.706,0.022,19.379,0.05,Surveyphotometry.dat crossmatch,99.999,99.999,18.198,0.049,17.682,0.044,16.856,0.045,Surveyphotometry.dat crossmatch,16.229,0.061,15.506,0.099,12.184,0.286,9.163,0.497,Surveyphotometry.dat crossmatch
spec-6493-56338-0774.fits,SDSS J134449.02+295925.3,206.2042443304728,29.99037800594466,1.4555634588377114e+18,17.9393367767334,BAL_QSO,QSO,xPCA,26987.480274886784,2.1859400995088443,0.00028632224061715434,,,0.3902460545353717,0.0012201194303914087,SMC,57633.39426425626,-1.1983009215356433,18.943,0.022,18.334,0.007,18.037,0.007,17.817,0.008,17.548,0.01,Surveyphotometry.dat crossmatch,99.999,99.999,16.803,0.015,16.245,0.016,15.464,0.017,Surveyphotometry.dat crossmatch,14.733,0.029,13.401,0.029,9.906,0.046,7.763,0.161,Surveyphotometry.dat crossmatch
spec-2009-53904-0382.fits,SDSS J130626.23+295218.3,196.6093113541688,29.87176305361039,1.4644129082377418e+18,18.865341186523438,QSO,QSO-MIDZ,xPCA,3639.1076893343243,0.7982497144164307,0.0003749273109390648,,,3.4863206614145492e-12,0.00014144361475561877,LMC,4984.280626551054,-1.5263512781079254,18.987,0.023,18.755,0.008,18.809,0.01,18.855,0.013,18.778,0.04,Surveyphotometry.dat crossmatch,99.999,99.999,17.894,0.032,17.459,0.053,16.474,0.04,Surveyphotometry.dat crossmatch,14.7,0.031,13.566,0.03,10.987,0.102,8.728,0.318,Surveyphotometry.dat crossmatch
spec-2242-54153-0233.fits,SDSS J130249.47+265907.3,195.70615580631272,26.98536458062762,1.4604107202723717e+18,18.010337829589844,QSO,QSO-MIDZ,xPCA,3457.489017145337,1.447738645177501,0.00032361632839416244,,,2.5182116320573295e-10,8.430838361601399e-05,MW,4547.732249570965,-1.0268550284910831,18.354,0.015,18.222,0.007,18.128,0.007,18.028,0.008,18.017,0.02,Surveyphotometry.dat crossmatch,99.999,99.999,17.018,0.018,16.382,0.018,16.044,0.026,Surveyphotometry.dat crossmatch,14.848,0.03,13.454,0.029,10.423,0.064,8.473,0.279,Surveyphotometry.dat crossmatch
spec-2237-53828-0504.fits,SDSS J124335.16+302406.8,190.89649492437607,30.40190016107715,1.5132802558577475e+18,18.430692672729492,QSO,QSO-MIDZ,xPCA,3631.801910661468,0.9580459572720387,0.0003534380119582228,,,1.5257423959229993e-11,3.360950969882127e-05,MW,7086.496051239887,-1.0779315999048371,18.714,0.019,18.544,0.008,18.423,0.008,18.567,0.012,18.55,0.03,Surveyphotometry.dat crossmatch,99.999,99.999,17.37,0.023,17.156,0.044,16.273,0.031,Surveyphotometry.dat crossmatch,14.856,0.032,13.739,0.034,11.039,0.115,9.111,0.529,Surveyphotometry.dat crossmatch
sdssJ134407+240709_combined.dat,sdssJ134407+240709_combined,206.03121874800283,24.119360566469588,1.4442516789152087e+18,,QSO,QSO-MIDZ,xPCA,137.90103506174597,1.3517437580469056,0.0005459242658744111,,,8.370889206083497e-08,0.003616127793764246,LMC,153.7428593042396,-1.3710850164808723,19.424,0.027,19.409,0.011,19.164,0.012,19.159,0.015,19.217,0.04,Surveyphotometry.dat crossmatch,99.999,99.999,18.504,0.063,17.485,0.051,17.136,0.066,Surveyphotometry.dat crossmatch,15.438,0.039,14.094,0.038,11.319,0.116,8.777,0.329,Surveyphotometry.dat crossmatch
spec-2243-53794-0513.fits,SDSS J131706.19+271416.7,199.27581371669456,27.237987383310887,1.4599251140901555e+18,17.85746955871582,QSO,QSO,xPCA,22029.310886288717,2.660369265595112,0.00049480268451917,,,0.09271564397562491,0.001159778456315201,SMC,38079.327585835264,-1.3746426392493512,18.72,0.017,18.114,0.006,18.045,0.007,17.975,0.008,17.868,0.01,Surveyphotometry.dat crossmatch,99.999,99.999,16.901,0.018,16.525,0.019,16.04,0.027,Surveyphotometry.dat crossmatch,15.259,0.033,14.204,0.04,10.376,0.07,8.119,0.207,Surveyphotometry.dat crossmatch
spec-1994-53845-0107.fits,SDSS J125636.20+303203.5,194.1508523938379,30.53435714425418,1.4653889653258972e+18,18.304824829101562,QSO,QSO,xPCA,5849.941641264596,2.0816728785555565,0.0004597397160010604,,,7.68412856131176e-11,0.00014757327053777907,SMC,5951.118570815701,-1.0924742836911079,18.618,0.019,18.334,0.007,18.224,0.008,18.168,0.009,17.94,0.02,Surveyphotometry.dat crossmatch,99.999,99.999,17.568,0.034,17.053,0.038,16.374,0.038,Surveyphotometry.dat crossmatch,15.26,0.037,13.987,0.04,10.886,0.109,8.425,0.316,Surveyphotometry.dat crossmatch
spec-1978-53473-0466.fits,SDSS J133229.11+291223.1,203.1212983853465,29.206400246227137,1.4498753029348165e+18,18.921615600585938,QSO,QSO,xPCA,3595.669343656432,1.5768437000969808,0.0004221667538276635,,,0.16145448693431735,0.0035475448328632087,SMC,3687.8118985989554,-1.1279264430935503,19.188,0.025,18.927,0.009,18.741,0.01,18.485,0.011,18.498,0.03,Surveyphotometry.dat crossmatch,99.999,99.999,17.531,0.031,16.866,0.03,16.471,0.037,Surveyphotometry.dat crossmatch,15.353,0.069,13.988,0.043,10.874,0.1,8.404,0.297,Surveyphotometry.dat crossmatch
spec-2024-53503-0017.fits,SDSS J135109.38+320049.0,207.78909668480728,32.013607734513606,1.4574145854469084e+18,17.413450241088867,QSO,QSO,xPCA,4583.167565387513,1.1240616334463154,0.00020003791373311833,,,2.2098775175234675e-12,6.3834791789424525e-06,MW,38619.801291842785,-1.0288855359793347,17.342,0.009,17.179,0.005,17.068,0.005,17.187,0.006,17.322,0.01,Surveyphotometry.dat crossmatch,99.999,99.999,17.034,0.02,16.499,0.029,15.63,0.019,Surveyphotometry.dat crossmatch,13.987,0.025,12.58,0.023,9.691,0.044,7.29,0.101,Surveyphotometry.dat crossmatch
spec-10254-58514-0690.fits,SDSS J131851.42+342328.4,199.7142898976082,34.39123475487396,1.473102657869948e+18,18.510255813598633,QSO,QSO,xPCA,62238.19007769058,2.64024562158268,0.0002975786891789877,,,0.05878277753937344,0.0024349734540055554,MW,82519.74065106583,-1.329711516000923,19.609,0.03,18.714,0.008,18.575,0.009,18.496,0.01,18.385,0.02,Surveyphotometry.dat crossmatch,99.999,99.999,17.529,0.036,17.194,0.04,16.654,0.043,Surveyphotometry.dat crossmatch,15.934,0.046,14.851,0.059,11.261,0.114,99.999,99.999,Surveyphotometry.dat crossmatch
spec-2029-53819-0146.fits,SDSS J130616.67+310529.2,196.56947400354605,31.091457304693048,1.4662388921105894e+18,17.26608657836914,QSO,QSO,xPCA,5967.067787179358,2.0114115417442515,0.00029069127447919397,,,0.061806532238659034,0.0012929328117516035,SMC,8767.191467468685,-1.0132038210706784,17.788,0.011,17.722,0.006,17.62,0.006,17.491,0.006,17.344,0.01,Surveyphotometry.dat crossmatch,99.999,99.999,16.401,0.011,16.009,0.019,15.573,0.019,Surveyphotometry.dat crossmatch,14.531,0.029,13.169,0.028,9.499,0.034,7.191,0.114,Surveyphotometry.dat crossmatch
spec-2241-54169-0531.fits,SDSS J130100.86+281944.7,195.25361489076332,28.32909471569297,1.4608430044375818e+18,16.89444923400879,QSO,QSO-MIDZ,xPCA,3831.7313461133986,1.3619461939985804,0.00021597552144822626,,,1.834030973965617e-12,6.652986422871909e-06,LMC,18533.610155730465,-1.0158390201649707,17.412,0.01,17.315,0.005,17.084,0.005,17.005,0.006,17.007,0.01,Surveyphotometry.dat crossmatch,99.999,99.999,15.957,0.007,15.268,0.008,14.882,0.009,Surveyphotometry.dat crossmatch,13.381,0.024,11.954,0.021,9.022,0.029,6.728,0.082,Surveyphotometry.dat crossmatch
spec-2238-54205-0410.fits,spec-2238-54205-0410,191.39731764386897,28.761884224157004,3.9628420147814175e+18,18.321853637695312,GALAXY,GALAXY-PASS,xPCA,15642.547451225377,0.023119985915771222,7.807010419413511e-06,,,1.7555712119384572,0.002384977452275616,MW,947827.5703653528,-1.43436273253739,17.177,0.012,15.782,0.003,15.131,0.003,14.829,0.003,14.59,0.0,Surveyphotometry.dat crossmatch,99.999,99.999,14.579,0.004,14.06,0.003,13.713,0.004,Surveyphotometry.dat crossmatch,12.656,0.024,12.661,0.025,10.405,0.07,8.203,0.229,Surveyphotometry.dat crossmatch
spec-2662-54505-0467.fits,SDSS J130104.92+244859.0,195.27051780637527,24.81643618828797,3.9574153064238607e+18,18.31854820251465,QSO,QSO-MIDZ,xPCA,5450.280553582643,1.0325159666018129,0.00026245326462657673,,,0.025037421076804955,0.0029807165349424822,LMC,5927.478121326782,-1.1194009632065154,18.818,0.02,18.697,0.008,18.445,0.008,18.484,0.01,18.391,0.02,Surveyphotometry.dat crossmatch,99.999,99.999,17.255,0.03,16.801,0.027,16.08,0.026,Surveyphotometry.dat crossmatch,14.524,0.028,13.234,0.029,10.382,0.087,7.727,0.159,Surveyphotometry.dat crossmatch
spec-2660-54504-0588.fits,SDSS J124537.35+252353.8,191.40564948189348,25.39825395671803,3.9609771700456827e+18,18.513731002807617,QSO,QSO,xPCA,11468.764558313913,1.9436178306424028,0.00020256596873895628,,,0.15680976140117306,0.0022548709509145753,SMC,13469.315146709267,-1.4555259654092734,18.708,0.018,18.586,0.008,18.479,0.008,18.145,0.009,17.915,0.01,Surveyphotometry.dat crossmatch,99.999,99.999,17.248,0.025,16.792,0.023,16.103,0.027,Surveyphotometry.dat crossmatch,15.092,0.033,13.991,0.039,10.784,0.093,99.999,99.999,Surveyphotometry.dat crossmatch
spec-2093-53818-0438.fits,SDSS J131239.43+334234.0,198.16432391771963,33.709460605413355,1.4670183384788224e+18,18.44524383544922,QSO,QSO,xPCA,5541.457216353119,2.3928577744802686,0.0002642867602925408,,,1.6216773746340757e-11,6.336652049419533e-05,LMC,7187.213681802438,-1.223666220844619,19.269,0.025,18.63,0.008,18.706,0.009,18.643,0.011,18.436,0.02,Surveyphotometry.dat crossmatch,99.999,99.999,17.488,0.034,16.871,0.03,16.107,0.027,Surveyphotometry.dat crossmatch,15.65,0.043,14.578,0.05,10.472,0.076,8.04,0.188,Surveyphotometry.dat crossmatch
spec-2665-54232-0077.fits,SDSS J133541.89+234139.0,203.92458083705367,23.69418038691075,1.444556209276679e+18,18.828046798706055,QSO,QSO-MIDZ,xPCA,3963.1076183022606,1.4097502553943153,0.001099739084091155,,,9.92489456504847e-12,0.0009344880118712377,MW,4167.38116787207,-1.7743407244185054,19.565,0.03,19.528,0.012,19.315,0.013,19.221,0.02,19.265,0.06,Surveyphotometry.dat crossmatch,99.999,99.999,18.218,0.055,17.587,0.048,17.131,0.065,Surveyphotometry.dat crossmatch,16.117,0.054,14.738,0.058,11.692,0.218,99.999,99.999,Surveyphotometry.dat crossmatch
spec-6005-56090-0854.fits,SDSS J135559.88+260039.0,208.99952378416435,26.01083819967323,1.4503596764616658e+18,16.62171745300293,QSO,QSO-MIDZ,xPCA,5527.070307002863,0.8503785067722307,7.377398531965905e-05,,,7.15531149955706e-13,5.805305805111515e-06,MW,14595.200987381319,-1.0111159810703916,17.228,0.009,16.836,0.004,16.731,0.004,16.752,0.005,16.608,0.0,Surveyphotometry.dat crossmatch,99.999,99.999,15.143,0.004,15.189,0.006,14.575,0.007,Surveyphotometry.dat crossmatch,13.153,0.024,11.997,0.022,9.013,0.031,6.502,0.065,Surveyphotometry.dat crossmatch
spec-2236-53729-0021.fits,SDSS J124515.38+265428.1,191.3141222066107,26.90784027967491,3.9614572099507205e+18,18.00404930114746,QSO,QSO,xPCA,4501.52789872763,0.7928185383985652,0.0001309019798127688,,,2.0949873888627402e-10,8.387756847719817e-05,MW,5749.800132370842,-1.2868028213246847,18.379,0.016,18.2,0.007,18.182,0.007,18.145,0.009,18.115,0.02,Surveyphotometry.dat crossmatch,99.999,99.999,16.971,0.017,16.651,0.028,15.702,0.021,Surveyphotometry.dat crossmatch,14.071,0.026,12.91,0.027,9.881,0.052,7.444,0.124,Surveyphotometry.dat crossmatch
spec-10257-58526-0948.fits,spec-10257-58526-0948,203.1967019670793,33.82497975081619,1.4700116257436626e+18,18.886734008789062,QSO,QSO,xPCA,4299.444845737034,0.9440398696804361,0.0001704431310173668,,,2.436522310951192e-11,8.459503301402611e-06,LMC,42315.2288681723,-1.1248810339264155,19.695,0.032,19.362,0.011,19.243,0.012,19.476,0.018,19.373,0.05,Surveyphotometry.dat crossmatch,99.999,99.999,17.451,0.037,17.268,0.049,16.515,0.044,Surveyphotometry.dat crossmatch,15.027,0.031,13.959,0.034,11.099,0.128,8.834,0.385,Surveyphotometry.dat crossmatch
spec-2104-53852-0588.fits,SDSS J132218.58+311439.4,200.57743498089573,31.24431880149501,1.4633004773484524e+18,18.78444480895996,QSO,QSO-MIDZ,xPCA,4071.7151066934803,1.3435279841335719,0.0004583610085208997,,,0.20191479731795312,0.005465978687463693,LMC,4778.169556102819,-1.2932922375336653,18.901,0.021,18.825,0.009,18.562,0.009,18.567,0.012,18.641,0.04,Surveyphotometry.dat crossmatch,99.999,99.999,17.956,0.033,17.107,0.035,16.681,0.048,Surveyphotometry.dat crossmatch,15.145,0.033,13.908,0.036,11.361,0.164,8.771,0.368,Surveyphotometry.dat crossmatch
spec-5992-56066-0132.fits,SDSS J131157.41+222017.0,197.98921366516888,22.33805924463039,3.9439098676603295e+18,18.66069984436035,QSO,QSO,xPCA,20704.892591468284,2.3504307464931617,0.0002245231503912819,,,0.4608567308454467,0.0026487565442705474,LMC,93845.13648144397,-1.1372935152292039,19.299,0.024,18.788,0.008,18.743,0.009,18.719,0.011,18.516,0.02,Surveyphotometry.dat crossmatch,99.999,99.999,17.649,0.027,17.116,0.029,16.344,0.028,Surveyphotometry.dat crossmatch,15.904,0.049,14.936,0.066,11.221,0.147,9.011,0.495,Surveyphotometry.dat crossmatch
spec-2119-53792-0447.fits,spec-2119-53792-0447,209.5731444633358,25.834750471597,1.2581915009249782e+18,18.93947410583496,GALAXY,GALAXY-PASS,xPCA,4127.4098142047405,0.06390526050012102,1.475369388836047e-05,,,1.854240775941624,0.003632731021338098,SMC,418410.5059857964,-1.189505487519107,18.851,0.029,17.128,0.005,16.363,0.004,16.014,0.004,15.755,0.0,Surveyphotometry.dat crossmatch,99.999,99.999,15.481,0.005,14.787,0.005,14.438,0.006,Surveyphotometry.dat crossmatch,13.573,0.025,13.499,0.032,12.586,0.428,99.999,99.999,Surveyphotometry.dat crossmatch
spec-5977-56098-0112.fits,SDSS J131634.21+243456.0,199.1425513991205,24.5822397989449,1.4469768528445204e+18,18.127954483032227,QSO,QSO,xPCA,59877.779122565844,2.6484345087394563,0.00022291769379557554,,,0.16899756243642827,0.0013634269625354134,LMC,96121.51833745278,-1.652287927150771,19.443,0.026,18.577,0.007,18.366,0.008,18.251,0.009,18.096,0.02,Surveyphotometry.dat crossmatch,99.999,99.999,16.954,0.015,16.528,0.02,16.073,0.024,Surveyphotometry.dat crossmatch,15.271,0.036,14.07,0.041,10.41,0.07,8.228,0.27,Surveyphotometry.dat crossmatch
spec-2664-54524-0276.fits,SDSS J132009.71+235622.7,200.0404555761889,23.939639692429893,1.4461215358777723e+18,18.446693420410156,QSO,QSO,xPCA,3754.474525713409,2.039781904550302,0.0007540264024515687,,,1.695962017469934e-09,0.00012527523072535546,LMC,4731.24698077308,-1.112773145722353,18.882,0.021,18.793,0.008,18.692,0.009,18.616,0.01,18.398,0.02,Surveyphotometry.dat crossmatch,99.999,99.999,17.778,0.033,17.403,0.048,16.755,0.046,Surveyphotometry.dat crossmatch,15.768,0.049,14.456,0.048,11.298,0.161,8.704,0.44,Surveyphotometry.dat crossmatch
spec-2241-54156-0134.fits,spec-2241-54156-0134,194.5131958445918,26.915971989896214,1.4605960953571707e+18,18.276626586914062,GALAXY,GALAXY-PASS,xPCA,4635.419204670349,0.02739793238263365,1.0447646164374096e-05,,,2.712192944679355,0.0034896926558374286,MW,656486.8892597668,-1.0144876304038415,17.101,0.011,15.367,0.002,14.598,0.002,14.244,0.002,13.934,0.0,Surveyphotometry.dat crossmatch,99.999,99.999,14.193,0.002,13.55,0.002,13.212,0.003,Surveyphotometry.dat crossmatch,12.074,0.023,12.114,0.023,11.303,0.155,99.999,99.999,Surveyphotometry.dat crossmatch
spec-5984-56337-0814.fits,SDSS J124103.97+260549.6,190.26653053373468,26.097116675091648,3.9612975402462853e+18,18.543434143066406,QSO,QSO,xPCA,25280.402013400802,2.6243120632626153,0.00014608636349733965,,,0.2696066393095962,0.0012838203634556733,SMC,30860.0266374791,-1.607886700384248,99.999,9.999,99.999,9.999,19.218,0.012,18.914,0.014,99.999,9.999,Surveyphotometry.dat crossmatch,99.999,99.999,17.109,0.021,16.509,0.018,15.755,0.021,Surveyphotometry.dat crossmatch,15.249,0.035,14.424,0.047,11.18,0.127,9.012,0.416,Surveyphotometry.dat crossmatch
spec-6006-56105-0418.fits,SDSS J134726.43+270432.9,206.86016001487016,27.07579099354303,1.4514079190641692e+18,18.367088317871094,QSO,QSO,xPCA,15329.934744860082,2.187179594262302,0.0002505238423316633,,,0.1626924208567013,0.0008221378218822989,SMC,29455.439021696602,-1.0425964891650976,18.946,0.023,18.496,0.008,18.381,0.008,18.277,0.01,18.032,0.02,Surveyphotometry.dat crossmatch,99.999,99.999,17.381,0.034,16.872,0.041,16.024,0.031,Surveyphotometry.dat crossmatch,15.117,0.032,14.168,0.038,11.065,0.097,99.999,99.999,Surveyphotometry.dat crossmatch
spec-2245-54208-0603.fits,SDSS J133717.49+270107.1,204.32288742694445,27.01864594861677,1.4486820278762993e+18,17.90918731689453,QSO,QSO,xPCA,10320.776561420531,0.6388152627278765,4.2273406090627224e-05,,,0.5810696859146653,0.003088861814418087,SMC,13521.220461101433,-1.2437899290383239,18.785,0.019,18.167,0.006,17.876,0.006,17.604,0.007,17.631,0.01,Surveyphotometry.dat crossmatch,99.999,99.999,16.546,0.013,15.908,0.015,14.956,0.011,Surveyphotometry.dat crossmatch,13.239,0.024,12.057,0.023,9.335,0.031,7.222,0.107,Surveyphotometry.dat crossmatch
spec-2110-53467-0456.fits,SDSS J132856.20+314814.6,202.2342108192921,31.804081376020548,1.4686198115248082e+18,18.598102569580078,QSO,QSO,xPCA,3765.197006112039,1.912342063434769,0.0007418489593752458,,,3.133882145759867e-09,0.00011922491225794916,MW,8140.894423452028,-1.2091845523228169,18.794,0.02,18.663,0.008,18.554,0.009,18.432,0.012,18.399,0.03,Surveyphotometry.dat crossmatch,99.999,99.999,17.415,0.03,17.163,0.032,16.597,0.037,Surveyphotometry.dat crossmatch,15.543,0.038,14.205,0.039,11.084,0.121,8.345,0.26,Surveyphotometry.dat crossmatch
spec-2119-53792-0143.fits,SDSS J135904.87+243832.0,209.77031101833236,24.64222793313468,1.257862437710608e+18,18.406890869140625,QSO,QSO-MIDZ,xPCA,4154.033474244385,0.6593194351942095,0.00019689152174234988,,,3.513010656030005e-11,6.067611135929753e-05,LMC,5870.398927363857,-1.2027679211518416,18.829,0.022,18.619,0.008,18.713,0.01,18.621,0.012,18.778,0.03,Surveyphotometry.dat crossmatch,99.999,99.999,17.753,0.035,17.067,0.032,16.069,0.029,Surveyphotometry.dat crossmatch,14.569,0.03,13.507,0.032,10.725,0.096,8.249,0.226,Surveyphotometry.dat crossmatch
spec-2112-53534-0586.fits,SDSS J132730.56+330758.0,201.87736646563656,33.13278015402508,1.4695593442103532e+18,18.67799949645996,QSO,QSO,xPCA,5182.882130100323,2.0400560442546296,0.00035435807735053335,,,1.5230403251239016e-08,0.000991187961938708,MW,5390.170438612935,-1.1412693010151425,19.079,0.023,19.045,0.009,19.047,0.011,18.87,0.013,18.676,0.03,Surveyphotometry.dat crossmatch,99.999,99.999,17.81,0.04,17.327,0.066,16.867,0.062,Surveyphotometry.dat crossmatch,15.653,0.04,14.384,0.043,10.879,0.104,8.606,0.346,Surveyphotometry.dat crossmatch
spec-2020-53431-0051.fits,spec-2020-53431-0051,190.54418732840355,33.28407288400048,1.5146100163877832e+18,15.434192657470703,QSO,QSO-MIDZ,xPCA,40200.457317893124,0.04373440617430502,1.8620706815758898e-05,,,2.038627509312399,0.0017299202944802694,SMC,180760.38285198258,-3.225288658040283,16.837,0.008,15.679,0.003,15.059,0.003,14.63,0.003,14.394,0.0,Surveyphotometry.dat crossmatch,99.999,99.999,13.626,0.002,12.818,0.002,11.963,0.002,Surveyphotometry.dat crossmatch,10.681,0.023,9.83,0.02,6.698,0.016,3.975,0.023,Surveyphotometry.dat crossmatch
spec-6490-56330-0402.fits,SDSS J131556.44+302042.2,198.9852176321748,30.34505622437662,1.4628049111382154e+18,18.522165298461914,QSO,QSO,xPCA,21664.71504699299,2.4142896160202345,0.00011130999690007267,,,0.0931323677705292,0.004451641527807124,MW,29982.59446926686,-1.2020518109031177,19.28,0.028,18.486,0.007,18.491,0.008,18.457,0.01,18.123,0.02,Surveyphotometry.dat crossmatch,99.999,99.999,17.291,0.019,16.692,0.019,15.822,0.02,Surveyphotometry.dat crossmatch,15.299,0.037,14.285,0.042,10.488,0.063,7.86,0.177,Surveyphotometry.dat crossmatch
spec-2243-53794-0589.fits,SDSS J131906.85+272814.9,199.77854021344024,27.470799035229632,1.4614219617329838e+18,18.574893951416016,QSO,QSO-MIDZ,xPCA,3959.7755919965875,1.1912162408139069,0.0006644425467367173,,,1.1623526070141978e-09,6.107638141247107e-05,LMC,5819.351962115625,-1.1019153389985834,18.941,0.02,18.805,0.009,18.591,0.009,18.497,0.011,18.574,0.03,Surveyphotometry.dat crossmatch,99.999,99.999,17.789,0.032,17.311,0.034,16.447,0.031,Surveyphotometry.dat crossmatch,15.002,0.031,13.748,0.032,11.055,0.132,99.999,99.999,Surveyphotometry.dat crossmatch
spec-2783-54524-0545.fits,spec-2783-54524-0545,208.76719893796653,23.78735957960124,1.251715441861761e+18,18.946535110473633,QSO,QSO,xPCA,5047.3552890423425,0.3229700117962635,2.971216324632911e-05,,,0.3264360422298977,0.006213317189518092,LMC,7119.809588684593,-1.678668806324677,19.067,0.024,19.061,0.01,18.793,0.01,18.69,0.012,18.179,0.02,Surveyphotometry.dat crossmatch,99.999,99.999,17.383,0.022,16.619,0.025,15.675,0.019,Surveyphotometry.dat crossmatch,14.575,0.029,13.541,0.033,10.915,0.102,8.409,0.27,Surveyphotometry.dat crossmatch
spec-2094-53851-0089.fits,SDSS J134235.34+292731.4,205.64730610630443,29.458734685540097,1.4551485950609085e+18,18.53153419494629,BAL_QSO,None,Composite model - SMC,6254.328042314134,1.7098361019126316,0.00014816742825585205,0.9557352029589763,0.00354547597754018,0.9557352029589763,0.00354547597754018,SMC,6254.328042314134,-1.6227860677001302,20.144,0.049,19.357,0.011,18.701,0.009,18.071,0.009,17.666,0.01,Surveyphotometry.dat crossmatch,99.999,99.999,16.395,0.011,15.749,0.011,15.247,0.013,Surveyphotometry.dat crossmatch,14.011,0.025,12.59,0.023,9.28,0.033,7.12,0.098,Surveyphotometry.dat crossmatch
spec-5989-56312-0224.fits,SDSS J125529.20+232506.7,193.8717085534128,23.418536935841004,3.956746043143539e+18,18.506864547729492,QSO,QSO,xPCA,15867.987899456108,2.4077937483634275,0.00019249317559897545,,,0.04816763036956043,0.0010133601251471926,SMC,23348.92786408769,-1.1222213349419732,19.103,0.024,18.549,0.007,18.541,0.008,18.552,0.011,18.325,0.02,Surveyphotometry.dat crossmatch,99.999,99.999,17.413,0.035,16.873,0.037,16.167,0.032,Surveyphotometry.dat crossmatch,15.469,0.038,14.47,0.046,10.915,0.104,8.72,0.439,Surveyphotometry.dat crossmatch
spec-5997-56309-0346.fits,SDSS J131624.55+261744.3,199.1023328870776,26.295654990443467,1.447745583271063e+18,18.97452735900879,QSO,QSO,xPCA,11844.078391081628,2.107634970816224,0.0001775919097334177,,,0.1312710325643456,0.0011883209106774845,SMC,19939.22546046878,-1.0357112737138436,19.478,0.029,19.339,0.011,19.018,0.011,18.696,0.012,18.441,0.02,Surveyphotometry.dat crossmatch,99.999,99.999,17.721,0.031,17.161,0.032,16.433,0.034,Surveyphotometry.dat crossmatch,15.666,0.041,14.782,0.053,11.774,0.211,99.999,99.999,Surveyphotometry.dat crossmatch
spec-1993-53762-0210.fits,SDSS J133135.66+334331.8,202.89857206360588,33.72549772990052,1.469927714965627e+18,18.961158752441406,QSO,QSO-MIDZ,xPCA,4052.9401411298536,1.1503541925160818,0.0008381636587962789,,,0.22517613612622306,0.008796557548920086,LMC,5239.421866382354,-1.7604560082145317,19.433,0.029,19.464,0.011,19.053,0.011,19.07,0.014,19.417,0.06,Surveyphotometry.dat crossmatch,99.999,99.999,19.253,0.174,18.235,0.111,17.236,0.076,Surveyphotometry.dat crossmatch,15.668,0.039,14.503,0.045,11.391,0.154,8.795,0.378,Surveyphotometry.dat crossmatch
spec-5984-56337-0146.fits,SDSS J124143.37+251338.9,190.4307417820134,25.227478000148214,3.9596956892434493e+18,18.793378829956055,QSO,QSO,xPCA,5352.483472693385,2.1504784374234402,0.0007187675290351432,,,2.693074496046277e-11,2.4130620017864823e-05,SMC,8911.05598284341,-1.2180320047486812,19.251,0.027,19.073,0.009,19.027,0.011,18.94,0.019,18.729,0.04,Surveyphotometry.dat crossmatch,99.999,99.999,17.966,0.044,17.454,0.039,16.678,0.044,Surveyphotometry.dat crossmatch,15.857,0.051,14.787,0.063,11.48,0.207,8.623,0.352,Surveyphotometry.dat crossmatch
spec-2023-53851-0549.fits,spec-2023-53851-0549,200.5124593014072,35.513885659556095,1.473551056751684e+18,18.571208953857422,GALAXY,GALAXY-PASS,xPCA,7076.381578535602,0.019226433406795734,8.438190248634505e-06,,,2.4610079032978325,0.0023957434404795475,SMC,849146.5421125522,-1.1588224214033924,16.353,0.008,14.505,0.002,13.697,0.002,13.288,0.002,12.985,0.0,Surveyphotometry.dat crossmatch,99.999,99.999,13.855,0.002,13.206,0.002,12.909,0.003,Surveyphotometry.dat crossmatch,11.261,0.023,11.371,0.022,10.697,0.068,9.309,0.46,Surveyphotometry.dat crossmatch
spec-2665-54232-0198.fits,SDSS J133158.89+234655.7,202.9954081564605,23.78215073987575,1.4433009105952404e+18,18.534244537353516,QSO,QSO,xPCA,3835.7232109395595,1.620879865384781,0.00036964061521972436,,,9.440072177733724e-11,6.852029924911583e-05,MW,5698.906145810342,-1.0290656143879862,18.652,0.017,18.523,0.007,18.542,0.009,18.397,0.01,18.423,0.02,Surveyphotometry.dat crossmatch,99.999,99.999,17.504,0.029,16.989,0.029,16.567,0.04,Surveyphotometry.dat crossmatch,15.126,0.034,13.848,0.034,10.909,0.099,8.233,0.227,Surveyphotometry.dat crossmatch
spec-2022-53827-0039.fits,SDSS J125112.36+355457.7,192.8015238137912,35.91604679549657,1.5170185266727455e+18,18.1999454498291,BAL_QSO,QSO,xPCA,8812.653094229401,2.0058673730056085,0.0004045562574977099,,,0.031096455549308673,0.0020684293952653657,SMC,11262.25386652309,-1.1884975018063508,18.329,0.015,18.205,0.006,18.132,0.007,18.028,0.008,17.863,0.02,Surveyphotometry.dat crossmatch,99.999,99.999,17.254,0.032,16.891,0.051,16.22,0.037,Surveyphotometry.dat crossmatch,15.011,0.033,13.788,0.034,10.494,0.077,8.248,0.233,Surveyphotometry.dat crossmatch
spec-2660-54504-0409.fits,SDSS J124035.17+261334.4,190.1465215358544,26.22622949751479,3.961302316249937e+18,18.51167106628418,QSO,QSO,xPCA,4371.286782868296,1.5495791236185124,0.0003227413385569813,,,2.628060023833305e-09,7.673570401489882e-05,LMC,5577.37277580141,-1.1072094059425495,19.305,0.023,19.115,0.01,19.039,0.011,18.828,0.014,18.898,0.04,Surveyphotometry.dat crossmatch,99.999,99.999,17.785,0.04,17.291,0.038,16.87,0.055,Surveyphotometry.dat crossmatch,15.621,0.044,14.285,0.045,11.282,0.137,99.999,99.999,Surveyphotometry.dat crossmatch
spec-2115-53535-0332.fits,SDSS J134627.81+261458.3,206.61588942972443,26.249541174719315,1.4513052521664082e+18,18.840686798095703,QSO,QSO,xPCA,4649.160811508469,1.8286375133818509,0.0005844858121870817,,,0.04336595351677983,0.003035034409155892,SMC,4985.870051140219,-1.0999559177827,19.167,0.024,19.092,0.009,18.945,0.011,18.641,0.011,18.527,0.03,Surveyphotometry.dat crossmatch,99.999,99.999,17.662,0.036,17.419,0.052,16.775,0.058,Surveyphotometry.dat crossmatch,15.575,0.039,14.25,0.044,10.616,0.072,8.42,0.261,Surveyphotometry.dat crossmatch
spec-2017-53474-0372.fits,SDSS J134033.39+292316.3,205.13913438000367,29.387892474471197,1.4551711737047242e+18,17.93828582763672,QSO,QSO-MIDZ,xPCA,4218.502548974903,0.8492260384922039,0.00024746058339686556,,,4.564723463584483e-11,3.5365624358169696e-05,SMC,8727.912322462647,-1.1221843640271574,18.418,0.017,18.172,0.006,18.177,0.007,18.309,0.01,18.288,0.03,Surveyphotometry.dat crossmatch,99.999,99.999,16.864,0.017,16.657,0.029,15.789,0.026,Surveyphotometry.dat crossmatch,14.189,0.027,13.033,0.027,10.748,0.083,99.999,99.999,Surveyphotometry.dat crossmatch
spec-2029-53819-0039.fits,spec-2029-53819-0039,197.90312284065527,31.50807281702838,1.4661259172905928e+18,18.61115074157715,GALAXY,GALAXY-PASS,xPCA,6272.048240131891,0.023148561675329592,8.463960967074215e-06,,,1.6912535729734774,0.0013231219759158863,SMC,78639.57404395133,-1.0065309857720508,15.964,0.008,14.133,0.002,13.369,0.002,12.977,0.002,12.695,0.0,Surveyphotometry.dat crossmatch,99.999,99.999,13.835,0.002,13.159,0.002,12.861,0.002,Surveyphotometry.dat crossmatch,11.13,0.022,11.184,0.021,10.552,0.064,9.424,0.493,Surveyphotometry.dat crossmatch
spec-2102-54115-0054.fits,SDSS J133040.39+355525.9,202.6682924996128,35.923886883774166,1.4749380863739615e+18,18.270488739013672,QSO,QSO,xPCA,104589.38137225038,3.780619528734061,0.0004291358153075751,,,0.6839284324359319,0.0021042377147085234,MW,145932.02473556914,-4.9978724388844515,25.091,0.586,19.305,0.01,18.003,0.006,17.956,0.008,17.918,0.02,Surveyphotometry.dat crossmatch,99.999,99.999,16.882,0.022,16.346,0.034,15.696,0.027,Surveyphotometry.dat crossmatch,14.771,0.03,14.226,0.042,10.54,0.07,7.893,0.153,Surveyphotometry.dat crossmatch
spec-2244-53795-0337.fits,SDSS J132012.14+271447.2,200.05060517602172,27.24646527637739,1.4493934806179732e+18,18.742834091186523,QSO,QSO,xPCA,4290.628311043962,2.00919270283814,0.0004610377798746913,,,2.53490458956623e-09,6.280987647039484e-05,LMC,5945.208046848805,-1.063944242526661,18.846,0.018,18.844,0.008,18.763,0.009,18.643,0.011,18.503,0.03,Surveyphotometry.dat crossmatch,99.999,99.999,17.82,0.04,17.41,0.045,16.79,0.052,Surveyphotometry.dat crossmatch,15.901,0.046,14.53,0.048,11.449,0.175,99.999,99.999,Surveyphotometry.dat crossmatch
spec-2094-53851-0600.fits,SDSS J134715.91+301038.6,206.81630578242056,30.17739583659676,1.4556509344356552e+18,18.989206314086914,QSO,QSO,xPCA,4145.732489129784,1.5818172203175116,0.0002611145483834224,,,1.421565431558927e-10,2.512805261195892e-05,SMC,7116.426459104409,-1.0331206130089823,18.875,0.018,18.587,0.008,18.584,0.009,18.402,0.01,18.435,0.02,Surveyphotometry.dat crossmatch,99.999,99.999,17.481,0.034,16.963,0.035,16.581,0.037,Surveyphotometry.dat crossmatch,15.544,0.039,14.151,0.041,10.931,0.115,8.579,0.325,Surveyphotometry.dat crossmatch
spec-2109-53468-0018.fits,SDSS J133827.00+312919.5,204.6124969200141,31.488779121599,1.4567402111585792e+18,18.854381561279297,QSO,QSO-MIDZ,xPCA,3801.8122278136175,1.0959699149317863,0.00045528148269097127,,,0.8577244984499789,0.007751423886516617,LMC,4356.045611345817,-1.560363347259904,20.04,0.041,19.423,0.012,18.722,0.009,18.547,0.012,18.392,0.03,Surveyphotometry.dat crossmatch,99.999,99.999,17.594,0.022,16.844,0.027,15.79,0.021,Surveyphotometry.dat crossmatch,14.117,0.026,12.732,0.025,9.923,0.048,7.727,0.152,Surveyphotometry.dat crossmatch
spec-1987-53765-0123.fits,SDSS J125017.48+323452.9,192.57283437697052,32.58137285037331,1.5139091765095493e+18,18.982046127319336,QSO,QSO,xPCA,4167.876275631786,1.5394470169818206,0.0003363725295570884,,,0.06115658508723524,0.006747895137875146,MW,4723.218653789893,-1.457781566759478,19.372,0.028,19.166,0.01,18.975,0.011,18.758,0.011,18.748,0.03,Surveyphotometry.dat crossmatch,99.999,99.999,17.781,0.032,17.125,0.039,16.805,0.049,Surveyphotometry.dat crossmatch,15.903,0.049,14.757,0.061,11.638,0.197,99.999,99.999,Surveyphotometry.dat crossmatch
spec-2009-53857-0525.fits,SDSS J131159.93+295159.7,197.9997327184317,29.866591611123223,1.462864765802453e+18,17.717050552368164,QSO,QSO,xPCA,6493.657756175346,1.6794319191484812,0.0002639323723080485,,,1.689378612587493e-09,0.00015296084525545834,LMC,10774.992054234384,-1.0123175785779308,17.97,0.013,17.762,0.005,17.731,0.006,17.521,0.007,17.668,0.01,Surveyphotometry.dat crossmatch,99.999,99.999,17.139,0.02,16.537,0.026,16.203,0.033,Surveyphotometry.dat crossmatch,14.507,0.029,13.052,0.025,9.753,0.041,7.456,0.111,Surveyphotometry.dat crossmatch
spec-5993-56070-0536.fits,SDSS J131334.74+225140.3,198.39477515232653,22.86119726500576,3.943996175027703e+18,18.804031372070312,BAL_QSO,QSO,xPCA,26652.068913141597,2.5158221950356503,0.0004356652011824004,,,0.30877034629939176,0.0021009633860737675,LMC,46467.088617433714,-1.4521151384270397,19.545,0.037,18.869,0.009,18.673,0.009,18.64,0.012,18.617,0.03,Surveyphotometry.dat crossmatch,99.999,99.999,17.757,0.027,17.293,0.033,16.592,0.033,Surveyphotometry.dat crossmatch,15.803,0.046,14.636,0.058,10.731,0.094,8.477,0.405,Surveyphotometry.dat crossmatch
spec-2660-54504-0463.fits,spec-2660-54504-0463,190.09556560681725,25.551479219997542,3.959765856125018e+18,18.590551376342773,GALAXY,GALAXY-PASS,xPCA,7973.851538305462,0.021339197940806187,7.906996573025193e-06,,,2.9393115699021393,0.002659857032609958,MW,986466.6625363808,-1.1676225157382094,17.374,0.013,15.659,0.003,14.88,0.002,14.517,0.003,14.225,0.0,Surveyphotometry.dat crossmatch,99.999,99.999,14.639,0.003,14.006,0.003,13.645,0.004,Surveyphotometry.dat crossmatch,12.767,0.036,12.83,0.039,12.36,0.464,99.999,99.999,Surveyphotometry.dat crossmatch
spec-2031-53848-0211.fits,SDSS J125543.36+350952.7,193.93064467220975,35.16465720249613,1.5159950574417024e+18,17.544435501098633,QSO,QSO,xPCA,9452.50101499664,0.46713473733371846,4.559133078819236e-05,,,2.521516510672027e-10,1.729510837054118e-05,MW,21882.427710449956,-1.981158626390171,18.51,0.016,18.181,0.007,18.332,0.008,18.063,0.009,17.911,0.01,Surveyphotometry.dat crossmatch,99.999,99.999,16.477,0.014,15.852,0.018,15.038,0.012,Surveyphotometry.dat crossmatch,13.492,0.025,12.473,0.024,9.901,0.047,7.302,0.103,Surveyphotometry.dat crossmatch
spec-2241-54169-0096.fits,SDSS J125948.68+263917.7,194.95287227636223,26.654922877289454,1.4603869476303293e+18,18.482402801513672,QSO,QSO-MIDZ,xPCA,4589.996482690982,1.4547654381117772,0.00022842244609153162,,,0.072318362435054,0.003248790078628515,MW,5888.883874823038,-1.0413718130754221,18.526,0.017,18.521,0.008,18.298,0.008,18.142,0.009,18.154,0.02,Surveyphotometry.dat crossmatch,99.999,99.999,17.41,0.021,16.594,0.02,16.512,0.034,Surveyphotometry.dat crossmatch,15.344,0.038,13.913,0.035,10.526,0.082,8.165,0.228,Surveyphotometry.dat crossmatch
spec-1987-53765-0473.fits,SDSS J124829.46+341231.3,192.12275317924733,34.20865987213935,1.5150939690073615e+18,18.578664779663086,QSO,QSO,xPCA,6069.763636557309,2.227650893948061,0.0006446634992206599,,,0.23716169060799147,0.005475423380688363,MW,21154.592783266296,-1.1867572206851091,18.915,0.021,18.432,0.007,18.327,0.008,18.332,0.009,18.244,0.02,Surveyphotometry.dat crossmatch,99.999,99.999,17.697,0.052,17.299,0.055,16.583,0.05,Surveyphotometry.dat crossmatch,15.679,0.044,14.38,0.047,10.833,0.101,8.484,0.291,Surveyphotometry.dat crossmatch
spec-2651-54507-0337.fits,spec-2651-54507-0337,197.581809532672,22.73980928812177,3.944731576508121e+18,18.920835494995117,QSO,QSO-MIDZ,xPCA,5098.436951665533,0.5199524439015282,0.0002003407290640621,,,0.5374488824700508,0.007276514591920802,SMC,5633.0115792096,-2.0805349279206493,19.395,0.025,19.011,0.009,18.861,0.01,18.653,0.011,18.639,0.02,Surveyphotometry.dat crossmatch,99.999,99.999,17.743,0.033,17.021,0.027,16.164,0.025,Surveyphotometry.dat crossmatch,14.896,0.031,13.988,0.038,11.159,0.143,8.316,0.255,Surveyphotometry.dat crossmatch
spec-10253-58487-0273.fits,SDSS J131116.12+331140.0,197.8171850375127,33.194451425435545,1.4668845760178573e+18,18.673276901245117,QSO,QSO,xPCA,3937.4965910042447,0.9695635575788488,0.00021137191707821927,,,0.0454769383945699,0.0037337118821442437,LMC,4690.713160780171,-1.1677087530225012,19.563,0.029,19.456,0.012,19.271,0.013,19.301,0.017,19.313,0.05,Surveyphotometry.dat crossmatch,99.999,99.999,99.999,99.999,17.741,0.064,16.806,0.05,Surveyphotometry.dat crossmatch,15.246,0.035,14.036,0.037,11.311,0.133,8.263,0.235,Surveyphotometry.dat crossmatch
spec-5987-56339-0154.fits,SDSS J125157.88+254928.3,192.99114672453467,25.82452873585548,3.9584598725337846e+18,18.707355499267578,QSO,QSO,xPCA,9860.668591689004,2.465889688356121,0.0006594230859715298,,,0.24542049860336893,0.0019258416285838909,SMC,11905.048551452117,-1.043999741179633,19.685,0.035,18.804,0.008,18.482,0.008,18.382,0.01,18.114,0.02,Surveyphotometry.dat crossmatch,99.999,99.999,17.469,0.025,17.013,0.029,16.166,0.028,Surveyphotometry.dat crossmatch,15.44,0.04,14.375,0.046,10.701,0.095,8.655,0.333,Surveyphotometry.dat crossmatch
spec-2663-54234-0229.fits,SDSS J131005.20+240127.8,197.5217049868149,24.024368608093983,1.4470640235013494e+18,18.99469757080078,QSO,QSO-MIDZ,xPCA,4926.624117113297,1.3585766788354094,0.00035425489719461474,,,1.0450733350540406e-10,4.155259218168811e-05,MW,10142.516518017532,-1.1390425436089007,18.851,0.019,18.781,0.008,18.678,0.009,18.703,0.012,18.736,0.03,Surveyphotometry.dat crossmatch,99.999,99.999,18.189,0.047,17.518,0.049,16.782,0.044,Surveyphotometry.dat crossmatch,15.234,0.036,13.764,0.034,10.589,0.097,7.771,0.247,Surveyphotometry.dat crossmatch
sdssJ125946+234908_combined.dat,sdssJ125946+234908_combined,194.9455038721236,23.818991001477936,3.9570631835295e+18,,QSO,QSO-MIDZ,xPCA,139.34933536811332,1.2894438676272615,0.0004727068584007847,,,0.19855657081807904,0.025955634511125328,SMC,146.8896370112866,-1.1250832473757388,20.132,0.039,20.028,0.019,19.249,0.013,19.187,0.02,18.821,0.03,Surveyphotometry.dat crossmatch,99.999,99.999,17.462,0.027,16.623,0.029,16.206,0.034,Surveyphotometry.dat crossmatch,15.14,0.034,14.124,0.041,11.269,0.206,8.981,0.461,Surveyphotometry.dat crossmatch
spec-2028-53818-0392.fits,spec-2028-53818-0392,205.40326259849263,34.74165764318438,1.4708764947174062e+18,18.999128341674805,GALAXY,GALAXY-PASS,xPCA,5512.184857359069,0.056695845605558404,1.2031691450070397e-05,,,2.4785094255322684,0.0031081279725817534,MW,730274.1375503513,-1.1854286998768229,18.599,0.021,16.741,0.004,15.868,0.003,15.486,0.003,15.204,0.0,Surveyphotometry.dat crossmatch,99.999,99.999,14.837,0.004,14.18,0.005,13.815,0.005,Surveyphotometry.dat crossmatch,13.006,0.023,12.981,0.026,11.952,0.257,99.999,99.999,Surveyphotometry.dat crossmatch
spec-5989-56312-0920.fits,SDSS J125718.30+245442.6,194.32625563751063,24.911841083289147,3.958112323780257e+18,17.839262008666992,QSO,QSO,xPCA,5820.7544423691015,1.495551497110818,0.0003668917169443989,,,1.4610434715366105e-12,6.516012885492698e-06,SMC,38783.32153385336,-0.9912144090067099,18.183,0.015,17.973,0.006,17.921,0.007,17.851,0.008,17.916,0.01,Surveyphotometry.dat crossmatch,99.999,99.999,17.058,0.022,16.658,0.024,16.278,0.029,Surveyphotometry.dat crossmatch,15.156,0.033,13.818,0.033,10.647,0.09,8.482,0.346,Surveyphotometry.dat crossmatch
spec-2002-53471-0390.fits,SDSS J131754.29+294108.6,199.47623106729048,29.68572804004796,1.4619689043439314e+18,18.546791076660156,QSO,QSO-MIDZ,xPCA,4476.529412626309,0.5960628901952454,0.00022354574711026917,,,0.5738375907818636,0.0061342987994936204,SMC,4660.490587886457,-1.3570362272466174,19.528,0.033,19.004,0.01,18.878,0.011,18.664,0.014,18.636,0.04,Surveyphotometry.dat crossmatch,99.999,99.999,17.82,0.036,17.077,0.038,16.269,0.031,Surveyphotometry.dat crossmatch,14.66,0.031,13.73,0.034,11.047,0.116,8.531,0.296,Surveyphotometry.dat crossmatch
spec-3982-55332-0148.fits,spec-3982-55332-0148,202.1197403374605,34.14978226364714,1.4701869291286897e+18,18.977039337158203,QSO,QSO,xPCA,6760.830038116459,2.239888020179421,0.00025757102545202564,,,0.07026115744638371,0.002417764656031704,LMC,13200.817771210031,-1.1580995469376856,19.887,0.037,19.39,0.011,19.304,0.013,19.31,0.016,19.055,0.04,Surveyphotometry.dat crossmatch,99.999,99.999,18.414,0.094,17.92,0.092,16.956,0.064,Surveyphotometry.dat crossmatch,16.187,0.056,15.198,0.083,12.505,0.502,8.808,0.461,Surveyphotometry.dat crossmatch
spec-2094-53851-0111.fits,spec-2094-53851-0111,206.080333611694,29.93319801518088,1.4555408844895767e+18,18.86558723449707,GALAXY,GALAXY-PASS,xPCA,4515.639270262698,0.04033618741782344,1.1977760930648099e-05,,,2.1228980993409716,0.002260383071628791,LMC,637252.9234063895,-1.076231070865869,17.94,0.02,16.103,0.003,15.259,0.003,14.868,0.003,14.556,0.0,Surveyphotometry.dat crossmatch,99.999,99.999,14.656,0.004,13.872,0.004,13.604,0.004,Surveyphotometry.dat crossmatch,12.583,0.023,12.576,0.024,11.683,0.186,99.999,99.999,Surveyphotometry.dat crossmatch
spec-2239-53726-0607.fits,SDSS J125344.93+305820.4,193.43725289848567,30.97235102106728,1.4656534665916892e+18,18.957515716552734,QSO,QSO,xPCA,10598.590832573642,2.053841806476769,0.0004925215240818458,,,0.2194175480926917,0.002542904388570258,SMC,11165.496250547112,-1.4550332593923716,19.051,0.023,18.703,0.009,18.592,0.009,18.437,0.011,18.255,0.03,Surveyphotometry.dat crossmatch,99.999,99.999,17.868,0.038,17.317,0.07,16.95,0.064,Surveyphotometry.dat crossmatch,15.658,0.042,14.272,0.044,10.989,0.102,8.172,0.229,Surveyphotometry.dat crossmatch
spec-6491-56337-0210.fits,spec-6491-56337-0210,204.05541352517747,28.41622469069511,1.4490153860584312e+18,18.30027198791504,QSO,QSO,xPCA,49872.50596750124,1.9156819352064938,0.0001271306831941267,,,0.047616842927630194,0.0014434474118039699,SMC,64773.31336439175,-1.6112294175150734,18.476,0.017,18.577,0.008,18.403,0.008,17.985,0.008,17.94,0.02,Surveyphotometry.dat crossmatch,99.999,99.999,16.924,0.016,16.468,0.019,15.769,0.02,Surveyphotometry.dat crossmatch,14.784,0.03,13.698,0.032,10.293,0.062,8.008,0.217,Surveyphotometry.dat crossmatch
spec-2663-54234-0366.fits,SDSS J130923.06+253331.1,197.34608441951997,25.55863455137417,1.4593261894905618e+18,17.687000274658203,QSO,QSO,xPCA,3754.3525531826003,2.083594743613846,0.00036003087252497746,,,0.034002626709501244,0.001565982653543782,SMC,6242.314952318705,-1.0058676246559801,18.198,0.014,18.04,0.006,17.909,0.007,17.805,0.008,17.61,0.01,Surveyphotometry.dat crossmatch,99.999,99.999,16.91,0.016,16.464,0.018,15.978,0.022,Surveyphotometry.dat crossmatch,15.035,0.035,13.659,0.036,10.451,0.075,8.278,0.319,Surveyphotometry.dat crossmatch
spec-2662-54505-0580.fits,spec-2662-54505-0580,196.49833166069527,25.267606016767957,1.459257130712273e+18,18.797039031982422,GALAXY,GALAXY-PASS,xPCA,36298.47690516291,0.11931948262803403,1.5264285890238195e-05,,,2.2103664200462383,0.003620888549169088,SMC,184652.8605241158,-2.349073890745184,18.792,0.025,17.426,0.005,16.573,0.004,16.125,0.004,15.896,0.0,Surveyphotometry.dat crossmatch,99.999,99.999,15.519,0.007,14.89,0.005,14.266,0.006,Surveyphotometry.dat crossmatch,13.207,0.025,12.741,0.025,10.78,0.108,8.055,0.238,Surveyphotometry.dat crossmatch
spec-2242-54153-0029.fits,SDSS J131123.05+263723.1,197.8460936808329,26.62310715587897,1.4598210384427336e+18,18.34314727783203,QSO,QSO,xPCA,4161.278611383523,1.0884339009535766,0.0003150274669083805,,,0.4403225450399362,0.003148729255658539,SMC,4727.0190206835705,-1.1075083713096083,19.068,0.021,18.573,0.007,18.061,0.007,17.949,0.008,17.893,0.02,Surveyphotometry.dat crossmatch,99.999,99.999,17.26,0.023,16.653,0.021,15.671,0.018,Surveyphotometry.dat crossmatch,13.837,0.026,12.285,0.023,9.327,0.036,7.224,0.118,Surveyphotometry.dat crossmatch
spec-2237-53828-0093.fits,SDSS J124129.64+285212.0,190.37353263286423,28.86999559651617,3.963009862103591e+18,17.25086784362793,QSO,QSO-MIDZ,xPCA,6249.287101531085,0.5892418758194644,9.73472582393426e-05,,,1.525712279497153e-10,2.385372347928259e-05,LMC,9481.677148995117,-1.213006298161855,18.119,0.012,17.688,0.005,17.788,0.006,17.604,0.006,17.766,0.01,Surveyphotometry.dat crossmatch,99.999,99.999,16.677,0.017,16.092,0.014,15.228,0.014,Surveyphotometry.dat crossmatch,13.437,0.025,12.154,0.023,9.283,0.034,7.083,0.096,Surveyphotometry.dat crossmatch
spec-2029-53819-0447.fits,SDSS J130635.93+321134.8,196.64975404554696,32.19299138069315,1.4664311649104046e+18,18.924631118774414,QSO,QSO-MIDZ,xPCA,4285.991313759654,0.9936993729899783,0.00042374172023328755,,,3.729971626703632e-10,2.403202862224371e-05,MW,9919.621180888427,-1.1583009884285098,18.707,0.019,18.598,0.008,18.448,0.008,18.542,0.01,18.529,0.03,Surveyphotometry.dat crossmatch,99.999,99.999,17.544,0.024,17.255,0.034,16.414,0.032,Surveyphotometry.dat crossmatch,14.846,0.032,13.621,0.032,10.67,0.096,8.264,0.231,Surveyphotometry.dat crossmatch
spec-2653-54230-0620.fits,spec-2653-54230-0620,204.26857660303187,22.391680928759587,1.4421724380044508e+18,18.911846160888672,QSO,QSO,xPCA,19579.339078673194,3.112372489457688,0.0002460323880223233,,,0.2754901570656784,0.003919637065990994,MW,23925.8482409549,-2.1523664362394883,21.6,0.134,19.262,0.01,19.086,0.011,19.028,0.015,18.969,0.03,Surveyphotometry.dat crossmatch,99.999,99.999,17.764,0.036,17.461,0.037,17.014,0.049,Surveyphotometry.dat crossmatch,16.128,0.051,15.074,0.071,11.309,0.161,8.508,0.389,Surveyphotometry.dat crossmatch
spec-6006-56105-0082.fits,SDSS J135331.26+264553.4,208.38029770628984,26.76482796800055,1.450647778572206e+18,18.646949768066406,BAL_QSO,QSO,xPCA,20695.087808090302,2.273395746107597,0.0011474134045755574,,,0.3202090397792201,0.00038690577901304146,SMC,65806.36571472442,-1.4514991034949003,19.46,0.031,19.031,0.009,18.765,0.01,18.643,0.012,18.487,0.03,Surveyphotometry.dat crossmatch,99.999,99.999,17.599,0.04,17.271,0.055,16.705,0.054,Surveyphotometry.dat crossmatch,16.071,0.051,15.08,0.066,11.499,0.169,99.999,99.999,Surveyphotometry.dat crossmatch
spec-2662-54505-0585.fits,SDSS J130529.19+250631.8,196.3716545723633,25.108835488681745,1.4592424247442458e+18,17.822908401489258,QSO,QSO,xPCA,6565.300046193937,1.809553437045098,0.00027616414115404057,,,1.8731070026197644e-11,4.201912352397213e-05,LMC,8466.862783433251,-1.0485097258905056,18.27,0.015,18.184,0.007,18.177,0.007,17.957,0.008,17.837,0.01,Surveyphotometry.dat crossmatch,99.999,99.999,16.945,0.025,16.597,0.023,16.001,0.024,Surveyphotometry.dat crossmatch,14.875,0.032,13.62,0.032,10.686,0.104,8.435,0.339,Surveyphotometry.dat crossmatch
spec-6489-56329-0694.fits,SDSS J132232.23+303211.9,200.6343072726066,30.53662561346863,1.462479352617386e+18,18.143779754638672,BAL_QSO,QSO,xPCA,9228.272965129749,1.0053094086319572,6.666718215819942e-05,,,0.09380388595629631,0.0014225577806278936,SMC,20536.084046180848,-1.1724723158307069,17.879,0.012,17.583,0.005,17.397,0.005,17.411,0.006,17.379,0.01,Surveyphotometry.dat crossmatch,99.999,99.999,16.543,0.012,16.545,0.019,15.858,0.024,Surveyphotometry.dat crossmatch,14.69,0.029,13.54,0.03,10.333,0.061,7.912,0.183,Surveyphotometry.dat crossmatch
spec-10253-58487-0490.fits,SDSS J130532.95+325518.2,196.38730243342707,32.921736178667764,1.467248754884519e+18,18.45248031616211,BAL_QSO,QSO,xPCA,62340.75473158163,2.485327631011272,0.00036981018492417123,,,0.5116435367080013,0.0015519321435836786,SMC,125199.17162298669,-2.3711200609008682,19.275,0.028,18.69,0.008,18.438,0.008,18.372,0.011,18.151,0.02,Surveyphotometry.dat crossmatch,99.999,99.999,17.269,0.025,16.666,0.025,15.974,0.024,Surveyphotometry.dat crossmatch,15.304,0.036,14.694,0.057,11.569,0.194,8.86,0.475,Surveyphotometry.dat crossmatch
spec-2241-54169-0630.fits,spec-2241-54169-0630,195.71974585818185,27.866603581415884,1.460767894049616e+18,18.17167854309082,GALAXY,GALAXY-PASS,xPCA,8452.339504352614,0.02742111479015307,7.2504234495397894e-06,,,2.6854286783912884,0.002129944474562384,MW,1069037.476477797,-1.0113558498228703,16.816,0.009,14.96,0.002,14.23,0.002,13.847,0.002,13.569,0.0,Surveyphotometry.dat crossmatch,99.999,99.999,13.756,0.002,13.106,0.002,12.809,0.002,Surveyphotometry.dat crossmatch,11.577,0.023,11.626,0.022,10.895,0.102,99.999,99.999,Surveyphotometry.dat crossmatch
spec-5987-56339-0760.fits,SDSS J124926.12+264101.3,192.3588460745389,26.683715796814365,3.9615762320843643e+18,18.9041748046875,QSO,QSO,xPCA,4683.957196458564,0.6669785057119813,5.2250498738536245e-05,,,0.14880290685117495,0.00471101747374468,SMC,6519.772350963238,-1.4267813819358546,19.653,0.033,19.25,0.011,19.238,0.013,19.223,0.02,19.167,0.05,Surveyphotometry.dat crossmatch,99.999,99.999,17.96,0.056,17.445,0.055,16.678,0.053,Surveyphotometry.dat crossmatch,14.955,0.032,13.854,0.036,11.232,0.157,8.537,0.363,Surveyphotometry.dat crossmatch
spec-2110-53467-0382.fits,spec-2110-53467-0382,201.8446627620921,31.51224340092396,1.4685615760648796e+18,18.59260368347168,GALAXY,QSO-GAL,xPCA,3388.9567145816886,0.1302058457702843,2.4474773642347677e-05,,,0.7441131029042833,0.004107112408506253,SMC,197112.62233322414,-1.442566040561107,18.842,0.027,17.58,0.005,17.037,0.005,16.781,0.005,16.574,0.01,Surveyphotometry.dat crossmatch,99.999,99.999,15.991,0.008,15.355,0.009,14.817,0.01,Surveyphotometry.dat crossmatch,14.226,0.027,14.044,0.037,11.801,0.208,99.999,99.999,Surveyphotometry.dat crossmatch
spec-2023-53851-0158.fits,SDSS J132041.66+344304.6,200.17360388979532,34.717956473398914,1.4729491729188068e+18,18.393117904663086,QSO,QSO,xPCA,4012.2845000454317,1.841770350086343,0.0004908883384428729,,,1.63780160402987e-07,0.0067497587627312495,MW,4156.490349698473,-1.068588590247812,18.794,0.019,18.706,0.008,18.76,0.009,18.564,0.011,18.5,0.02,Surveyphotometry.dat crossmatch,99.999,99.999,17.725,0.038,17.504,0.074,16.81,0.071,Surveyphotometry.dat crossmatch,15.626,0.039,14.415,0.042,11.119,0.1,8.801,0.304,Surveyphotometry.dat crossmatch
spec-2017-53474-0172.fits,SDSS J134254.38+282805.8,205.7265983350744,28.46829398643437,1.4548773249267584e+18,17.79862403869629,QSO,QSO,xPCA,4125.060857659813,1.0356357557762508,0.00013392741710051276,,,0.09380041857574846,0.0033034329157899875,MW,8610.944544048707,-1.1967749932031404,18.633,0.02,18.498,0.007,18.237,0.008,18.294,0.01,18.476,0.03,Surveyphotometry.dat crossmatch,99.999,99.999,17.158,0.025,16.753,0.025,15.978,0.026,Surveyphotometry.dat crossmatch,14.88,0.033,13.736,0.033,10.891,0.092,8.335,0.217,Surveyphotometry.dat crossmatch
spec-1994-53845-0287.fits,SDSS J124713.98+313230.6,191.80824694449456,31.541867170765965,1.5134613316789985e+18,18.400007247924805,QSO,QSO,xPCA,8514.760079643538,1.572748280953071,0.0003362695026657488,,,8.236325223188665e-10,1.666944131057413e-05,SMC,15089.549253822439,-1.133960321315562,18.308,0.015,18.03,0.006,18.042,0.007,17.905,0.008,18.057,0.02,Surveyphotometry.dat crossmatch,99.999,99.999,17.386,0.025,16.782,0.024,16.447,0.032,Surveyphotometry.dat crossmatch,15.062,0.036,13.664,0.034,10.524,0.082,7.875,0.191,Surveyphotometry.dat crossmatch
spec-2654-54231-0408.fits,SDSS J134024.88+223240.2,205.10370329671665,22.544544997702527,1.4434831933030543e+18,18.419479370117188,QSO,QSO,xPCA,5102.430820839678,0.3616014336033899,3.5433571869344154e-05,,,1.1696701100427223,0.004636824025448849,SMC,6490.157426829868,-1.5717464385005337,19.047,0.023,18.576,0.008,18.037,0.007,17.855,0.007,17.419,0.01,Surveyphotometry.dat crossmatch,99.999,99.999,16.611,0.014,15.924,0.011,15.055,0.01,Surveyphotometry.dat crossmatch,13.987,0.025,13.121,0.027,10.206,0.054,7.631,0.112,Surveyphotometry.dat crossmatch
spec-2244-53795-0503.fits,SDSS J132428.95+270600.1,201.12063042420425,27.100049878820165,1.449168694914607e+18,18.85479736328125,QSO,QSO-MIDZ,xPCA,6557.627089275093,1.4706156762451155,0.0006421867404102236,,,0.015667845040171317,0.004079909299928923,SMC,6884.607990554912,-1.6517776681063319,19.69,0.028,19.353,0.011,19.129,0.011,18.914,0.013,18.834,0.03,Surveyphotometry.dat crossmatch,99.999,99.999,17.952,0.044,17.391,0.047,16.987,0.064,Surveyphotometry.dat crossmatch,15.594,0.042,14.29,0.045,11.431,0.154,99.999,99.999,Surveyphotometry.dat crossmatch
spec-2011-53499-0210.fits,SDSS J125741.37+290806.7,194.4224033993131,29.13520109941193,1.464130922160611e+18,18.935930252075195,QSO,QSO-MIDZ,xPCA,3729.4414290183795,1.3810798835194142,0.0005604515778496183,,,0.08365768551109988,0.005537497628757465,MW,3818.0889503675253,-1.2303406438815465,19.226,0.026,19.145,0.01,18.926,0.011,18.939,0.013,18.92,0.04,Surveyphotometry.dat crossmatch,99.999,99.999,18.198,0.058,17.432,0.04,16.811,0.061,Surveyphotometry.dat crossmatch,15.542,0.041,14.297,0.045,11.433,0.189,99.999,99.999,Surveyphotometry.dat crossmatch
spec-5977-56098-0174.fits,SDSS J131443.80+234826.7,198.6825257146216,23.807439286662717,1.4468200736540237e+18,16.736051559448242,QSO,QSO-MIDZ,xPCA,2364.989373174556,1.6000631138374648,0.0025314604462295673,,,0.24353864853558185,0.0007021200253602977,SMC,89264.34459683613,-0.9918795695683336,17.548,0.01,17.125,0.005,16.798,0.005,16.538,0.006,16.321,0.0,Surveyphotometry.dat crossmatch,99.999,99.999,14.203,0.002,13.457,0.002,12.6,0.002,Surveyphotometry.dat crossmatch,11.367,0.023,10.503,0.02,8.047,0.02,6.093,0.057,Surveyphotometry.dat crossmatch
spec-2664-54524-0403.fits,SDSS J132120.98+251819.1,200.33744510514725,25.305306306278343,1.4473915405267244e+18,18.961570739746094,QSO,QSO,xPCA,3975.071231625941,1.1299529004060105,0.0001904959464127613,,,0.10865092823393743,0.006326988776477978,MW,5261.828256018036,-1.592512836190411,18.823,0.019,18.819,0.008,18.603,0.009,18.617,0.011,18.77,0.03,Surveyphotometry.dat crossmatch,99.999,99.999,18.544,0.075,17.642,0.059,17.177,0.07,Surveyphotometry.dat crossmatch,15.825,0.046,14.532,0.053,11.372,0.174,8.511,0.317,Surveyphotometry.dat crossmatch
spec-2663-54234-0040.fits,SDSS J131808.46+241856.3,199.53524592835683,24.31565132835047,1.4462046177246083e+18,18.982637405395508,QSO,QSO,xPCA,4494.783732632873,0.6175957604259836,0.00010722706943241298,,,0.10527862035862447,0.007099641632953187,SMC,5008.340575947904,-1.3984656637601216,19.289,0.028,18.876,0.009,18.94,0.011,18.688,0.011,18.783,0.03,Surveyphotometry.dat crossmatch,99.999,99.999,17.658,0.032,16.912,0.032,16.179,0.028,Surveyphotometry.dat crossmatch,14.838,0.032,13.767,0.035,10.773,0.107,8.59,0.33,Surveyphotometry.dat crossmatch
spec-2245-54208-0261.fits,SDSS J133005.71+254243.7,202.52382615153175,25.712173453907365,1.4480401536036948e+18,17.965118408203125,QSO,QSO-MIDZ,xPCA,10853.588278386826,0.5966510098231874,0.00016826203896800203,,,0.13979968765106798,0.004047944604279874,LMC,14033.894776443432,-1.1834543835143896,17.923,0.012,17.367,0.005,17.49,0.006,17.265,0.006,17.443,0.01,Surveyphotometry.dat crossmatch,99.999,99.999,17.199,0.018,16.429,0.017,15.432,0.014,Surveyphotometry.dat crossmatch,13.525,0.024,12.116,0.023,8.817,0.023,6.491,0.058,Surveyphotometry.dat crossmatch
spec-3377-54950-0087.fits,SDSS J132126.28+314613.9,200.35951514445463,31.770522652565493,1.4633798827041188e+18,18.656005859375,QSO,QSO,xPCA,4338.67235872872,1.0890315690301327,0.0002956913914302124,,,0.2058023877950095,0.003633758725325717,LMC,6291.090572444834,-1.0363879453998173,18.804,0.021,18.618,0.008,18.389,0.008,18.399,0.009,18.465,0.03,Surveyphotometry.dat crossmatch,99.999,99.999,18.089,0.034,17.471,0.044,16.579,0.042,Surveyphotometry.dat crossmatch,15.094,0.035,13.798,0.036,10.905,0.127,8.38,0.326,Surveyphotometry.dat crossmatch
spec-2020-53431-0085.fits,SDSS J124007.78+324458.0,190.0324272599593,32.749448808852904,1.51456592854844e+18,18.669492721557617,QSO,QSO,xPCA,5593.803590597229,0.3627933321746264,6.038707673222663e-05,,,0.9587401042149962,0.006189956421001008,LMC,7455.082112360506,-1.2138110028816813,18.967,0.024,18.676,0.008,18.141,0.007,17.99,0.008,17.609,0.02,Surveyphotometry.dat crossmatch,99.999,99.999,16.849,0.015,15.988,0.018,14.994,0.012,Surveyphotometry.dat crossmatch,13.708,0.025,12.777,0.025,9.905,0.05,7.536,0.124,Surveyphotometry.dat crossmatch
spec-10251-58173-0578.fits,SDSS J125543.36+350952.7,193.93064467220975,35.16465720249613,1.5159950574417024e+18,17.544435501098633,QSO,QSO,xPCA,17126.56673724628,0.46733744349037853,2.1045890348001464e-05,,,6.656087898730678e-13,5.27421898460358e-06,MW,85460.8984658882,-1.9230883214989078,18.51,0.016,18.181,0.007,18.332,0.008,18.063,0.009,17.911,0.01,Surveyphotometry.dat crossmatch,99.999,99.999,16.477,0.014,15.852,0.018,15.038,0.012,Surveyphotometry.dat crossmatch,13.492,0.025,12.473,0.024,9.901,0.047,7.302,0.103,Surveyphotometry.dat crossmatch
spec-6483-56341-0312.fits,SDSS J130222.87+284411.3,195.59529374367864,28.736482161507887,1.461232746949484e+18,18.985605239868164,QSO,QSO,xPCA,17758.32443208387,2.54869508829277,0.00016529023067599739,,,0.24870368434509207,0.004988448931996042,MW,20906.098423248524,-1.1731224912878324,19.73,0.036,19.012,0.01,18.939,0.011,18.96,0.015,18.719,0.03,Surveyphotometry.dat crossmatch,99.999,99.999,17.763,0.03,17.247,0.045,16.497,0.034,Surveyphotometry.dat crossmatch,99.999,99.999,99.999,99.999,99.999,99.999,99.999,99.999,Surveyphotometry.dat crossmatch
spec-2116-53854-0400.fits,SDSS J135056.35+300212.5,207.7347964310103,30.036841588962904,1.4554224078161838e+18,18.544126510620117,QSO,QSO,xPCA,4583.799896855961,2.153343708968107,0.0005937017232511831,,,0.3010025065695232,0.003738450267325416,SMC,6635.092299377895,-1.4594410816569863,19.195,0.025,18.977,0.009,18.699,0.01,18.495,0.011,18.252,0.03,Surveyphotometry.dat crossmatch,99.999,99.999,17.393,0.035,16.777,0.032,16.024,0.024,Surveyphotometry.dat crossmatch,15.248,0.035,14.164,0.04,10.939,0.105,8.487,0.285,Surveyphotometry.dat crossmatch
spec-2009-53904-0226.fits,spec-2009-53904-0226,196.71229730953212,28.99724663982804,1.4613015695056148e+18,18.983997344970703,QSO,QSO,xPCA,9665.238109552753,0.18377727894125595,3.460442000172466e-05,,,0.8745504848967154,0.006506228052262086,SMC,15362.434078200346,-2.7223177299881702,18.814,0.023,18.615,0.009,18.11,0.008,17.708,0.008,17.638,0.02,Surveyphotometry.dat crossmatch,99.999,99.999,16.756,0.013,16.062,0.013,15.276,0.012,Surveyphotometry.dat crossmatch,14.253,0.026,13.408,0.029,10.239,0.06,7.482,0.092,Surveyphotometry.dat crossmatch
spec-2240-53823-0091.fits,spec-2240-53823-0091,194.00729092043176,26.75662472279733,3.958633908904192e+18,18.747817993164062,GALAXY,GALAXY-PASS,xPCA,5826.0956147942925,0.019204732903733736,9.955501483199178e-06,,,4.41160053857313,0.009913207165038518,LMC,158213.4467081253,-1.1709081936504249,17.661,0.016,15.863,0.003,15.077,0.003,14.696,0.003,14.391,0.0,Surveyphotometry.dat crossmatch,99.999,99.999,14.552,0.003,13.871,0.003,13.617,0.004,Surveyphotometry.dat crossmatch,12.588,0.036,12.667,0.039,11.885,0.348,99.999,99.999,Surveyphotometry.dat crossmatch
spec-6483-56341-0720.fits,SDSS J130205.16+285214.7,195.52149489542117,28.87076300511848,1.4642400143310106e+18,18.713176727294922,QSO,QSO,xPCA,17371.78038569052,1.899011912896634,0.0003154309823819791,,,0.15033182864178912,0.004024059197536234,LMC,17775.67293285055,-1.6014465531594013,19.632,0.034,19.486,0.013,19.394,0.015,18.936,0.015,18.806,0.04,Surveyphotometry.dat crossmatch,99.999,99.999,17.982,0.037,17.492,0.057,16.867,0.048,Surveyphotometry.dat crossmatch,15.454,0.039,14.171,0.043,10.571,0.078,8.469,0.256,Surveyphotometry.dat crossmatch
spec-3974-55320-0848.fits,SDSS J125726.27+345410.7,194.35947759659476,34.90297890519249,1.5159386344556262e+18,18.161252975463867,QSO,QSO,xPCA,138846.0122480597,3.163609588395416,0.00024906264274774975,,,0.3698158645395714,0.001648162680355253,MW,145015.46813567763,-1.8073811277577867,21.027,0.085,18.59,0.008,18.342,0.008,18.239,0.009,18.226,0.02,Surveyphotometry.dat crossmatch,99.999,99.999,16.996,0.02,99.999,9.999,16.075,0.038,Surveyphotometry.dat crossmatch,15.365,0.037,14.624,0.053,10.828,0.11,8.885,0.47,Surveyphotometry.dat crossmatch
spec-10257-58526-0324.fits,SDSS J132503.72+320504.8,201.26550879485853,32.08467827453096,1.469354319651861e+18,18.690692901611328,QSO,QSO,xPCA,16680.21038024291,1.936711156076648,0.0005285125840022162,,,0.041315201578175816,0.0016685730418495165,SMC,23374.86671426247,-1.3549919541395128,18.695,0.018,18.471,0.007,18.408,0.008,18.336,0.011,18.251,0.03,Surveyphotometry.dat crossmatch,99.999,99.999,17.831,0.039,17.435,0.041,16.916,0.047,Surveyphotometry.dat crossmatch,15.343,0.037,13.896,0.036,10.298,0.07,7.891,0.212,Surveyphotometry.dat crossmatch
spec-2662-54505-0600.fits,SDSS J130511.72+242458.5,196.2988689459137,24.41626709850951,3.957144719188086e+18,18.221973419189453,QSO,QSO,xPCA,8466.87932043716,1.7163075390837388,0.00041724051306414676,,,0.1321493015079131,0.002389424941894175,SMC,8745.803331477793,-1.2297002888666555,19.011,0.021,18.832,0.008,18.704,0.009,18.425,0.01,18.396,0.03,Surveyphotometry.dat crossmatch,99.999,99.999,17.551,0.026,17.093,0.033,16.604,0.037,Surveyphotometry.dat crossmatch,15.457,0.04,14.143,0.044,10.86,0.162,8.412,0.385,Surveyphotometry.dat crossmatch
spec-2109-53468-0079.fits,SDSS J133932.73+322942.9,204.8863971911277,32.495275650046416,1.4688900165067817e+18,18.987836837768555,QSO,QSO,xPCA,4164.156416777462,2.3616324579224552,0.0002770152735111435,,,0.017428477306429747,0.010969013498212131,MW,5207.247606380384,-1.269407589995738,19.503,0.027,19.009,0.009,19.052,0.011,19.03,0.013,18.799,0.03,Surveyphotometry.dat crossmatch,99.999,99.999,18.184,0.055,17.611,0.079,16.806,0.059,Surveyphotometry.dat crossmatch,16.412,0.07,15.372,0.096,12.016,0.28,9.001,0.434,Surveyphotometry.dat crossmatch
sdssJ135625+254952_combined.dat,sdssJ135625+254952_combined,209.10660473692084,25.831336761470784,1.4503412897062508e+18,,STAR,K3_+0.5_Dwarf.fits,Stellar-templates,236.35307703164153,,,,,2.0947058798838163,0.06215201767293288,LMC,1403.0427013212582,-1.610624335271569,21.143,0.081,19.047,0.009,18.174,0.007,17.967,0.008,17.641,0.01,Surveyphotometry.dat crossmatch,99.999,99.999,16.622,0.012,16.09,0.012,15.969,0.021,Surveyphotometry.dat crossmatch,15.998,0.05,16.137,0.155,99.999,99.999,99.999,99.999,Surveyphotometry.dat crossmatch
spec-2104-53852-0297.fits,SDSS J131332.45+304743.7,198.3852390086598,30.795499821791363,1.463073982249497e+18,18.96030044555664,QSO,QSO,xPCA,4716.587713131719,1.1427425806046414,0.00022558450316485147,,,2.5047431305696283e-10,4.4224017580740265e-05,LMC,7820.059424743999,-1.3218024643782722,18.811,0.019,18.751,0.009,18.548,0.009,18.575,0.01,18.686,0.03,Surveyphotometry.dat crossmatch,99.999,99.999,17.972,0.033,17.513,0.037,16.629,0.04,Surveyphotometry.dat crossmatch,14.897,0.03,13.479,0.029,10.576,0.067,8.567,0.237,Surveyphotometry.dat crossmatch
spec-2240-53823-0491.fits,spec-2240-53823-0491,194.35766212019703,27.546158703822364,1.4606785930889544e+18,18.230897903442383,GALAXY,GALAXY-PASS,xPCA,7230.493633765085,0.01861484225772525,8.295602538613805e-06,,,2.5701512883581414,0.0022196211609746275,LMC,1106103.0665449612,-1.0919195766199794,17.176,0.012,15.393,0.003,14.61,0.002,14.22,0.002,13.925,0.0,Surveyphotometry.dat crossmatch,99.999,99.999,14.042,0.002,13.363,0.002,13.007,0.003,Surveyphotometry.dat crossmatch,11.937,0.024,12.048,0.024,11.771,0.263,99.999,99.999,Surveyphotometry.dat crossmatch
spec-2029-53819-0067.fits,SDSS J130837.63+311508.6,197.1567967188749,31.25239030400375,1.466138973991106e+18,18.784786224365234,QSO,QSO-MIDZ,xPCA,5739.51731002831,0.4338360305320077,0.00027625791521987446,,,0.6290973206012035,0.00813836006468377,LMC,7624.108881681545,-1.735538699557057,19.334,0.028,19.145,0.011,18.96,0.012,18.684,0.013,18.417,0.03,Surveyphotometry.dat crossmatch,99.999,99.999,17.398,0.021,16.686,0.024,15.938,0.025,Surveyphotometry.dat crossmatch,14.739,0.031,14.013,0.039,12.391,0.368,99.999,99.999,Surveyphotometry.dat crossmatch
spec-2241-54169-0604.fits,SDSS J130313.02+281107.7,195.80426433570983,28.185487674716114,1.4607830466942228e+18,16.654735565185547,QSO,QSO-MIDZ,xPCA,5475.914413417555,1.3127569781511257,0.0002112374692521224,,,2.1298651590225676e-11,3.977898752118849e-06,MW,47977.4476662127,-1.0444846000021923,16.914,0.008,16.804,0.004,16.662,0.005,16.647,0.005,16.689,0.0,Surveyphotometry.dat crossmatch,99.999,99.999,15.927,0.008,15.229,0.008,14.794,0.009,Surveyphotometry.dat crossmatch,13.268,0.024,11.895,0.022,9.131,0.029,7.27,0.098,Surveyphotometry.dat crossmatch
spec-2663-54234-0171.fits,SDSS J131257.42+243127.2,198.23926023141524,24.52423901283052,1.4469211213489567e+18,17.940649032592773,QSO,QSO,xPCA,5149.89435346076,1.914648061066133,0.0004191486751740387,,,4.213844713701204e-12,2.5446372041086727e-05,SMC,8395.486467756316,-1.0162888085504873,18.67,0.019,18.546,0.007,18.553,0.009,18.335,0.009,18.212,0.02,Surveyphotometry.dat crossmatch,99.999,99.999,17.653,0.028,17.256,0.039,16.639,0.04,Surveyphotometry.dat crossmatch,15.434,0.037,14.279,0.042,11.252,0.145,9.217,0.522,Surveyphotometry.dat crossmatch
spec-1994-53845-0363.fits,SDSS J125122.71+321459.9,192.844641574356,32.24998231644409,1.5138338943219187e+18,18.718557357788086,QSO,QSO-MIDZ,xPCA,5273.966962306993,0.8134684320509196,0.000289963979675629,,,0.06027272956282088,0.004533430699614427,MW,6109.95827503867,-1.4252802545765086,19.278,0.026,18.818,0.009,18.717,0.009,18.829,0.012,18.573,0.03,Surveyphotometry.dat crossmatch,99.999,99.999,17.406,0.023,17.242,0.044,16.536,0.039,Surveyphotometry.dat crossmatch,15.051,0.034,14.164,0.043,11.082,0.128,8.466,0.286,Surveyphotometry.dat crossmatch
spec-2024-53503-0368.fits,SDSS J134416.13+323806.6,206.0672657388912,32.63521911470243,1.4583519878287693e+18,18.885337829589844,QSO,QSO-MIDZ,xPCA,5157.33533018355,0.5185531604585214,0.00022986690010789272,,,0.18293794753526127,0.008894871925326245,SMC,5173.803471893629,-2.2605352693549747,19.498,0.029,19.153,0.011,19.102,0.011,18.949,0.013,18.961,0.03,Surveyphotometry.dat crossmatch,99.999,99.999,17.671,0.035,17.087,0.046,16.09,0.03,Surveyphotometry.dat crossmatch,14.676,0.03,13.496,0.03,10.736,0.09,8.423,0.256,Surveyphotometry.dat crossmatch
spec-2031-53848-0085.fits,SDSS J125726.27+345410.7,194.35947759659476,34.90297890519249,1.5159386344556262e+18,18.161252975463867,QSO,QSO,xPCA,28365.03112974603,3.15901033912443,0.0003315841980302872,,,0.2728758376290788,0.0030066015059025952,MW,33150.25160625211,-1.7350689889848552,21.027,0.085,18.59,0.008,18.342,0.008,18.239,0.009,18.226,0.02,Surveyphotometry.dat crossmatch,99.999,99.999,16.996,0.02,99.999,9.999,16.075,0.038,Surveyphotometry.dat crossmatch,15.365,0.037,14.624,0.053,10.828,0.11,8.885,0.47,Surveyphotometry.dat crossmatch
spec-2023-53851-0499.fits,SDSS J131925.81+352352.0,199.8575540111806,35.39781825022406,1.473220756586775e+18,18.41716194152832,QSO,QSO-MIDZ,xPCA,3607.623730489389,1.4164065262360914,0.000776611156669127,,,7.181299091084566e-10,0.00019707342863349968,LMC,4790.570475527063,-1.4537006312703056,19.302,0.021,18.77,0.008,18.509,0.008,18.479,0.01,18.494,0.03,Surveyphotometry.dat crossmatch,99.999,99.999,17.448,0.032,17.0,0.057,16.74,0.059,Surveyphotometry.dat crossmatch,15.889,0.047,14.718,0.051,11.592,0.199,8.409,0.23,Surveyphotometry.dat crossmatch
spec-2031-53848-0171.fits,SDSS J125611.64+355100.9,194.0485026892792,35.85025234369546,1.5171522547742346e+18,18.886505126953125,QSO,QSO-MIDZ,xPCA,5831.710254410941,2.0752206592627425,0.0006996309589603775,,,3.5914375043789165e-11,0.0003045310225237787,MW,7271.51609819882,-1.220616825006848,19.534,0.031,19.297,0.011,19.152,0.012,19.107,0.015,18.911,0.03,Surveyphotometry.dat crossmatch,99.999,99.999,18.117,0.062,17.532,0.097,17.096,0.082,Surveyphotometry.dat crossmatch,16.011,0.051,14.943,0.065,11.475,0.182,9.007,0.498,Surveyphotometry.dat crossmatch
spec-2120-53852-0254.fits,spec-2120-53852-0254,209.82483286083053,26.17195782666261,1.258579147493332e+18,18.70459747314453,GALAXY,GALAXY-PASS,xPCA,5051.834711043889,0.06348164219592387,1.392298136024583e-05,,,2.1402571598575144,0.003138229292001471,SMC,533556.8188208316,-1.1815524583880626,18.423,0.025,16.64,0.004,15.851,0.003,15.494,0.003,15.217,0.0,Surveyphotometry.dat crossmatch,99.999,99.999,15.002,0.004,14.36,0.004,13.951,0.004,Surveyphotometry.dat crossmatch,13.116,0.023,13.004,0.026,11.304,0.133,99.999,99.999,Surveyphotometry.dat crossmatch
spec-2661-54505-0319.fits,SDSS J124840.43+241240.5,192.16848343312705,24.211267005130345,3.9578293026150554e+18,18.06875228881836,QSO,,Composite model - SMC,9118.205202287658,0.5076879331444272,3.60362262840086e-05,0.3500525444030246,0.003323502580766524,0.3500525444030246,0.003323502580766524,SMC,9118.205202287658,-1.6267201672151201,18.443,0.015,18.007,0.006,17.903,0.007,17.742,0.007,17.732,0.02,Surveyphotometry.dat crossmatch,99.999,99.999,16.866,0.015,16.067,0.014,14.932,0.009,Surveyphotometry.dat crossmatch,13.157,0.024,11.987,0.023,9.148,0.031,6.712,0.064,Surveyphotometry.dat crossmatch
spec-1838-53467-0255.fits,SDSS J135650.52+340500.9,209.2105360463665,34.08358171898717,1.45878598998088e+18,18.74535369873047,QSO,QSO,xPCA,4411.645450332611,1.586423394806424,0.0003880756157669277,,,0.27985560105735924,0.0043377499135571485,SMC,4744.508199872123,-1.6161607156194224,20.082,0.039,19.625,0.013,19.394,0.013,19.061,0.019,19.053,0.04,Surveyphotometry.dat crossmatch,99.999,99.999,17.734,0.038,17.104,0.032,16.784,0.049,Surveyphotometry.dat crossmatch,15.501,0.039,14.146,0.038,11.038,0.105,8.721,0.364,Surveyphotometry.dat crossmatch
spec-2115-53535-0459.fits,SDSS J134834.28+262205.9,207.14282462455887,26.368300757588266,1.4513209545663892e+18,18.706058502197266,QSO,QSO-MIDZ,xPCA,3776.136633898112,0.9156919619134665,0.0009147757004635061,,,4.914911278528292e-11,6.080179469423937e-05,MW,6082.598349337175,-1.3072812666931506,19.022,0.023,18.862,0.009,18.753,0.01,18.7,0.012,18.544,0.03,Surveyphotometry.dat crossmatch,99.999,99.999,17.646,0.027,17.333,0.045,16.5,0.039,Surveyphotometry.dat crossmatch,14.71,0.029,13.368,0.028,10.4,0.064,8.574,0.287,Surveyphotometry.dat crossmatch
spec-2666-54230-0260.fits,SDSS J133934.66+225342.0,204.89443226699308,22.89499369159179,1.4435084090557033e+18,18.267562866210938,QSO,QSO,xPCA,8398.69575308152,1.1142191391770462,0.0001241478175703016,,,0.151837605500941,0.002987182810984257,SMC,9881.840462861477,-1.1814555852725601,19.023,0.023,18.779,0.008,18.381,0.008,18.344,0.009,18.448,0.02,Surveyphotometry.dat crossmatch,99.999,99.999,17.252,0.028,16.68,0.022,16.058,0.024,Surveyphotometry.dat crossmatch,14.742,0.029,13.77,0.033,10.8,0.087,8.046,0.21,Surveyphotometry.dat crossmatch
spec-2002-53471-0163.fits,SDSS J131948.44+283524.7,199.9518322213824,28.590203435326817,1.4616493888409336e+18,18.734294891357422,QSO,QSO-MIDZ,xPCA,3569.7100618223794,0.9068213240025551,0.00026653556027040015,,,6.9909575632805254e-12,0.0001575118883247584,SMC,5159.483709557389,-1.4934826457987207,18.991,0.02,18.834,0.009,18.762,0.01,18.881,0.013,18.895,0.03,Surveyphotometry.dat crossmatch,99.999,99.999,17.785,0.031,17.495,0.044,16.716,0.045,Surveyphotometry.dat crossmatch,15.024,0.032,13.877,0.035,10.8,0.095,8.244,0.248,Surveyphotometry.dat crossmatch
spec-2009-53904-0451.fits,spec-2009-53904-0451,197.5964656390249,30.09276258559659,1.462931939090915e+18,18.855499267578125,GALAXY,GALAXY-PASS,xPCA,3733.1959389904723,0.038386693151203466,1.2880418354761856e-05,,,2.517822343611104,0.0027418405937453816,MW,91574.3813962673,-1.045143611872621,18.034,0.017,16.387,0.003,15.62,0.003,15.27,0.003,14.99,0.0,Surveyphotometry.dat crossmatch,99.999,99.999,14.804,0.004,14.151,0.004,13.841,0.004,Surveyphotometry.dat crossmatch,12.971,0.023,12.961,0.025,99.999,99.999,99.999,99.999,Surveyphotometry.dat crossmatch
spec-6485-56342-0040.fits,SDSS J125757.23+322929.2,194.4884660430872,32.491479536200124,1.467353006626702e+18,18.14527130126953,QSO,QSO-MIDZ,xPCA,11553.332241356766,0.8049700499181507,0.0001981258067453511,,,2.8817623986968424e-10,7.70571284200585e-05,SMC,16710.92562027796,-2.382146284343793,19.46,0.03,18.937,0.009,18.789,0.01,18.677,0.011,18.388,0.02,Surveyphotometry.dat crossmatch,99.999,99.999,16.315,0.011,15.51,0.012,14.648,0.009,Surveyphotometry.dat crossmatch,12.187,0.023,11.134,0.02,8.405,0.021,6.139,0.049,Surveyphotometry.dat crossmatch
spec-1987-53765-0158.fits,SDSS J125041.82+333052.6,192.6742664269441,33.51460958809472,1.5142532892888044e+18,18.66463279724121,QSO,QSO,xPCA,4257.929358990816,1.1343423846541276,0.000491842129128756,,,6.950272724969703e-10,0.0006281689202655783,LMC,4535.923492380028,-1.2606716958749444,19.269,0.028,19.295,0.011,18.994,0.011,18.994,0.014,19.179,0.04,Surveyphotometry.dat crossmatch,99.999,99.999,18.409,0.053,17.86,0.088,17.136,0.07,Surveyphotometry.dat crossmatch,15.993,0.053,14.58,0.052,11.398,0.155,99.999,99.999,Surveyphotometry.dat crossmatch
spec-2239-53726-0437.fits,SDSS J124803.38+302854.5,192.0140878715692,30.481848952300066,1.4652117721552128e+18,18.659250259399414,QSO,QSO,xPCA,4680.641414037745,1.6556448827779606,0.0002272099476000671,,,0.05277488987932477,0.004327834506947254,MW,4975.232343417665,-1.1226214303402848,18.81,0.018,18.674,0.008,18.617,0.009,18.386,0.01,18.329,0.02,Surveyphotometry.dat crossmatch,99.999,99.999,17.426,0.029,16.849,0.03,16.502,0.039,Surveyphotometry.dat crossmatch,15.463,0.039,14.097,0.042,10.938,0.097,99.999,99.999,Surveyphotometry.dat crossmatch
spec-2009-53904-0175.fits,SDSS J130859.11+290558.5,197.24633836373297,29.099605902454208,1.4613143813915604e+18,18.953882217407227,QSO,QSO-MIDZ,xPCA,3135.4527786005438,0.7493229748011614,0.00029843866914610803,,,0.018336286044590682,0.006613269828792717,MW,3550.1933595874298,-1.6038389008031524,19.391,0.029,18.917,0.009,18.759,0.01,18.8,0.013,18.671,0.04,Surveyphotometry.dat crossmatch,99.999,99.999,17.626,0.028,17.255,0.036,16.349,0.03,Surveyphotometry.dat crossmatch,14.773,0.031,13.572,0.031,10.791,0.087,8.572,0.257,Surveyphotometry.dat crossmatch
spec-2243-53794-0495.fits,SDSS J131521.21+271748.5,198.83837845992412,27.29680173418571,1.459952911118524e+18,18.384801864624023,QSO,QSO,xPCA,11718.709621904374,2.0231278318794925,0.00020696222164275798,,,0.18928080227105248,0.002193417625470262,SMC,14972.988710948903,-1.4284825164391155,18.837,0.018,18.658,0.008,18.5,0.008,18.297,0.009,18.082,0.01,Surveyphotometry.dat crossmatch,99.999,99.999,17.021,0.018,16.554,0.019,16.054,0.024,Surveyphotometry.dat crossmatch,15.098,0.033,13.917,0.037,10.147,0.058,7.809,0.188,Surveyphotometry.dat crossmatch
spec-5994-56101-0936.fits,SDSS J131252.47+264707.4,198.21867045170367,26.785398782877003,1.4598401080972662e+18,18.943952560424805,QSO,,Composite model - SMC,27113.858544222876,2.1706144568307337,1.6632757257273312e-05,0.05138848808692499,0.0012826492413623158,0.05138848808692499,0.0012826492413623158,SMC,27113.858544222876,-1.254383295179089,18.954,0.021,18.653,0.008,18.639,0.009,18.522,0.01,18.309,0.02,Surveyphotometry.dat crossmatch,99.999,99.999,17.564,0.029,17.154,0.033,16.23,0.027,Surveyphotometry.dat crossmatch,15.779,0.045,14.775,0.064,12.079,0.322,8.861,0.454,Surveyphotometry.dat crossmatch
spec-6492-56362-0110.fits,SDSS J133139.90+312757.7,202.91628502577828,31.46602884671787,1.468411660229742e+18,18.660005569458008,QSO,QSO,xPCA,53174.031874431836,3.0258227476826898,0.00015634565906408055,,,0.2861529502065558,0.0022650183636249988,MW,59873.90973183606,-1.852661030316453,19.964,0.044,18.578,0.008,18.358,0.008,18.403,0.01,18.296,0.03,Surveyphotometry.dat crossmatch,99.999,99.999,17.107,0.017,16.697,0.027,16.259,0.034,Surveyphotometry.dat crossmatch,15.311,0.035,14.53,0.048,11.349,0.143,8.546,0.318,Surveyphotometry.dat crossmatch
spec-6008-56093-0524.fits,SDSS J135946.87+254909.1,209.9452956376281,25.819202442955888,1.258549181505723e+18,18.842771530151367,QSO,QSO-MIDZ,xPCA,6555.20900512994,1.886383052657809,0.0002795772894792047,,,7.907384482982484e-10,0.0005838733340832435,MW,8859.464116882375,-1.0293315272169232,18.92,0.021,18.916,0.009,18.892,0.01,18.669,0.012,18.619,0.03,Surveyphotometry.dat crossmatch,99.999,99.999,17.749,0.032,17.463,0.038,16.971,0.052,Surveyphotometry.dat crossmatch,15.726,0.045,14.216,0.04,10.918,0.103,8.794,0.353,Surveyphotometry.dat crossmatch
spec-6001-56072-0630.fits,SDSS J134620.51+243252.6,206.5854606346212,24.54796350816996,1.4442930480406257e+18,18.945207595825195,QSO,QSO,xPCA,4627.0422996425195,2.163583527391594,0.0003729033025727244,,,0.09363696042195971,0.0020237196245940572,SMC,4968.848902891428,-1.136991303615493,20.354,0.053,20.055,0.016,19.895,0.019,19.787,0.023,19.322,0.05,Surveyphotometry.dat crossmatch,99.999,99.999,18.224,0.052,17.835,0.072,17.129,0.065,Surveyphotometry.dat crossmatch,99.999,99.999,99.999,99.999,99.999,99.999,99.999,99.999,Surveyphotometry.dat crossmatch
spec-5968-56356-0624.fits,SDSS J124024.43+290145.3,190.10179755726085,29.02928548308533,4.0110314791232655e+18,18.57895851135254,QSO,QSO,xPCA,19123.73958047756,2.5252506391577194,0.00024249517020044452,,,0.2498028311748786,0.0021759604166061014,LMC,35323.16935440486,-1.397382399857324,19.713,0.03,19.073,0.01,18.929,0.011,18.901,0.013,18.643,0.03,Surveyphotometry.dat crossmatch,99.999,99.999,17.769,0.045,17.255,0.038,16.536,0.045,Surveyphotometry.dat crossmatch,16.008,0.053,14.797,0.062,11.408,0.17,99.999,99.999,Surveyphotometry.dat crossmatch
spec-5991-56076-0902.fits,SDSS J130634.62+254548.6,196.64425108451331,25.763493688800978,1.459485756115545e+18,18.544221878051758,QSO,QSO,xPCA,13429.961125641668,2.3774186726744158,0.00048385416579222503,,,0.07359444223225244,0.0032392045654355134,MW,61414.637560500465,-1.1028296969894136,19.06,0.02,18.635,0.008,18.58,0.009,18.53,0.01,18.423,0.02,Surveyphotometry.dat crossmatch,99.999,99.999,17.541,0.023,17.104,0.027,16.493,0.031,Surveyphotometry.dat crossmatch,15.645,0.042,14.483,0.053,10.92,0.146,99.999,99.999,Surveyphotometry.dat crossmatch
spec-2243-53794-0388.fits,SDSS J131130.29+270023.8,197.8762347999588,27.006659492569856,1.460047056801582e+18,18.92989730834961,QSO,QSO-MIDZ,xPCA,3707.7649489815412,1.2420742971061083,0.0005065460569201977,,,0.028151964825299403,0.004066666664354058,SMC,4073.1026386200097,-1.13006986038917,19.253,0.025,19.182,0.01,18.871,0.01,18.88,0.012,19.049,0.04,Surveyphotometry.dat crossmatch,99.999,99.999,18.363,0.053,17.555,0.043,16.924,0.051,Surveyphotometry.dat crossmatch,15.343,0.039,14.084,0.041,11.258,0.186,99.999,99.999,Surveyphotometry.dat crossmatch
spec-2663-54234-0298.fits,SDSS J130841.23+234816.5,197.17182272870843,23.804587674783484,3.945052981796394e+18,18.781801223754883,QSO,QSO,xPCA,4274.086905816131,1.1593416665173317,0.0003288224610198873,,,1.4751328685034398e-11,0.00020571843350885373,LMC,5240.4351217757185,-1.9128725385300944,19.217,0.025,19.232,0.011,19.083,0.011,19.154,0.014,19.363,0.04,Surveyphotometry.dat crossmatch,99.999,99.999,19.155,0.125,18.508,0.109,17.634,0.102,Surveyphotometry.dat crossmatch,15.395,0.039,14.377,0.045,11.64,0.237,99.999,99.999,Surveyphotometry.dat crossmatch
spec-1993-53762-0374.fits,SDSS J132821.74+351738.5,202.09061051938488,35.29403416420515,1.4733923834804396e+18,18.342098236083984,QSO,QSO-MIDZ,xPCA,7002.862667404541,0.6851167675097067,0.0001634497289737906,,,2.704669000970581e-09,4.9152705898011654e-05,LMC,11368.866241636579,-1.1955030581099853,18.788,0.017,18.359,0.007,18.508,0.008,18.392,0.009,18.39,0.02,Surveyphotometry.dat crossmatch,99.999,99.999,17.329,0.025,16.436,0.027,15.299,0.02,Surveyphotometry.dat crossmatch,13.739,0.025,12.657,0.024,9.987,0.045,7.967,0.193,Surveyphotometry.dat crossmatch
spec-2094-53851-0516.fits,spec-2094-53851-0516,205.87960855339912,30.303098711387044,1.4556320752351857e+18,18.78963851928711,GALAXY,GALAXY-PASS,xPCA,5109.941961493569,0.03503586933532887,1.0527760169574934e-05,,,2.158223054916349,0.0028867043165818895,SMC,625024.7574006513,-1.0455436037855848,18.238,0.021,16.531,0.004,15.754,0.003,15.394,0.003,15.103,0.0,Surveyphotometry.dat crossmatch,99.999,99.999,14.866,0.004,14.221,0.004,13.903,0.004,Surveyphotometry.dat crossmatch,13.008,0.024,13.02,0.027,12.286,0.391,99.999,99.999,Surveyphotometry.dat crossmatch
spec-2104-53852-0100.fits,SDSS J131616.99+303024.6,199.0708314162841,30.506838465967,1.462819372292268e+18,18.917306900024414,BAL_QSO,QSO,xPCA,4315.495936032635,1.5518930168421337,0.0004481136096576289,,,0.20488305957691824,0.005643487678219719,SMC,4927.904618057813,-1.5283897086461662,19.592,0.034,19.262,0.011,19.101,0.012,18.81,0.013,18.822,0.04,Surveyphotometry.dat crossmatch,99.999,99.999,18.187,0.047,17.473,0.04,17.212,0.075,Surveyphotometry.dat crossmatch,15.714,0.045,14.176,0.04,10.957,0.114,8.999,0.447,Surveyphotometry.dat crossmatch
spec-2017-53474-0168.fits,SDSS J134350.12+280205.8,205.95883423022968,28.03496161902501,1.4548048258784115e+18,18.488277435302734,QSO,QSO,xPCA,22822.47887422984,0.2114625686497189,2.1467892287671345e-05,,,0.9845676707477583,0.005579074681612617,MW,30168.58315920361,-4.4896749792758675,18.392,0.021,18.116,0.007,17.591,0.006,17.187,0.006,17.227,0.02,Surveyphotometry.dat crossmatch,99.999,99.999,16.325,0.011,15.575,0.012,14.687,0.012,Surveyphotometry.dat crossmatch,13.428,0.025,12.557,0.025,9.61,0.036,6.657,0.063,Surveyphotometry.dat crossmatch
spec-6483-56341-0792.fits,SDSS J130401.70+290647.3,196.00710739534847,29.113155614206864,1.4612684424217846e+18,18.68301010131836,QSO,QSO,xPCA,10163.686507760789,2.189602121767438,0.00023364441936051157,,,0.04462244713287272,0.0012918668813748958,SMC,13557.864776848288,-1.064508982800323,99.999,9.999,99.999,9.999,99.999,9.999,99.999,9.999,99.999,9.999,Surveyphotometry.dat crossmatch,99.999,99.999,17.568,0.031,17.242,0.038,16.368,0.035,Surveyphotometry.dat crossmatch,15.613,0.044,14.345,0.044,10.864,0.098,8.484,0.274,Surveyphotometry.dat crossmatch
spec-2662-54505-0429.fits,SDSS J125930.92+250449.8,194.8788762462892,25.080511723203,3.9573910785122806e+18,18.282024383544922,QSO,QSO,xPCA,4563.472022862378,1.6015113612086185,0.0016561065141280742,,,0.16287022331200307,0.0019726135612506412,SMC,17756.387800724693,-1.0105886861153126,19.117,0.022,18.641,0.008,18.444,0.008,18.286,0.009,18.313,0.02,Surveyphotometry.dat crossmatch,99.999,99.999,17.25,0.028,16.815,0.026,16.497,0.034,Surveyphotometry.dat crossmatch,15.517,0.038,14.433,0.047,11.115,0.165,8.283,0.34,Surveyphotometry.dat crossmatch
spec-6006-56105-0228.fits,SDSS J135036.43+271745.1,207.65179984892484,27.295871252828093,1.4514822391784146e+18,18.78536605834961,QSO,QSO,xPCA,23539.556480227642,2.0972573818083724,0.0002074518909734601,,,0.4565328328991301,0.0014150419540447101,SMC,35222.99264628446,-1.1828454318381676,19.437,0.032,19.12,0.01,18.743,0.01,18.313,0.01,17.922,0.02,Surveyphotometry.dat crossmatch,99.999,99.999,16.801,0.021,16.146,0.021,15.363,0.017,Surveyphotometry.dat crossmatch,14.386,0.027,13.051,0.025,9.706,0.035,7.583,0.115,Surveyphotometry.dat crossmatch
spec-2009-53904-0441.fits,SDSS J131014.85+301756.2,197.56190432994444,30.29896549321577,1.4629395669528356e+18,18.627342224121094,QSO,QSO,xPCA,6254.699861668649,1.9327205893436785,0.0007279071939969293,,,0.4589084021040418,0.003776296951807534,SMC,7636.827529377257,-1.5150878226086837,19.452,0.031,19.209,0.011,18.82,0.01,18.314,0.01,18.158,0.02,Surveyphotometry.dat crossmatch,99.999,99.999,17.251,0.025,16.754,0.029,16.11,0.026,Surveyphotometry.dat crossmatch,14.965,0.031,13.873,0.035,10.547,0.06,8.22,0.186,Surveyphotometry.dat crossmatch
spec-2104-53852-0004.fits,SDSS J132232.23+303211.9,200.6343072726066,30.53662561346863,1.462479352617386e+18,18.143779754638672,QSO,QSO,xPCA,9321.41992366108,3.5833872769422284,0.0013693237686334648,,,2.714031709333091e-10,8.655428344070084e-06,LMC,104433.30586575574,-1.1744117199093425,17.879,0.012,17.583,0.005,17.397,0.005,17.411,0.006,17.379,0.01,Surveyphotometry.dat crossmatch,99.999,99.999,16.543,0.012,16.545,0.019,15.858,0.024,Surveyphotometry.dat crossmatch,14.69,0.029,13.54,0.03,10.333,0.061,7.912,0.183,Surveyphotometry.dat crossmatch
spec-2029-53819-0633.fits,spec-2029-53819-0633,197.9168560711915,31.82124369488529,1.4665562730137318e+18,18.95174217224121,GALAXY,GALAXY-PASS,xPCA,5756.927660056396,0.07198750060424047,1.4084424221949555e-05,,,2.287601302768505,0.0026221569939399725,SMC,663722.3774037268,-1.1734901008234055,17.49,0.017,15.664,0.003,14.821,0.002,14.426,0.002,14.115,0.0,Surveyphotometry.dat crossmatch,99.999,99.999,14.779,0.003,14.108,0.003,13.681,0.004,Surveyphotometry.dat crossmatch,12.361,0.024,12.309,0.024,12.0,0.238,99.999,99.999,Surveyphotometry.dat crossmatch
spec-2020-53431-0541.fits,spec-2020-53431-0541,190.4224266154275,34.675279789864646,1.5153102979200832e+18,18.9434814453125,FAINT,GALAXY-PASS,Stellar-templates,16806.598526282574,0.5401305984731961,0.000653645257142357,,,0.6095244520892291,0.009358201014753154,SMC,5699.994036433988,-1.5840585760685535,20.089,0.04,19.85,0.014,19.543,0.014,19.277,0.015,19.064,0.04,Surveyphotometry.dat crossmatch,99.999,99.999,17.439,0.033,16.802,0.04,16.061,0.03,Surveyphotometry.dat crossmatch,14.994,0.034,14.494,0.049,12.134,0.274,99.999,99.999,Surveyphotometry.dat crossmatch
spec-2011-53499-0480.fits,SDSS J130014.25+293313.0,195.05938696012075,29.553613271342687,1.4643373511735864e+18,18.37076187133789,QSO,QSO,xPCA,3939.5850584161108,1.762126230768549,0.0003185383580312488,,,2.883180940630066e-09,0.00018128576753339952,LMC,5453.7640706344,-1.0488641978476247,18.609,0.018,18.555,0.008,18.451,0.008,18.204,0.009,18.218,0.02,Surveyphotometry.dat crossmatch,99.999,99.999,17.537,0.024,17.139,0.038,16.595,0.043,Surveyphotometry.dat crossmatch,15.477,0.042,14.435,0.051,11.779,0.218,9.048,0.541,Surveyphotometry.dat crossmatch
spec-6483-56341-0670.fits,SDSS J130128.87+291503.9,195.3702979744318,29.251106300063544,1.4643142614291645e+18,18.977149963378906,QSO,QSO,xPCA,6404.181535916914,1.8677755264569325,0.0005006330478143995,,,1.4346928240696263e-10,3.44866126532643e-05,SMC,10484.76026266578,-1.012163433274611,19.241,0.026,19.173,0.011,19.177,0.013,18.916,0.014,18.983,0.04,Surveyphotometry.dat crossmatch,99.999,99.999,18.556,0.061,18.091,0.089,17.653,0.112,Surveyphotometry.dat crossmatch,16.01,0.053,14.541,0.049,11.303,0.158,8.461,0.323,Surveyphotometry.dat crossmatch
spec-3301-54939-0213.fits,spec-3301-54939-0213,201.78789000464343,23.09509576275021,1.443150311861781e+18,18.475749969482422,QSO,QSO-MIDZ,xPCA,4182.991008132058,1.0281963648974632,0.0001794427670186575,,,0.026233289716452234,0.0023180876851434367,MW,7661.4600411807505,-1.0717037918469,18.696,0.016,18.546,0.008,18.294,0.008,18.407,0.01,18.412,0.02,Surveyphotometry.dat crossmatch,99.999,99.999,17.5,0.026,17.018,0.027,16.065,0.023,Surveyphotometry.dat crossmatch,14.39,0.028,13.055,0.028,10.301,0.069,8.057,0.251,Surveyphotometry.dat crossmatch
spec-3980-55331-0492.fits,SDSS J131016.75+334419.7,197.56982042060784,33.738811436449666,1.4677581766617492e+18,18.131284713745117,QSO,QSO,xPCA,5186.412789371438,1.7913647004495743,0.0002581869972026617,,,3.711185015981694e-10,1.3962451126494816e-05,LMC,12432.535057885347,-1.0954621267089035,17.823,0.011,17.648,0.005,17.635,0.006,17.437,0.006,17.388,0.01,Surveyphotometry.dat crossmatch,99.999,99.999,16.706,0.018,16.342,0.02,15.822,0.022,Surveyphotometry.dat crossmatch,14.775,0.031,13.662,0.033,10.893,0.098,8.987,0.455,Surveyphotometry.dat crossmatch
spec-2112-53534-0177.fits,SDSS J132407.62+324801.4,201.0317829821032,32.800378231191566,1.469627891888173e+18,17.99131965637207,QSO,QSO,xPCA,5685.959196686423,1.6707924882094534,0.00027249255066372625,,,0.010060177995956912,0.0018953344432961153,SMC,7237.22887540513,-1.030359125428414,18.264,0.014,18.102,0.006,18.082,0.007,17.88,0.008,17.941,0.01,Surveyphotometry.dat crossmatch,99.999,99.999,17.389,0.029,16.823,0.043,16.534,0.048,Surveyphotometry.dat crossmatch,15.121,0.037,13.684,0.036,10.347,0.084,7.918,0.174,Surveyphotometry.dat crossmatch
spec-2094-53851-0598.fits,SDSS J134651.31+302421.7,206.71379362895615,30.406040021105504,1.455674715670592e+18,18.25355339050293,BAL_QSO,QSO-MIDZ,xPCA,5870.291479396041,0.8666805399510038,0.0002397037580536444,,,3.219186407786394e-09,3.0276460003901404e-05,LMC,10422.65182601757,-1.1606193138718472,18.926,0.021,18.494,0.007,18.422,0.008,18.488,0.011,18.36,0.03,Surveyphotometry.dat crossmatch,99.999,99.999,17.219,0.029,16.789,0.031,15.899,0.021,Surveyphotometry.dat crossmatch,14.158,0.029,12.934,0.027,10.301,0.068,8.051,0.216,Surveyphotometry.dat crossmatch
spec-10252-58485-0174.fits,SDSS J130312.89+321911.4,195.80371791404136,32.319860858210525,1.4671161262943007e+18,17.884883880615234,QSO,QSO-MIDZ,xPCA,5649.419444213588,1.950032313573718,0.0016470644180397631,,,0.12181307046190978,0.0011142163817050646,SMC,40129.512370531,-0.9883549698004942,19.072,0.024,18.786,0.008,18.598,0.009,18.419,0.01,18.306,0.02,Surveyphotometry.dat crossmatch,99.999,99.999,17.014,0.014,16.495,0.017,15.911,0.02,Surveyphotometry.dat crossmatch,14.693,0.028,14.221,0.041,11.69,0.241,99.999,99.999,Surveyphotometry.dat crossmatch
spec-2662-54505-0548.fits,SDSS J130451.41+245445.9,196.21423989648304,24.91274872718757,3.957229935634912e+18,17.328216552734375,QSO,QSO-MIDZ,xPCA,7858.387415353185,0.6027655533530758,7.499985528215397e-05,,,3.2847490461125617e-12,9.697225715863967e-06,SMC,29603.816021847684,-1.096220624085492,17.609,0.011,17.27,0.005,17.392,0.006,17.357,0.006,17.507,0.01,Surveyphotometry.dat crossmatch,99.999,99.999,99.999,99.999,16.218,0.016,15.445,0.015,Surveyphotometry.dat crossmatch,13.823,0.025,12.59,0.025,10.228,0.075,7.75,0.196,Surveyphotometry.dat crossmatch
spec-2660-54504-0469.fits,SDSS J124114.00+253331.2,190.30838948265543,25.55867291377308,3.961219474920607e+18,18.42389488220215,QSO,,Composite model - LMC,4323.240650155844,1.8432288885365642,0.00014005997392574354,0.07879819871321866,0.0038989773144831735,0.07879819871321866,0.0038989773144831735,LMC,4323.240650155844,-1.021915271851489,18.829,0.018,18.734,0.008,18.77,0.01,18.58,0.011,18.55,0.02,Surveyphotometry.dat crossmatch,99.999,99.999,17.797,0.04,17.46,0.039,16.917,0.054,Surveyphotometry.dat crossmatch,15.382,0.038,14.134,0.04,11.195,0.128,99.999,99.999,Surveyphotometry.dat crossmatch
spec-5994-56101-0184.fits,SDSS J131104.25+261828.7,197.7677158831923,26.307978344672453,1.4594281004750136e+18,18.44600486755371,BAL_QSO,QSO,xPCA,14097.955799305939,1.8137779009865076,0.00021673643058693393,,,4.103908239714432e-12,2.3388766528377962e-05,LMC,21700.809091099956,-1.0710525877098889,18.803,0.019,18.569,0.008,18.437,0.008,18.119,0.009,18.104,0.02,Surveyphotometry.dat crossmatch,99.999,99.999,17.244,0.017,16.839,0.021,16.253,0.025,Surveyphotometry.dat crossmatch,15.011,0.032,13.597,0.032,10.129,0.054,7.729,0.154,Surveyphotometry.dat crossmatch
spec-6005-56090-0116.fits,SDSS J135706.53+253724.4,209.2772310711061,25.62347090761637,1.258181601025324e+18,18.382387161254883,QSO,QSO,xPCA,16852.192344398478,2.009117567493615,0.00018735600475125688,,,0.011838863384017751,0.0011464839350759102,SMC,22717.000762331387,-1.1034095904228598,18.873,0.02,18.676,0.008,18.601,0.009,18.349,0.009,18.23,0.02,Surveyphotometry.dat crossmatch,99.999,99.999,99.999,9.999,99.999,9.999,17.386,0.073,Surveyphotometry.dat crossmatch,15.41,0.039,14.666,0.051,11.6,0.182,9.075,0.477,Surveyphotometry.dat crossmatch
spec-2016-53799-0320.fits,SDSS J130239.39+350206.9,195.66416184002168,35.035268783799786,1.5160844228256046e+18,18.57478141784668,QSO,QSO,xPCA,7667.789452575368,1.9849488335523233,0.0008926246462860638,,,4.1807765637034283e-10,0.000528961187042093,MW,9992.169866868619,-1.3397233185289033,18.895,0.02,18.785,0.008,18.741,0.009,18.596,0.011,18.48,0.03,Surveyphotometry.dat crossmatch,99.999,99.999,17.788,0.036,17.541,0.062,16.824,0.064,Surveyphotometry.dat crossmatch,16.0,0.056,14.754,0.056,11.409,0.157,8.811,0.399,Surveyphotometry.dat crossmatch
spec-1978-53473-0555.fits,spec-1978-53473-0555,203.95989253672803,28.80242136525999,1.455792088537174e+18,16.91117286682129,QSO,,Composite model - LMC,49800.317331527454,1.067941207144159,4.414100434979584e-05,9.331728098582737e-14,2.8876620334300176e-05,9.331728098582737e-14,2.8876620334300176e-05,LMC,49800.317331527454,-1.2462788741268653,17.679,0.012,17.399,0.005,17.116,0.005,17.14,0.006,17.175,0.01,Surveyphotometry.dat crossmatch,99.999,99.999,16.505,0.012,15.974,0.013,15.255,0.014,Surveyphotometry.dat crossmatch,13.806,0.025,12.426,0.024,9.593,0.037,7.525,0.151,Surveyphotometry.dat crossmatch
spec-2664-54524-0319.fits,SDSS J131915.52+241417.3,199.81465974084492,24.23816786168037,1.4461936226083858e+18,18.433141708374023,QSO,QSO,xPCA,7271.016246652703,1.6281491002850976,0.00033637456791224904,,,0.06667097598269194,0.0039804108799665686,LMC,7404.556481447807,-1.1791361474245043,19.043,0.021,18.8,0.008,18.638,0.009,18.374,0.009,18.334,0.02,Surveyphotometry.dat crossmatch,99.999,99.999,17.208,0.019,16.662,0.023,16.349,0.029,Surveyphotometry.dat crossmatch,14.95,0.033,13.721,0.034,10.523,0.077,8.173,0.299,Surveyphotometry.dat crossmatch
spec-2243-53794-0132.fits,spec-2243-53794-0132,198.65665980614264,26.123976356620567,1.4477262430340316e+18,18.169275283813477,GALAXY,GALAXY-PASS,xPCA,4065.9665433172318,0.07346256480401402,1.1895746320126398e-05,,,2.0884106721415097,0.0018841955470452199,MW,113537.20664064022,-1.1812546172167917,17.436,0.013,15.66,0.003,14.93,0.002,14.588,0.003,14.343,0.0,Surveyphotometry.dat crossmatch,99.999,99.999,14.394,0.003,13.742,0.003,13.344,0.003,Surveyphotometry.dat crossmatch,12.277,0.022,12.196,0.022,10.244,0.075,99.999,99.999,Surveyphotometry.dat crossmatch
spec-2241-54169-0128.fits,SDSS J125815.06+260500.8,194.56274766869615,26.083569786958144,3.9583296491253084e+18,18.53080940246582,QSO,QSO,xPCA,3728.0140538849373,1.6198237444377392,0.00039699251661348857,,,0.041597667793466894,0.0038414779099718403,LMC,3976.71208883974,-1.0902172902590657,18.884,0.019,18.656,0.008,18.561,0.009,18.326,0.009,18.276,0.02,Surveyphotometry.dat crossmatch,99.999,99.999,17.661,0.03,16.98,0.026,16.621,0.04,Surveyphotometry.dat crossmatch,15.373,0.036,14.023,0.036,10.989,0.105,8.829,0.408,Surveyphotometry.dat crossmatch
spec-2246-53767-0187.fits,SDSS J134008.05+260031.3,205.03355942526656,26.0087101216483,1.4454245142253138e+18,18.862468719482422,QSO,QSO,xPCA,5558.606467639913,1.9819896266509207,0.001274702657815951,,,3.0200333770227794e-10,6.809570325279877e-05,LMC,8254.674253993002,-1.2375824939926647,19.107,0.022,19.189,0.01,19.228,0.012,19.12,0.014,18.927,0.04,Surveyphotometry.dat crossmatch,99.999,99.999,18.291,0.053,17.91,0.097,17.145,0.081,Surveyphotometry.dat crossmatch,16.167,0.054,15.107,0.072,11.512,0.171,9.104,0.458,Surveyphotometry.dat crossmatch
spec-5998-56087-0840.fits,SDSS J133950.51+235848.7,204.9604811063921,23.980206741224183,1.4439226500612787e+18,18.96310806274414,QSO,QSO,xPCA,19067.373208495654,2.522530287515073,0.0007200924847255037,,,0.24303945027204157,0.0018946990452579082,LMC,70850.74827605387,-1.3493817503669503,19.691,0.032,19.148,0.01,18.888,0.011,18.334,0.009,17.716,0.01,Surveyphotometry.dat crossmatch,99.999,99.999,17.958,0.036,17.36,0.043,16.755,0.043,Surveyphotometry.dat crossmatch,99.999,99.999,99.999,99.999,99.999,99.999,99.999,99.999,Surveyphotometry.dat crossmatch
spec-2649-54212-0589.fits,SDSS J125826.44+224702.5,194.61018062885984,22.78407242978053,3.956464641182002e+18,18.616209030151367,QSO,QSO,xPCA,3834.454685914476,0.7235742612952283,0.00012740607352224707,,,1.6530985347956717e-10,3.902429270155098e-05,SMC,9652.6472118554,-1.1665248688612873,18.817,0.02,18.506,0.007,18.542,0.009,18.612,0.012,18.545,0.03,Surveyphotometry.dat crossmatch,99.999,99.999,17.534,0.026,16.998,0.028,16.16,0.025,Surveyphotometry.dat crossmatch,14.603,0.031,13.503,0.035,10.844,0.106,8.721,0.323,Surveyphotometry.dat crossmatch
spec-1987-53765-0319.fits,SDSS J124333.55+332152.6,190.889858517083,33.36461365225563,1.5149753935499315e+18,18.81211280822754,QSO,QSO,xPCA,5317.433839602789,1.6851411141416202,0.000476773636792525,,,0.01006312562282318,0.00394101128091526,SMC,5464.690461854478,-1.2861461095387932,19.544,0.035,19.323,0.011,19.248,0.014,18.992,0.017,19.037,0.05,Surveyphotometry.dat crossmatch,99.999,99.999,99.999,99.999,17.4,0.069,17.361,0.1,Surveyphotometry.dat crossmatch,15.959,0.055,14.594,0.056,11.233,0.141,99.999,99.999,Surveyphotometry.dat crossmatch
spec-2649-54212-0306.fits,SDSS J124929.47+221719.3,192.37280247122615,22.28869743102234,3.955167900360654e+18,18.089096069335938,QSO,QSO,xPCA,4619.795415624494,1.1224740192558442,0.000222226755925826,,,1.8645417783520746e-12,2.596161432033228e-05,LMC,9048.604630490305,-1.0752812040378952,18.343,0.014,18.217,0.006,18.035,0.007,18.054,0.008,18.104,0.02,Surveyphotometry.dat crossmatch,99.999,99.999,17.446,0.026,16.894,0.027,16.184,0.028,Surveyphotometry.dat crossmatch,14.722,0.031,13.378,0.03,10.213,0.057,7.421,0.11,Surveyphotometry.dat crossmatch
spec-2116-53854-0600.fits,SDSS J135756.65+301558.8,209.4860929079106,30.26634060171671,1.4539671010973865e+18,18.203161239624023,QSO,QSO-MIDZ,xPCA,4758.275215374231,0.8105234237167495,0.000288563320996042,,,2.2546002941665165e-09,0.00021965782366665997,MW,5610.556008517456,-1.3597972174583466,18.914,0.022,18.718,0.008,18.69,0.01,18.617,0.012,18.546,0.04,Surveyphotometry.dat crossmatch,99.999,99.999,17.436,0.028,16.986,0.044,16.307,0.036,Surveyphotometry.dat crossmatch,14.565,0.029,13.403,0.029,10.678,0.074,8.274,0.19,Surveyphotometry.dat crossmatch
spec-2009-53904-0408.fits,SDSS J130957.05+304029.3,197.48775360462747,30.67480587821337,1.4659683735939261e+18,18.243213653564453,QSO,QSO,xPCA,3683.7478424973287,2.0528603970693564,0.0005437506393891965,,,1.4936897403086853e-09,0.00011228242100331327,MW,8177.723782089545,-1.0407471749790231,18.682,0.019,18.547,0.008,18.41,0.008,18.283,0.01,18.027,0.02,Surveyphotometry.dat crossmatch,99.999,99.999,17.104,0.02,16.73,0.025,16.209,0.028,Surveyphotometry.dat crossmatch,15.277,0.035,14.285,0.04,10.886,0.083,8.582,0.247,Surveyphotometry.dat crossmatch
spec-6486-56328-0746.fits,SDSS J131556.44+302042.2,198.9852176321748,30.34505622437662,1.4628049111382154e+18,18.522165298461914,QSO,QSO,xPCA,90639.14350043259,2.415029067412272,6.503302773503492e-05,,,8.624717430581567e-10,1.3785776036813008e-05,SMC,112280.64831004536,-1.226504528826315,19.28,0.028,18.486,0.007,18.491,0.008,18.457,0.01,18.123,0.02,Surveyphotometry.dat crossmatch,99.999,99.999,17.291,0.019,16.692,0.019,15.822,0.02,Surveyphotometry.dat crossmatch,15.299,0.037,14.285,0.042,10.488,0.063,7.86,0.177,Surveyphotometry.dat crossmatch
spec-2011-53499-0016.fits,SDSS J130548.92+290228.0,196.45387094275247,29.04113962893117,1.4613490890237537e+18,18.82772445678711,QSO,QSO,xPCA,6662.608701703542,2.5892692818362146,0.00028666179491655013,,,0.025852249757951393,0.007473225120989404,MW,8344.183831523527,-1.3007310026616574,19.393,0.028,18.803,0.009,18.763,0.01,18.792,0.012,18.604,0.03,Surveyphotometry.dat crossmatch,99.999,99.999,17.769,0.031,17.256,0.035,16.426,0.033,Surveyphotometry.dat crossmatch,15.887,0.046,14.965,0.061,11.477,0.143,8.942,0.377,Surveyphotometry.dat crossmatch
spec-2022-53827-0224.fits,spec-2022-53827-0224,190.81691331741152,35.89811251650359,1.5184844161909514e+18,18.992347717285156,QSO,QSO-MIDZ,xPCA,11748.451500360094,0.15859059836490075,0.00016120453878739482,,,0.7896396177067626,0.008567445186638156,SMC,19262.500973976737,-5.014386862477606,99.999,9.999,99.999,9.999,18.685,0.009,99.999,9.999,99.999,9.999,Surveyphotometry.dat crossmatch,99.999,99.999,17.366,0.035,16.609,0.038,15.7,0.023,Surveyphotometry.dat crossmatch,14.571,0.029,13.653,0.032,10.641,0.081,7.774,0.143,Surveyphotometry.dat crossmatch
spec-2649-54212-0593.fits,SDSS J125808.18+222741.6,194.53409728992932,22.461558705859336,3.956449832134755e+18,18.891008377075195,QSO,QSO-MIDZ,xPCA,3869.962721521918,1.1351579115271266,0.0004142148256439904,,,0.08241359788211572,0.00466972458494317,MW,4157.351594092231,-1.1609396850370755,19.219,0.024,19.146,0.01,18.94,0.011,18.962,0.013,19.11,0.04,Surveyphotometry.dat crossmatch,99.999,99.999,17.973,0.033,17.341,0.035,16.637,0.035,Surveyphotometry.dat crossmatch,15.245,0.036,14.142,0.043,11.743,0.246,8.483,0.31,Surveyphotometry.dat crossmatch
spec-5997-56309-0607.fits,SDSS J131542.62+270505.3,198.92762088247076,27.084774190250048,1.4599013715108608e+18,18.75743293762207,BAL_QSO,QSO,xPCA,19852.0407569554,2.0924140610514113,0.0006370021586826725,,,0.29776815136557516,0.0012813643165544841,SMC,38144.809619339874,-1.1534173198198316,19.527,0.031,19.179,0.01,18.908,0.01,18.701,0.011,18.446,0.03,Surveyphotometry.dat crossmatch,99.999,99.999,17.456,0.027,16.872,0.024,16.246,0.028,Surveyphotometry.dat crossmatch,15.413,0.037,14.224,0.04,10.637,0.084,8.942,0.461,Surveyphotometry.dat crossmatch
spec-6005-56090-0982.fits,SDSS J135949.23+262320.0,209.9551391847181,26.3889013801665,1.450759688240806e+18,18.694602966308594,BAL_QSO,QSO-MIDZ,xPCA,21044.323402501377,1.801118174850706,0.000354194709785418,,,0.26997573558854765,0.0022429059066249313,SMC,38166.75011929046,-1.964256251441048,19.618,0.032,19.096,0.009,18.865,0.01,18.615,0.011,18.515,0.03,Surveyphotometry.dat crossmatch,99.999,99.999,17.653,0.028,17.248,0.03,16.644,0.036,Surveyphotometry.dat crossmatch,15.495,0.038,13.952,0.039,10.599,0.091,8.459,0.274,Surveyphotometry.dat crossmatch
spec-2783-54524-0243.fits,SDSS J135022.58+222106.1,207.59411977752492,22.35170228163572,1.2511364802701066e+18,17.926668167114258,QSO,QSO-MIDZ,xPCA,4477.9272778007935,0.9128900140630651,0.0001911102821608167,,,0.07215584376630825,0.0024444139537171394,SMC,4833.665427025683,-1.0611324871336199,18.183,0.013,18.007,0.006,17.812,0.006,17.844,0.008,17.737,0.01,Surveyphotometry.dat crossmatch,99.999,99.999,16.601,0.013,16.571,0.017,15.908,0.02,Surveyphotometry.dat crossmatch,14.402,0.028,13.075,0.027,10.231,0.069,7.696,0.141,Surveyphotometry.dat crossmatch
spec-2116-53854-0077.fits,SDSS J135758.29+295313.0,209.49290123191133,29.886934138905392,1.4536764520710116e+18,18.769512176513672,QSO,QSO,xPCA,4211.981447361894,1.8122245811009723,0.00045940354786275163,,,0.023418407007786753,0.0030685129011556577,SMC,4767.258315442113,-1.3316942128127058,18.97,0.021,18.923,0.009,18.847,0.01,18.648,0.011,18.558,0.03,Surveyphotometry.dat crossmatch,99.999,99.999,17.591,0.04,17.409,0.04,16.54,0.049,Surveyphotometry.dat crossmatch,15.366,0.034,14.02,0.033,10.944,0.092,8.707,0.337,Surveyphotometry.dat crossmatch
spec-2112-53534-0308.fits,SDSS J132050.03+323714.5,200.20852558678357,32.62073580231284,1.4696541427288036e+18,18.992082595825195,QSO,QSO,xPCA,4648.45797547562,0.44867177939056435,7.11813512478943e-05,,,1.1001524798227615,0.010102724123698836,SMC,5320.38369886228,-2.418843604031397,19.543,0.038,19.068,0.011,18.721,0.011,18.522,0.015,18.306,0.04,Surveyphotometry.dat crossmatch,99.999,99.999,17.635,0.029,16.782,0.021,15.851,0.019,Surveyphotometry.dat crossmatch,14.322,0.027,13.314,0.028,10.037,0.051,7.876,0.164,Surveyphotometry.dat crossmatch
spec-2094-53851-0153.fits,spec-2094-53851-0153,206.01966793288133,29.939579540507285,1.45554184656225e+18,18.802562713623047,GALAXY,GALAXY-PASS,xPCA,5064.639895798613,0.040376256124348864,1.225790440377118e-05,,,2.219980298324572,0.0031712147231406362,SMC,506091.1034736746,-1.0735459583934457,18.398,0.023,16.68,0.004,15.89,0.003,15.513,0.003,15.219,0.0,Surveyphotometry.dat crossmatch,99.999,99.999,15.007,0.005,14.264,0.005,13.952,0.005,Surveyphotometry.dat crossmatch,13.079,0.025,12.95,0.027,11.677,0.198,99.999,99.999,Surveyphotometry.dat crossmatch
spec-2022-53827-0286.fits,spec-2022-53827-0286,190.43562985842055,35.06276220932155,1.5183273964820306e+18,18.47872543334961,GALAXY,GALAXY-PASS,xPCA,18674.792613297854,0.023082380094817518,1.0251235711232944e-05,,,2.101254293053499,0.0023705241271552158,LMC,444907.6613530675,-1.3585263226248017,14.636,0.005,13.176,0.002,12.504,0.002,12.134,0.002,11.863,0.0,Surveyphotometry.dat crossmatch,99.999,99.999,13.699,0.002,12.995,0.002,12.568,0.002,Surveyphotometry.dat crossmatch,10.76,0.022,10.571,0.02,7.769,0.021,5.751,0.044,Surveyphotometry.dat crossmatch
spec-3861-55274-0258.fits,SDSS J135513.34+314557.4,208.8056202133256,31.765963389161755,1.4571874332166487e+18,17.543493270874023,QSO,QSO,xPCA,58691.78045498581,1.621238488424609,0.00015356515538170437,,,0.10437133761025544,0.0007119233757959254,SMC,73749.7654924651,-1.0424647646537217,17.886,0.011,17.539,0.005,17.441,0.005,17.215,0.006,17.2,0.01,Surveyphotometry.dat crossmatch,99.999,99.999,16.448,0.012,15.876,0.018,15.545,0.02,Surveyphotometry.dat crossmatch,14.089,0.026,12.824,0.025,10.021,0.047,8.242,0.2,Surveyphotometry.dat crossmatch
spec-2116-53854-0560.fits,SDSS J135708.61+301142.6,209.285889201784,30.19515232454303,1.453883710012692e+18,18.630720138549805,QSO,QSO,xPCA,4381.097593462499,1.66420178183262,0.0003524456668732171,,,0.1446511858843312,0.002965992755328703,SMC,4721.196649594495,-1.130723787896971,19.012,0.023,18.809,0.008,18.782,0.01,18.558,0.012,18.5,0.04,Surveyphotometry.dat crossmatch,99.999,99.999,17.604,0.032,16.928,0.04,16.668,0.048,Surveyphotometry.dat crossmatch,15.367,0.034,14.011,0.035,10.783,0.071,8.938,0.421,Surveyphotometry.dat crossmatch
spec-2006-53476-0143.fits,SDSS J130256.27+331240.6,195.7344869042771,33.211289217335136,1.4674828520783355e+18,18.9796142578125,QSO,QSO,xPCA,3742.8311184290637,1.737798710232562,0.00036148202296475937,,,0.042363978392270955,0.0034652334233411936,SMC,4067.6485937458633,-1.217364329876793,19.093,0.024,19.016,0.009,18.912,0.011,18.636,0.012,18.589,0.03,Surveyphotometry.dat crossmatch,99.999,99.999,99.999,99.999,17.249,0.043,16.661,0.044,Surveyphotometry.dat crossmatch,15.426,0.038,14.261,0.041,11.503,0.172,99.999,99.999,Surveyphotometry.dat crossmatch
spec-2242-54153-0199.fits,SDSS J130345.98+263314.1,195.941607743357,26.553908412632197,1.4603377444851118e+18,18.088727951049805,QSO,QSO,xPCA,7783.90826717569,0.43558859687911555,2.4410455743169577e-05,,,5.055888562357277e-09,1.999126005203876e-05,SMC,22744.558512759217,-1.9952545824521437,17.854,0.012,17.674,0.005,17.868,0.007,17.734,0.007,17.535,0.01,Surveyphotometry.dat crossmatch,99.999,99.999,16.852,0.014,16.265,0.016,15.481,0.015,Surveyphotometry.dat crossmatch,14.061,0.026,12.943,0.026,9.959,0.05,7.369,0.089,Surveyphotometry.dat crossmatch
spec-2236-53729-0116.fits,SDSS J124137.50+271437.2,190.4062878703625,27.243653964172072,3.9622634955712e+18,18.82569122314453,QSO,QSO-MIDZ,xPCA,3555.2544877673936,0.61685100154932,0.00020542725600037378,,,0.2094894477980719,0.00963350914029229,LMC,3902.201932187818,-1.5085212539019843,19.449,0.029,19.061,0.01,19.067,0.012,18.914,0.014,18.927,0.04,Surveyphotometry.dat crossmatch,99.999,99.999,17.84,0.044,17.163,0.04,16.144,0.032,Surveyphotometry.dat crossmatch,14.455,0.03,13.35,0.032,10.547,0.077,8.18,0.277,Surveyphotometry.dat crossmatch
spec-2119-53792-0463.fits,SDSS J135715.88+251719.0,209.3161746048127,25.288614130840685,1.2581369333649661e+18,18.28720474243164,QSO,QSO,xPCA,3445.440231744797,1.5655773826632953,0.0002327470001497273,,,2.844891829707416e-11,7.471225355524467e-05,LMC,4482.777205059512,-1.0049068115090465,18.574,0.017,18.483,0.007,18.394,0.008,18.196,0.008,18.135,0.02,Surveyphotometry.dat crossmatch,99.999,99.999,17.349,0.024,16.815,0.029,16.441,0.039,Surveyphotometry.dat crossmatch,15.043,0.034,13.538,0.031,10.426,0.076,8.28,0.223,Surveyphotometry.dat crossmatch
spec-2017-53474-0606.fits,SDSS J134715.50+292624.1,206.81456617283013,29.44005597851576,1.4553335878925394e+18,18.7255802154541,QSO,QSO,xPCA,5014.0681759838935,1.9434084861894276,0.0005105159695444812,,,5.353747610167825e-11,7.785602429737328e-05,LMC,6874.405389360604,-1.0183800341911422,18.528,0.016,18.435,0.007,18.431,0.008,18.27,0.01,18.171,0.03,Surveyphotometry.dat crossmatch,99.999,99.999,17.569,0.031,17.24,0.046,16.569,0.043,Surveyphotometry.dat crossmatch,15.428,0.039,14.159,0.042,11.115,0.12,99.999,99.999,Surveyphotometry.dat crossmatch
spec-2029-53819-0228.fits,SDSS J130209.73+311747.0,195.54055813268985,31.296438024421867,1.4647943013336067e+18,18.469566345214844,BAL_QSO,QSO,xPCA,4531.933659022792,1.794593218629222,0.00033605731834699087,,,0.09932081879130739,0.0025679215314128243,SMC,5031.770737658662,-1.1585367705677367,18.806,0.02,18.757,0.008,18.749,0.01,18.479,0.011,18.567,0.03,Surveyphotometry.dat crossmatch,99.999,99.999,17.696,0.031,17.341,0.061,16.677,0.047,Surveyphotometry.dat crossmatch,15.344,0.036,13.843,0.037,10.571,0.074,8.831,0.4,Surveyphotometry.dat crossmatch
spec-10259-58190-0190.fits,SDSS J135241.94+334138.5,208.1747933309264,33.694042742498375,1.4587123871245432e+18,18.881608963012695,QSO,QSO,xPCA,3417.6737694763724,1.5110190064944713,0.00020963545210404353,,,0.18350606239911518,0.0038186168559714156,LMC,6437.487692099984,-1.1478701390838257,18.346,0.016,18.174,0.006,18.057,0.007,18.025,0.008,18.111,0.02,Surveyphotometry.dat crossmatch,99.999,99.999,17.528,0.035,16.934,0.031,16.662,0.046,Surveyphotometry.dat crossmatch,15.122,0.06,13.873,0.048,11.008,0.127,8.345,0.347,Surveyphotometry.dat crossmatch
spec-2648-54485-0344.fits,spec-2648-54485-0344,190.00041986447783,22.557250779089475,3.9557617397188634e+18,18.609798431396484,QSO,QSO,xPCA,9986.990028921438,0.10202132869275315,1.8328172309922215e-05,,,1.096543333322997,0.00391977685179512,SMC,36767.14746344474,-2.163558787691372,18.033,0.018,17.511,0.005,17.106,0.005,16.686,0.005,16.536,0.01,Surveyphotometry.dat crossmatch,99.999,99.999,16.336,0.012,15.639,0.009,15.021,0.011,Surveyphotometry.dat crossmatch,13.786,0.026,13.098,0.028,10.056,0.067,7.821,0.167,Surveyphotometry.dat crossmatch
spec-5869-56064-0667.fits,SDSS J135114.75+224323.7,207.81150982714092,22.72325011052396,1.251535053234862e+18,18.31275177001953,QSO,QSO,xPCA,4969.858903033,0.8397835022616285,9.121785264711659e-05,,,0.3157660544165864,0.002625599611220303,SMC,5348.165306655825,-1.1046725142920224,19.186,0.024,18.554,0.007,18.241,0.007,18.103,0.008,17.909,0.01,Surveyphotometry.dat crossmatch,99.999,99.999,16.641,0.015,16.469,0.017,15.765,0.02,Surveyphotometry.dat crossmatch,14.285,0.027,13.025,0.026,10.205,0.052,8.168,0.193,Surveyphotometry.dat crossmatch
spec-2024-53503-0031.fits,SDSS J134938.52+312036.8,207.41051452761585,31.34356034459931,1.457230898285233e+18,18.84245491027832,QSO,QSO-MIDZ,xPCA,4072.844234499308,1.2503136031849826,0.000554232688552836,,,0.19144520507447776,0.0055743010547229105,LMC,4157.478592824555,-1.2923973243134206,19.224,0.023,19.131,0.01,18.776,0.009,18.701,0.012,18.783,0.03,Surveyphotometry.dat crossmatch,99.999,99.999,18.004,0.042,17.201,0.057,16.865,0.06,Surveyphotometry.dat crossmatch,15.565,0.043,14.32,0.043,11.18,0.14,99.999,99.999,Surveyphotometry.dat crossmatch
spec-6487-56362-0284.fits,SDSS J130829.67+300539.0,197.12364718326543,30.094165762273487,1.4629208022393452e+18,16.69471549987793,QSO,,Composite model - SMC,5800.212150742885,0.8069403762948623,2.9638107881424514e-05,9.316014428525747e-10,9.466263772802558e-05,9.316014428525747e-10,9.466263772802558e-05,SMC,5800.212150742885,-1.0018667225608981,17.339,0.009,16.911,0.004,16.786,0.005,16.808,0.005,16.655,0.0,Surveyphotometry.dat crossmatch,99.999,99.999,15.419,0.005,15.327,0.008,14.483,0.007,Surveyphotometry.dat crossmatch,12.76,0.023,11.548,0.02,9.01,0.028,6.695,0.067,Surveyphotometry.dat crossmatch
spec-2662-54505-0196.fits,SDSS J130045.53+240758.6,195.1897248254675,24.132958741126007,3.957075449955301e+18,18.537412643432617,QSO,QSO,xPCA,7608.29096837072,2.2875675170402254,0.00029755487703393094,,,0.061240545098145735,0.005775004510763942,MW,8983.640794415773,-1.0643637843936664,19.052,0.021,18.525,0.007,18.529,0.009,18.492,0.01,18.313,0.02,Surveyphotometry.dat crossmatch,99.999,99.999,17.597,0.029,17.128,0.039,16.37,0.031,Surveyphotometry.dat crossmatch,15.606,0.042,14.402,0.047,10.952,0.141,99.999,99.999,Surveyphotometry.dat crossmatch
spec-1975-53734-0460.fits,SDSS J124436.67+324956.5,191.15284555428008,32.83236770459444,1.5145242501856788e+18,18.991819381713867,QSO,QSO,xPCA,3835.258804751499,1.5575845514224853,0.000335842384446616,,,5.081788939306775e-12,0.0002924693094401252,MW,4539.523985026136,-1.0107470144515358,19.334,0.028,19.103,0.01,18.998,0.011,18.736,0.013,18.678,0.03,Surveyphotometry.dat crossmatch,99.999,99.999,17.73,0.03,17.119,0.048,16.692,0.051,Surveyphotometry.dat crossmatch,15.455,0.041,14.02,0.039,11.043,0.133,8.594,0.355,Surveyphotometry.dat crossmatch
spec-8875-57779-0097.fits,spec-8875-57779-0097,202.00474154299093,35.51443674555015,1.4734219328557558e+18,18.938692092895508,QSO,QSO,xPCA,4684.121752425549,1.961769869488561,0.0004054088239906259,,,0.00036008528599711337,0.0017066809067628986,SMC,5757.5716211819,-1.0292008595904432,19.487,0.027,19.367,0.011,19.213,0.012,19.028,0.015,18.863,0.04,Surveyphotometry.dat crossmatch,99.999,99.999,18.146,0.066,99.999,99.999,17.097,0.089,Surveyphotometry.dat crossmatch,15.757,0.041,14.464,0.044,11.309,0.137,99.999,99.999,Surveyphotometry.dat crossmatch
spec-6005-56090-0096.fits,SDSS J135711.25+250000.4,209.2968708928266,25.000093220870017,1.2580762197070904e+18,18.077791213989258,BAL_QSO,QSO,xPCA,9645.683034568125,2.000092123680131,0.0004897866350125388,,,5.747061387981894e-10,1.1317868823536553e-05,LMC,28724.862465316502,-1.1074240331460183,18.764,0.021,18.715,0.008,18.604,0.009,18.465,0.01,18.252,0.02,Surveyphotometry.dat crossmatch,99.999,99.999,17.76,0.036,17.451,0.059,16.735,0.055,Surveyphotometry.dat crossmatch,15.678,0.043,14.424,0.048,11.139,0.121,99.999,99.999,Surveyphotometry.dat crossmatch
sdssJ130935+234256_combined.dat,sdssJ130935+234256_combined,197.39583157643392,23.71569990582897,3.9448613188799273e+18,18.99154281616211,QSO,QSO,Stellar-templates,200.36567255614807,1.8462571561338859,0.0008218794994537524,,,1.067503164044279e-09,0.0016614533112477834,SMC,209.75334076532693,-1.3258754291776775,19.383,0.028,19.308,0.011,19.359,0.013,19.194,0.015,19.142,0.04,Surveyphotometry.dat crossmatch,99.999,99.999,18.196,0.053,17.816,0.058,17.273,0.073,Surveyphotometry.dat crossmatch,16.306,0.062,14.966,0.068,11.59,0.223,99.999,99.999,Surveyphotometry.dat crossmatch
spec-2652-54508-0394.fits,SDSS J132004.02+221611.6,200.0167967484155,22.269906540473567,1.4426639497654502e+18,18.979768753051758,QSO,QSO-MIDZ,xPCA,3840.588314047419,0.7814350792435627,0.0004043158265468589,,,1.7263313235795375e-08,0.00016527284641719943,MW,7240.187314963909,-1.5060744866258704,19.176,0.023,19.048,0.01,18.944,0.01,18.936,0.013,18.851,0.03,Surveyphotometry.dat crossmatch,99.999,99.999,17.729,0.034,17.263,0.032,16.384,0.032,Surveyphotometry.dat crossmatch,14.645,0.03,13.689,0.035,10.922,0.111,8.836,0.434,Surveyphotometry.dat crossmatch
spec-2661-54505-0219.fits,spec-2661-54505-0219,192.45885553517888,24.74618114377956,3.95787215350485e+18,18.927196502685547,GALAXY,GALAXY-PASS,xPCA,3751.69808930027,0.13604424528281464,2.2766242090397183e-05,,,1.5534742873285425,0.004147182965671514,SMC,254326.94024680273,-1.4475705123189848,19.877,0.039,18.176,0.007,17.341,0.005,17.006,0.006,16.728,0.01,Surveyphotometry.dat crossmatch,99.999,99.999,15.832,0.007,15.168,0.007,14.648,0.008,Surveyphotometry.dat crossmatch,14.193,0.027,13.926,0.039,11.857,0.251,99.999,99.999,Surveyphotometry.dat crossmatch
spec-2246-53767-0344.fits,SDSS J133823.15+261353.4,204.59647637103197,26.231487008204827,1.445488118395501e+18,17.872602462768555,QSO,QSO-MIDZ,xPCA,4515.011156604267,0.9796018342523638,0.00037437126898705634,,,0.028398432402664823,0.002062701568108293,SMC,20060.890199925885,-1.0491523213837524,18.311,0.017,18.044,0.006,17.8,0.006,17.84,0.007,17.721,0.02,Surveyphotometry.dat crossmatch,99.999,99.999,16.618,0.014,16.41,0.025,15.537,0.02,Surveyphotometry.dat crossmatch,13.812,0.025,12.46,0.024,9.464,0.034,6.814,0.086,Surveyphotometry.dat crossmatch
spec-2006-53476-0007.fits,SDSS J130532.95+325518.2,196.38730243342707,32.921736178667764,1.467248754884519e+18,18.45248031616211,QSO,QSO,xPCA,20194.23386812115,2.501327791648919,0.0008421478762812554,,,0.2623565808488521,0.0020376537124364713,SMC,46366.87875258482,-2.200647664698556,19.275,0.028,18.69,0.008,18.438,0.008,18.372,0.011,18.151,0.02,Surveyphotometry.dat crossmatch,99.999,99.999,17.269,0.025,16.666,0.025,15.974,0.024,Surveyphotometry.dat crossmatch,15.304,0.036,14.694,0.057,11.569,0.194,8.86,0.475,Surveyphotometry.dat crossmatch
spec-2009-53857-0218.fits,spec-2009-53857-0218,196.71229730953212,28.99724663982804,1.4613015695056148e+18,18.983997344970703,QSO,QSO,xPCA,10467.78581526415,0.18372276523817144,3.519361513131637e-05,,,0.8704683117050493,0.005776086774432254,SMC,17923.128665384505,-2.6431217499470114,18.814,0.023,18.615,0.009,18.11,0.008,17.708,0.008,17.638,0.02,Surveyphotometry.dat crossmatch,99.999,99.999,16.756,0.013,16.062,0.013,15.276,0.012,Surveyphotometry.dat crossmatch,14.253,0.026,13.408,0.029,10.239,0.06,7.482,0.092,Surveyphotometry.dat crossmatch
spec-2009-53904-0396.fits,spec-2009-53904-0396,196.3552666877128,29.296480002376622,1.4613674027642985e+18,18.559602737426758,GALAXY,GALAXY-PASS,xPCA,5408.317741525198,0.023578391980042423,9.51753453134835e-06,,,2.7920964443921408,0.0029595762389429403,MW,774815.5046834222,-0.9808232160783212,16.76,0.011,14.936,0.002,14.162,0.002,13.771,0.002,13.472,0.0,Surveyphotometry.dat crossmatch,99.999,99.999,14.012,0.002,13.312,0.002,13.026,0.003,Surveyphotometry.dat crossmatch,11.631,0.024,11.693,0.021,11.213,0.11,99.999,99.999,Surveyphotometry.dat crossmatch
spec-10256-58193-0700.fits,SDSS J134100.12+352308.8,205.25051632997412,35.3858112745489,1.4709806047246254e+18,18.351552963256836,QSO,QSO-MIDZ,xPCA,3893.5026872563076,0.9020853473133155,0.00012399855591131557,,,1.3016489887893515e-09,0.00020816432260725788,MW,5197.332561369183,-1.1092351364091888,18.866,0.018,18.573,0.007,18.419,0.008,18.437,0.01,18.272,0.02,Surveyphotometry.dat crossmatch,99.999,99.999,17.132,0.025,17.013,0.049,16.185,0.036,Surveyphotometry.dat crossmatch,14.476,0.027,13.112,0.026,10.13,0.054,7.743,0.141,Surveyphotometry.dat crossmatch
spec-2031-53848-0060.fits,SDSS J125809.31+351942.9,194.53880746341832,35.328615351663096,1.5163286561421156e+18,16.288541793823242,QSO,,Composite model - MW,19162.080977987887,0.28441961578187436,1.1791500616475936e-05,0.8336108423651787,0.005969315015935617,0.8336108423651787,0.005969315015935617,MW,19162.080977987887,-1.5605964219145354,18.673,0.018,18.612,0.008,18.316,0.008,18.249,0.009,17.324,0.01,Surveyphotometry.dat crossmatch,99.999,99.999,16.403,0.013,15.621,0.018,14.725,0.01,Surveyphotometry.dat crossmatch,13.442,0.024,12.604,0.023,10.531,0.074,8.39,0.294,Surveyphotometry.dat crossmatch
sdssJ132725+320111_combined.dat,sdssJ132725+320111_combined,201.85631169672436,32.01990288359205,1.4685944883972838e+18,,QSO,,Composite model - LMC,98.45566786289352,0.6581268982281365,0.0014580797395242207,2.4247956917231245e-07,0.02584868966565612,2.4247956917231245e-07,0.02584868966565612,LMC,98.45566786289352,-1.5767718418905992,19.913,0.039,19.247,0.011,19.273,0.014,19.267,0.018,19.344,0.05,Surveyphotometry.dat crossmatch,99.999,99.999,18.371,0.065,17.496,0.04,16.582,0.035,Surveyphotometry.dat crossmatch,14.9,0.031,13.822,0.033,11.153,0.12,9.098,0.51,Surveyphotometry.dat crossmatch
spec-1987-53765-0369.fits,spec-1987-53765-0369,191.69047511308145,34.97642707555845,1.5153706035563261e+18,18.61026954650879,GALAXY,GALAXY-PASS,xPCA,3630.1058141844323,0.15986266311652877,2.2054879762858642e-05,,,1.4072828687009316,0.003381487194815347,SMC,243467.28707270877,-1.3247504739251712,18.859,0.026,17.746,0.006,17.014,0.005,16.678,0.005,16.382,0.01,Surveyphotometry.dat crossmatch,99.999,99.999,15.595,0.007,14.92,0.008,14.382,0.007,Surveyphotometry.dat crossmatch,13.819,0.025,13.522,0.033,11.221,0.171,99.999,99.999,Surveyphotometry.dat crossmatch
spec-2118-53820-0060.fits,spec-2118-53820-0060,209.2734550579337,26.57809820232116,1.4508060094631304e+18,18.61851692199707,QSO,,Composite model - MW,7376.1869979379835,0.17926660784908366,1.0073262683485407e-05,0.9661511819027359,0.006265338510347829,0.9661511819027359,0.006265338510347829,MW,7376.1869979379835,-1.5490420612086087,18.39,0.017,18.222,0.007,17.976,0.007,17.561,0.007,17.582,0.01,Surveyphotometry.dat crossmatch,99.999,99.999,16.522,0.015,15.772,0.015,14.863,0.011,Surveyphotometry.dat crossmatch,13.666,0.026,12.809,0.025,10.483,0.068,8.474,0.271,Surveyphotometry.dat crossmatch
spec-5986-56328-0272.fits,SDSS J124310.72+234125.9,190.7946816437419,23.6905026312583,3.956249373125684e+18,17.595678329467773,QSO,QSO,xPCA,26484.672102948556,1.7844689722480942,0.00023674858622230483,,,0.39324494250993536,0.0009475875164224878,SMC,42471.044540683586,-1.1314263335182198,18.333,0.015,18.065,0.006,17.755,0.006,17.343,0.006,17.195,0.01,Surveyphotometry.dat crossmatch,99.999,99.999,16.223,0.009,15.794,0.013,15.175,0.014,Surveyphotometry.dat crossmatch,14.107,0.026,12.852,0.025,9.745,0.045,7.655,0.154,Surveyphotometry.dat crossmatch
spec-2651-54507-0384.fits,SDSS J131028.04+223128.8,197.61684854153248,22.524656853784613,3.9438816196601124e+18,18.960481643676758,QSO,QSO,xPCA,3810.252599711816,1.490746543887263,0.00029769614024875084,,,0.16791820054765424,0.00522056899916816,LMC,5031.962764152897,-1.184423490458861,19.277,0.024,19.173,0.011,18.925,0.011,18.758,0.012,18.746,0.03,Surveyphotometry.dat crossmatch,99.999,99.999,17.962,0.034,17.196,0.03,17.055,0.05,Surveyphotometry.dat crossmatch,16.039,0.048,14.799,0.058,12.013,0.273,99.999,99.999,Surveyphotometry.dat crossmatch
sdssJ133918+221314_combined.dat,sdssJ133918+221314_combined,204.8268649612405,22.220799699232412,1.4419231538060503e+18,,QSO,QSO-MIDZ,xPCA,116.85200904360234,0.8096102378029618,0.0002762695496309953,,,1.144470131782694e-08,0.0025158366472090884,MW,355.1524076218175,-1.5309738559541515,19.66,0.034,19.285,0.011,19.252,0.012,19.329,0.016,19.029,0.04,Surveyphotometry.dat crossmatch,99.999,99.999,17.454,0.029,17.026,0.026,16.184,0.025,Surveyphotometry.dat crossmatch,14.548,0.029,13.729,0.032,11.053,0.104,8.325,0.217,Surveyphotometry.dat crossmatch
sdssJ130854+234228_combined.dat,sdssJ130854+234228_combined,197.22680892540785,23.70784229469168,3.9450482358567567e+18,,QSO,,Composite model - SMC,165.93476634927023,0.9032332587323085,0.0019536037393257377,7.539836594969932e-09,0.009853619598378362,7.539836594969932e-09,0.009853619598378362,SMC,165.93476634927023,-1.6507275235553842,20.041,0.044,19.56,0.013,19.472,0.014,19.611,0.024,19.335,0.04,Surveyphotometry.dat crossmatch,99.999,99.999,17.453,0.027,17.316,0.037,16.438,0.035,Surveyphotometry.dat crossmatch,14.831,0.031,13.959,0.038,11.637,0.196,8.755,0.399,Surveyphotometry.dat crossmatch
spec-2240-53823-0473.fits,SDSS J125702.91+273801.1,194.2621518453727,27.63367350180621,1.4636823514807378e+18,18.665433883666992,QSO,QSO-MIDZ,xPCA,4180.248151515754,1.1258711555873142,0.00071695822649413,,,8.900144347640665e-11,3.73338705029714e-05,MW,6636.349117655742,-1.0601234795270265,18.831,0.018,18.735,0.008,18.486,0.008,18.522,0.011,18.586,0.03,Surveyphotometry.dat crossmatch,99.999,99.999,18.003,0.044,17.266,0.049,16.589,0.043,Surveyphotometry.dat crossmatch,15.038,0.033,13.76,0.034,11.155,0.133,8.423,0.301,Surveyphotometry.dat crossmatch
spec-5972-56334-0372.fits,SDSS J125634.47+253023.6,194.1436779594632,25.506556264933096,3.9582110092448543e+18,18.997119903564453,QSO,QSO,xPCA,16895.0890977846,1.8591909590230549,0.00014450920848132297,,,0.34945882134380923,0.0029317292660828997,LMC,25248.825621345113,-1.5365541139976393,19.232,0.022,19.162,0.01,19.2,0.012,18.871,0.013,18.887,0.03,Surveyphotometry.dat crossmatch,99.999,99.999,18.333,0.078,17.753,0.065,17.133,0.07,Surveyphotometry.dat crossmatch,15.702,0.043,14.559,0.048,11.228,0.149,99.999,99.999,Surveyphotometry.dat crossmatch
spec-2240-53823-0303.fits,SDSS J124846.14+271722.7,192.19224481825464,27.28963966651746,3.961816612813792e+18,18.957656860351562,QSO,QSO-MIDZ,xPCA,5649.511598002195,1.5166269776034662,0.0006527820614715938,,,0.5263227037739036,0.00656888931011268,LMC,5732.34982732917,-1.6756412013945907,19.78,0.035,19.416,0.012,19.07,0.012,18.826,0.013,18.673,0.03,Surveyphotometry.dat crossmatch,99.999,99.999,17.606,0.036,16.929,0.038,16.539,0.047,Surveyphotometry.dat crossmatch,15.235,0.037,13.944,0.039,10.921,0.095,8.418,0.257,Surveyphotometry.dat crossmatch
spec-2017-53474-0501.fits,SDSS J134422.47+285642.9,206.093628935642,28.945270702395323,1.4549226454221757e+18,18.61607551574707,QSO,QSO-MIDZ,xPCA,3622.8645453322433,0.4821426340550019,0.00016099831857031523,,,0.22091536646056947,0.006161145479401067,SMC,3730.911624901547,-1.6007709347454435,19.166,0.026,18.78,0.009,18.763,0.01,18.569,0.013,18.408,0.03,Surveyphotometry.dat crossmatch,99.999,99.999,17.456,0.028,16.798,0.024,15.888,0.023,Surveyphotometry.dat crossmatch,14.41,0.027,13.386,0.029,10.75,0.081,8.212,0.281,Surveyphotometry.dat crossmatch
spec-2024-53503-0559.fits,spec-2024-53503-0559,207.46073472175223,33.62177954266168,1.4588858393803402e+18,18.229578018188477,GALAXY,GALAXY-PASS,xPCA,6030.002288639967,0.014329262668599123,7.650806160348688e-06,,,2.919636787504699,0.002154110244078078,SMC,939376.8445010569,-1.035717964617057,16.089,0.007,14.274,0.002,13.42,0.002,13.03,0.002,12.752,0.0,Surveyphotometry.dat crossmatch,99.999,99.999,13.345,0.002,12.68,0.001,12.397,0.002,Surveyphotometry.dat crossmatch,10.943,0.023,11.052,0.02,9.883,0.042,8.025,0.187,Surveyphotometry.dat crossmatch
spec-1978-53473-0196.fits,SDSS J133110.22+281616.9,202.79259139859576,28.271372472750823,1.4497132967685908e+18,18.730937957763672,QSO,QSO,xPCA,8570.908881312205,2.652347491995946,0.0004832828875687781,,,0.15718211959903525,0.0035941297758265295,LMC,13124.76717090557,-1.4787586761145264,20.0,0.039,19.0,0.009,18.876,0.011,18.817,0.012,18.732,0.03,Surveyphotometry.dat crossmatch,99.999,99.999,17.904,0.034,17.523,0.044,17.231,0.067,Surveyphotometry.dat crossmatch,15.72,0.048,14.714,0.059,11.354,0.143,8.831,0.491,Surveyphotometry.dat crossmatch
spec-2238-54205-0295.fits,SDSS J124204.47+262732.5,190.5186505215825,26.459033462155944,3.961334683123871e+18,17.902395248413086,QSO,QSO,xPCA,10222.190784908527,2.6015602811510203,0.00034779715190524403,,,0.021899691555254012,0.0036336132838832597,MW,20931.771696493,-1.3208695401092037,18.507,0.016,18.014,0.006,18.024,0.007,18.016,0.008,17.892,0.02,Surveyphotometry.dat crossmatch,99.999,99.999,16.883,0.015,16.52,0.018,15.932,0.022,Surveyphotometry.dat crossmatch,15.256,0.037,14.291,0.048,10.558,0.08,8.324,0.236,Surveyphotometry.dat crossmatch
spec-2783-54524-0432.fits,SDSS J135045.65+233145.1,207.690243161078,23.529210802202563,1.2517872580101043e+18,17.55585479736328,QSO,QSO-MIDZ,xPCA,8892.327759264019,0.5285864306230075,8.253781180208302e-05,,,2.136783996270486e-09,1.2560659096048438e-05,LMC,36988.38368009946,-1.5034392777966603,18.179,0.015,17.845,0.005,18.032,0.007,17.865,0.007,17.732,0.02,Surveyphotometry.dat crossmatch,99.999,99.999,16.392,0.01,15.751,0.012,14.901,0.01,Surveyphotometry.dat crossmatch,13.148,0.024,12.2,0.023,9.712,0.042,7.438,0.112,Surveyphotometry.dat crossmatch
spec-2024-53503-0237.fits,SDSS J134634.97+312133.8,206.6457553182641,31.359386584457773,1.4565388974496218e+18,18.41279411315918,QSO,QSO,xPCA,6115.67599970751,0.2463786468730389,2.3908308369794034e-05,,,0.5892075080631765,0.005002899453029008,SMC,15862.839752802052,-1.5077465883135872,18.646,0.019,18.355,0.007,17.923,0.007,17.653,0.007,17.495,0.01,Surveyphotometry.dat crossmatch,99.999,99.999,16.602,0.01,15.755,0.011,14.855,0.009,Surveyphotometry.dat crossmatch,13.744,0.025,12.85,0.026,9.693,0.039,7.283,0.105,Surveyphotometry.dat crossmatch
spec-2115-53535-0074.fits,SDSS J135257.05+251742.1,208.23770092053627,25.29503267910876,1.450217182331444e+18,18.568859100341797,QSO,QSO-MIDZ,xPCA,3879.812828001903,1.2788198826080612,0.00039331994119939126,,,7.887693997303893e-11,4.961508178899008e-05,SMC,5996.225494379232,-1.113787296200558,18.813,0.022,18.669,0.008,18.38,0.008,18.234,0.009,18.194,0.02,Surveyphotometry.dat crossmatch,99.999,99.999,17.492,0.027,16.81,0.03,16.308,0.035,Surveyphotometry.dat crossmatch,14.728,0.031,13.289,0.029,10.309,0.057,7.909,0.184,Surveyphotometry.dat crossmatch
spec-1975-53734-0184.fits,SDSS J124349.24+313729.5,190.9551894895136,31.624855494185347,1.5135597036096824e+18,18.277780532836914,QSO,QSO,xPCA,10488.547384043954,0.3625423194855377,8.123306569181555e-05,,,6.152645667251155e-12,6.514699006570114e-05,SMC,25948.40550772796,-1.4930046132005586,18.277,0.015,99.999,9.999,18.139,0.007,18.256,0.009,17.964,0.02,Surveyphotometry.dat crossmatch,99.999,99.999,17.371,0.025,16.85,0.025,16.023,0.022,Surveyphotometry.dat crossmatch,14.529,0.029,13.458,0.031,10.645,0.098,8.907,0.415,Surveyphotometry.dat crossmatch
spec-2028-53818-0502.fits,SDSS J134840.17+350614.1,207.16744234532263,35.10391958432537,1.4710524466410253e+18,18.140039443969727,QSO,QSO,xPCA,55228.71104508057,2.7993257948438224,8.695432929462066e-05,,,0.127911184444703,0.0016630385914833262,LMC,89516.20916240648,-2.827895222577676,19.669,0.03,99.999,9.999,18.243,0.007,18.263,0.009,99.999,9.999,Surveyphotometry.dat crossmatch,99.999,99.999,16.844,0.02,16.337,0.029,15.839,0.025,Surveyphotometry.dat crossmatch,15.027,0.033,14.16,0.04,11.235,0.139,99.999,99.999,Surveyphotometry.dat crossmatch
spec-2009-53904-0227.fits,SDSS J130650.28+290928.8,196.7095172908693,29.15801083122392,1.4613565407905738e+18,18.318622589111328,QSO,QSO-MIDZ,xPCA,3383.8773681720977,1.3401839691955737,0.0003935745954421043,,,5.301955435018518e-12,7.513978603897848e-05,MW,4970.2263579650025,-1.0805168003850412,18.71,0.019,18.696,0.008,18.49,0.009,18.445,0.01,18.531,0.03,Surveyphotometry.dat crossmatch,99.999,99.999,17.617,0.028,16.889,0.037,16.442,0.04,Surveyphotometry.dat crossmatch,15.179,0.034,13.836,0.033,10.692,0.072,8.286,0.199,Surveyphotometry.dat crossmatch
spec-2023-53851-0101.fits,SDSS J132139.16+343743.5,200.41317350542252,34.62875915610112,1.472949898769129e+18,18.267744064331055,QSO,QSO-MIDZ,xPCA,4053.7477237772637,1.1538229487081852,0.0004193539566052088,,,4.821014437271162e-11,0.0001276275979382498,LMC,4532.139196410834,-1.0473316961395889,19.013,0.021,18.92,0.009,18.724,0.009,18.745,0.012,18.751,0.03,Surveyphotometry.dat crossmatch,99.999,99.999,17.646,0.033,17.143,0.049,16.398,0.045,Surveyphotometry.dat crossmatch,14.744,0.029,13.46,0.029,10.797,0.073,8.462,0.211,Surveyphotometry.dat crossmatch
spec-2244-53795-0492.fits,SDSS J132406.07+262921.2,201.02531694293032,26.48924149971032,1.4490658605134592e+18,17.524690628051758,QSO,QSO,xPCA,7471.146089069374,1.6857594619190115,0.00013885755952116932,,,0.07918231043238105,0.0011931532989786012,SMC,8905.17768757956,-1.0257844106839564,17.87,0.012,17.751,0.006,17.62,0.006,17.267,0.006,17.213,0.01,Surveyphotometry.dat crossmatch,99.999,99.999,16.004,0.008,15.387,0.007,15.04,0.011,Surveyphotometry.dat crossmatch,13.997,0.027,12.802,0.026,9.787,0.046,7.686,0.179,Surveyphotometry.dat crossmatch
spec-2029-53819-0200.fits,SDSS J130452.60+312430.6,196.2191964477049,31.408537489150675,1.4662618787755195e+18,18.680856704711914,QSO,QSO,xPCA,3573.882589812775,1.2426938907246603,0.0002907754498173173,,,1.5263656183710402e-09,0.00016580574476714185,MW,4108.152323119533,-1.0910092021920235,18.891,0.021,18.771,0.009,18.551,0.009,18.49,0.01,18.5,0.02,Surveyphotometry.dat crossmatch,99.999,99.999,17.659,0.029,17.003,0.042,16.445,0.038,Surveyphotometry.dat crossmatch,14.888,0.031,13.518,0.032,10.258,0.057,7.894,0.222,Surveyphotometry.dat crossmatch
spec-1978-53473-0503.fits,spec-1978-53473-0503,203.8604178510541,29.02346289814357,1.455816071634193e+18,18.704605102539062,GALAXY,GALAXY-PASS,xPCA,4642.565781947063,0.047690249945288886,1.8427051407768252e-05,,,1.2887983644109193,0.0015856508793202773,LMC,162014.52929644054,-1.1034619214685433,19.223,0.03,17.274,0.004,16.435,0.004,16.037,0.004,15.687,0.0,Surveyphotometry.dat crossmatch,99.999,99.999,14.97,0.004,14.264,0.004,13.9,0.005,Surveyphotometry.dat crossmatch,13.386,0.024,13.39,0.029,99.999,99.999,99.999,99.999,Surveyphotometry.dat crossmatch
spec-2784-54529-0455.fits,SDSS J135954.85+225223.6,209.97854082725632,22.873229557378878,1.250799686114751e+18,18.6574764251709,QSO,QSO,xPCA,7309.829625136507,0.32418907351982007,2.3762712264924338e-05,,,0.38874707056920677,0.0030502382252763915,SMC,47003.93087002018,-1.2702051059312194,18.003,0.013,17.944,0.006,17.783,0.006,17.737,0.007,17.215,0.01,Surveyphotometry.dat crossmatch,99.999,99.999,16.53,0.012,15.65,0.008,14.517,0.007,Surveyphotometry.dat crossmatch,13.038,0.024,12.001,0.022,9.11,0.029,6.711,0.069,Surveyphotometry.dat crossmatch
spec-2664-54524-0479.fits,spec-2664-54524-0479,200.9973173732729,24.42720139050117,1.4463550833146568e+18,18.755937576293945,QSO,QSO,xPCA,7976.633584123856,0.06367756687598747,2.6524286935605666e-05,,,1.7194271144681479,0.004165377855165575,SMC,93753.06208311382,-1.6843687175577036,17.166,0.015,16.318,0.004,15.771,0.004,15.395,0.004,15.079,0.0,Surveyphotometry.dat crossmatch,99.999,99.999,15.547,0.005,14.805,0.005,14.195,0.006,Surveyphotometry.dat crossmatch,12.926,0.024,12.291,0.024,9.208,0.034,7.208,0.119,Surveyphotometry.dat crossmatch
spec-2093-53818-0123.fits,SDSS J131406.42+315844.7,198.5268109367819,31.979072256046503,1.4665263456816768e+18,18.475997924804688,QSO,QSO,xPCA,9817.015788536577,0.17671150587028284,2.921469396283026e-05,,,1.0265397892184094,0.003994451784128827,SMC,30333.99353987167,-2.1351137606195265,99.999,9.999,99.999,9.999,99.999,9.999,99.999,9.999,99.999,9.999,Surveyphotometry.dat crossmatch,99.999,99.999,16.013,0.007,15.227,0.007,14.452,0.006,Surveyphotometry.dat crossmatch,13.344,0.024,12.629,0.024,10.317,0.056,8.001,0.166,Surveyphotometry.dat crossmatch
spec-2028-53818-0050.fits,SDSS J134942.37+334007.1,207.42655495069988,33.66866747459249,1.4588869002356004e+18,18.853923797607422,QSO,QSO-MIDZ,xPCA,3766.6121255994476,1.3277160439416065,0.0004931146294365899,,,0.16323913404166535,0.007792463913085551,MW,4303.885323968194,-1.5842544881043437,19.39,0.027,19.292,0.011,18.983,0.011,18.958,0.015,18.988,0.04,Surveyphotometry.dat crossmatch,99.999,99.999,18.229,0.064,17.357,0.042,16.97,0.058,Surveyphotometry.dat crossmatch,15.354,0.037,14.125,0.038,11.138,0.115,8.34,0.247,Surveyphotometry.dat crossmatch
sdssJ133702+305539_combined.dat,sdssJ133702+305539_combined,204.25858909253404,30.92766035181927,1.4562793740507948e+18,18.76496696472168,QSO,,Composite model - SMC,5.090024190223777e+169,1.7781706396452455,0.0,0.44999999999999996,0.0,0.44999999999999996,0.0,SMC,5.090024190223777e+169,-1.1516060492964777,19.74,0.035,19.247,0.011,19.174,0.012,19.161,0.015,19.013,0.04,Surveyphotometry.dat crossmatch,99.999,99.999,18.295,0.04,17.826,0.067,16.981,0.059,Surveyphotometry.dat crossmatch,16.17,0.061,14.926,0.069,11.679,0.205,99.999,99.999,Surveyphotometry.dat crossmatch
spec-2023-53851-0343.fits,SDSS J131418.21+352712.1,198.57591280156907,35.45339213568299,1.4740186541348055e+18,18.399606704711914,QSO,QSO-MIDZ,xPCA,4967.860162677522,1.4591459594777765,0.00040658186874903364,,,0.013618965801155142,0.00317124692210566,LMC,5288.330761318438,-1.1670488206420493,18.966,0.023,18.581,0.007,18.284,0.007,18.085,0.008,18.084,0.02,Surveyphotometry.dat crossmatch,99.999,99.999,17.077,0.023,16.274,0.03,16.155,0.033,Surveyphotometry.dat crossmatch,14.953,0.033,13.715,0.033,10.56,0.079,8.165,0.24,Surveyphotometry.dat crossmatch
spec-2002-53471-0172.fits,SDSS J131945.42+290641.1,199.93929261567436,29.111453103468158,1.461880355002459e+18,18.35036849975586,QSO,QSO,xPCA,4670.953833557819,1.7754509010336315,0.0004284255914772017,,,1.6724955529670224e-09,9.425559933301465e-05,LMC,8333.036071328886,-1.1275398551470586,18.293,0.015,18.132,0.006,18.135,0.007,17.954,0.008,17.956,0.02,Surveyphotometry.dat crossmatch,99.999,99.999,17.235,0.023,16.953,0.03,16.382,0.037,Surveyphotometry.dat crossmatch,15.17,0.034,13.692,0.034,10.192,0.052,8.003,0.236,Surveyphotometry.dat crossmatch
spec-1987-53765-0226.fits,SDSS J124649.88+340012.7,191.707862534884,34.003535083771204,1.5151118360712228e+18,18.887317657470703,QSO,QSO,xPCA,5772.410014560737,1.705946190629446,0.000647462313447666,,,0.21236338845459393,0.004021230733020673,SMC,6028.997248037983,-1.4616821814626395,19.633,0.032,19.193,0.01,19.051,0.011,18.767,0.012,18.776,0.03,Surveyphotometry.dat crossmatch,99.999,99.999,17.863,0.048,17.514,0.058,16.985,0.067,Surveyphotometry.dat crossmatch,15.208,0.036,13.99,0.038,11.058,0.138,8.322,0.232,Surveyphotometry.dat crossmatch
spec-2662-54505-0536.fits,spec-2662-54505-0536,196.0677484992646,25.502500746037924,1.459454183812292e+18,18.784595489501953,QSO,QSO,xPCA,7264.632067219136,2.068652901954219,0.0004466847365965632,,,1.9989256045760753e-09,0.00017837260093409021,LMC,7906.267098250977,-1.0227096329286018,18.636,0.019,18.599,0.008,18.539,0.009,18.442,0.01,18.233,0.02,Surveyphotometry.dat crossmatch,99.999,99.999,17.457,0.046,17.05,0.035,16.542,0.041,Surveyphotometry.dat crossmatch,15.624,0.041,14.527,0.052,11.44,0.225,8.376,0.317,Surveyphotometry.dat crossmatch
spec-2110-53467-0080.fits,SDSS J133317.59+304912.8,203.3233013862678,30.820264921555907,1.4683165868333517e+18,17.66644287109375,QSO,QSO,xPCA,5070.621845612587,1.6372210659772577,0.0004132137182408376,,,0.21820258988011249,0.001834314055139466,SMC,6139.191433800171,-1.0043250409000284,18.417,0.016,18.085,0.006,17.853,0.006,17.593,0.007,17.6,0.01,Surveyphotometry.dat crossmatch,99.999,99.999,16.78,0.016,16.267,0.018,15.841,0.02,Surveyphotometry.dat crossmatch,14.588,0.03,13.223,0.028,10.139,0.052,8.285,0.229,Surveyphotometry.dat crossmatch
spec-1993-53762-0416.fits,SDSS J133013.37+352407.1,202.55574986765805,35.40200140977432,1.4704172381580124e+18,18.24688148498535,QSO,QSO-MIDZ,xPCA,4117.751852496689,0.9745584770395814,0.0003795752934563484,,,0.1327386636421085,0.0029152307539328376,MW,4818.628322425275,-1.0842066498129859,18.575,0.016,18.451,0.007,18.097,0.007,18.135,0.009,18.067,0.02,Surveyphotometry.dat crossmatch,99.999,99.999,17.024,0.022,16.827,0.051,16.042,0.033,Surveyphotometry.dat crossmatch,14.474,0.03,13.105,0.027,10.117,0.057,7.505,0.123,Surveyphotometry.dat crossmatch
SDSS_J133326+304218_combined.dat,SDSS_J133326+304218_combined,203.36068100231867,30.705226253803545,1.4563039412638712e+18,,QSO,,Stellar-templates,333.72491118272643,1.050961034773524,0.00021723787946881234,7.771971008088555e-08,0.003023158532859725,7.771971008088555e-08,0.003023158532859725,SMC,333.72491118272643,-1.9100584350816463,19.505,0.032,19.356,0.012,19.127,0.012,19.18,0.017,19.177,0.04,Surveyphotometry.dat crossmatch,99.999,99.999,18.268,0.057,17.665,0.062,16.805,0.045,Surveyphotometry.dat crossmatch,15.072,0.036,13.998,0.037,11.404,0.166,8.763,0.397,Surveyphotometry.dat crossmatch
spec-2660-54504-0498.fits,spec-2660-54504-0498,190.44982113162436,25.68347162350899,3.961219273058337e+18,18.418289184570312,QSO,QSO-MIDZ,xPCA,10929.308242576102,0.16726644179913075,6.807318531142422e-05,,,1.2167264372308735,0.0031506787163516625,SMC,16223.27875499985,-1.84949456472404,18.509,0.016,18.097,0.006,17.66,0.006,17.28,0.006,17.228,0.01,Surveyphotometry.dat crossmatch,99.999,99.999,16.152,0.009,15.365,0.007,14.477,0.007,Surveyphotometry.dat crossmatch,13.297,0.023,12.285,0.022,9.232,0.034,6.609,0.068,Surveyphotometry.dat crossmatch
spec-2114-53848-0181.fits,spec-2114-53848-0181,207.13160025240583,26.94994711359217,1.4514490476709407e+18,18.59259796142578,GALAXY,GALAXY-PASS,xPCA,4083.159286429959,0.06244507370320576,1.2660986015627442e-05,,,1.6916559915851412,0.002687360027660013,SMC,634152.4605686951,-1.1304099015816271,17.86,0.016,16.245,0.003,15.594,0.003,15.298,0.003,15.061,0.0,Surveyphotometry.dat crossmatch,99.999,99.999,14.878,0.004,14.204,0.004,13.773,0.004,Surveyphotometry.dat crossmatch,12.929,0.023,12.822,0.025,10.882,0.089,8.476,0.312,Surveyphotometry.dat crossmatch
spec-2033-53476-0059.fits,SDSS J135356.60+354228.7,208.48584481221147,35.70798210388145,1.4831884436717174e+18,18.61537742614746,QSO,QSO,xPCA,3806.0130055580566,1.6770476711173665,0.00041671674701757966,,,0.020228568724363363,0.010161892230797637,MW,4905.967088899571,-1.5838057516873367,19.14,0.022,19.09,0.01,19.109,0.012,18.851,0.013,18.983,0.04,Surveyphotometry.dat crossmatch,99.999,99.999,17.989,0.055,17.467,0.065,17.251,0.096,Surveyphotometry.dat crossmatch,15.828,0.046,14.448,0.045,11.538,0.174,8.907,0.415,Surveyphotometry.dat crossmatch
spec-2243-53794-0620.fits,spec-2243-53794-0620,200.30558221130423,27.56614171822513,1.4494401067840072e+18,18.583694458007812,QSO,QSO-MIDZ,xPCA,3681.448652826944,0.8883826431134583,0.0003420558751581583,,,0.016630538363818222,0.0038529713945042393,MW,3805.657918591365,-1.1975840240183706,19.268,0.026,18.969,0.009,18.827,0.01,18.833,0.013,18.737,0.03,Surveyphotometry.dat crossmatch,99.999,99.999,17.342,0.023,17.289,0.035,16.72,0.041,Surveyphotometry.dat crossmatch,15.252,0.034,13.929,0.035,10.993,0.101,8.424,0.285,Surveyphotometry.dat crossmatch
spec-2663-54234-0123.fits,SDSS J131153.59+235323.3,197.9732956157251,23.889826293493407,1.4468593124751703e+18,17.311988830566406,QSO,QSO,xPCA,11295.68971244578,1.9631576506879616,0.00028417875910440054,,,0.009534577211283668,0.0014410643627101195,SMC,12082.439033497687,-1.0288229461897802,17.663,0.01,17.555,0.005,17.554,0.006,17.384,0.007,17.218,0.01,Surveyphotometry.dat crossmatch,99.999,99.999,16.456,0.011,16.096,0.015,15.506,0.016,Surveyphotometry.dat crossmatch,14.556,0.029,13.451,0.029,10.078,0.056,7.936,0.177,Surveyphotometry.dat crossmatch
spec-2016-53799-0050.fits,spec-2016-53799-0050,197.6934555238961,34.77512841874537,1.467886265470364e+18,18.861114501953125,QSO,QSO-MIDZ,xPCA,3861.9825376615318,0.6086812502916519,0.0005434488795355233,,,0.4093728092979808,0.0080966448161435,SMC,5138.595590329086,-1.5233427510252686,19.44,0.028,18.965,0.009,18.883,0.01,18.596,0.011,18.565,0.02,Surveyphotometry.dat crossmatch,99.999,99.999,17.434,0.029,16.924,0.037,16.222,0.039,Surveyphotometry.dat crossmatch,14.957,0.033,14.166,0.04,11.031,0.115,8.447,0.258,Surveyphotometry.dat crossmatch
spec-2119-53792-0479.fits,SDSS J135625.55+251523.7,209.10649588635135,25.25657793290919,1.2581430193340616e+18,16.548704147338867,QSO,QSO,xPCA,23041.13477278131,0.16409922472783478,1.2867463070693282e-05,,,0.13587853894546903,0.002335472214024914,MW,57604.05166231104,-2.4501321094368453,16.292,0.006,16.304,0.004,16.195,0.004,15.781,0.005,16.01,0.0,Surveyphotometry.dat crossmatch,99.999,99.999,14.91,0.004,14.208,0.004,13.036,0.003,Surveyphotometry.dat crossmatch,11.67,0.023,10.641,0.02,8.037,0.02,5.672,0.038,Surveyphotometry.dat crossmatch
spec-2016-53799-0306.fits,SDSS J130200.13+353942.7,195.50056558768856,35.661865724928056,1.5162584892601147e+18,18.78741455078125,QSO,QSO-MIDZ,xPCA,4668.73989324811,1.228999648539503,0.0007147702316801457,,,0.550494876526252,0.006108071820672634,SMC,5126.647051080059,-1.2944729149298,19.983,0.042,19.41,0.012,18.865,0.01,18.661,0.011,18.582,0.03,Surveyphotometry.dat crossmatch,99.999,99.999,17.516,0.032,16.96,0.059,16.239,0.038,Surveyphotometry.dat crossmatch,14.705,0.029,13.262,0.027,10.258,0.061,8.019,0.164,Surveyphotometry.dat crossmatch
spec-3303-54950-0188.fits,SDSS J131732.01+243610.9,199.3833714117627,24.60297608041801,1.4469716301643003e+18,18.63702392578125,QSO,QSO,xPCA,5826.79033311907,1.5641138037803268,0.00021289087282375753,,,1.1443912820412877e-10,2.3137025033334352e-05,SMC,10258.481355565618,-1.0116127138082536,19.185,0.023,19.013,0.009,18.51,0.009,18.618,0.011,18.603,0.03,Surveyphotometry.dat crossmatch,99.999,99.999,17.583,0.031,16.888,0.031,16.685,0.046,Surveyphotometry.dat crossmatch,15.753,0.045,14.399,0.046,11.291,0.147,99.999,99.999,Surveyphotometry.dat crossmatch
spec-2094-53851-0076.fits,SDSS J134643.72+295657.0,206.68217337599955,29.949212949196763,1.455365782966952e+18,18.88776969909668,BAL_QSO,QSO,xPCA,5000.401360941451,2.0658392025160954,0.0006944207249123084,,,0.3551454888893266,0.003253618009878889,SMC,5959.58484060232,-1.329682254731666,19.785,0.037,19.437,0.012,19.012,0.012,18.489,0.012,17.894,0.02,Surveyphotometry.dat crossmatch,99.999,99.999,17.57,0.037,16.991,0.042,16.373,0.042,Surveyphotometry.dat crossmatch,15.275,0.039,14.327,0.046,11.228,0.15,99.999,99.999,Surveyphotometry.dat crossmatch
spec-1975-53734-0106.fits,SDSS J124726.70+313418.5,191.861249947899,31.571860609654937,1.5134618127151045e+18,18.81852149963379,QSO,QSO,xPCA,3930.35391946343,1.5675644691998267,0.000429997953329008,,,0.2138892096818827,0.0029167900654501755,SMC,5390.352372112238,-1.0818166269373213,19.475,0.031,19.042,0.01,18.825,0.01,18.59,0.011,18.565,0.03,Surveyphotometry.dat crossmatch,99.999,99.999,17.677,0.035,17.004,0.058,16.541,0.048,Surveyphotometry.dat crossmatch,15.519,0.042,14.166,0.043,10.952,0.131,99.999,99.999,Surveyphotometry.dat crossmatch
spec-2242-54153-0253.fits,SDSS J130516.83+261304.0,196.3201496297672,26.217762834429536,1.4595636539384095e+18,17.701108932495117,QSO,QSO,xPCA,10736.943826614905,0.18279641628123788,2.413194570212425e-05,,,0.3997921876935878,0.0032142363561767084,SMC,24272.509813286106,-1.2906446539308687,17.919,0.013,17.599,0.006,17.199,0.005,16.888,0.005,16.796,0.01,Surveyphotometry.dat crossmatch,99.999,99.999,16.216,0.009,15.407,0.008,14.331,0.006,Surveyphotometry.dat crossmatch,12.776,0.023,11.879,0.021,9.186,0.034,6.67,0.069,Surveyphotometry.dat crossmatch
spec-6478-56341-0006.fits,SDSS J124554.10+294801.4,191.4754095124645,29.80036468565591,1.4651531200814336e+18,18.07187271118164,QSO,QSO,xPCA,6049.66800432948,0.9070515176706796,0.0001036610063803985,,,2.8119798156645004e-11,2.266682521928062e-05,MW,7900.292783876171,-1.0428986318867817,18.217,0.014,17.981,0.006,17.775,0.006,17.799,0.007,17.71,0.02,Surveyphotometry.dat crossmatch,99.999,99.999,16.686,0.015,16.611,0.029,15.785,0.021,Surveyphotometry.dat crossmatch,13.957,0.026,12.61,0.025,9.907,0.05,7.49,0.128,Surveyphotometry.dat crossmatch
spec-2002-53471-0578.fits,SDSS J132222.98+295720.3,200.59578062669783,29.955653915596876,1.4623171016362985e+18,18.72300148010254,BAL_QSO,QSO-MIDZ,xPCA,7132.135682901501,1.978906961427993,0.0006026496368296748,,,0.45821484780049215,0.002906206545625567,SMC,9804.202522245823,-1.4252306694711312,19.603,0.036,19.248,0.011,18.887,0.011,18.323,0.011,18.168,0.02,Surveyphotometry.dat crossmatch,99.999,99.999,17.079,0.022,16.426,0.025,15.805,0.022,Surveyphotometry.dat crossmatch,14.951,0.031,14.208,0.038,10.866,0.105,8.079,0.18,Surveyphotometry.dat crossmatch
spec-2661-54505-0229.fits,SDSS J125044.21+235542.6,192.6842414566072,23.928517568626333,3.9575729789668316e+18,18.7233943939209,QSO,QSO,xPCA,4219.891132963019,1.7070826754001192,0.0004192332069799124,,,1.8352856669297257e-12,6.487774560644418e-05,MW,8951.181614311958,-1.1245504735156975,18.639,0.016,18.477,0.007,18.504,0.009,18.375,0.01,18.369,0.02,Surveyphotometry.dat crossmatch,99.999,99.999,17.596,0.029,17.248,0.043,16.725,0.041,Surveyphotometry.dat crossmatch,15.423,0.039,14.147,0.044,11.033,0.126,8.428,0.351,Surveyphotometry.dat crossmatch
spec-2031-53848-0078.fits,spec-2031-53848-0078,194.8011473248279,35.909738086701765,1.5164180258216003e+18,18.51067352294922,GALAXY,GALAXY-PASS,xPCA,7578.808416390736,0.027755950648645555,1.0010805750851237e-05,,,4.821526213488757,0.006717640031371985,LMC,202286.48236573683,-1.0105896584242307,16.533,0.009,14.707,0.002,13.909,0.002,13.519,0.002,13.238,0.0,Surveyphotometry.dat crossmatch,99.999,99.999,13.921,0.002,13.212,0.003,12.918,0.003,Surveyphotometry.dat crossmatch,11.536,0.023,11.611,0.021,10.862,0.092,99.999,99.999,Surveyphotometry.dat crossmatch
spec-2237-53828-0573.fits,spec-2237-53828-0573,190.8353347314737,30.57782043303032,1.5132861356687864e+18,18.53276824951172,QSO,QSO,xPCA,17566.475041935893,0.096402456729346,2.579124010470191e-05,,,1.2319989955891133,0.0031487883466716493,SMC,139816.09770077709,-2.6136359413254024,17.974,0.015,17.237,0.005,16.717,0.004,16.328,0.004,16.104,0.0,Surveyphotometry.dat crossmatch,99.999,99.999,15.584,0.005,14.815,0.006,14.088,0.005,Surveyphotometry.dat crossmatch,12.994,0.024,12.368,0.023,9.244,0.033,6.552,0.057,Surveyphotometry.dat crossmatch
spec-2117-54115-0638.fits,SDSS J135815.26+333109.4,209.5635851360284,33.5193202994959,1.4579582252270533e+18,18.73006248474121,QSO,QSO-MIDZ,xPCA,4678.595942283845,0.8220907357596177,0.00021771568518373698,,,5.283742361824814e-10,5.627568847972042e-05,LMC,7369.353332718935,-1.2859715123705937,18.874,0.021,18.612,0.008,18.532,0.009,18.667,0.012,18.484,0.03,Surveyphotometry.dat crossmatch,99.999,99.999,17.369,0.031,17.245,0.042,16.412,0.039,Surveyphotometry.dat crossmatch,14.919,0.032,13.836,0.037,11.335,0.128,99.999,99.999,Surveyphotometry.dat crossmatch
spec-2665-54232-0360.fits,SDSS J132735.57+240742.7,201.8982152358324,24.128538343303145,1.446362264499972e+18,17.762454986572266,QSO,QSO-MIDZ,xPCA,3984.518750979638,1.199935763870379,0.00021725532109000142,,,5.893656697115827e-10,2.9593623918707944e-05,LMC,8058.883759936962,-1.0130933011355971,18.214,0.015,18.116,0.006,17.864,0.007,17.935,0.008,18.094,0.02,Surveyphotometry.dat crossmatch,99.999,99.999,17.308,0.022,16.75,0.027,16.008,0.027,Surveyphotometry.dat crossmatch,14.51,0.028,13.139,0.027,10.499,0.075,7.849,0.168,Surveyphotometry.dat crossmatch
spec-2663-54234-0591.fits,SDSS J131732.01+243610.9,199.3833714117627,24.60297608041801,1.4469716301643003e+18,18.63702392578125,QSO,QSO,xPCA,4322.636948231229,1.5624181391538183,0.0002234230720308059,,,0.03593118762321919,0.004051901515189218,LMC,5275.14703060068,-1.023757494322818,19.185,0.023,19.013,0.009,18.51,0.009,18.618,0.011,18.603,0.03,Surveyphotometry.dat crossmatch,99.999,99.999,17.583,0.031,16.888,0.031,16.685,0.046,Surveyphotometry.dat crossmatch,15.753,0.045,14.399,0.046,11.291,0.147,99.999,99.999,Surveyphotometry.dat crossmatch
spec-2104-53852-0514.fits,spec-2104-53852-0514,199.9902828586236,31.340575667274717,1.463338002479593e+18,18.919740676879883,GALAXY,GALAXY-PASS,xPCA,4014.0089708318337,0.11347801224464346,1.7264822151239106e-05,,,1.5435953716045683,0.0023542106655790596,SMC,23993.671267268277,-1.4812383964834976,19.39,0.036,17.733,0.005,16.864,0.004,16.538,0.004,16.265,0.01,Surveyphotometry.dat crossmatch,99.999,99.999,15.604,0.005,14.94,0.006,14.473,0.007,Surveyphotometry.dat crossmatch,13.914,0.027,13.727,0.035,99.999,99.999,99.999,99.999,Surveyphotometry.dat crossmatch
spec-2114-53848-0304.fits,SDSS J134636.04+265050.0,206.65019544009405,26.847220888341557,1.4513985044957919e+18,18.314428329467773,QSO,QSO,xPCA,4674.56444221052,1.5253809697084064,0.0003368357950412381,,,4.0847821002401585e-12,2.495879756658496e-05,LMC,9379.745981745298,-1.0541933616818413,99.999,9.999,99.999,9.999,99.999,9.999,99.999,9.999,99.999,9.999,Surveyphotometry.dat crossmatch,99.999,99.999,17.484,0.032,16.857,0.037,16.739,0.05,Surveyphotometry.dat crossmatch,15.311,0.035,13.815,0.033,10.53,0.056,8.118,0.166,Surveyphotometry.dat crossmatch
spec-2006-53476-0383.fits,SDSS J125854.74+340557.9,194.72808310295184,34.099419270616444,1.5156353410450437e+18,18.099302291870117,QSO,QSO,xPCA,27397.37426098159,2.8551935609881416,0.00016146690573929205,,,0.2166892541761063,0.0013861941149640178,SMC,38299.14506389935,-2.312569456279006,20.157,0.044,18.434,0.007,18.193,0.007,18.02,0.008,17.784,0.01,Surveyphotometry.dat crossmatch,99.999,99.999,16.77,0.017,16.168,0.014,15.508,0.016,Surveyphotometry.dat crossmatch,14.606,0.03,13.803,0.035,11.056,0.102,99.999,99.999,Surveyphotometry.dat crossmatch
spec-2237-53828-0062.fits,SDSS J124405.82+291803.1,191.02423386982997,29.300853525955134,3.96311115031664e+18,18.400423049926758,QSO,QSO,xPCA,5460.184804310859,1.6565474548869414,0.0005100262728035013,,,4.408347122942819e-09,0.0003642090749479968,LMC,9204.985223671829,-1.1536844006027895,18.627,0.017,18.359,0.007,18.292,0.008,18.143,0.008,18.225,0.02,Surveyphotometry.dat crossmatch,99.999,99.999,17.257,0.022,16.737,0.029,16.373,0.033,Surveyphotometry.dat crossmatch,15.342,0.038,13.908,0.037,10.483,0.073,8.725,0.439,Surveyphotometry.dat crossmatch
spec-2009-53857-0275.fits,SDSS J130646.71+282354.4,196.6946359972943,28.39846643473611,1.460986593784232e+18,18.313480377197266,QSO,QSO-MIDZ,xPCA,4471.544185958983,0.9209231921420782,0.00042114756447644434,,,0.04583290980774916,0.004209922915239812,SMC,6081.278961119884,-1.1351055279313047,18.688,0.019,18.519,0.008,18.349,0.008,18.244,0.01,18.12,0.02,Surveyphotometry.dat crossmatch,99.999,99.999,17.124,0.02,16.914,0.028,16.057,0.024,Surveyphotometry.dat crossmatch,14.472,0.029,13.155,0.027,10.494,0.063,8.376,0.256,Surveyphotometry.dat crossmatch
spec-6490-56330-0956.fits,SDSS J132240.25+322754.2,200.66772881105936,32.465083455228296,1.469593536446421e+18,18.15135383605957,QSO,QSO,xPCA,38706.05499605901,2.5595066974467273,0.000147283629639194,,,0.017855455064135477,0.0029363014465879434,MW,53043.547313482035,-1.0862399314655031,18.886,0.022,18.14,0.006,18.142,0.007,18.104,0.01,17.864,0.02,Surveyphotometry.dat crossmatch,99.999,99.999,16.981,0.02,16.533,0.019,15.634,0.016,Surveyphotometry.dat crossmatch,15.301,0.038,14.392,0.048,10.83,0.117,8.473,0.363,Surveyphotometry.dat crossmatch
spec-2028-53818-0026.fits,SDSS J135221.95+335927.8,208.0914912525689,33.99105585147492,1.4587368168982403e+18,18.672210693359375,QSO,QSO-MIDZ,xPCA,5197.9406875082295,1.2908942627403397,0.0004187644236204138,,,2.1544223653344186e-11,0.00018669301969980956,MW,7142.08822278144,-1.2078658517841674,18.984,0.019,18.901,0.009,18.666,0.009,18.748,0.012,18.864,0.04,Surveyphotometry.dat crossmatch,99.999,99.999,18.224,0.068,17.277,0.043,16.699,0.049,Surveyphotometry.dat crossmatch,15.318,0.037,13.965,0.036,11.077,0.107,8.743,0.352,Surveyphotometry.dat crossmatch
spec-5991-56076-0846.fits,SDSS J130529.19+250631.8,196.3716545723633,25.108835488681745,1.4592424247442458e+18,17.822908401489258,QSO,QSO,xPCA,11465.836352469189,1.8084076416784234,0.0001332121555659278,,,4.1538030502198675e-10,6.149593158914183e-06,LMC,30154.069675927654,-1.0424992149271912,18.27,0.015,18.184,0.007,18.177,0.007,17.957,0.008,17.837,0.01,Surveyphotometry.dat crossmatch,99.999,99.999,16.945,0.025,16.597,0.023,16.001,0.024,Surveyphotometry.dat crossmatch,14.875,0.032,13.62,0.032,10.686,0.104,8.435,0.339,Surveyphotometry.dat crossmatch
spec-2002-53471-0067.fits,SDSS J132415.04+284647.1,201.0626908254258,28.77977262899393,1.461986011197241e+18,18.78001594543457,QSO,QSO,xPCA,4506.962209324487,3.6150674880239007,0.0016136033482888714,,,8.702541392049436e-10,2.0228060171647026e-05,MW,32444.649362456355,-1.3384039895922841,18.728,0.02,18.676,0.008,18.441,0.008,18.5,0.011,18.493,0.03,Surveyphotometry.dat crossmatch,99.999,99.999,17.207,0.021,17.023,0.031,16.366,0.033,Surveyphotometry.dat crossmatch,15.279,0.034,14.121,0.037,11.27,0.146,8.52,0.255,Surveyphotometry.dat crossmatch
spec-2110-53467-0011.fits,SDSS J133334.40+300422.9,203.39333997280724,30.073015514691104,1.456130252786457e+18,18.981807708740234,QSO,QSO,xPCA,4038.417096442142,1.9788055161968279,0.0004664925263863795,,,9.077083187739379e-11,6.326509440062855e-05,SMC,5295.641327507434,-1.3559401472072685,99.999,9.999,99.999,9.999,99.999,9.999,99.999,9.999,99.999,9.999,Surveyphotometry.dat crossmatch,99.999,99.999,17.871,0.048,17.379,0.053,16.738,0.046,Surveyphotometry.dat crossmatch,15.78,0.048,14.932,0.067,11.759,0.242,8.285,0.222,Surveyphotometry.dat crossmatch
spec-8878-57785-0448.fits,SDSS J135016.40+351214.9,207.56838999043217,35.204135554194835,1.4711389000392218e+18,18.77313995361328,QSO,QSO,xPCA,4361.282842565183,0.7749658429378832,8.942175365465833e-05,,,0.08557904564411037,0.0030914067068438383,SMC,5824.373851040298,-1.2529574311319474,99.999,9.999,99.999,9.999,99.999,9.999,99.999,9.999,99.999,9.999,Surveyphotometry.dat crossmatch,99.999,99.999,17.35,0.036,16.647,0.044,15.755,0.026,Surveyphotometry.dat crossmatch,14.106,0.026,12.928,0.026,10.11,0.054,7.533,0.133,Surveyphotometry.dat crossmatch
spec-2238-54205-0136.fits,SDSS J124637.06+262500.2,191.6544209482712,26.41675269284791,3.961376606299941e+18,17.255664825439453,QSO,QSO,xPCA,95021.40150859248,3.129986129486124,0.00048653687227375255,,,0.4202076051124201,0.0013079293883093424,LMC,218554.3954460256,-2.4175539689800916,19.305,0.026,17.683,0.005,17.338,0.005,17.204,0.006,17.17,0.01,Surveyphotometry.dat crossmatch,99.999,99.999,16.16,0.008,15.845,0.012,15.369,0.014,Surveyphotometry.dat crossmatch,14.578,0.029,13.637,0.032,9.773,0.046,7.528,0.137,Surveyphotometry.dat crossmatch
spec-2109-53468-0547.fits,SDSS J133747.62+330321.3,204.448463124857,33.05593085243876,1.4690011359010916e+18,18.711896896362305,QSO,QSO-MIDZ,xPCA,4046.1247151290017,0.8278055849536383,0.0002879087345888158,,,0.11070697088707829,0.005920131894167062,LMC,4319.08028017646,-1.516554134602722,19.16,0.023,18.865,0.009,18.716,0.009,18.692,0.011,18.6,0.03,Surveyphotometry.dat crossmatch,99.999,99.999,17.263,0.025,16.891,0.025,16.07,0.026,Surveyphotometry.dat crossmatch,14.442,0.029,13.312,0.028,10.522,0.067,7.967,0.178,Surveyphotometry.dat crossmatch
spec-2649-54212-0458.fits,SDSS J125529.20+232506.7,193.8717085534128,23.418536935841004,3.956746043143539e+18,18.506864547729492,QSO,QSO,xPCA,7874.380988646168,2.407040504446747,0.00022064227265201976,,,1.0002860117899054e-08,0.0012236040892926185,MW,13311.965580350476,-1.1145029832984081,19.103,0.024,18.549,0.007,18.541,0.008,18.552,0.011,18.325,0.02,Surveyphotometry.dat crossmatch,99.999,99.999,17.413,0.035,16.873,0.037,16.167,0.032,Surveyphotometry.dat crossmatch,15.469,0.038,14.47,0.046,10.915,0.104,8.72,0.439,Surveyphotometry.dat crossmatch
spec-5992-56066-0240.fits,SDSS J130944.98+222632.0,197.43743696814784,22.44222728670497,3.943876671857772e+18,18.146160125732422,QSO,QSO,xPCA,11732.782292743965,1.9722908919490298,0.000414578494668482,,,2.7951745329131764e-10,3.7817038732737904e-05,MW,29702.974230078493,-1.037382214732828,18.161,0.013,18.052,0.006,17.937,0.007,17.858,0.007,17.721,0.01,Surveyphotometry.dat crossmatch,99.999,99.999,17.027,0.016,16.637,0.02,16.175,0.024,Surveyphotometry.dat crossmatch,15.129,0.033,13.738,0.035,10.288,0.067,7.977,0.211,Surveyphotometry.dat crossmatch
spec-5996-56096-0523.fits,spec-5996-56096-0523,199.581300716742,25.806491007331644,1.4474825981294838e+18,17.740205764770508,QSO,QSO,xPCA,8915.283515684958,1.454611726509647,0.0001630619637412164,,,5.507201330167896e-11,3.9998279980293526e-05,LMC,14393.88226798903,-1.0163383258749923,18.457,0.015,18.254,0.007,18.019,0.007,17.868,0.008,18.002,0.02,Surveyphotometry.dat crossmatch,99.999,99.999,17.165,0.018,99.999,99.999,16.19,0.027,Surveyphotometry.dat crossmatch,14.726,0.03,13.184,0.029,9.87,0.047,7.44,0.118,Surveyphotometry.dat crossmatch
spec-2093-53818-0351.fits,spec-2093-53818-0351,197.1826908049084,33.49078168708518,1.4676661612825728e+18,18.886581420898438,QSO,QSO-MIDZ,xPCA,4637.081860923254,0.45455450583756574,0.0001798805938958322,,,1.772363381275302e-10,4.583724851974199e-05,LMC,9566.693516332309,-1.5549615777628543,19.109,0.022,18.849,0.009,19.006,0.011,18.902,0.013,18.719,0.03,Surveyphotometry.dat crossmatch,99.999,99.999,17.562,0.037,16.87,0.033,15.901,0.025,Surveyphotometry.dat crossmatch,14.403,0.028,13.492,0.03,10.789,0.094,8.743,0.423,Surveyphotometry.dat crossmatch
spec-2238-54205-0191.fits,SDSS J124658.18+265609.8,191.74240658823047,26.93606423650273,3.9617830476451144e+18,17.473644256591797,BAL_QSO,QSO,xPCA,6246.438671344391,1.9707971638286774,0.0004059546948132562,,,0.0967403524189571,0.0012331538554650051,SMC,11349.482902370733,-0.9976509611934367,17.719,0.01,17.697,0.005,17.596,0.006,17.43,0.006,17.352,0.01,Surveyphotometry.dat crossmatch,99.999,99.999,16.476,0.012,16.121,0.019,15.592,0.02,Surveyphotometry.dat crossmatch,14.582,0.029,13.318,0.029,9.853,0.053,7.757,0.191,Surveyphotometry.dat crossmatch
spec-2033-53476-0129.fits,SDSS J135308.91+352922.1,208.2871230882984,35.48946541922399,1.4591603693937984e+18,18.9626407623291,QSO,QSO-MIDZ,xPCA,3686.836818071409,1.2814149377774704,0.00048000848220705773,,,1.2798506256802167e-08,0.00023055761263010856,MW,4475.258823658237,-1.2617867523442363,18.804,0.019,18.765,0.008,18.629,0.009,18.68,0.011,18.754,0.03,Surveyphotometry.dat crossmatch,99.999,99.999,18.16,0.063,17.389,0.066,16.875,0.065,Surveyphotometry.dat crossmatch,15.374,0.037,14.208,0.038,11.131,0.116,8.862,0.371,Surveyphotometry.dat crossmatch
spec-2654-54231-0530.fits,spec-2654-54231-0530,205.78213252242827,22.17578335652054,1.2512560564548588e+18,18.934106826782227,GALAXY,GALAXY-PASS,xPCA,5806.410378859331,0.027822517494167774,1.0643289027296123e-05,,,2.757459854388632,0.0035722491060055095,MW,608362.5640085343,-1.0467880035317265,17.489,0.018,15.73,0.003,14.922,0.002,14.539,0.002,14.244,0.0,Surveyphotometry.dat crossmatch,99.999,99.999,14.595,0.003,13.932,0.003,13.597,0.003,Surveyphotometry.dat crossmatch,12.465,0.024,12.527,0.024,11.889,0.193,99.999,99.999,Surveyphotometry.dat crossmatch
spec-2016-53799-0205.fits,SDSS J130822.16+341644.7,197.09234090208784,34.2790857622805,1.467846373813913e+18,18.516202926635742,QSO,QSO-MIDZ,xPCA,3743.909314749958,0.8422560863711273,0.0002859716647121272,,,3.920831467385099e-09,0.00011106364944485396,LMC,6279.4962412437935,-1.1862198165132893,19.194,0.025,18.874,0.009,18.907,0.01,19.107,0.014,18.844,0.03,Surveyphotometry.dat crossmatch,99.999,99.999,17.565,0.044,17.138,0.043,16.158,0.032,Surveyphotometry.dat crossmatch,14.436,0.028,13.316,0.029,10.675,0.075,7.805,0.145,Surveyphotometry.dat crossmatch
spec-2093-53818-0225.fits,SDSS J131139.04+325238.9,197.9126654263893,32.87751357391906,1.4668289175373947e+18,18.56208610534668,QSO,QSO,xPCA,5733.870927210415,0.6626850811971314,6.968832916002166e-05,,,1.338866382127532e-11,3.645026466572704e-05,LMC,15308.484359773884,-1.2386714193569885,19.182,0.026,18.613,0.008,18.694,0.01,18.682,0.014,18.635,0.04,Surveyphotometry.dat crossmatch,99.999,99.999,17.4,0.029,16.81,0.031,15.944,0.025,Surveyphotometry.dat crossmatch,14.347,0.028,13.365,0.03,10.983,0.114,99.999,99.999,Surveyphotometry.dat crossmatch
spec-5992-56066-0957.fits,SDSS J131424.21+231134.8,198.6009074594472,23.1929779910486,1.4460142647744701e+18,18.80149269104004,QSO,QSO,xPCA,13160.804322083846,2.5572071941099095,0.00018547060292119878,,,0.1546825069692249,0.004680271171270414,MW,21741.72279116063,-1.0940019586356657,19.75,0.035,18.749,0.008,18.638,0.009,18.509,0.01,18.099,0.02,Surveyphotometry.dat crossmatch,99.999,99.999,17.44,0.025,16.868,0.024,15.951,0.021,Surveyphotometry.dat crossmatch,15.438,0.037,14.719,0.055,11.755,0.21,9.099,0.473,Surveyphotometry.dat crossmatch
spec-2665-54232-0498.fits,SDSS J133418.99+240011.5,203.57912922425305,24.00319259595276,1.4446264749418652e+18,18.68863296508789,QSO,QSO,xPCA,9767.231374220046,2.537669820541792,0.0001658103376314044,,,4.6391670968084706e-10,0.00019503328135072248,MW,18443.85647228808,-1.3415995992171268,19.543,0.032,18.818,0.008,18.832,0.01,18.821,0.012,18.48,0.02,Surveyphotometry.dat crossmatch,99.999,99.999,17.424,0.024,16.803,0.029,15.953,0.023,Surveyphotometry.dat crossmatch,15.533,0.04,14.669,0.053,10.942,0.101,8.553,0.271,Surveyphotometry.dat crossmatch
spec-5987-56339-0614.fits,SDSS J124658.18+265609.8,191.74240658823047,26.93606423650273,3.9617830476451144e+18,17.473644256591797,QSO,QSO,xPCA,7169.024659099417,1.9717434261580498,0.0002641358422652385,,,4.84240875479533e-12,4.332634518660391e-05,MW,15494.812310369665,-1.0001555937749322,17.719,0.01,17.697,0.005,17.596,0.006,17.43,0.006,17.352,0.01,Surveyphotometry.dat crossmatch,99.999,99.999,16.476,0.012,16.121,0.019,15.592,0.02,Surveyphotometry.dat crossmatch,14.582,0.029,13.318,0.029,9.853,0.053,7.757,0.191,Surveyphotometry.dat crossmatch
spec-1994-53845-0142.fits,SDSS J125417.93+312537.6,193.57474161767087,31.42711871383496,1.4656967985173724e+18,17.92383575439453,QSO,QSO-MIDZ,xPCA,5123.914410896445,1.563770917658606,0.0003150421795969589,,,2.0472585955601426e-09,9.203066091352538e-05,LMC,6338.697537331299,-1.0037593042208117,18.282,0.015,18.045,0.006,17.978,0.007,17.78,0.007,17.843,0.02,Surveyphotometry.dat crossmatch,99.999,99.999,16.777,0.014,16.202,0.025,15.9,0.024,Surveyphotometry.dat crossmatch,14.586,0.028,13.029,0.027,9.907,0.047,7.866,0.15,Surveyphotometry.dat crossmatch
spec-2114-53848-0636.fits,SDSS J135431.30+281341.7,208.6304139766007,28.22825973600404,1.452008183693961e+18,18.238338470458984,QSO,QSO,xPCA,6586.951185797625,1.101659839338005,0.00024211445244039099,,,0.3290267766350434,0.002807679823755793,SMC,8500.84593751543,-1.2356483468473693,19.325,0.027,18.645,0.008,18.196,0.007,18.117,0.008,18.034,0.02,Surveyphotometry.dat crossmatch,99.999,99.999,16.939,0.019,16.208,0.022,15.652,0.021,Surveyphotometry.dat crossmatch,14.423,0.027,13.244,0.028,10.221,0.053,7.705,0.132,Surveyphotometry.dat crossmatch
spec-2017-53474-0105.fits,SDSS J134541.00+275524.9,206.42086690114988,27.923599246894227,1.4517918891406812e+18,18.87765884399414,QSO,QSO,xPCA,4732.56174262451,0.4556266561509066,3.781754285210358e-05,,,0.36022234070238063,0.006077057264065738,SMC,8697.792582293281,-2.1841084445042074,18.928,0.024,18.652,0.008,18.575,0.009,18.331,0.01,18.287,0.03,Surveyphotometry.dat crossmatch,99.999,99.999,17.308,0.022,16.306,0.02,14.988,0.014,Surveyphotometry.dat crossmatch,13.496,0.025,12.443,0.023,10.09,0.049,8.159,0.21,Surveyphotometry.dat crossmatch
spec-3377-54950-0241.fits,SDSS J131709.29+315351.1,199.28876602781423,31.89754789988184,1.4636045610333379e+18,18.979280471801758,QSO,QSO-MIDZ,xPCA,4303.30354043411,0.6796159881358987,0.0002393881756779318,,,0.28687138093684056,0.008061410893300952,LMC,5369.680274289545,-1.3593637288907223,19.46,0.034,19.145,0.01,19.022,0.012,18.901,0.016,18.859,0.06,Surveyphotometry.dat crossmatch,99.999,99.999,18.211,0.042,17.472,0.04,16.495,0.035,Surveyphotometry.dat crossmatch,15.039,0.031,13.901,0.035,11.07,0.095,9.148,0.476,Surveyphotometry.dat crossmatch
spec-2115-53535-0428.fits,SDSS J134756.02+255557.8,206.98345339413495,25.932722999617027,1.4505312303396475e+18,18.317790985107422,QSO,QSO,xPCA,5631.4247395602615,0.42544347391349424,4.413171026336185e-05,,,0.061243248007315274,0.0044752704909169876,LMC,8581.24314190904,-1.5417091837855381,18.68,0.02,18.473,0.007,18.454,0.008,18.263,0.009,17.961,0.02,Surveyphotometry.dat crossmatch,99.999,99.999,16.884,0.016,16.153,0.017,15.307,0.015,Surveyphotometry.dat crossmatch,13.915,0.026,12.98,0.026,10.573,0.058,8.611,0.223,Surveyphotometry.dat crossmatch
spec-2006-53476-0475.fits,SDSS J130053.48+334835.7,195.22286769876357,33.80995980259629,1.4675974761654257e+18,17.856443405151367,QSO,QSO-MIDZ,xPCA,4015.771103784087,0.6926610471829906,0.00012845059966687305,,,5.32480147214659e-13,0.0003800901704604983,MW,4399.241251145645,-1.1509674419794356,18.545,0.016,18.14,0.007,18.174,0.007,18.139,0.009,18.1,0.02,Surveyphotometry.dat crossmatch,99.999,99.999,17.054,0.024,16.5,0.022,15.579,0.017,Surveyphotometry.dat crossmatch,13.928,0.026,12.676,0.024,9.863,0.054,7.606,0.122,Surveyphotometry.dat crossmatch
spec-2109-53468-0557.fits,SDSS J133800.39+324740.7,204.50161754550444,32.79466204741638,1.4689597667759744e+18,18.02211570739746,QSO,QSO-MIDZ,xPCA,3735.388425204309,1.3563215978311067,0.0004889258445026735,,,1.8055937170760594e-10,0.00017990668852092156,MW,4023.447048471441,-1.069147089517291,18.849,0.019,18.649,0.008,18.424,0.008,18.367,0.009,18.385,0.02,Surveyphotometry.dat crossmatch,99.999,99.999,17.396,0.028,16.65,0.02,16.373,0.034,Surveyphotometry.dat crossmatch,14.954,0.031,13.804,0.035,10.977,0.108,99.999,99.999,Surveyphotometry.dat crossmatch
spec-2784-54529-0292.fits,SDSS J135600.02+222232.4,209.00011298705917,22.375665527024072,1.250714370884328e+18,18.655105590820312,QSO,QSO,xPCA,4995.856828024405,1.292146559174675,0.00025568912667020256,,,0.030541245344976882,0.00336315505439665,SMC,8041.973389718004,-1.2227955325290276,19.211,0.026,19.18,0.01,18.849,0.01,18.855,0.012,19.065,0.03,Surveyphotometry.dat crossmatch,99.999,99.999,99.999,9.999,17.257,0.033,16.702,0.044,Surveyphotometry.dat crossmatch,15.005,0.032,13.836,0.036,10.666,0.081,99.999,99.999,Surveyphotometry.dat crossmatch
spec-6002-56104-0333.fits,SDSS J134143.80+244144.0,205.432535559677,24.69557194986122,1.444344037892156e+18,18.8107967376709,QSO,QSO,xPCA,5235.566805794467,1.9040358671628501,0.00017930997146271594,,,0.053753490684786784,0.001316857335413063,SMC,6068.404415868683,-1.07011973152517,19.278,0.028,19.409,0.011,19.347,0.013,19.028,0.014,18.913,0.04,Surveyphotometry.dat crossmatch,99.999,99.999,17.969,0.036,17.644,0.054,17.123,0.057,Surveyphotometry.dat crossmatch,16.124,0.053,14.985,0.066,11.565,0.165,9.158,0.45,Surveyphotometry.dat crossmatch
spec-2241-54156-0573.fits,spec-2241-54156-0573,195.36312299177936,27.999199473302934,1.460797718302461e+18,18.369098663330078,GALAXY,GALAXY-PASS,xPCA,5076.2855627207655,0.025533850506894273,1.2632433005936645e-05,,,2.4414128873196295,0.0034937908671155427,SMC,558082.8107481314,-1.089872513598742,18.253,0.018,16.39,0.003,15.599,0.003,15.187,0.003,14.847,0.0,Surveyphotometry.dat crossmatch,99.999,99.999,14.401,0.003,13.739,0.003,13.407,0.003,Surveyphotometry.dat crossmatch,12.646,0.024,12.646,0.025,11.823,0.293,99.999,99.999,Surveyphotometry.dat crossmatch
spec-2115-53535-0366.fits,SDSS J134734.02+260952.0,206.8917443330872,26.164437604375877,1.4512941883306214e+18,18.79483985900879,QSO,QSO-MIDZ,xPCA,3502.6398116457194,1.4412094620205924,0.00040093344018457295,,,3.0135718817299664e-10,9.983318794432641e-05,LMC,4939.807853640334,-1.068708226746394,18.797,0.019,18.777,0.008,18.634,0.009,18.505,0.01,18.636,0.03,Surveyphotometry.dat crossmatch,99.999,99.999,17.657,0.034,17.017,0.038,16.648,0.052,Surveyphotometry.dat crossmatch,15.29,0.034,13.929,0.034,11.066,0.098,9.168,0.427,Surveyphotometry.dat crossmatch
spec-6009-56313-0498.fits,SDSS J135344.91+274734.5,208.43715018602109,27.792945039551025,1.4518884743655286e+18,18.074953079223633,QSO,QSO,xPCA,19270.197834811774,2.374395076018898,0.0006911947652603725,,,0.2291103173402774,0.001966156735255256,LMC,63160.36146996714,-1.271553723537504,19.05,0.022,18.486,0.007,18.182,0.007,18.085,0.008,17.904,0.02,Surveyphotometry.dat crossmatch,99.999,99.999,16.985,0.018,16.325,0.021,15.644,0.018,Surveyphotometry.dat crossmatch,14.914,0.032,14.088,0.036,10.62,0.066,8.797,0.328,Surveyphotometry.dat crossmatch
spec-2117-54115-0291.fits,SDSS J135156.95+315740.9,207.9873025024452,31.961368405585763,1.457416032852412e+18,18.041900634765625,QSO,QSO-MIDZ,xPCA,7561.063748052489,0.9698836483336473,0.0004247300983799151,,,7.635222933500413e-10,0.00014760831861087163,MW,9308.823255188867,-1.1413279919684955,18.772,0.018,18.502,0.007,18.305,0.008,18.399,0.01,18.399,0.02,Surveyphotometry.dat crossmatch,99.999,99.999,16.877,0.016,16.73,0.034,15.866,0.023,Surveyphotometry.dat crossmatch,14.439,0.029,13.285,0.028,10.298,0.058,7.915,0.187,Surveyphotometry.dat crossmatch
spec-1994-53845-0350.fits,SDSS J124953.00+324824.1,192.4708803213061,32.8067004754721,1.5141029997931556e+18,18.852996826171875,QSO,QSO-MIDZ,xPCA,3979.966642181784,1.2858619578225676,0.0004503327186659001,,,0.057030133641031766,0.005259753854198444,MW,4257.407283003943,-1.4183978624479174,19.375,0.028,19.343,0.012,19.033,0.012,18.957,0.016,19.119,0.05,Surveyphotometry.dat crossmatch,99.999,99.999,18.035,0.041,17.285,0.056,16.868,0.06,Surveyphotometry.dat crossmatch,99.999,99.999,99.999,99.999,99.999,99.999,99.999,99.999,Surveyphotometry.dat crossmatch
spec-2028-53818-0549.fits,SDSS J134931.30+345526.0,207.38042275001115,34.923873556153644,1.4710349575341699e+18,18.47895050048828,QSO,QSO-MIDZ,xPCA,5118.190689045358,0.4728211089876879,0.00012184417073249587,,,1.1288433485071527,0.004793426747861429,SMC,8219.572018970659,-1.6704758070244492,19.247,0.023,18.778,0.008,18.368,0.008,18.042,0.008,17.881,0.02,Surveyphotometry.dat crossmatch,99.999,99.999,17.003,0.024,16.237,0.026,15.204,0.014,Surveyphotometry.dat crossmatch,13.662,0.025,12.585,0.023,9.77,0.042,7.168,0.106,Surveyphotometry.dat crossmatch
spec-2648-54485-0413.fits,SDSS J124419.64+232937.8,191.08188259063525,23.49383048898229,3.956289165998463e+18,17.879392623901367,QSO,,Composite model - SMC,19430.277172526847,1.6231431209234977,4.083804650967249e-05,0.0509439884665345,0.0013960877864514255,0.0509439884665345,0.0013960877864514255,SMC,19430.277172526847,-1.060297750042392,18.298,0.015,18.089,0.006,17.972,0.006,17.713,0.007,17.647,0.01,Surveyphotometry.dat crossmatch,99.999,99.999,16.702,0.019,16.102,0.02,15.853,0.026,Surveyphotometry.dat crossmatch,14.658,0.03,13.242,0.029,10.051,0.057,7.763,0.18,Surveyphotometry.dat crossmatch
spec-2649-54212-0516.fits,SDSS J125547.83+222346.1,193.94931363105863,22.39615336109408,3.9564340910789873e+18,18.75027847290039,QSO,QSO-MIDZ,xPCA,4036.0190521793775,1.3742794871404749,0.0006460809925630049,,,0.23527864967818107,0.003745699269330771,SMC,4119.275625835269,-1.1675413971970832,20.064,0.045,19.596,0.014,19.087,0.011,18.913,0.014,18.914,0.04,Surveyphotometry.dat crossmatch,99.999,99.999,17.931,0.039,17.18,0.033,16.73,0.045,Surveyphotometry.dat crossmatch,15.332,0.034,14.09,0.037,11.42,0.172,99.999,99.999,Surveyphotometry.dat crossmatch
spec-2020-53431-0614.fits,SDSS J124307.85+345943.0,190.78277261523843,34.99528202977254,1.515412694235769e+18,17.340965270996094,QSO,QSO-MIDZ,xPCA,9944.166540438899,0.5338044731496825,0.00011161285216569379,,,2.932203091443597e-12,6.309366216527667e-06,MW,73441.94283255981,-1.2753972628563521,17.603,0.011,17.363,0.005,17.499,0.006,17.411,0.006,17.448,0.01,Surveyphotometry.dat crossmatch,99.999,99.999,16.425,0.013,15.771,0.017,14.899,0.011,Surveyphotometry.dat crossmatch,13.311,0.024,12.263,0.023,9.958,0.051,7.654,0.142,Surveyphotometry.dat crossmatch
spec-2023-53851-0044.fits,SDSS J132101.41+340657.9,200.25590087291468,34.11609100610664,1.4728975989512837e+18,18.244781494140625,QSO,QSO,xPCA,4615.376220356344,0.3344121880392785,4.0745992460540145e-05,,,0.5551760590566107,0.009454412969536807,LMC,5480.6482821913305,-1.8165629862429633,19.012,0.022,18.849,0.008,18.583,0.009,18.551,0.01,18.043,0.02,Surveyphotometry.dat crossmatch,99.999,99.999,17.058,0.028,16.302,0.021,15.279,0.015,Surveyphotometry.dat crossmatch,14.013,0.026,13.155,0.026,10.674,0.066,8.325,0.213,Surveyphotometry.dat crossmatch
spec-2783-54524-0165.fits,SDSS J135237.95+225637.7,208.1581359300512,22.9438316941749,1.2515517177084984e+18,18.950483322143555,QSO,QSO-MIDZ,xPCA,3949.880102982327,0.6991432712824783,0.0002466086423252435,,,3.566320472985808e-10,4.240227905116911e-05,LMC,7432.208641978774,-1.2111376911371006,19.261,0.026,18.914,0.009,18.875,0.01,18.937,0.012,18.805,0.03,Surveyphotometry.dat crossmatch,99.999,99.999,18.022,0.041,17.284,0.03,16.425,0.032,Surveyphotometry.dat crossmatch,15.151,0.035,14.183,0.042,11.636,0.168,99.999,99.999,Surveyphotometry.dat crossmatch
spec-2024-53503-0366.fits,spec-2024-53503-0366,206.14641151376895,32.36388130966607,1.458332166557142e+18,18.869022369384766,QSO,QSO,xPCA,4887.279888053639,0.26162416841343394,3.327736243990475e-05,,,0.6398197879550876,0.00011822030006869433,SMC,7336.930665033279,-1.8448862018277938,19.129,0.024,18.752,0.008,18.405,0.008,18.274,0.01,17.959,0.02,Surveyphotometry.dat crossmatch,99.999,99.999,17.164,0.023,16.367,0.025,15.418,0.016,Surveyphotometry.dat crossmatch,14.088,0.026,12.983,0.026,9.97,0.047,7.78,0.168,Surveyphotometry.dat crossmatch
spec-5999-56089-0856.fits,spec-5999-56089-0856,203.96223082598544,26.298515605244585,1.448484974777256e+18,17.597780227661133,QSO,QSO,xPCA,12974.825264889329,1.6575675537920682,0.00013456491941746409,,,3.827563483174701e-11,4.557774872741279e-06,SMC,30350.752128176642,-1.1197965404387464,18.327,0.017,18.279,0.007,18.146,0.007,17.838,0.007,17.802,0.02,Surveyphotometry.dat crossmatch,99.999,99.999,16.527,0.013,15.899,0.014,99.999,99.999,Surveyphotometry.dat crossmatch,14.712,0.031,13.57,0.031,10.544,0.078,8.28,0.202,Surveyphotometry.dat crossmatch
spec-2661-54505-0349.fits,SDSS J124702.26+254850.7,191.75944539354276,25.814068792305964,3.9611360494758523e+18,18.413206100463867,QSO,QSO-MIDZ,xPCA,4499.952500486259,0.553567044284083,0.00014736685882800146,,,0.32751808048462316,0.0051255852255314704,MW,4756.43856771045,-1.5945371485215234,18.598,0.018,18.368,0.007,18.438,0.008,18.321,0.009,18.478,0.02,Surveyphotometry.dat crossmatch,99.999,99.999,17.336,0.022,16.762,0.024,15.792,0.02,Surveyphotometry.dat crossmatch,14.244,0.029,13.043,0.027,10.205,0.062,7.792,0.144,Surveyphotometry.dat crossmatch
spec-3856-55269-0010.fits,spec-3856-55269-0010,207.98733252422116,33.217391824937195,1.4586281413438223e+18,18.883407592773438,QSO,QSO-MIDZ,xPCA,7098.944563179509,0.7976701206229024,0.0002242210164603022,,,0.12819995381677496,0.002793250794644847,MW,8972.791660292402,-1.2377870794817705,20.185,0.058,19.684,0.016,19.572,0.02,19.044,0.018,18.429,0.03,Surveyphotometry.dat crossmatch,99.999,99.999,17.768,0.036,17.338,0.038,16.41,0.036,Surveyphotometry.dat crossmatch,14.56,0.029,13.85,0.035,11.088,0.122,8.582,0.347,Surveyphotometry.dat crossmatch
spec-5985-56089-0928.fits,SDSS J124232.29+220255.0,190.6345117327264,22.048608028115325,3.9554860414743204e+18,17.850671768188477,QSO,QSO,xPCA,18996.026479172793,1.8950049407041738,0.00010582976711962007,,,0.07574447828712697,0.0010235827982195134,SMC,24815.218050336436,-1.1914207691744363,18.299,0.015,18.4,0.007,18.277,0.008,17.874,0.007,17.876,0.01,Surveyphotometry.dat crossmatch,99.999,99.999,99.999,99.999,99.999,99.999,99.999,99.999,Surveyphotometry.dat crossmatch,14.729,0.032,13.67,0.034,10.497,0.075,8.381,0.278,Surveyphotometry.dat crossmatch
spec-6484-56358-0350.fits,SDSS J125659.48+301439.0,194.2478323525268,30.244189886401628,1.4653679715253123e+18,18.731971740722656,QSO,QSO,xPCA,70627.48106084098,2.8829396932944245,0.00026934844205613143,,,0.2626564753905271,0.0011555210052621723,SMC,113342.60598496957,-2.119034806421069,21.001,0.083,19.221,0.011,18.84,0.01,18.622,0.012,18.532,0.03,Surveyphotometry.dat crossmatch,99.999,99.999,17.246,0.022,16.644,0.024,16.147,0.028,Surveyphotometry.dat crossmatch,15.334,0.039,14.329,0.045,10.366,0.072,8.034,0.226,Surveyphotometry.dat crossmatch
spec-5987-56339-0658.fits,SDSS J124816.27+264712.2,192.06780591556063,26.78674595484716,3.9617634239386967e+18,18.006711959838867,QSO,QSO,xPCA,6571.464992694964,1.8559460554149165,0.00015169889618775673,,,1.2073136002217766e-11,2.83727112726227e-05,LMC,10273.578392052505,-1.0308652648979428,18.063,0.013,18.119,0.006,18.16,0.007,17.866,0.008,17.849,0.02,Surveyphotometry.dat crossmatch,99.999,99.999,17.218,0.022,16.912,0.035,16.276,0.033,Surveyphotometry.dat crossmatch,15.129,0.034,13.781,0.035,10.645,0.092,8.142,0.257,Surveyphotometry.dat crossmatch
spec-2929-54616-0474.fits,SDSS J134538.44+284935.7,206.41019913719967,28.826617715812112,1.4548688080092163e+18,18.311616897583008,QSO,QSO,xPCA,7623.892478911406,0.4544205425860117,2.4594330190764713e-05,,,1.3578006753876075,0.00249530954804289,LMC,8098.7786831049625,-1.5223138894540824,19.537,0.034,18.699,0.008,18.251,0.008,17.898,0.008,17.686,0.01,Surveyphotometry.dat crossmatch,99.999,99.999,16.685,0.018,15.925,0.014,14.967,0.012,Surveyphotometry.dat crossmatch,13.534,0.026,12.372,0.023,9.544,0.034,7.047,0.103,Surveyphotometry.dat crossmatch
spec-2662-54505-0157.fits,SDSS J130231.23+242256.9,195.63015207149857,24.382491119910924,3.9570974444842465e+18,18.148239135742188,QSO,QSO-MIDZ,xPCA,4123.825748479487,0.8494815361595411,0.0002838831555112361,,,0.002439581124134258,0.003252235129472967,MW,5311.745774760469,-1.1024807558828469,18.878,0.021,18.587,0.008,18.513,0.009,18.661,0.011,18.544,0.03,Surveyphotometry.dat crossmatch,99.999,99.999,17.233,0.024,17.143,0.04,16.387,0.034,Surveyphotometry.dat crossmatch,14.94,0.032,13.837,0.036,11.581,0.289,99.999,99.999,Surveyphotometry.dat crossmatch
spec-2093-53818-0047.fits,SDSS J131600.10+320425.3,199.00046050538933,32.07371403001042,1.4635290383289144e+18,18.6170711517334,QSO,QSO,xPCA,3462.7986081736262,1.4921633878710507,0.0002908204902835283,,,8.865234759399682e-09,0.00034294688770853456,MW,3900.77828403253,-1.1366744944817184,19.199,0.025,19.002,0.009,18.778,0.01,18.526,0.01,18.603,0.03,Surveyphotometry.dat crossmatch,99.999,99.999,17.682,0.025,17.088,0.027,16.844,0.043,Surveyphotometry.dat crossmatch,15.513,0.036,14.119,0.036,10.911,0.085,8.612,0.246,Surveyphotometry.dat crossmatch
spec-2109-53468-0595.fits,SDSS J133958.91+323747.1,204.99547887864017,32.62975451518511,1.4689160611884943e+18,18.640865325927734,QSO,QSO,xPCA,4096.3278816783395,1.813318681022242,0.0002569866942437688,,,0.06382217073277989,0.00274475233898739,SMC,4876.5844060223,-1.4117935443249494,18.741,0.018,18.776,0.008,18.742,0.01,18.423,0.01,18.333,0.02,Surveyphotometry.dat crossmatch,99.999,99.999,17.443,0.029,16.997,0.046,16.399,0.041,Surveyphotometry.dat crossmatch,15.548,0.04,14.579,0.051,11.416,0.163,99.999,99.999,Surveyphotometry.dat crossmatch
spec-6003-56311-0182.fits,SDSS J134009.40+271839.0,205.0391996535745,27.31083063748406,1.4486610985003034e+18,18.964855194091797,QSO,,Composite model - LMC,7700.806649781051,0.32666250980560574,3.019918756694273e-05,0.630058473237471,0.00416356602318696,0.630058473237471,0.00416356602318696,LMC,7700.806649781051,-1.4712841904236635,19.031,0.024,18.737,0.01,18.458,0.009,18.415,0.011,17.939,0.02,Surveyphotometry.dat crossmatch,99.999,99.999,17.329,0.032,16.447,0.027,15.359,0.018,Surveyphotometry.dat crossmatch,99.999,99.999,99.999,99.999,99.999,99.999,99.999,99.999,Surveyphotometry.dat crossmatch
spec-2002-53471-0295.fits,spec-2002-53471-0295,198.82909092892157,28.473157553262823,1.4617318221493517e+18,18.793930053710938,GALAXY,GALAXY-PASS,xPCA,4391.460367397207,0.03566449528404415,1.5415352419453812e-05,,,2.2818407498525404,0.004472977013031398,MW,444941.7641829001,-1.0646871548729435,18.094,0.022,16.386,0.004,15.567,0.003,15.183,0.003,14.877,0.0,Surveyphotometry.dat crossmatch,99.999,99.999,14.875,0.003,14.173,0.004,13.86,0.004,Surveyphotometry.dat crossmatch,12.937,0.024,12.973,0.028,12.198,0.36,99.999,99.999,Surveyphotometry.dat crossmatch
spec-6491-56337-0316.fits,SDSS J133338.70+292631.3,203.41129100788925,29.44200485734255,1.4558849586142198e+18,18.007965087890625,QSO,QSO,xPCA,6176.319098825182,1.825595563471973,0.0002612685617632657,,,0.218074510607547,0.0022112927918086916,LMC,8797.587953401071,-0.9978530641462886,18.508,0.016,18.507,0.008,18.44,0.008,18.053,0.009,18.039,0.02,Surveyphotometry.dat crossmatch,99.999,99.999,17.178,0.022,16.872,0.03,16.274,0.03,Surveyphotometry.dat crossmatch,15.183,0.036,13.945,0.037,10.807,0.104,99.999,99.999,Surveyphotometry.dat crossmatch
spec-2244-53795-0288.fits,SDSS J132119.52+252717.5,200.33137922785863,25.454855036524943,1.4474903934945375e+18,18.465187072753906,QSO,QSO,xPCA,4124.145225560529,0.7726785923610318,0.00012379989808994677,,,0.13686736676580416,0.006748770452272068,SMC,4449.443991442488,-1.57735032857137,19.547,0.03,19.131,0.01,18.994,0.011,18.937,0.014,18.686,0.03,Surveyphotometry.dat crossmatch,99.999,99.999,17.395,0.027,17.123,0.036,16.386,0.034,Surveyphotometry.dat crossmatch,14.841,0.033,13.609,0.033,10.571,0.086,8.56,0.3,Surveyphotometry.dat crossmatch
spec-6486-56328-0021.fits,SDSS J131957.70+283311.1,199.99041204980605,28.553072355663865,1.461637298508264e+18,17.433940887451172,BAL_QSO,GALAXY,xPCA,531020.1498615859,1.9887803351034115,3.555816040662278e-05,,,0.7225041053015074,0.0006783404586264141,SMC,871775.3566194343,-2.3773895704363004,18.966,0.02,18.39,0.007,17.578,0.006,17.206,0.006,16.773,0.0,Surveyphotometry.dat crossmatch,99.999,99.999,15.684,0.006,14.979,0.006,14.352,0.007,Surveyphotometry.dat crossmatch,13.669,0.025,12.822,0.025,9.749,0.042,7.71,0.142,Surveyphotometry.dat crossmatch
spec-2242-54153-0248.fits,SDSS J130413.10+261842.4,196.05458799224533,26.31176766585981,1.4595750957312614e+18,18.162181854248047,QSO,QSO,xPCA,4216.683202943364,1.5737544731450468,0.00027813725032590835,,,8.955505336871034e-12,1.7814425858382198e-05,SMC,9053.79984203451,-1.0036207116853466,18.292,0.014,18.118,0.006,18.146,0.007,17.997,0.008,18.128,0.02,Surveyphotometry.dat crossmatch,99.999,99.999,17.146,0.016,16.561,0.017,16.233,0.026,Surveyphotometry.dat crossmatch,14.904,0.03,13.478,0.03,10.54,0.085,7.855,0.167,Surveyphotometry.dat crossmatch
spec-2002-53471-0003.fits,spec-2002-53471-0003,201.09160601063388,28.043983935747715,1.4495625992509908e+18,18.25229263305664,QSO,QSO,xPCA,7123.043871189104,0.12421661624136826,2.7642791677417043e-05,,,1.670489934793281,0.004919344392007807,SMC,43485.84403435775,-1.8489374905609621,18.041,0.016,17.558,0.006,16.936,0.005,16.425,0.005,16.248,0.01,Surveyphotometry.dat crossmatch,99.999,99.999,15.701,0.007,14.935,0.007,14.189,0.006,Surveyphotometry.dat crossmatch,13.247,0.024,12.552,0.023,10.341,0.076,8.205,0.219,Surveyphotometry.dat crossmatch
spec-1987-53765-0230.fits,SDSS J124629.64+334236.6,191.62353789884725,33.710168833203674,1.5149635738002442e+18,18.943960189819336,QSO,QSO,xPCA,3918.9453745468863,1.553107901628042,0.000415841323946749,,,0.24733254147822692,0.0052982907303339155,SMC,4118.71208997203,-1.3380459233361681,19.987,0.038,19.645,0.013,19.339,0.013,19.042,0.014,19.013,0.04,Surveyphotometry.dat crossmatch,99.999,99.999,17.818,0.054,17.093,0.045,16.798,0.062,Surveyphotometry.dat crossmatch,15.671,0.043,14.451,0.047,11.496,0.19,99.999,99.999,Surveyphotometry.dat crossmatch
spec-1978-53473-0095.fits,SDSS J133330.77+275306.1,203.3782250595357,27.88502913393769,1.4489820571117765e+18,18.571887969970703,QSO,QSO-MIDZ,xPCA,3572.2550666388806,0.8746059882371908,0.00030493001604157906,,,0.05166392707255366,0.005245417002297369,MW,3934.510082515544,-1.468386935741297,18.962,0.024,18.701,0.008,18.56,0.009,18.597,0.012,18.528,0.03,Surveyphotometry.dat crossmatch,99.999,99.999,17.003,0.016,16.804,0.025,15.966,0.021,Surveyphotometry.dat crossmatch,14.248,0.026,13.106,0.027,10.577,0.082,8.273,0.232,Surveyphotometry.dat crossmatch
spec-2093-53818-0163.fits,SDSS J131413.60+324621.9,198.5566535208911,32.77274428866674,1.4667159727815263e+18,18.60100555419922,QSO,QSO,xPCA,12638.695029827582,2.258703898145998,0.0004907485696266921,,,0.6860478807764739,0.003174913792291012,SMC,19815.759003474952,-1.9325336895462872,20.482,0.068,19.539,0.013,18.801,0.01,18.443,0.012,18.109,0.02,Surveyphotometry.dat crossmatch,99.999,99.999,16.882,0.018,16.117,0.016,15.125,0.012,Surveyphotometry.dat crossmatch,14.599,0.029,13.731,0.032,10.762,0.076,8.308,0.193,Surveyphotometry.dat crossmatch
spec-2661-54505-0471.fits,SDSS J125128.69+253016.1,192.86953322587237,25.504483702767605,3.9580753527017774e+18,18.870439529418945,QSO,QSO,xPCA,5633.7258380714065,2.273901120470006,0.0002226366078699616,,,1.2637068832772186e-09,0.001646904244767649,MW,7316.894924809198,-1.3334004665620298,19.572,0.027,19.018,0.009,19.12,0.011,19.044,0.015,18.815,0.03,Surveyphotometry.dat crossmatch,99.999,99.999,18.245,0.066,17.673,0.062,16.795,0.051,Surveyphotometry.dat crossmatch,16.082,0.055,15.144,0.081,11.234,0.142,9.04,0.505,Surveyphotometry.dat crossmatch
spec-2029-53819-0257.fits,SDSS J130212.30+304120.7,195.55130146247043,30.689097079758664,1.4647134915262364e+18,18.156230926513672,QSO,QSO-MIDZ,xPCA,4020.795007714826,0.89884711903526,0.00022235725580937071,,,3.2961833729052564e-10,6.561323305264458e-05,SMC,6910.51132902048,-1.0697326533518117,18.213,0.015,18.029,0.006,17.89,0.006,17.995,0.008,17.878,0.02,Surveyphotometry.dat crossmatch,99.999,99.999,16.93,0.016,16.794,0.025,15.921,0.024,Surveyphotometry.dat crossmatch,14.235,0.028,12.981,0.026,10.165,0.056,8.034,0.179,Surveyphotometry.dat crossmatch
spec-2116-53854-0569.fits,SDSS J135704.01+304843.3,209.2667123052436,30.812021946764123,1.4540580513246915e+18,18.868995666503906,QSO,QSO,xPCA,4889.7677499577385,2.282435095357546,0.000535893139475198,,,0.1724106756772304,0.0052135188295956425,LMC,8329.364737211043,-1.1604817098130744,19.488,0.029,19.033,0.01,18.978,0.011,18.997,0.014,18.851,0.03,Surveyphotometry.dat crossmatch,99.999,99.999,18.134,0.045,17.593,0.067,16.813,0.053,Surveyphotometry.dat crossmatch,16.038,0.047,14.886,0.058,11.351,0.138,8.505,0.26,Surveyphotometry.dat crossmatch
spec-2119-53792-0179.fits,SDSS J135711.25+250000.4,209.2968708928266,25.000093220870017,1.2580762197070904e+18,18.077791213989258,QSO,QSO,xPCA,4424.798049150241,1.9882023296991131,0.0005664852523295603,,,0.045804728730165625,0.0023950360321611137,SMC,6265.05179421561,-1.0230559881749188,18.764,0.021,18.715,0.008,18.604,0.009,18.465,0.01,18.252,0.02,Surveyphotometry.dat crossmatch,99.999,99.999,17.76,0.036,17.451,0.059,16.735,0.055,Surveyphotometry.dat crossmatch,15.678,0.043,14.424,0.048,11.139,0.121,99.999,99.999,Surveyphotometry.dat crossmatch
sdssJ125950+235634_combined.dat,sdssJ125950+235634_combined,194.9590226139218,23.94294874913153,3.957065077611264e+18,18.755840301513672,QSO,QSO-MIDZ,xPCA,207.00385900684242,1.7754745501237414,0.003000768885057425,,,0.47998565832188506,0.03443445773243142,SMC,458.6791607279819,-2.3733113139248174,20.479,0.054,19.203,0.01,18.723,0.009,18.562,0.01,18.502,0.02,Surveyphotometry.dat crossmatch,99.999,99.999,17.61,0.028,17.223,0.039,17.135,0.056,Surveyphotometry.dat crossmatch,16.998,0.103,99.999,99.999,99.999,99.999,99.999,99.999,Surveyphotometry.dat crossmatch
spec-3983-55603-0448.fits,SDSS J132415.50+351650.8,201.06459040004745,35.28079900850828,1.4733542098110784e+18,18.888275146484375,BAL_QSO,QSO,xPCA,159737.65655015447,3.615732645557843,0.0003353699177528324,,,0.5142350835837202,0.0011665119507461297,SMC,214117.58097239197,-8.352179354939187,25.749,0.437,19.752,0.014,18.576,0.008,18.419,0.01,18.311,0.02,Surveyphotometry.dat crossmatch,99.999,99.999,17.396,0.026,16.883,0.042,16.332,0.052,Surveyphotometry.dat crossmatch,15.379,0.035,14.71,0.049,11.038,0.089,8.508,0.2,Surveyphotometry.dat crossmatch
spec-5988-56072-0632.fits,SDSS J124620.00+223500.3,191.58337723383409,22.583408779034187,3.9558923410843576e+18,18.614234924316406,QSO,QSO,xPCA,16608.796238913754,2.4706813010810453,0.0003588200865411974,,,0.13630095506127196,0.001640198621441824,LMC,38340.37801177947,-1.2058423057394032,19.327,0.027,18.718,0.008,18.576,0.009,18.586,0.01,18.353,0.02,Surveyphotometry.dat crossmatch,99.999,99.999,17.89,0.036,17.447,0.038,16.651,0.041,Surveyphotometry.dat crossmatch,16.011,0.053,14.823,0.066,10.981,0.111,8.222,0.251,Surveyphotometry.dat crossmatch
spec-2116-53854-0501.fits,SDSS J135534.37+302120.2,208.89322651682167,30.355633406576835,1.4539383462920177e+18,18.81075096130371,QSO,QSO-MIDZ,xPCA,12448.865930776306,1.9323108004978184,0.00038672629721066314,,,0.2847810465363817,0.005382858087085607,LMC,13108.42464681361,-1.783810522279269,19.147,0.025,18.901,0.009,18.872,0.011,18.556,0.012,18.523,0.04,Surveyphotometry.dat crossmatch,99.999,99.999,17.886,0.038,17.433,0.061,16.74,0.051,Surveyphotometry.dat crossmatch,15.709,0.042,14.537,0.047,11.183,0.113,8.977,0.388,Surveyphotometry.dat crossmatch
spec-2666-54230-0035.fits,SDSS J134645.51+231137.0,206.6896355390709,23.193631170043936,1.2514358953255332e+18,18.657840728759766,QSO,QSO,xPCA,14577.365018216324,0.4110746830864389,2.4361582227274005e-05,,,2.146044094849966,0.007206336320252582,SMC,24544.831484955714,-2.9447754602493057,19.91,0.039,19.359,0.011,18.583,0.009,18.099,0.008,17.476,0.01,Surveyphotometry.dat crossmatch,99.999,99.999,16.712,0.014,16.095,0.017,15.379,0.015,Surveyphotometry.dat crossmatch,14.039,0.025,12.95,0.026,9.529,0.037,7.269,0.095,Surveyphotometry.dat crossmatch
spec-6485-56342-0172.fits,SDSS J125417.93+312537.6,193.57474161767087,31.42711871383496,1.4656967985173724e+18,17.92383575439453,QSO,QSO,xPCA,14635.692063451837,1.5597054905391396,0.00017137400338408583,,,3.482923584957609e-13,8.877218305312673e-06,LMC,24420.487988840745,-1.0129781237884656,18.282,0.015,18.045,0.006,17.978,0.007,17.78,0.007,17.843,0.02,Surveyphotometry.dat crossmatch,99.999,99.999,16.777,0.014,16.202,0.025,15.9,0.024,Surveyphotometry.dat crossmatch,14.586,0.028,13.029,0.027,9.907,0.047,7.866,0.15,Surveyphotometry.dat crossmatch
spec-2116-53854-0277.fits,SDSS J135024.52+294753.4,207.60216341708195,29.798207341863527,1.4553838218298076e+18,18.954402923583984,QSO,QSO,xPCA,4789.493385123671,2.2290208183731224,0.00031642965374661285,,,0.08651022978768465,0.005958085032769456,LMC,5146.889279062188,-1.6169142715698606,19.43,0.03,18.873,0.009,18.867,0.011,18.444,0.011,18.17,0.03,Surveyphotometry.dat crossmatch,99.999,99.999,17.795,0.045,17.227,0.044,16.444,0.042,Surveyphotometry.dat crossmatch,99.999,99.999,99.999,99.999,99.999,99.999,99.999,99.999,Surveyphotometry.dat crossmatch
spec-2648-54485-0032.fits,SDSS J124929.47+221719.3,192.37280247122615,22.28869743102234,3.955167900360654e+18,18.089096069335938,QSO,QSO,xPCA,4173.477742938294,1.1205572408716908,0.0002921473914499431,,,0.05324814568709485,0.003587724343870259,LMC,4799.47429519632,-1.112208079678391,18.343,0.014,18.217,0.006,18.035,0.007,18.054,0.008,18.104,0.02,Surveyphotometry.dat crossmatch,99.999,99.999,17.446,0.026,16.894,0.027,16.184,0.028,Surveyphotometry.dat crossmatch,14.722,0.031,13.378,0.03,10.213,0.057,7.421,0.11,Surveyphotometry.dat crossmatch
spec-3857-55272-0280.fits,SDSS J135904.92+342143.8,209.77051576032864,34.36217467366187,1.4820672510491832e+18,18.481657028198242,QSO,QSO,xPCA,92246.29419866139,2.957035987525828,0.0001483178939590889,,,0.25484482387723756,0.0014119889557500098,LMC,97057.5305456154,-1.703491041263393,20.11,0.038,18.813,0.008,18.657,0.009,18.527,0.01,18.454,0.02,Surveyphotometry.dat crossmatch,99.999,99.999,17.347,0.033,16.881,0.031,16.423,0.041,Surveyphotometry.dat crossmatch,15.285,0.037,14.383,0.043,10.743,0.088,8.416,0.296,Surveyphotometry.dat crossmatch
spec-2031-53848-0252.fits,SDSS J125443.50+351631.9,193.681233003651,35.27555958717382,1.5159888340330967e+18,18.412282943725586,QSO,QSO,xPCA,4244.514189110376,0.7173942321884328,7.280874770925218e-05,,,2.926417376654389e-10,3.809845134318773e-05,SMC,8785.61882937525,-1.3159040905559662,18.83,0.019,18.589,0.008,18.61,0.009,18.703,0.012,18.572,0.02,Surveyphotometry.dat crossmatch,99.999,99.999,17.782,0.043,17.091,0.058,16.158,0.031,Surveyphotometry.dat crossmatch,14.553,0.029,13.415,0.03,10.48,0.078,8.114,0.226,Surveyphotometry.dat crossmatch
spec-2665-54232-0036.fits,SDSS J133851.33+235618.5,204.7138863116493,23.93847123392463,1.4439184925327693e+18,18.550840377807617,QSO,QSO,xPCA,5492.130311140798,2.275192954503887,0.00040542547938695396,,,0.1267030696007688,0.002100116933793944,SMC,7052.663106447707,-1.1846732556201867,19.417,0.027,18.837,0.008,18.716,0.01,18.635,0.011,18.418,0.03,Surveyphotometry.dat crossmatch,99.999,99.999,17.489,0.024,17.046,0.033,16.298,0.029,Surveyphotometry.dat crossmatch,15.69,0.043,14.478,0.049,10.826,0.096,8.584,0.299,Surveyphotometry.dat crossmatch
spec-1994-53845-0283.fits,SDSS J124810.82+314222.2,192.0451093868552,31.706199020223284,1.5134693718575951e+18,18.7861385345459,QSO,QSO-MIDZ,xPCA,4968.109406770311,1.0213088087576878,0.0009101094664804866,,,2.1076890233118206e-15,2.9501822346775068e-05,MW,12860.859529970558,-1.3996473587709066,19.015,0.022,18.91,0.009,18.789,0.01,18.923,0.013,19.024,0.03,Surveyphotometry.dat crossmatch,99.999,99.999,18.345,0.064,17.877,0.12,16.973,0.066,Surveyphotometry.dat crossmatch,15.143,0.036,14.035,0.038,11.643,0.198,8.632,0.352,Surveyphotometry.dat crossmatch
spec-2244-53795-0259.fits,SDSS J132015.62+254019.8,200.06511172734767,25.672156319437285,1.4475560592498386e+18,17.84324073791504,QSO,QSO,xPCA,6975.341469773961,1.9032763422243342,0.0002935332188570968,,,7.477091862329033e-13,9.361188539927344e-06,SMC,13542.379609030308,-0.9999846065431097,17.754,0.011,17.758,0.006,17.778,0.006,17.593,0.007,17.516,0.01,Surveyphotometry.dat crossmatch,99.999,99.999,16.869,0.015,99.999,99.999,15.893,0.02,Surveyphotometry.dat crossmatch,14.789,0.032,13.528,0.03,10.386,0.073,8.127,0.206,Surveyphotometry.dat crossmatch
spec-2009-53857-0213.fits,SDSS J130650.28+290928.8,196.7095172908693,29.15801083122392,1.4613565407905738e+18,18.318622589111328,QSO,QSO-MIDZ,xPCA,3387.341885629208,1.3398606831645536,0.0003347521586584806,,,3.211664102525068e-10,7.259717645032436e-05,LMC,4737.832359594738,-1.074851619532896,18.71,0.019,18.696,0.008,18.49,0.009,18.445,0.01,18.531,0.03,Surveyphotometry.dat crossmatch,99.999,99.999,17.617,0.028,16.889,0.037,16.442,0.04,Surveyphotometry.dat crossmatch,15.179,0.034,13.836,0.033,10.692,0.072,8.286,0.199,Surveyphotometry.dat crossmatch
spec-6484-56358-0792.fits,SDSS J125859.62+311845.3,194.74844924396277,31.312601394179627,1.4655337916228562e+18,18.89861488342285,QSO,QSO,xPCA,4956.503635073084,1.9343383943456278,0.0002167789971653509,,,0.043063012469573524,0.0012050115828407953,SMC,6518.881356565628,-1.0045848620432314,19.038,0.023,19.076,0.01,19.016,0.012,18.803,0.013,18.694,0.03,Surveyphotometry.dat crossmatch,99.999,99.999,17.748,0.033,17.384,0.059,16.773,0.049,Surveyphotometry.dat crossmatch,15.749,0.044,14.512,0.051,10.935,0.103,8.44,0.258,Surveyphotometry.dat crossmatch
spec-2663-54234-0430.fits,SDSS J131038.01+251000.2,197.6584158393442,25.16670035337189,1.4471990572729964e+18,18.51584815979004,QSO,QSO,xPCA,4836.109658170722,1.7620927604507157,0.00021590391360933397,,,0.06712812062375213,0.004356514405175968,LMC,6716.587155591907,-1.3001257794582664,18.91,0.018,18.939,0.009,18.9,0.01,18.584,0.011,18.456,0.02,Surveyphotometry.dat crossmatch,99.999,99.999,17.36,0.023,16.906,0.027,16.373,0.03,Surveyphotometry.dat crossmatch,15.481,0.041,14.321,0.048,11.104,0.122,99.999,99.999,Surveyphotometry.dat crossmatch
spec-2009-53857-0069.fits,SDSS J131233.54+282146.5,198.13978269765516,28.36292270111058,1.4602818025339077e+18,18.51847267150879,QSO,QSO-MIDZ,xPCA,3584.409227614822,1.3200107647453714,0.0005760277764335391,,,0.1069945945999749,0.004113472736723078,SMC,4035.488501204677,-1.2249589634720464,19.037,0.021,18.831,0.009,18.524,0.008,18.372,0.01,18.307,0.02,Surveyphotometry.dat crossmatch,99.999,99.999,17.45,0.026,16.749,0.026,16.49,0.035,Surveyphotometry.dat crossmatch,15.824,0.052,14.966,0.072,12.412,0.523,99.999,99.999,Surveyphotometry.dat crossmatch
spec-2093-53818-0493.fits,SDSS J131555.29+332318.4,198.9803988905304,33.38845591431686,1.46676431693363e+18,18.542587280273438,QSO,QSO,xPCA,3773.940437882571,1.5833145895803682,0.0005008356515679638,,,0.004354958884463387,0.006850456701860314,MW,3977.892213946604,-1.1819696889704228,19.77,0.032,19.484,0.012,19.399,0.014,19.093,0.014,19.219,0.04,Surveyphotometry.dat crossmatch,99.999,99.999,18.055,0.048,17.297,0.043,16.853,0.054,Surveyphotometry.dat crossmatch,15.441,0.037,14.258,0.041,11.395,0.13,8.483,0.272,Surveyphotometry.dat crossmatch
spec-2650-54505-0513.fits,SDSS J130600.56+220826.7,196.5023440096463,22.1407997204742,3.9442316079551017e+18,18.868770599365234,QSO,QSO,xPCA,3970.535239541484,2.122851340516271,0.00043528066311746417,,,0.045410647047976434,0.002256183447693575,SMC,5464.353857143927,-1.2228712251699754,19.037,0.024,18.965,0.009,18.829,0.01,18.707,0.012,18.554,0.03,Surveyphotometry.dat crossmatch,99.999,99.999,17.594,0.025,17.033,0.029,99.999,9.999,Surveyphotometry.dat crossmatch,15.604,0.043,14.397,0.05,11.18,0.128,8.39,0.315,Surveyphotometry.dat crossmatch
spec-2002-53471-0418.fits,spec-2002-53471-0418,199.9847660348557,30.11898789885264,1.4623608802393943e+18,18.445415496826172,GALAXY,GALAXY-PASS,xPCA,5953.542904251344,0.023457940917127384,9.519825932856214e-06,,,3.0847616611292317,0.00310596800156282,MW,763300.3670519484,-0.9833612092731621,16.233,0.01,14.641,0.002,13.916,0.002,13.546,0.002,13.277,0.0,Surveyphotometry.dat crossmatch,99.999,99.999,14.175,0.002,13.522,0.002,13.197,0.003,Surveyphotometry.dat crossmatch,11.763,0.022,11.792,0.021,9.155,0.03,7.619,0.131,Surveyphotometry.dat crossmatch
spec-2650-54505-0494.fits,SDSS J130507.52+223644.1,196.28136361111825,22.61227387169395,3.9446828200388285e+18,18.10115623474121,QSO,QSO,xPCA,3688.161378249681,0.8403905729245851,0.00012202357464824237,,,0.16129785316256615,0.0031163811516279616,MW,5331.532595508251,-1.1133982259065685,18.649,0.018,18.336,0.007,18.223,0.007,18.248,0.009,18.061,0.02,Surveyphotometry.dat crossmatch,99.999,99.999,16.8,0.012,16.598,0.021,99.999,99.999,Surveyphotometry.dat crossmatch,14.032,0.027,12.857,0.027,10.073,0.052,7.954,0.182,Surveyphotometry.dat crossmatch
spec-2017-53474-0008.fits,SDSS J134542.89+272219.2,206.42872614031424,27.37200655140964,1.451628817822058e+18,18.88996124267578,QSO,QSO-MIDZ,xPCA,4690.32368477704,1.1877112494677093,0.00047286303646225207,,,2.6593187279545273e-09,0.0013387341404677594,MW,5311.676953544229,-1.3345496690371916,19.085,0.024,19.085,0.01,18.79,0.01,18.849,0.013,18.934,0.04,Surveyphotometry.dat crossmatch,99.999,99.999,18.074,0.051,17.491,0.075,16.791,0.054,Surveyphotometry.dat crossmatch,15.548,0.04,14.321,0.043,11.408,0.135,9.242,0.459,Surveyphotometry.dat crossmatch
spec-6492-56362-0046.fits,SDSS J133317.59+304912.8,203.3233013862678,30.820264921555907,1.4683165868333517e+18,17.66644287109375,QSO,QSO,xPCA,6164.085707818196,1.6374850098702454,0.0002384976454406248,,,0.22070704790790074,0.0011668545958388593,SMC,10501.456296404342,-1.02460756101919,18.417,0.016,18.085,0.006,17.853,0.006,17.593,0.007,17.6,0.01,Surveyphotometry.dat crossmatch,99.999,99.999,16.78,0.016,16.267,0.018,15.841,0.02,Surveyphotometry.dat crossmatch,14.588,0.03,13.223,0.028,10.139,0.052,8.285,0.229,Surveyphotometry.dat crossmatch
spec-2006-53476-0521.fits,SDSS J130213.41+345133.6,195.55589108031683,34.85934856164951,1.5160549808264983e+18,18.356422424316406,QSO,QSO-MIDZ,xPCA,3490.163763902427,1.4258561521083528,0.0003668573112265001,,,1.306515469813932e-10,5.75383961065899e-05,LMC,4886.353615391084,-1.2005467050138392,18.841,0.02,18.607,0.008,18.446,0.008,18.346,0.009,18.413,0.02,Surveyphotometry.dat crossmatch,99.999,99.999,17.64,0.033,16.961,0.037,16.685,0.056,Surveyphotometry.dat crossmatch,15.103,0.034,13.518,0.032,10.369,0.071,8.083,0.185,Surveyphotometry.dat crossmatch
spec-6489-56329-0822.fits,SDSS J132507.01+300835.1,201.27925151388067,30.143102002049584,1.4622184204680978e+18,18.991636276245117,QSO,QSO-MIDZ,xPCA,4506.748181429301,0.4815966931016349,0.00016665906212249206,,,0.13889228067926793,0.003220185798864905,SMC,6759.294652600558,-1.2845200617622359,20.131,0.054,19.664,0.015,19.458,0.017,19.146,0.02,18.91,0.05,Surveyphotometry.dat crossmatch,99.999,99.999,17.812,0.031,17.002,0.027,16.167,0.029,Surveyphotometry.dat crossmatch,14.845,0.03,13.952,0.035,11.159,0.128,8.698,0.323,Surveyphotometry.dat crossmatch
spec-2240-53823-0246.fits,SDSS J125302.24+262722.5,193.25935404355684,26.456244457291103,3.9585206549110554e+18,18.95819664001465,QSO,QSO-MIDZ,xPCA,4356.277191129298,1.2616935291484082,0.0006534800700114644,,,3.18556121693854e-11,0.00013014980572901842,LMC,4893.260240468028,-1.184003542439677,19.733,0.033,19.523,0.012,19.124,0.012,19.031,0.014,19.165,0.04,Surveyphotometry.dat crossmatch,99.999,99.999,17.989,0.037,17.299,0.034,16.633,0.042,Surveyphotometry.dat crossmatch,15.061,0.034,13.855,0.039,11.051,0.131,99.999,99.999,Surveyphotometry.dat crossmatch
spec-2011-53499-0047.fits,SDSS J130222.87+284411.3,195.59529374367864,28.736482161507887,1.461232746949484e+18,18.985605239868164,QSO,QSO,xPCA,6898.981322790754,2.549092321656603,0.0003144041973646819,,,0.10971397914119653,0.008133339792669503,MW,8105.380783670696,-1.1689245644319284,19.73,0.036,19.012,0.01,18.939,0.011,18.96,0.015,18.719,0.03,Surveyphotometry.dat crossmatch,99.999,99.999,17.763,0.03,17.247,0.045,16.497,0.034,Surveyphotometry.dat crossmatch,99.999,99.999,99.999,99.999,99.999,99.999,99.999,99.999,Surveyphotometry.dat crossmatch
spec-6488-56364-0038.fits,SDSS J130849.50+325201.2,197.20627507694863,32.86704022485778,1.4668640976132882e+18,18.674394607543945,QSO,QSO,xPCA,6201.022831825585,2.238563711048462,0.00027002607089972503,,,4.664701784562464e-12,0.00015140442569651697,MW,14664.018723954505,-1.0722878304104593,20.226,0.052,19.669,0.014,19.529,0.016,19.453,0.024,19.169,0.06,Surveyphotometry.dat crossmatch,99.999,99.999,18.068,0.05,17.73,0.066,17.05,0.062,Surveyphotometry.dat crossmatch,16.193,0.059,14.745,0.055,11.48,0.194,99.999,99.999,Surveyphotometry.dat crossmatch
spec-1978-53473-0623.fits,SDSS J133826.55+283637.7,204.61066261769963,28.61048173623087,1.454979240206232e+18,18.868043899536133,QSO,QSO,xPCA,4959.877011484299,1.5317852526782358,0.00038150883987974,,,3.075903247384826e-13,0.0001279307463476782,SMC,6682.095353238137,-1.8899231877204428,19.412,0.032,19.178,0.011,19.179,0.013,19.019,0.015,19.066,0.05,Surveyphotometry.dat crossmatch,99.999,99.999,18.314,0.075,17.691,0.056,17.216,0.074,Surveyphotometry.dat crossmatch,15.746,0.045,14.286,0.045,11.365,0.14,99.999,99.999,Surveyphotometry.dat crossmatch
spec-2118-53820-0353.fits,SDSS J135122.99+275327.6,207.84582454500853,27.891018222358728,1.4519315614768228e+18,18.217233657836914,QSO,QSO-MIDZ,xPCA,4440.480410840041,1.2294102832682419,0.0002784032884411346,,,1.9879148511776218e-10,2.2176102428552266e-05,LMC,9579.20320325815,-1.0228046850554313,18.346,0.015,18.261,0.007,18.141,0.007,18.188,0.009,18.275,0.02,Surveyphotometry.dat crossmatch,99.999,99.999,17.566,0.033,17.029,0.04,16.424,0.041,Surveyphotometry.dat crossmatch,14.907,0.03,13.437,0.028,10.491,0.065,8.063,0.168,Surveyphotometry.dat crossmatch
spec-5999-56089-0456.fits,SDSS J132909.87+244754.9,202.29116158146368,24.79860222678788,1.446423699712209e+18,17.41449546813965,QSO,QSO-MIDZ,xPCA,3613.687477895136,1.2386695907144172,0.00026760321306772416,,,0.2923988969727747,0.0015801397309684329,SMC,4702.903760066159,-1.0736974387259592,17.951,0.011,17.912,0.006,17.67,0.006,17.623,0.007,17.684,0.01,Surveyphotometry.dat crossmatch,99.999,99.999,16.983,0.017,16.231,0.023,15.769,0.023,Surveyphotometry.dat crossmatch,14.432,0.03,13.116,0.028,10.297,0.056,8.108,0.196,Surveyphotometry.dat crossmatch
spec-6000-56102-0748.fits,SDSS J132906.86+282023.9,202.27859156758444,28.33997050440805,1.4497269762397258e+18,18.74520492553711,QSO,QSO,xPCA,23904.18810837203,2.8136189477259315,0.00026422203031865123,,,0.11556898474109877,0.002003912842225175,LMC,40747.42624603189,-1.8283856132644078,20.551,0.056,19.46,0.012,19.326,0.014,19.277,0.02,19.255,0.04,Surveyphotometry.dat crossmatch,99.999,99.999,18.129,0.044,17.671,0.053,17.356,0.078,Surveyphotometry.dat crossmatch,16.34,0.065,15.413,0.091,11.576,0.184,9.048,0.482,Surveyphotometry.dat crossmatch
spec-2648-54485-0403.fits,SDSS J124310.72+234125.9,190.7946816437419,23.6905026312583,3.956249373125684e+18,17.595678329467773,QSO,QSO,xPCA,10138.17007535099,1.7835571738571454,0.00029530079762535614,,,0.3532043756548004,0.0012802881304549707,SMC,14522.992663447936,-1.0972397197353312,18.333,0.015,18.065,0.006,17.755,0.006,17.343,0.006,17.195,0.01,Surveyphotometry.dat crossmatch,99.999,99.999,16.223,0.009,15.794,0.013,15.175,0.014,Surveyphotometry.dat crossmatch,14.107,0.026,12.852,0.025,9.745,0.045,7.655,0.154,Surveyphotometry.dat crossmatch
spec-5989-56312-0382.fits,SDSS J125208.05+232218.8,193.03356961155103,23.371884097261564,3.956790745163217e+18,17.973876953125,QSO,QSO,xPCA,33638.14760826557,2.309475391641045,0.00017217925694304457,,,0.06358830804379088,0.0008166988289669136,SMC,41284.65712071469,-1.0768301794763875,18.686,0.018,18.13,0.006,18.094,0.007,18.075,0.008,17.858,0.01,Surveyphotometry.dat crossmatch,99.999,99.999,16.805,0.016,16.261,0.021,15.556,0.018,Surveyphotometry.dat crossmatch,15.015,0.032,14.033,0.039,10.508,0.079,8.22,0.217,Surveyphotometry.dat crossmatch
spec-2114-53848-0335.fits,SDSS J134756.55+283520.9,206.985652531011,28.589150712249975,1.4522197709627177e+18,18.806764602661133,QSO,QSO,xPCA,9789.855771531715,2.448082210016442,0.0007796296076672029,,,0.19385461507196883,0.0033028543452986725,LMC,23450.744976238293,-1.4043776538686517,19.349,0.029,18.771,0.008,18.637,0.009,18.654,0.011,18.533,0.03,Surveyphotometry.dat crossmatch,99.999,99.999,17.936,0.052,17.5,0.051,16.835,0.056,Surveyphotometry.dat crossmatch,16.175,0.053,14.883,0.06,11.572,0.189,8.609,0.317,Surveyphotometry.dat crossmatch
spec-2114-53848-0611.fits,SDSS J135226.34+282134.9,208.10980165245545,28.35972913462073,1.451980352305408e+18,17.916135787963867,QSO,QSO-MIDZ,xPCA,3900.4023244208947,1.0389846951025268,0.0002687536349487579,,,0.09450795278456987,0.0030394009412063674,SMC,4942.75035876184,-1.0866526803188568,18.739,0.02,18.449,0.007,18.159,0.007,18.154,0.009,18.147,0.02,Surveyphotometry.dat crossmatch,99.999,99.999,16.767,0.019,99.999,99.999,15.911,0.032,Surveyphotometry.dat crossmatch,14.928,0.031,13.848,0.032,11.112,0.096,8.395,0.236,Surveyphotometry.dat crossmatch
spec-2011-53499-0263.fits,spec-2011-53499-0263,194.23574353537268,28.62336996483897,1.463900746273791e+18,18.654001235961914,GALAXY,GALAXY-PASS,xPCA,5787.581379757996,0.021903766821485204,9.941593887694456e-06,,,2.327666625848849,0.003246223750669408,SMC,623802.8616578238,-1.1914016379886916,17.189,0.013,15.421,0.003,14.646,0.002,14.267,0.002,13.961,0.0,Surveyphotometry.dat crossmatch,99.999,99.999,14.538,0.003,13.904,0.003,13.578,0.004,Surveyphotometry.dat crossmatch,12.284,0.022,12.328,0.025,11.461,0.189,99.999,99.999,Surveyphotometry.dat crossmatch
spec-2110-53467-0606.fits,SDSS J133338.36+315428.3,203.4098535527193,31.90787256974954,1.4688126040166062e+18,18.8895206451416,QSO,QSO-MIDZ,xPCA,3825.337324007016,1.4694871705781727,0.0004591501451678407,,,1.3696284614805355e-09,5.639595672274843e-05,LMC,6094.304350939619,-1.1373873947524238,19.219,0.025,18.727,0.008,18.589,0.009,18.485,0.011,18.563,0.02,Surveyphotometry.dat crossmatch,99.999,99.999,17.514,0.03,16.945,0.026,16.408,0.032,Surveyphotometry.dat crossmatch,15.071,0.033,13.637,0.033,10.349,0.071,7.825,0.186,Surveyphotometry.dat crossmatch
spec-2011-53499-0515.fits,spec-2011-53499-0515,194.9106048098975,30.631090409372565,1.4647445484333194e+18,18.65510368347168,QSO,QSO-MIDZ,xPCA,6175.054767664666,0.16619184462200187,0.0001184631067928735,,,1.9162516904633058,0.005867028804102503,SMC,21672.28050822328,-1.979001997730714,17.637,0.02,17.294,0.006,16.574,0.005,16.112,0.005,15.849,0.01,Surveyphotometry.dat crossmatch,99.999,99.999,15.837,0.008,15.107,0.007,14.171,0.007,Surveyphotometry.dat crossmatch,12.643,0.024,11.952,0.022,9.783,0.048,7.922,0.169,Surveyphotometry.dat crossmatch
spec-2022-53827-0132.fits,SDSS J124540.83+353055.1,191.42014400319823,35.51532128031676,1.51695661042411e+18,18.926776885986328,QSO,QSO-MIDZ,xPCA,3612.7835857036907,0.9603336733132863,0.00044557382933126333,,,4.0540181969880504e-10,0.00018093358793490569,SMC,4211.8543986163095,-1.5390950352634498,18.998,0.021,18.946,0.009,18.828,0.01,18.96,0.013,18.861,0.03,Surveyphotometry.dat crossmatch,99.999,99.999,17.662,0.051,99.999,99.999,16.546,0.053,Surveyphotometry.dat crossmatch,14.747,0.031,13.561,0.03,10.615,0.089,7.989,0.19,Surveyphotometry.dat crossmatch
spec-6487-56362-0332.fits,SDSS J130733.06+300857.2,196.8877454827607,30.14922341899016,1.4659237746531558e+18,18.96807861328125,QSO,QSO,xPCA,23072.54280266186,2.570862023296971,0.0002994389478982562,,,0.2661888584591335,0.0025222792661734605,LMC,28037.295593982602,-1.4467393802480444,20.299,0.046,19.396,0.012,19.195,0.012,19.14,0.016,18.987,0.04,Surveyphotometry.dat crossmatch,99.999,99.999,17.867,0.04,17.459,0.048,16.767,0.045,Surveyphotometry.dat crossmatch,16.098,0.053,14.919,0.064,11.266,0.126,99.999,99.999,Surveyphotometry.dat crossmatch
SDSS_J1300_2423_faint_object_combined.dat,SDSS_J1300_2423_faint_object_combined,195.15703464675195,24.388236476886288,3.957292844019987e+18,,FAINT,,xPCA,,,,,,3.1819468384245346,0.498705202696057,MW,326.815426907745,-5.228268740191226,19.978,0.041,19.178,0.01,18.819,0.01,17.85,0.007,17.283,0.01,Surveyphotometry.dat crossmatch,99.999,99.999,17.604,0.027,17.101,0.033,16.38,0.03,Surveyphotometry.dat crossmatch,99.999,99.999,99.999,99.999,99.999,99.999,99.999,99.999,Surveyphotometry.dat crossmatch
spec-2236-53729-0110.fits,SDSS J124042.64+270538.7,190.1776629372428,27.09410199032989,3.962255008715516e+18,18.497650146484375,QSO,QSO-MIDZ,xPCA,3537.3149356325484,0.9991712610931938,0.00030982113316315124,,,6.24967561426229e-10,0.00041229960929839736,SMC,4785.605088608298,-1.2456574962050555,18.758,0.018,18.663,0.008,18.441,0.008,18.543,0.011,18.583,0.03,Surveyphotometry.dat crossmatch,99.999,99.999,17.237,0.026,17.156,0.043,16.315,0.038,Surveyphotometry.dat crossmatch,14.89,0.033,13.654,0.035,10.957,0.113,8.863,0.472,Surveyphotometry.dat crossmatch
spec-5998-56087-0194.fits,SDSS J133932.10+231600.5,204.8837775585469,23.26679621364856,1.44374016549073e+18,18.865995407104492,QSO,QSO,xPCA,4833.076986403567,1.8898147271453594,0.00022211185077387929,,,0.12906938960753536,0.007123485990179292,MW,8851.180661370285,-1.2599943834610237,19.187,0.025,19.266,0.01,19.345,0.013,18.995,0.013,19.022,0.03,Surveyphotometry.dat crossmatch,99.999,99.999,18.163,0.046,17.777,0.072,16.986,0.06,Surveyphotometry.dat crossmatch,15.874,0.046,14.692,0.052,11.089,0.123,99.999,99.999,Surveyphotometry.dat crossmatch
spec-2011-53499-0567.fits,SDSS J130236.59+292226.7,195.6524973296985,29.37410310286699,1.4642926491538417e+18,18.472299575805664,QSO,QSO-MIDZ,xPCA,4516.929192469228,1.0330776491134661,0.0002996656283015201,,,0.04253566388777429,0.003380779304374488,MW,4687.516445165063,-1.280063018408638,19.008,0.022,18.759,0.008,18.53,0.009,18.516,0.011,18.475,0.03,Surveyphotometry.dat crossmatch,99.999,99.999,17.548,0.026,17.191,0.043,16.331,0.037,Surveyphotometry.dat crossmatch,15.031,0.047,13.856,0.039,10.992,0.115,8.538,0.351,Surveyphotometry.dat crossmatch
spec-2662-54505-0325.fits,SDSS J125905.61+252710.1,194.77338833803168,25.452813086754688,3.9582455021258906e+18,18.515724182128906,QSO,QSO-MIDZ,xPCA,4373.432638832699,1.4174082505080086,0.00038147636265114523,,,1.4247259242598093e-10,5.1104697032271424e-05,LMC,6717.54334045238,-1.4695557524923575,18.659,0.016,18.67,0.008,18.601,0.009,18.532,0.011,18.607,0.03,Surveyphotometry.dat crossmatch,99.999,99.999,17.85,0.055,17.137,0.037,16.883,0.054,Surveyphotometry.dat crossmatch,15.384,0.036,13.831,0.035,10.777,0.097,8.356,0.351,Surveyphotometry.dat crossmatch
spec-2033-53476-0093.fits,spec-2033-53476-0093,208.40478064858752,35.68824922557599,1.4831827098916726e+18,18.29732322692871,GALAXY,GALAXY-PASS,xPCA,5436.182445604787,0.03980044748741185,1.2210853458209024e-05,,,1.8428611167600937,0.0023988377264797522,SMC,625096.5921939645,-1.0564364869919067,17.901,0.016,16.088,0.003,15.289,0.003,14.916,0.003,14.602,0.0,Surveyphotometry.dat crossmatch,99.999,99.999,14.389,0.003,13.714,0.003,13.326,0.004,Surveyphotometry.dat crossmatch,12.498,0.023,12.539,0.024,11.654,0.183,99.999,99.999,Surveyphotometry.dat crossmatch
spec-2009-53904-0323.fits,SDSS J130410.20+300033.0,196.0425091628161,30.009179045736403,1.4644564420266724e+18,18.707347869873047,QSO,QSO,xPCA,6989.366946270005,2.427792738903901,0.00020170618771876624,,,2.478612340329686e-11,3.8849646831324946e-05,LMC,10324.983681422276,-1.0890185019101544,19.544,0.031,18.882,0.009,19.009,0.011,18.987,0.016,18.741,0.04,Surveyphotometry.dat crossmatch,99.999,99.999,17.677,0.032,17.163,0.046,16.286,0.037,Surveyphotometry.dat crossmatch,99.999,99.999,99.999,99.999,99.999,99.999,99.999,99.999,Surveyphotometry.dat crossmatch
spec-2660-54504-0479.fits,SDSS J124043.04+251118.8,190.17933043308255,25.188550396095277,3.959692253269609e+18,18.235761642456055,QSO,QSO,xPCA,8249.213973125092,0.4472714667924409,5.674957254697118e-05,,,0.8137804227541023,0.004656106173035357,LMC,11216.533447687181,-2.3147308075503163,19.002,0.021,18.681,0.008,18.552,0.009,18.28,0.009,18.168,0.02,Surveyphotometry.dat crossmatch,99.999,99.999,17.052,0.02,16.32,0.015,15.511,0.016,Surveyphotometry.dat crossmatch,13.975,0.026,13.012,0.027,10.159,0.063,7.779,0.158,Surveyphotometry.dat crossmatch
spec-2116-53854-0230.fits,spec-2116-53854-0230,207.7417567906945,29.436918189340467,1.4523688965226184e+18,18.580835342407227,GALAXY,GALAXY-PASS,xPCA,7013.677896292484,0.03504232244217428,1.1801967845178587e-05,,,3.7875596068132156,0.003652355130656426,SMC,716664.7721974296,-1.0424653196660782,17.614,0.013,15.776,0.003,14.958,0.002,14.563,0.002,14.269,0.0,Surveyphotometry.dat crossmatch,99.999,99.999,14.196,0.003,13.545,0.002,13.221,0.003,Surveyphotometry.dat crossmatch,12.227,0.022,12.255,0.022,11.644,0.187,99.999,99.999,Surveyphotometry.dat crossmatch
spec-5972-56334-0050.fits,spec-5972-56334-0050,196.0677484992646,25.502500746037924,1.459454183812292e+18,18.784595489501953,QSO,,Composite model - SMC,28062.743096693186,2.0780531753766716,0.0001469584442739258,0.0771038594424186,0.0009040363898538545,0.0771038594424186,0.0009040363898538545,SMC,28062.743096693186,-1.0072301084945137,18.636,0.019,18.599,0.008,18.539,0.009,18.442,0.01,18.233,0.02,Surveyphotometry.dat crossmatch,99.999,99.999,17.457,0.046,17.05,0.035,16.542,0.041,Surveyphotometry.dat crossmatch,15.624,0.041,14.527,0.052,11.44,0.225,8.376,0.317,Surveyphotometry.dat crossmatch
spec-2664-54524-0191.fits,SDSS J132131.16+241305.0,200.37985615738765,24.21807024275383,1.446507773696171e+18,18.93860626220703,QSO,QSO,xPCA,4033.347673070937,1.751982484524954,0.0004864290586979054,,,0.13787504794150532,0.0030183806264526686,SMC,4224.928084588732,-1.0659471425240075,18.931,0.022,18.68,0.008,18.563,0.009,18.273,0.009,18.146,0.02,Surveyphotometry.dat crossmatch,99.999,99.999,17.474,0.024,17.16,0.036,16.431,0.036,Surveyphotometry.dat crossmatch,15.225,0.037,13.889,0.037,10.808,0.115,8.384,0.317,Surveyphotometry.dat crossmatch
spec-6001-56072-0132.fits,SDSS J135114.75+224323.7,207.81150982714092,22.72325011052396,1.251535053234862e+18,18.31275177001953,QSO,QSO-MIDZ,xPCA,5294.443585292902,0.8399668561188041,0.0001264732110928832,,,0.2697160563701519,0.002466157716245032,SMC,6384.933314408032,-1.1233036136590375,19.186,0.024,18.554,0.007,18.241,0.007,18.103,0.008,17.909,0.01,Surveyphotometry.dat crossmatch,99.999,99.999,16.641,0.015,16.469,0.017,15.765,0.02,Surveyphotometry.dat crossmatch,14.285,0.027,13.025,0.026,10.205,0.052,8.168,0.193,Surveyphotometry.dat crossmatch
spec-5994-56101-0248.fits,SDSS J130923.06+253331.1,197.34608441951997,25.55863455137417,1.4593261894905618e+18,17.687000274658203,QSO,QSO,xPCA,9525.257842840289,2.083258944115573,0.00017746570105336135,,,7.141375357277817e-10,1.3188749889903235e-05,LMC,29449.972982902116,-0.9999832734749596,18.198,0.014,18.04,0.006,17.909,0.007,17.805,0.008,17.61,0.01,Surveyphotometry.dat crossmatch,99.999,99.999,16.91,0.016,16.464,0.018,15.978,0.022,Surveyphotometry.dat crossmatch,15.035,0.035,13.659,0.036,10.451,0.075,8.278,0.319,Surveyphotometry.dat crossmatch
spec-2101-53858-0057.fits,SDSS J134114.52+355339.6,205.3105074783784,35.89435916691824,1.472120828346108e+18,18.261734008789062,QSO,,Composite model - LMC,14314.663779714663,0.3347707031445048,3.867708221083621e-05,9.497988842361964e-09,0.000490248060886101,9.497988842361964e-09,0.000490248060886101,LMC,14314.663779714663,-1.3412654806324105,18.33,0.015,18.382,0.007,18.202,0.007,18.239,0.009,17.519,0.01,Surveyphotometry.dat crossmatch,99.999,99.999,16.982,0.02,16.092,0.019,14.9,0.011,Surveyphotometry.dat crossmatch,13.405,0.024,12.343,0.022,9.87,0.048,7.681,0.138,Surveyphotometry.dat crossmatch
spec-2242-54153-0020.fits,SDSS J131104.25+261828.7,197.7677158831923,26.307978344672453,1.4594281004750136e+18,18.44600486755371,QSO,QSO,xPCA,9218.285643026702,1.8140158300970537,0.00036576576228883014,,,0.15038463633249066,0.0022868068409529485,SMC,10487.38071386531,-1.278108462901856,18.803,0.019,18.569,0.008,18.437,0.008,18.119,0.009,18.104,0.02,Surveyphotometry.dat crossmatch,99.999,99.999,17.244,0.017,16.839,0.021,16.253,0.025,Surveyphotometry.dat crossmatch,15.011,0.032,13.597,0.032,10.129,0.054,7.729,0.154,Surveyphotometry.dat crossmatch
spec-2665-54232-0379.fits,SDSS J133031.53+245140.3,202.6314100422832,24.861200813393783,1.4479172788836762e+18,18.225112915039062,QSO,QSO-MIDZ,xPCA,3934.7722384520207,0.8137189892810983,0.00037471307456045605,,,0.04439000959503698,0.0033336502280610462,MW,4294.6356793952145,-1.0601726062437933,19.238,0.026,18.753,0.008,18.687,0.009,18.771,0.012,18.573,0.02,Surveyphotometry.dat crossmatch,99.999,99.999,17.18,0.019,16.925,0.04,16.237,0.031,Surveyphotometry.dat crossmatch,14.85,0.032,13.784,0.035,11.112,0.128,8.687,0.346,Surveyphotometry.dat crossmatch
spec-6005-56090-0571.fits,SDSS J135021.29+260111.5,207.58871603861596,26.01986214383356,1.4505011999290307e+18,18.36619758605957,QSO,QSO,xPCA,19613.396689995065,2.0665194702298115,0.00024004658976773782,,,0.26371541502921575,0.0019496886292004467,LMC,23616.953484972684,-1.0121891716887756,18.706,0.019,18.488,0.007,18.402,0.008,18.28,0.009,18.01,0.02,Surveyphotometry.dat crossmatch,99.999,99.999,17.406,0.022,16.981,0.035,16.312,0.035,Surveyphotometry.dat crossmatch,15.11,0.032,13.731,0.032,10.465,0.06,8.588,0.263,Surveyphotometry.dat crossmatch
spec-2006-53476-0543.fits,SDSS J130423.24+340438.0,196.09685298532443,34.07725588781307,1.4679244734988915e+18,18.587003707885742,QSO,QSO,xPCA,12897.117520956173,2.5538023110092993,0.00019319438166167253,,,6.706401924950773e-09,0.00021231901450449525,MW,16753.891632795025,-1.321717816087212,19.107,0.022,18.601,0.008,18.568,0.009,18.584,0.01,18.375,0.03,Surveyphotometry.dat crossmatch,99.999,99.999,17.219,0.032,16.574,0.025,15.683,0.02,Surveyphotometry.dat crossmatch,15.14,0.034,14.422,0.046,11.6,0.168,99.999,99.999,Surveyphotometry.dat crossmatch
spec-2029-53819-0370.fits,SDSS J130310.69+323453.3,195.79453433009897,32.581496187915235,1.4672607163694694e+18,17.859018325805664,QSO,QSO,xPCA,10822.94688820919,2.2192799895942943,0.00035868075943718144,,,0.03662594413601926,0.00448268849551892,MW,19864.169674193134,-1.0307297466640764,18.297,0.014,17.842,0.006,17.725,0.006,17.741,0.007,17.557,0.01,Surveyphotometry.dat crossmatch,99.999,99.999,16.893,0.013,16.459,0.016,15.781,0.017,Surveyphotometry.dat crossmatch,15.067,0.034,13.877,0.036,10.522,0.071,8.355,0.306,Surveyphotometry.dat crossmatch
spec-2114-53848-0589.fits,SDSS J135048.19+281837.8,207.70082630664848,28.3105309509412,1.4521420835941094e+18,18.746442794799805,QSO,QSO,xPCA,8666.613454166503,2.253344098450507,0.00016926302583293926,,,6.608192915395425e-11,8.486593544044277e-05,LMC,12343.051281109985,-1.2557735696256644,19.508,0.031,19.025,0.009,19.025,0.011,18.9,0.013,18.812,0.04,Surveyphotometry.dat crossmatch,99.999,99.999,17.806,0.045,99.999,99.999,16.534,0.051,Surveyphotometry.dat crossmatch,15.908,0.044,14.842,0.052,11.613,0.177,8.901,0.375,Surveyphotometry.dat crossmatch
SDSS_J1355_3138_combined.dat,SDSS_J1355_3138_combined,208.8061673211486,31.63398506861871,1.4571686040798298e+18,,INTERESTING,,Stellar-templates,,,,,,4.520096074506468e-09,0.0015618594374024084,MW,1508.129534339871,-1.8865508784739207,20.862,0.07,18.904,0.009,18.139,0.007,17.868,0.007,17.695,0.01,Surveyphotometry.dat crossmatch,99.999,99.999,16.674,0.015,16.153,0.022,16.161,0.034,Surveyphotometry.dat crossmatch,15.738,0.041,15.751,0.112,99.999,99.999,99.999,99.999,Surveyphotometry.dat crossmatch
spec-2245-54208-0496.fits,SDSS J133356.68+261154.8,203.48618596836445,26.19855730374909,1.448117664877982e+18,18.11478614807129,QSO,QSO,xPCA,6271.583676240029,1.2809486048185827,0.00024310793481359231,,,0.023062383292142625,0.00355010173960376,MW,7176.657431540675,-1.2214650250599466,18.453,0.017,18.419,0.007,18.176,0.007,18.146,0.009,18.183,0.02,Surveyphotometry.dat crossmatch,99.999,99.999,17.252,0.018,16.636,0.018,16.253,0.026,Surveyphotometry.dat crossmatch,14.995,0.034,13.63,0.033,10.635,0.084,8.167,0.241,Surveyphotometry.dat crossmatch
spec-6487-56362-0872.fits,SDSS J131138.08+320147.0,197.9086951604196,32.0297648884258,1.4665635229185306e+18,18.98015022277832,QSO,QSO,xPCA,36452.326420013436,2.8603062219417286,0.0001704598971254689,,,2.705245069297736e-10,1.940759501495331e-05,LMC,43185.233238982604,-2.7431253121488792,20.465,0.064,19.112,0.01,19.052,0.012,19.209,0.018,19.085,0.06,Surveyphotometry.dat crossmatch,99.999,99.999,17.973,0.033,17.62,0.044,17.135,0.056,Surveyphotometry.dat crossmatch,16.288,0.061,15.348,0.086,12.274,0.314,99.999,99.999,Surveyphotometry.dat crossmatch
spec-2112-53534-0185.fits,SDSS J132359.09+323724.4,200.9962053856397,32.6234377158612,1.4694369891818824e+18,17.76675796508789,QSO,QSO,xPCA,4332.628141623642,1.6992748883443811,0.00039179571536930124,,,3.483740005456523e-10,3.928343751029764e-05,MW,9171.717729130194,-0.9991249479414631,18.302,0.016,18.192,0.006,18.19,0.007,17.948,0.008,17.975,0.02,Surveyphotometry.dat crossmatch,99.999,99.999,17.052,0.025,16.636,0.021,16.201,0.027,Surveyphotometry.dat crossmatch,14.903,0.033,13.431,0.031,10.303,0.083,8.137,0.254,Surveyphotometry.dat crossmatch
spec-2783-54524-0081.fits,SDSS J135426.83+222020.3,208.6117788324069,22.33897293954281,1.2507215177095076e+18,18.754146575927734,QSO,QSO-MIDZ,xPCA,3761.4710277719414,1.28015853967704,0.00040257073308784026,,,0.0022423586592162344,0.0035749350636998176,SMC,4892.829498876778,-1.0659433927994297,19.345,0.028,19.251,0.011,18.768,0.01,18.797,0.012,19.023,0.03,Surveyphotometry.dat crossmatch,99.999,99.999,18.042,0.045,17.168,0.029,16.706,0.041,Surveyphotometry.dat crossmatch,15.357,0.036,14.212,0.04,11.495,0.185,99.999,99.999,Surveyphotometry.dat crossmatch
spec-2239-53726-0151.fits,SDSS J125107.73+291859.2,192.7821894159975,29.316478921376035,1.4648538166964378e+18,18.45890998840332,QSO,QSO-MIDZ,xPCA,4421.037227539924,0.6507830463724897,0.0003582823285057962,,,0.463630953500391,0.004651629532254148,SMC,7959.062608971247,-1.1624067206299968,19.433,0.029,18.775,0.008,18.621,0.009,18.341,0.009,18.242,0.02,Surveyphotometry.dat crossmatch,99.999,99.999,17.143,0.02,16.617,0.03,15.889,0.022,Surveyphotometry.dat crossmatch,14.532,0.028,13.688,0.033,10.905,0.106,8.649,0.402,Surveyphotometry.dat crossmatch
SDSS_J135906+295948_combined.dat,SDSS_J135906+295948_combined,209.77723541516303,29.99673501768318,1.4537689527815944e+18,,GALAXY,GALAXY-PASS,Composite model - MW,4732.722723267103,0.04210967343835726,0.00011838445640564063,,,1.2705652066288176,0.01750003424572788,MW,1123.5394399910288,-1.6074725658962428,17.855,0.023,16.048,0.004,15.257,0.003,17.313,0.014,14.572,0.0,Surveyphotometry.dat crossmatch,99.999,99.999,14.783,0.004,14.195,0.003,13.835,0.004,Surveyphotometry.dat crossmatch,99.999,99.999,99.999,99.999,99.999,99.999,99.999,99.999,Surveyphotometry.dat crossmatch
spec-2241-54156-0510.fits,spec-2241-54156-0510,194.9262610857969,27.924744323589533,1.4608043840916426e+18,17.915313720703125,GALAXY,GALAXY-PASS,xPCA,4668.272926755467,0.023048467847621944,1.2514265401332478e-05,,,2.722357598153412,0.0033124088081961656,LMC,633756.3382165075,-1.007370413557918,17.86,0.015,16.061,0.003,15.26,0.003,14.906,0.003,14.613,0.0,Surveyphotometry.dat crossmatch,99.999,99.999,14.25,0.003,13.601,0.003,13.313,0.003,Surveyphotometry.dat crossmatch,12.542,0.024,12.573,0.025,12.035,0.328,99.999,99.999,Surveyphotometry.dat crossmatch
spec-10257-58526-0488.fits,SDSS J132122.63+322030.3,200.3443137981888,32.341779494989,1.469588657363542e+18,18.70343589782715,QSO,QSO,xPCA,3934.761129788518,1.6900139796132518,0.00027314073276676513,,,1.3230958901188847e-09,0.00017092617823761137,MW,4415.517511873262,-1.0584283195089383,18.676,0.018,18.539,0.008,18.489,0.008,18.204,0.009,18.136,0.02,Surveyphotometry.dat crossmatch,99.999,99.999,17.577,0.027,16.904,0.022,16.705,0.038,Surveyphotometry.dat crossmatch,15.451,0.04,14.267,0.046,11.194,0.141,9.024,0.499,Surveyphotometry.dat crossmatch
spec-2240-53823-0516.fits,spec-2240-53823-0516,194.6317034028508,27.673522322969323,1.460703950575873e+18,18.930112838745117,GALAXY,QSO-GAL,xPCA,6142.871038233487,0.02310346943707367,9.20602359484147e-06,,,2.5730771781707515,0.0029000478410059483,MW,847704.7770059202,-1.0034515349825734,18.098,0.017,16.345,0.003,15.576,0.003,15.193,0.003,14.913,0.0,Surveyphotometry.dat crossmatch,99.999,99.999,14.847,0.004,14.17,0.004,13.873,0.005,Surveyphotometry.dat crossmatch,13.003,0.024,13.025,0.027,12.248,0.398,99.999,99.999,Surveyphotometry.dat crossmatch
spec-2662-54505-0374.fits,spec-2662-54505-0374,195.24479175167144,25.664670305883565,3.957528281243969e+18,18.589033126831055,BAL_QSO,QSO,xPCA,3773.511643601002,1.557021266928252,0.00026845583259298627,,,0.023847623799708062,0.004401622698882519,LMC,4210.714493203619,-1.024675497918913,18.992,0.024,18.707,0.008,18.613,0.009,18.376,0.01,18.45,0.02,Surveyphotometry.dat crossmatch,99.999,99.999,17.744,0.029,17.089,0.028,16.683,0.037,Surveyphotometry.dat crossmatch,15.36,0.036,13.839,0.034,10.657,0.096,8.338,0.267,Surveyphotometry.dat crossmatch
spec-5999-56089-0710.fits,SDSS J133241.10+255221.7,203.1712766127844,25.87269593730216,1.4480823473628662e+18,17.073917388916016,QSO,QSO-MIDZ,xPCA,8365.643072944637,0.9290965570118844,0.00012757655425628343,,,3.602473137506723e-13,7.484868924845147e-06,MW,27696.6202236377,-1.0115239003044625,17.337,0.009,17.2,0.005,17.094,0.005,17.059,0.006,16.888,0.01,Surveyphotometry.dat crossmatch,99.999,99.999,15.929,0.007,15.73,0.009,14.931,0.009,Surveyphotometry.dat crossmatch,13.241,0.024,11.912,0.022,9.192,0.031,7.247,0.095,Surveyphotometry.dat crossmatch
spec-1838-53467-0212.fits,SDSS J135803.86+340254.1,209.516097290754,34.04835344879896,1.4580367028697416e+18,18.198942184448242,QSO,QSO-MIDZ,xPCA,6320.114200358081,0.5410261201406492,0.00012418705751859665,,,4.1015113405747615e-09,0.00042247484338685194,LMC,7270.470463310329,-1.3492930155430547,18.365,0.014,18.003,0.006,18.019,0.007,17.872,0.007,17.977,0.02,Surveyphotometry.dat crossmatch,99.999,99.999,16.903,0.022,16.242,0.018,99.999,99.999,Surveyphotometry.dat crossmatch,13.435,0.024,12.216,0.022,9.126,0.03,6.477,0.06,Surveyphotometry.dat crossmatch
spec-2666-54230-0003.fits,spec-2666-54230-0003,206.76529105373055,22.75920194001496,1.2514035284519752e+18,18.928831100463867,GALAXY,GALAXY-PASS,xPCA,5599.97757526675,0.02927162430395014,1.108300959192624e-05,,,2.1839707872119813,0.003079642350276579,SMC,767745.4238615473,-1.0338829334463024,17.404,0.016,15.727,0.003,14.991,0.003,14.629,0.003,14.354,0.0,Surveyphotometry.dat crossmatch,99.999,99.999,14.804,0.004,14.143,0.003,13.822,0.004,Surveyphotometry.dat crossmatch,12.658,0.023,12.627,0.024,11.143,0.127,99.999,99.999,Surveyphotometry.dat crossmatch
spec-1838-53467-0259.fits,SDSS J135540.83+335654.0,208.92016097597892,33.94833042205459,1.4587594256063898e+18,18.890684127807617,QSO,QSO,xPCA,5376.911721294424,1.9278056301871607,0.0002166917504722578,,,0.07409023438391693,0.002659084878481599,SMC,6598.464556419081,-1.4482771185753294,18.908,0.019,19.033,0.01,18.987,0.011,18.613,0.011,18.488,0.03,Surveyphotometry.dat crossmatch,99.999,99.999,17.51,0.035,16.878,0.029,16.169,0.031,Surveyphotometry.dat crossmatch,15.305,0.036,14.439,0.045,11.521,0.17,99.999,99.999,Surveyphotometry.dat crossmatch
spec-2240-53823-0071.fits,SDSS J125941.66+271827.1,194.9235746527651,27.30751741044544,1.460633302658053e+18,18.281848907470703,QSO,QSO,xPCA,7159.704753261338,2.49581686977107,0.00025893038509532167,,,7.4072977208883804e-09,0.0008648470638330989,MW,8472.545306851058,-1.057966913011581,19.678,0.032,18.948,0.009,18.928,0.011,18.924,0.013,18.676,0.03,Surveyphotometry.dat crossmatch,99.999,99.999,17.402,0.025,17.076,0.034,16.355,0.033,Surveyphotometry.dat crossmatch,15.743,0.045,14.723,0.059,11.291,0.153,9.07,0.5,Surveyphotometry.dat crossmatch
spec-6492-56362-0400.fits,SDSS J132707.05+313838.6,201.77940385829604,31.64406313607469,1.4685683406368036e+18,18.94644546508789,QSO,QSO,xPCA,26290.001158943316,2.8058587573901157,0.00016223910681755982,,,0.08767423739195175,0.003103032375443189,MW,28855.176160895695,-2.2690474701149888,19.826,0.038,18.842,0.009,18.761,0.01,18.743,0.012,18.659,0.03,Surveyphotometry.dat crossmatch,99.999,99.999,17.468,0.024,17.208,0.044,16.68,0.052,Surveyphotometry.dat crossmatch,15.785,0.043,14.959,0.058,11.474,0.167,99.999,99.999,Surveyphotometry.dat crossmatch
spec-2011-53499-0625.fits,SDSS J130547.42+295036.5,196.44756610609303,29.84347500582106,1.4644148323830743e+18,18.819238662719727,QSO,QSO-MIDZ,xPCA,4041.814047098032,0.8223424842873657,0.00045526512259833545,,,0.09578022729456932,0.0053529103820625715,SMC,4402.616910198193,-1.4014951290468955,19.22,0.026,18.934,0.009,18.8,0.01,18.756,0.012,18.658,0.03,Surveyphotometry.dat crossmatch,99.999,99.999,17.667,0.026,17.444,0.051,16.577,0.043,Surveyphotometry.dat crossmatch,15.001,0.033,13.79,0.033,11.133,0.113,8.76,0.363,Surveyphotometry.dat crossmatch
spec-2472-54175-0364.fits,spec-2472-54175-0364,190.78483476562465,30.80571911110732,1.5133109047441597e+18,18.93278694152832,STAR,K3_-1.5_Dwarf.fits,Stellar-templates,3738.327881068193,,,,,2.1210306639738814,0.00608536548363614,LMC,20063.664871843557,-1.2152222877453291,21.177,0.115,19.648,0.014,18.927,0.011,18.636,0.013,18.485,0.03,Surveyphotometry.dat crossmatch,99.999,99.999,17.359,0.021,16.807,0.03,16.713,0.044,Surveyphotometry.dat crossmatch,16.56,0.075,16.65,0.276,99.999,99.999,99.999,99.999,Surveyphotometry.dat crossmatch
spec-2028-53818-0240.fits,spec-2028-53818-0240,206.3063265821967,33.99410029567992,1.4706057356824945e+18,18.322654724121094,QSO,QSO-MIDZ,xPCA,5069.983429529802,0.6031346462519094,0.00013152195597929456,,,2.5051185412639128e-09,0.0002243779835496382,SMC,5507.794173655377,-1.2986589857265805,18.914,0.021,18.52,0.007,18.555,0.008,18.381,0.01,18.521,0.03,Surveyphotometry.dat crossmatch,99.999,99.999,17.707,0.043,16.94,0.03,15.838,0.021,Surveyphotometry.dat crossmatch,14.016,0.026,12.832,0.025,9.898,0.043,7.709,0.148,Surveyphotometry.dat crossmatch
spec-2660-54504-0477.fits,SDSS J124114.59+252426.8,190.3108044281961,25.40745521241044,3.959713178350302e+18,18.484142303466797,QSO,QSO,xPCA,19741.300129367668,3.0500138794852263,0.0002739912949871566,,,0.19748037718527867,0.003254158817338232,MW,22040.080978058082,-2.3032467567507293,99.999,9.999,99.999,9.999,99.999,9.999,99.999,9.999,99.999,9.999,Surveyphotometry.dat crossmatch,99.999,99.999,17.454,0.029,17.052,0.027,16.656,0.042,Surveyphotometry.dat crossmatch,15.801,0.047,15.017,0.07,11.797,0.219,99.999,99.999,Surveyphotometry.dat crossmatch
spec-2002-53471-0616.fits,SDSS J132311.48+300344.3,200.79787935691365,30.062320048989392,1.4623246650752353e+18,18.086711883544922,QSO,QSO,xPCA,4334.007335088627,1.3077565910400195,0.0003082307781387163,,,0.10174191111688372,0.004914978726995006,SMC,5796.247101769899,-1.5260398693221893,19.095,0.026,19.093,0.01,18.76,0.01,18.768,0.015,18.741,0.04,Surveyphotometry.dat crossmatch,99.999,99.999,17.827,0.029,16.892,0.023,16.532,0.038,Surveyphotometry.dat crossmatch,15.215,0.035,13.823,0.033,10.647,0.083,8.027,0.212,Surveyphotometry.dat crossmatch
spec-2109-53468-0052.fits,SDSS J133724.69+315254.5,204.35290233831915,31.88182579531768,1.4687742241884774e+18,18.62384796142578,QSO,QSO,xPCA,23864.516157282436,3.1707541517505855,0.0008365730947993324,,,0.20683450583224156,0.0031525237623219182,LMC,48378.46076402339,-2.6809482309086747,23.22,0.56,18.918,0.009,18.506,0.008,18.47,0.011,18.44,0.03,Surveyphotometry.dat crossmatch,99.999,99.999,17.313,0.026,16.833,0.023,16.042,0.024,Surveyphotometry.dat crossmatch,15.262,0.036,14.599,0.053,11.474,0.173,8.936,0.526,Surveyphotometry.dat crossmatch
spec-2116-53854-0050.fits,SDSS J135626.83+284737.6,209.11183011397296,28.793800688305293,1.4520554669895946e+18,17.694398880004883,QSO,QSO-MIDZ,xPCA,3956.9036943067404,0.6946889589642467,0.00016955549550218157,,,1.3650327266093165e-09,0.00034695736985199967,MW,4694.9501045451025,-1.2878569745352058,18.383,0.017,18.084,0.006,18.065,0.007,18.034,0.009,18.022,0.02,Surveyphotometry.dat crossmatch,99.999,99.999,17.02,0.02,16.587,0.021,15.768,0.021,Surveyphotometry.dat crossmatch,14.255,0.025,13.157,0.026,10.382,0.056,7.643,0.114,Surveyphotometry.dat crossmatch
spec-2028-53818-0120.fits,SDSS J135030.87+342640.1,207.6286562227236,34.44450212085987,1.4589992952363886e+18,18.620664596557617,QSO,QSO-MIDZ,xPCA,4974.208069123202,0.6520759156542031,0.0002920214870552588,,,0.15983225113412483,0.006275340882352487,SMC,6123.850811947721,-1.4915233012845632,19.049,0.02,18.824,0.009,18.878,0.01,18.653,0.011,18.628,0.03,Surveyphotometry.dat crossmatch,99.999,99.999,17.669,0.046,17.054,0.06,16.241,0.039,Surveyphotometry.dat crossmatch,14.603,0.03,13.43,0.03,10.271,0.071,7.507,0.113,Surveyphotometry.dat crossmatch
spec-2022-53827-0229.fits,SDSS J124249.49+355958.0,190.7062267495693,35.99943093286115,1.5185330352207677e+18,18.462799072265625,QSO,QSO-MIDZ,xPCA,3973.8788471154567,0.9845618899942062,0.00046985574265766023,,,1.184334765945861e-09,6.856726904237747e-05,SMC,5605.0528507460585,-1.1407435448468806,18.939,0.022,18.731,0.008,18.632,0.009,18.665,0.011,18.452,0.02,Surveyphotometry.dat crossmatch,99.999,99.999,17.317,0.032,17.285,0.073,16.32,0.04,Surveyphotometry.dat crossmatch,14.703,0.031,13.28,0.028,10.106,0.056,7.378,0.106,Surveyphotometry.dat crossmatch
spec-2239-53726-0530.fits,SDSS J125125.32+303030.7,192.8555072664361,30.50854397574302,1.4652589523715492e+18,18.731056213378906,QSO,,Composite model - SMC,6819.349706141574,0.48662672338817464,3.608400985008475e-05,0.0736379725401016,0.004220967374568944,0.0736379725401016,0.004220967374568944,SMC,6819.349706141574,-1.624192459890175,18.835,0.019,18.554,0.008,18.586,0.009,18.399,0.01,18.397,0.02,Surveyphotometry.dat crossmatch,99.999,99.999,17.454,0.024,16.876,0.032,15.804,0.019,Surveyphotometry.dat crossmatch,14.128,0.027,12.944,0.027,9.792,0.046,7.501,0.157,Surveyphotometry.dat crossmatch
spec-2654-54231-0458.fits,SDSS J134054.80+220240.2,205.2283499213485,22.04449331470244,1.4419034313158907e+18,18.42508316040039,QSO,QSO,xPCA,4037.886487517372,0.4117896704629571,4.684214764846031e-05,,,0.09951851573617228,0.006480032546455412,LMC,5803.917090347782,-1.4947552702069904,18.665,0.017,18.498,0.007,18.517,0.008,18.375,0.01,18.063,0.02,Surveyphotometry.dat crossmatch,99.999,99.999,99.999,99.999,99.999,99.999,99.999,99.999,Surveyphotometry.dat crossmatch,14.288,0.027,13.177,0.027,10.11,0.05,7.671,0.142,Surveyphotometry.dat crossmatch
spec-10248-58220-0876.fits,SDSS J124555.15+354724.8,191.47980933057477,35.79020071128362,1.516964203926441e+18,18.331615447998047,QSO,QSO,xPCA,171607.36164179712,4.12967676638112,0.00023680921252442963,,,0.6317727559174758,0.001521464306012632,MW,223402.55141525582,-4.256908142503962,22.22,0.235,19.619,0.012,18.474,0.008,18.165,0.009,18.133,0.02,Surveyphotometry.dat crossmatch,99.999,99.999,17.198,0.03,16.713,0.043,16.359,0.041,Surveyphotometry.dat crossmatch,15.594,0.04,15.058,0.069,11.03,0.124,8.706,0.357,Surveyphotometry.dat crossmatch
spec-6485-56342-0431.fits,SDSS J124918.06+320347.5,192.32526278189297,32.06323819239408,1.5138512803498015e+18,18.69942283630371,QSO,QSO,xPCA,22973.53638030056,1.9751892132076023,0.00035200079481227827,,,2.481619668196237e-08,9.079550616157783e-05,MW,29120.136722868014,-1.0411907142513275,18.718,0.019,18.596,0.008,18.535,0.009,18.452,0.011,18.261,0.02,Surveyphotometry.dat crossmatch,99.999,99.999,17.609,0.03,17.218,0.046,16.697,0.048,Surveyphotometry.dat crossmatch,15.48,0.041,14.143,0.042,10.942,0.124,8.409,0.312,Surveyphotometry.dat crossmatch
spec-2115-53535-0301.fits,SDSS J134602.42+245854.5,206.5100892450496,24.98182797327301,1.4444118339515996e+18,18.1458683013916,GALAXY,GALAXY,xPCA,11706.013000254768,1.9423318559270986,0.00030293864077578946,,,3.140312174795129e-11,1.987357088157349e-05,MW,37110.4111817833,-1.1062290512631874,18.33,0.014,18.005,0.006,17.831,0.006,17.739,0.007,17.568,0.01,Surveyphotometry.dat crossmatch,99.999,99.999,17.075,0.019,16.755,0.032,15.967,0.028,Surveyphotometry.dat crossmatch,15.155,0.032,13.883,0.032,10.897,0.085,8.615,0.254,Surveyphotometry.dat crossmatch
spec-6003-56311-0584.fits,spec-6003-56311-0584,203.95989253672803,28.80242136525999,1.455792088537174e+18,16.91117286682129,QSO,,Composite model - SMC,70269.91422212026,1.0682235466203904,0.00015812396787484584,0.1298401723198301,0.0013202759444367052,0.1298401723198301,0.0013202759444367052,SMC,70269.91422212026,-1.2332522654311417,17.679,0.012,17.399,0.005,17.116,0.005,17.14,0.006,17.175,0.01,Surveyphotometry.dat crossmatch,99.999,99.999,16.505,0.012,15.974,0.013,15.255,0.014,Surveyphotometry.dat crossmatch,13.806,0.025,12.426,0.024,9.593,0.037,7.525,0.151,Surveyphotometry.dat crossmatch
spec-2016-53799-0634.fits,SDSS J131327.42+354624.8,198.36429434604983,35.7735768662203,1.4742259120765732e+18,18.188621520996094,QSO,QSO,xPCA,4290.741542756117,1.1040560106143191,0.0003209876076983243,,,5.393403822509524e-12,4.417317968101849e-05,SMC,6538.775752486211,-1.0611199129466629,18.443,0.014,18.361,0.007,18.195,0.007,18.249,0.009,18.284,0.02,Surveyphotometry.dat crossmatch,99.999,99.999,17.534,0.033,16.949,0.053,16.179,0.036,Surveyphotometry.dat crossmatch,14.698,0.031,13.473,0.03,10.456,0.064,8.041,0.218,Surveyphotometry.dat crossmatch
sdssJ132342+251155_combined.dat,sdssJ132342+251155_combined,200.92834600583151,25.19868845591753,1.4467207052906158e+18,,BAL_QSO,QSO-MIDZ,xPCA,101.98613605938161,1.0094166662179829,0.0003521996870267279,,,1.0499457176377019e-07,0.00506623278978258,LMC,1232.573029664432,-1.396017211044804,20.687,0.074,19.563,0.012,18.901,0.01,18.836,0.012,18.509,0.02,Surveyphotometry.dat crossmatch,99.999,99.999,17.118,0.018,16.686,0.022,15.904,0.02,Surveyphotometry.dat crossmatch,14.342,0.029,13.267,0.03,10.55,0.081,7.605,0.147,Surveyphotometry.dat crossmatch
spec-2243-53794-0226.fits,spec-2243-53794-0226,198.24833483748148,26.473337799600937,1.459761016275331e+18,17.468624114990234,QSO,QSO,xPCA,7235.62099816855,0.060449520339044716,2.4665582905260368e-05,,,1.6524905260467422,0.003701179980478697,MW,106026.83413157838,-1.4954478366747523,16.889,0.012,15.874,0.003,15.32,0.003,14.986,0.003,14.721,0.0,Surveyphotometry.dat crossmatch,99.999,99.999,15.436,0.005,14.737,0.005,14.253,0.006,Surveyphotometry.dat crossmatch,12.968,0.035,12.654,0.035,9.821,0.062,7.42,0.226,Surveyphotometry.dat crossmatch
spec-10250-58472-0372.fits,SDSS J124717.39+323236.5,191.8225265953579,32.54348936911125,1.5140790510552038e+18,18.447460174560547,QSO,QSO,xPCA,20207.295684392106,2.457121307470579,0.00039648582421947844,,,0.09853368944696739,0.003261502724579937,MW,46078.69170113557,-1.2042931980087708,19.568,0.033,18.79,0.008,18.692,0.01,18.636,0.011,18.548,0.03,Surveyphotometry.dat crossmatch,99.999,99.999,17.473,0.027,17.116,0.04,16.517,0.04,Surveyphotometry.dat crossmatch,15.75,0.046,14.649,0.055,11.048,0.138,8.705,0.362,Surveyphotometry.dat crossmatch
spec-2028-53818-0281.fits,SDSS J134130.68+334512.2,205.37783973290507,33.753422957483544,1.4705350577009871e+18,18.143630981445312,QSO,QSO,xPCA,5077.2797732827785,1.6239815434190632,0.00018178804853930395,,,0.012462018702528336,0.004085226140295895,MW,6223.505546287938,-1.102616169581071,18.78,0.018,18.69,0.008,18.559,0.009,18.273,0.009,18.272,0.02,Surveyphotometry.dat crossmatch,99.999,99.999,16.972,0.021,16.337,0.017,16.067,0.025,Surveyphotometry.dat crossmatch,14.899,0.032,13.556,0.03,10.318,0.068,8.044,0.226,Surveyphotometry.dat crossmatch
spec-2112-53534-0042.fits,SDSS J132707.05+313838.6,201.77940385829604,31.64406313607469,1.4685683406368036e+18,18.94644546508789,QSO,QSO,xPCA,12505.33655131581,2.80811451754377,0.0002203898802844205,,,0.0787296492871674,0.00498710925525591,MW,13911.817984512603,-2.232358377288298,19.826,0.038,18.842,0.009,18.761,0.01,18.743,0.012,18.659,0.03,Surveyphotometry.dat crossmatch,99.999,99.999,17.468,0.024,17.208,0.044,16.68,0.052,Surveyphotometry.dat crossmatch,15.785,0.043,14.959,0.058,11.474,0.167,99.999,99.999,Surveyphotometry.dat crossmatch
spec-3971-55322-0118.fits,SDSS J124702.05+340358.1,191.75856228888935,34.06613494295751,1.5151124201867996e+18,18.612730026245117,QSO,QSO-MIDZ,xPCA,4350.11653502033,1.1716508386748434,0.0002758791685154209,,,0.9761668251159843,0.0022461910559858356,SMC,4606.130690664366,-1.0740021347545554,20.333,0.05,19.197,0.01,18.357,0.008,18.045,0.008,17.937,0.02,Surveyphotometry.dat crossmatch,99.999,99.999,16.93,0.021,16.302,0.02,15.47,0.018,Surveyphotometry.dat crossmatch,13.846,0.026,12.434,0.024,9.577,0.036,7.197,0.116,Surveyphotometry.dat crossmatch
spec-2122-54178-0343.fits,SDSS J135908.27+300834.6,209.78449713695952,30.142939984883107,1.4537791533282918e+18,18.76090431213379,QSO,QSO-MIDZ,xPCA,4070.238948471626,0.8794466399015379,0.0003991610527964374,,,3.6739329170067114e-08,0.0010028608641744867,SMC,4187.049558096551,-1.2818380943643204,18.776,0.021,18.565,0.007,18.374,0.008,18.374,0.011,18.298,0.03,Surveyphotometry.dat crossmatch,99.999,99.999,17.251,0.023,16.981,0.04,16.225,0.032,Surveyphotometry.dat crossmatch,14.339,0.026,13.303,0.029,10.758,0.076,8.625,0.295,Surveyphotometry.dat crossmatch
spec-2242-54153-0030.fits,SDSS J131250.25+263603.7,198.20945788479705,26.601049794740337,1.4598114177159788e+18,18.72964859008789,QSO,QSO-MIDZ,xPCA,4397.646846346732,1.4899615834856421,0.00042048155628937714,,,0.02855500200875239,0.0036538326123170487,SMC,4632.680941593055,-1.2214851322950342,19.269,0.026,19.017,0.009,18.859,0.01,18.677,0.011,18.687,0.03,Surveyphotometry.dat crossmatch,99.999,99.999,17.794,0.037,17.002,0.028,16.711,0.042,Surveyphotometry.dat crossmatch,15.395,0.039,14.118,0.04,11.218,0.142,99.999,99.999,Surveyphotometry.dat crossmatch
spec-2242-54153-0611.fits,SDSS J130900.57+280949.8,197.25241271388083,28.16383540669129,1.4609234706506148e+18,18.344160079956055,QSO,QSO,xPCA,5760.144157365975,2.1926882325190107,0.0002475530562667491,,,0.003851717516585961,0.0013862437106520467,SMC,8650.2213030805,-1.0547766583216307,19.004,0.026,18.267,0.007,18.203,0.008,18.087,0.009,18.221,0.02,Surveyphotometry.dat crossmatch,99.999,99.999,17.264,0.02,16.782,0.023,16.105,0.024,Surveyphotometry.dat crossmatch,99.999,99.999,99.999,99.999,99.999,99.999,99.999,99.999,Surveyphotometry.dat crossmatch
spec-2110-53467-0465.fits,SDSS J132949.59+311015.6,202.45661648108415,31.170989855827184,1.4683103720176975e+18,17.91098976135254,QSO,QSO-MIDZ,xPCA,3891.655132131993,1.0172839773950804,0.00026795503481691476,,,4.071831034239276e-12,0.00011017889775369967,SMC,4642.686652457467,-1.1300077825256192,18.29,0.015,18.171,0.006,17.935,0.007,17.937,0.008,17.927,0.02,Surveyphotometry.dat crossmatch,99.999,99.999,16.739,0.012,16.494,0.023,15.815,0.023,Surveyphotometry.dat crossmatch,14.49,0.028,13.215,0.027,10.341,0.059,7.848,0.165,Surveyphotometry.dat crossmatch
spec-6492-56362-0725.fits,SDSS J132901.29+320237.8,202.25539552826743,32.04385128955058,1.4686794643276216e+18,18.51769256591797,QSO,QSO,xPCA,8219.88670147195,2.155613665671565,0.000497386625369401,,,0.10946808679761158,0.0020364548589075285,LMC,24150.749568625368,-1.174934635289584,19.251,0.026,18.867,0.009,18.761,0.01,18.638,0.012,18.381,0.02,Surveyphotometry.dat crossmatch,99.999,99.999,17.651,0.036,17.128,0.031,16.365,0.031,Surveyphotometry.dat crossmatch,15.61,0.039,14.334,0.04,10.881,0.097,8.584,0.33,Surveyphotometry.dat crossmatch
spec-2237-53828-0538.fits,SDSS J124127.14+304634.4,190.3630837486589,30.77620675372916,4.011492479437439e+18,18.79551124572754,QSO,QSO-MIDZ,xPCA,3798.8063642863167,1.1941265029094554,0.000338035694564869,,,6.986380901964975e-11,2.2078772921371574e-05,MW,11797.377091874923,-1.0568696262935031,19.014,0.025,18.905,0.009,18.75,0.01,18.775,0.014,18.837,0.04,Surveyphotometry.dat crossmatch,99.999,99.999,18.168,0.05,17.496,0.064,16.794,0.053,Surveyphotometry.dat crossmatch,15.419,0.04,14.026,0.04,11.095,0.127,8.643,0.343,Surveyphotometry.dat crossmatch
spec-6493-56338-0252.fits,SDSS J134412.79+285216.2,206.0533084215187,28.87119560795735,1.454916220151065e+18,18.121679306030273,BAL_QSO,QSO,xPCA,17639.39075740132,2.3956724236690943,0.00019757731144353011,,,0.13252510199707634,0.0011194512679155583,SMC,26887.807110110465,-1.1036400188210824,18.977,0.022,18.322,0.007,18.224,0.007,18.185,0.01,18.038,0.02,Surveyphotometry.dat crossmatch,99.999,99.999,16.965,0.02,16.415,0.019,15.604,0.018,Surveyphotometry.dat crossmatch,15.093,0.035,14.077,0.04,11.004,0.115,8.786,0.407,Surveyphotometry.dat crossmatch
spec-2648-54485-0143.fits,SDSS J124537.83+221120.8,191.40764683630888,22.18916091297829,3.955852311989117e+18,18.401002883911133,QSO,QSO,xPCA,7965.318283829153,1.834304695118115,0.00031912433348444595,,,9.124057748482323e-10,5.213651983284749e-05,MW,15408.68744231081,-1.0148970815477205,18.486,0.016,18.463,0.007,18.408,0.008,18.179,0.008,18.128,0.02,Surveyphotometry.dat crossmatch,99.999,99.999,17.347,0.025,17.048,0.03,16.289,0.032,Surveyphotometry.dat crossmatch,15.347,0.038,14.093,0.044,11.045,0.13,8.448,0.309,Surveyphotometry.dat crossmatch
spec-2029-53819-0205.fits,SDSS J130353.64+302632.9,195.97350666953136,30.442487756147816,1.4645046530342088e+18,18.20327377319336,QSO,QSO,xPCA,4611.509241116388,1.7025267415787781,0.00018620112264963626,,,0.013310497297029829,0.0016925181244638364,SMC,6204.802186617345,-1.1040691202627275,18.187,0.015,18.058,0.006,17.976,0.007,17.655,0.007,17.757,0.02,Surveyphotometry.dat crossmatch,99.999,99.999,17.125,0.02,16.623,0.024,16.229,0.028,Surveyphotometry.dat crossmatch,14.981,0.034,13.595,0.034,10.275,0.057,8.204,0.267,Surveyphotometry.dat crossmatch
spec-1994-53845-0538.fits,spec-1994-53845-0538,194.4092419070117,31.55777827807096,1.4655983922271703e+18,18.323318481445312,GALAXY,GALAXY-PASS,xPCA,4627.271798656592,0.0789133536782171,1.0193310120001633e-05,,,1.2582994619728565,0.002317851166588558,LMC,834920.1651069976,-1.342631428088532,17.854,0.016,16.211,0.003,15.621,0.003,15.375,0.003,15.182,0.0,Surveyphotometry.dat crossmatch,99.999,99.999,99.999,99.999,14.354,0.005,13.969,0.005,Surveyphotometry.dat crossmatch,13.057,0.025,12.967,0.026,11.927,0.234,99.999,99.999,Surveyphotometry.dat crossmatch
spec-2661-54505-0201.fits,SDSS J125003.77+243958.3,192.51574237594008,24.66623601764693,3.9578703968625004e+18,18.468244552612305,QSO,QSO,xPCA,3705.9519360797376,1.759116256254011,0.0005318875115648365,,,4.5287429622370423e-10,3.445047155708258e-05,SMC,6219.264120826989,-1.0788907103762075,18.826,0.019,18.734,0.008,18.768,0.01,18.583,0.011,18.569,0.03,Surveyphotometry.dat crossmatch,99.999,99.999,17.94,0.037,17.532,0.051,17.039,0.054,Surveyphotometry.dat crossmatch,15.758,0.048,14.459,0.052,10.915,0.114,8.271,0.215,Surveyphotometry.dat crossmatch
spec-3853-55268-0336.fits,SDSS J134942.77+343700.1,207.42820109506656,34.616699425802175,1.4590167843431946e+18,18.154598236083984,QSO,QSO,xPCA,43555.64657728568,2.892843131574103,0.00035605992335733443,,,0.12021091619663943,0.0009787417924129738,SMC,64113.35290520161,-1.96607261741271,20.265,0.043,18.96,0.009,18.803,0.01,18.668,0.011,18.645,0.03,Surveyphotometry.dat crossmatch,99.999,99.999,17.323,0.03,16.876,0.048,16.573,0.048,Surveyphotometry.dat crossmatch,15.579,0.041,14.754,0.056,11.329,0.157,8.824,0.366,Surveyphotometry.dat crossmatch
spec-2243-53794-0181.fits,SDSS J131344.50+262729.5,198.4354819712368,26.458221156117865,1.4597586067980541e+18,18.67527961730957,QSO,QSO,xPCA,4521.728328810401,1.5393855167541417,0.00032607401071278074,,,0.16453381203210013,0.0028756436918994377,SMC,6146.706650806211,-1.1257952854984103,19.054,0.021,18.782,0.008,18.628,0.009,18.453,0.01,18.456,0.02,Surveyphotometry.dat crossmatch,99.999,99.999,17.468,0.023,16.925,0.031,99.999,99.999,Surveyphotometry.dat crossmatch,15.241,0.035,13.778,0.034,10.555,0.075,7.976,0.158,Surveyphotometry.dat crossmatch
spec-5992-56066-0676.fits,SDSS J130712.54+234100.7,196.8022610284457,23.683565452054715,3.945034182724057e+18,18.65435791015625,QSO,QSO,xPCA,21949.060217226808,2.5083413299376156,0.00014729009762668515,,,0.006314348941773306,0.0034424294683020086,MW,24001.289971454786,-1.1094778587000746,19.401,0.024,18.801,0.008,18.751,0.01,18.675,0.012,18.409,0.02,Surveyphotometry.dat crossmatch,99.999,99.999,17.196,0.018,16.652,0.018,15.726,0.016,Surveyphotometry.dat crossmatch,15.349,0.038,14.627,0.055,11.305,0.152,8.775,0.391,Surveyphotometry.dat crossmatch
spec-3982-55332-0721.fits,SDSS J132607.33+350825.4,201.5305253910017,35.14042675643675,1.4733054533424156e+18,18.58125114440918,QSO,QSO,xPCA,64044.48117150607,2.492609251016599,0.0001361077798319612,,,0.09458133436572877,0.0009803477408456135,SMC,66753.85977044424,-1.1696570434461553,19.713,0.04,18.58,0.008,18.56,0.009,18.261,0.01,18.462,0.02,Surveyphotometry.dat crossmatch,99.999,99.999,17.216,0.027,16.694,0.038,15.778,0.033,Surveyphotometry.dat crossmatch,99.999,99.999,99.999,99.999,99.999,99.999,99.999,99.999,Surveyphotometry.dat crossmatch
spec-2116-53854-0165.fits,SDSS J135225.88+293830.4,208.10785722366143,29.64180996674129,1.4523961738594908e+18,18.261058807373047,QSO,QSO,xPCA,16339.261001563213,2.925293088135338,0.00019515807278839358,,,0.33090297576721656,0.003531040156280446,MW,21209.891522998725,-1.886278978836719,19.749,0.037,18.393,0.007,18.249,0.008,18.179,0.01,18.116,0.02,Surveyphotometry.dat crossmatch,99.999,99.999,17.152,0.021,16.737,0.025,16.29,0.032,Surveyphotometry.dat crossmatch,14.761,0.031,14.014,0.036,10.442,0.065,7.936,0.168,Surveyphotometry.dat crossmatch
spec-2023-53851-0291.fits,SDSS J131325.13+342227.9,198.3547208454985,34.37441059457735,1.473805559334085e+18,18.83747673034668,QSO,QSO-MIDZ,xPCA,3955.4420977177892,0.6669017402824318,0.0002102226387196838,,,0.18284834896839444,0.008639732755183996,MW,4836.051075331147,-1.4637776522693788,19.064,0.023,18.704,0.008,18.757,0.01,18.681,0.011,18.823,0.03,Surveyphotometry.dat crossmatch,99.999,99.999,18.074,0.068,17.452,0.056,16.444,0.042,Surveyphotometry.dat crossmatch,14.766,0.031,13.511,0.03,10.92,0.101,8.427,0.281,Surveyphotometry.dat crossmatch
spec-5997-56309-0854.fits,SDSS J132012.14+271447.2,200.05060517602172,27.24646527637739,1.4493934806179732e+18,18.742834091186523,QSO,QSO,xPCA,4817.520900339538,2.008963302414394,0.00016338815336161986,,,0.05670946153231536,0.001237573784322897,SMC,7394.641447039423,-1.0412332126618824,18.846,0.018,18.844,0.008,18.763,0.009,18.643,0.011,18.503,0.03,Surveyphotometry.dat crossmatch,99.999,99.999,17.82,0.04,17.41,0.045,16.79,0.052,Surveyphotometry.dat crossmatch,15.901,0.046,14.53,0.048,11.449,0.175,99.999,99.999,Surveyphotometry.dat crossmatch
spec-1987-53765-0422.fits,SDSS J124722.49+342727.0,191.8437128113928,34.457482020299985,1.5151510405328748e+18,18.045717239379883,QSO,QSO,xPCA,17524.10664122038,2.4886719289525203,0.00026967575996658693,,,6.533469267986855e-11,0.00010072726572617644,LMC,19398.23793323602,-1.0347706318029697,18.722,0.018,18.126,0.006,18.146,0.007,18.163,0.009,17.925,0.02,Surveyphotometry.dat crossmatch,99.999,99.999,16.88,0.021,16.261,0.027,15.512,0.02,Surveyphotometry.dat crossmatch,15.012,0.034,14.009,0.039,10.513,0.073,8.201,0.245,Surveyphotometry.dat crossmatch
spec-2022-53827-0222.fits,SDSS J124307.57+353907.1,190.78154662631263,35.65197063820271,1.5184721196999178e+18,17.386314392089844,QSO,QSO,xPCA,4203.849903216535,0.547355133246471,4.0403497664359313e-05,,,1.746887221465085e-11,3.535500599620363e-05,SMC,7151.559945956507,-1.2572228682062616,17.614,0.01,17.316,0.005,17.404,0.005,17.269,0.006,17.332,0.01,Surveyphotometry.dat crossmatch,99.999,99.999,16.242,0.014,99.999,99.999,14.706,0.011,Surveyphotometry.dat crossmatch,12.978,0.023,11.992,0.021,9.292,0.032,6.814,0.068,Surveyphotometry.dat crossmatch
spec-2117-54115-0151.fits,SDSS J135513.34+314557.4,208.8056202133256,31.765963389161755,1.4571874332166487e+18,17.543493270874023,QSO,QSO,xPCA,16556.051866669222,1.6198101139323198,0.00023946184273285572,,,0.04267327823450365,0.00117263855608523,SMC,23923.942583139753,-1.0431520527732188,17.886,0.011,17.539,0.005,17.441,0.005,17.215,0.006,17.2,0.01,Surveyphotometry.dat crossmatch,99.999,99.999,16.448,0.012,15.876,0.018,15.545,0.02,Surveyphotometry.dat crossmatch,14.089,0.026,12.824,0.025,10.021,0.047,8.242,0.2,Surveyphotometry.dat crossmatch
spec-10248-58220-0348.fits,spec-10248-58220-0348,190.4224266154275,34.675279789864646,1.5153102979200832e+18,18.9434814453125,STAR,STAR-WD,xPCA,3502.6632822631655,0.01,0.0008215626452507191,,,4.061709735908581e-10,2.86409247125192e-05,SMC,152956.2482089417,-0.9774030356780229,20.089,0.04,19.85,0.014,19.543,0.014,19.277,0.015,19.064,0.04,Surveyphotometry.dat crossmatch,99.999,99.999,17.439,0.033,16.802,0.04,16.061,0.03,Surveyphotometry.dat crossmatch,14.994,0.034,14.494,0.049,12.134,0.274,99.999,99.999,Surveyphotometry.dat crossmatch
spec-6494-56363-0722.fits,spec-6494-56363-0722,208.53459543910355,30.834623395551667,1.4569786333817073e+18,18.640201568603516,GALAXY,GALAXY,xPCA,8607.725646352623,0.04170581015604083,7.3271996017555335e-06,,,2.135870472216964,0.00178990359807929,SMC,1028594.0038886104,-1.0790457246812328,16.374,0.008,14.832,0.002,14.138,0.002,13.762,0.002,13.503,0.0,Surveyphotometry.dat crossmatch,99.999,99.999,14.283,0.003,13.622,0.003,13.225,0.003,Surveyphotometry.dat crossmatch,11.43,0.023,11.267,0.021,7.254,0.016,5.546,0.035,Surveyphotometry.dat crossmatch
spec-2664-54524-0116.fits,SDSS J132540.14+235406.1,201.4172661516428,23.901703566093047,1.4462615518114388e+18,18.52889633178711,BAL_QSO,QSO,xPCA,4113.217853028729,2.0926878855980067,0.0006560227835919252,,,3.3299018653131646e-11,0.0008620751354165799,SMC,5402.4596405109605,-1.0879600164238026,18.851,0.019,18.75,0.008,18.642,0.009,18.572,0.011,18.33,0.03,Surveyphotometry.dat crossmatch,99.999,99.999,17.767,0.031,17.265,0.039,16.665,0.042,Surveyphotometry.dat crossmatch,15.773,0.046,14.549,0.053,11.279,0.149,99.999,99.999,Surveyphotometry.dat crossmatch
sdssJ124216+243332_combined.dat,sdssJ124216+243332_combined,190.5707611587311,24.559094771075276,3.959401672962332e+18,,QSO,,Composite model - SMC,89.26435301268776,1.4765693593346274,0.0020140630274313454,0.006008598979776324,0.061948873209842284,0.006008598979776324,0.061948873209842284,SMC,89.26435301268776,-1.4601788797158355,19.667,0.032,19.643,0.013,19.435,0.014,19.307,0.015,19.375,0.05,Surveyphotometry.dat crossmatch,99.999,99.999,18.428,0.055,17.688,0.061,17.357,0.075,Surveyphotometry.dat crossmatch,15.727,0.045,14.625,0.053,11.837,0.228,8.481,0.277,Surveyphotometry.dat crossmatch
spec-2653-54230-0571.fits,SDSS J133503.67+223052.8,203.7652993395131,22.51465258726595,1.4421692425481498e+18,18.730119705200195,QSO,QSO,xPCA,16240.871179569662,2.968646579817891,0.0002470224275693477,,,0.034449271483726444,0.002592184247329106,LMC,18977.683617311388,-1.4363859400953325,20.246,0.044,19.055,0.009,18.944,0.01,18.899,0.013,18.759,0.03,Surveyphotometry.dat crossmatch,99.999,99.999,17.57,0.032,17.101,0.03,16.68,0.038,Surveyphotometry.dat crossmatch,15.835,0.046,14.916,0.066,11.462,0.198,8.673,0.397,Surveyphotometry.dat crossmatch
spec-2666-54230-0228.fits,SDSS J134027.88+234056.0,205.1161926205297,23.682237525351457,1.4438503571716992e+18,18.79545021057129,QSO,QSO,xPCA,4418.022271964446,1.6273634019395173,0.0002858407145623438,,,0.20193995264294598,0.004137407753743438,SMC,6043.299461260844,-1.4706972934163909,19.358,0.028,19.144,0.01,18.945,0.011,18.64,0.01,18.559,0.03,Surveyphotometry.dat crossmatch,99.999,99.999,17.708,0.029,16.969,0.033,16.72,0.048,Surveyphotometry.dat crossmatch,15.111,0.034,13.515,0.031,10.245,0.051,8.038,0.176,Surveyphotometry.dat crossmatch
spec-2006-53476-0073.fits,SDSS J130543.81+333531.5,196.43256204051437,33.59211226316592,1.4677028574827814e+18,17.726415634155273,QSO,QSO-MIDZ,xPCA,4807.071157450187,0.48836688930769756,8.570976110359467e-05,,,1.7790844291471972e-10,1.7082531198015042e-05,MW,17361.102739198064,-1.5898889730941204,17.92,0.011,17.665,0.005,17.865,0.006,17.779,0.007,17.739,0.01,Surveyphotometry.dat crossmatch,99.999,99.999,16.814,0.02,16.025,0.015,14.998,0.011,Surveyphotometry.dat crossmatch,13.47,0.023,12.376,0.023,9.873,0.046,7.442,0.142,Surveyphotometry.dat crossmatch
spec-2118-53820-0435.fits,SDSS J135344.91+274734.5,208.43715018602109,27.792945039551025,1.4518884743655286e+18,18.074953079223633,QSO,QSO,xPCA,13753.505183296209,2.3785075993236218,0.0005335266633659746,,,0.17332480014969448,0.001305263206160992,SMC,43133.25708777511,-1.3133153697998365,19.05,0.022,18.486,0.007,18.182,0.007,18.085,0.008,17.904,0.02,Surveyphotometry.dat crossmatch,99.999,99.999,16.985,0.018,16.325,0.021,15.644,0.018,Surveyphotometry.dat crossmatch,14.914,0.032,14.088,0.036,10.62,0.066,8.797,0.328,Surveyphotometry.dat crossmatch
spec-5977-56098-0086.fits,SDSS J131713.33+234716.4,199.305563467052,23.787898614853205,1.446153048052923e+18,18.925905227661133,QSO,QSO,xPCA,39022.63243533908,2.898494187835838,0.0002680758507936819,,,0.16699366065622395,0.0028953180633574382,MW,44601.776733669336,-2.1549612550241886,20.63,0.055,19.061,0.01,18.92,0.01,18.803,0.017,18.633,0.03,Surveyphotometry.dat crossmatch,99.999,99.999,17.411,0.026,16.886,0.026,16.399,0.034,Surveyphotometry.dat crossmatch,15.489,0.04,14.661,0.063,11.48,0.177,9.011,0.49,Surveyphotometry.dat crossmatch
spec-2009-53904-0050.fits,SDSS J131233.30+283200.8,198.138733629604,28.533561863061617,1.4610404698540165e+18,18.98851203918457,QSO,QSO-MIDZ,xPCA,3902.338346264579,0.897798067228837,0.0004978538574637105,,,0.0802254760077843,0.00794387963560042,MW,4023.568913152112,-1.8001463878137784,19.544,0.034,19.255,0.012,19.068,0.012,19.087,0.017,18.862,0.04,Surveyphotometry.dat crossmatch,99.999,99.999,99.999,9.999,17.557,0.054,16.569,0.035,Surveyphotometry.dat crossmatch,15.019,0.034,13.719,0.033,10.71,0.098,8.072,0.205,Surveyphotometry.dat crossmatch
spec-2022-53827-0055.fits,SDSS J124720.81+353135.9,191.8367324369549,35.5266155889603,1.5169009820076984e+18,18.784854888916016,QSO,QSO-MIDZ,xPCA,3540.5071203634516,1.3022850991875292,0.0007838347781700124,,,0.1396151649045865,0.006596351704519304,MW,3617.0254193153514,-1.3611933499946625,19.317,0.025,19.156,0.01,18.868,0.01,18.851,0.013,18.844,0.03,Surveyphotometry.dat crossmatch,99.999,99.999,17.956,0.064,99.999,99.999,16.593,0.055,Surveyphotometry.dat crossmatch,15.094,0.035,13.814,0.035,11.076,0.13,99.999,99.999,Surveyphotometry.dat crossmatch
spec-1993-53762-0206.fits,spec-1993-53762-0206,203.1084628406828,33.512376758581574,1.4699097834772293e+18,18.641178131103516,GALAXY,GALAXY-PASS,xPCA,5434.78633355669,0.02385443064927906,1.039887151319703e-05,,,2.221405321014879,0.0027765622789730493,LMC,744764.4614847876,-0.9850066003070805,16.919,0.011,15.213,0.002,14.46,0.002,14.097,0.002,13.816,0.0,Surveyphotometry.dat crossmatch,99.999,99.999,14.203,0.002,13.563,0.003,13.267,0.003,Surveyphotometry.dat crossmatch,12.127,0.022,12.155,0.022,11.627,0.201,99.999,99.999,Surveyphotometry.dat crossmatch
spec-2243-53794-0605.fits,SDSS J132018.12+275015.8,200.07549990528116,27.837726355197063,1.461460414575377e+18,18.851255416870117,QSO,QSO-MIDZ,xPCA,4006.0477421532937,1.2944840580878434,0.0004543793673604697,,,5.514168060962582e-11,4.023579705143208e-05,SMC,6161.376890416698,-1.147706671784057,19.322,0.028,19.214,0.011,18.996,0.011,18.93,0.014,18.908,0.04,Surveyphotometry.dat crossmatch,99.999,99.999,17.96,0.041,17.275,0.036,16.89,0.048,Surveyphotometry.dat crossmatch,15.351,0.035,14.162,0.038,10.929,0.107,8.133,0.192,Surveyphotometry.dat crossmatch
spec-1994-53845-0381.fits,SDSS J125338.10+323450.9,193.4087578994448,32.58081485093348,1.513942097433808e+18,18.865400314331055,QSO,QSO,xPCA,5667.915077098101,0.5115064334102228,6.27237907606248e-05,,,2.955758259134099e-10,0.00021351596333625173,SMC,10099.863598620943,-2.767426037461115,19.389,0.029,19.046,0.01,19.222,0.013,19.069,0.014,19.046,0.04,Surveyphotometry.dat crossmatch,99.999,99.999,18.068,0.052,17.254,0.053,16.366,0.041,Surveyphotometry.dat crossmatch,15.04,0.034,13.954,0.037,11.538,0.178,8.236,0.249,Surveyphotometry.dat crossmatch
spec-2664-54524-0169.fits,SDSS J132325.62+234303.4,200.85677368085288,23.71763385484204,1.4462439982805228e+18,18.972270965576172,QSO,QSO-MIDZ,xPCA,4202.569674724582,1.1022772956487663,0.000419617940355735,,,0.37100031029177966,0.006598378944119215,SMC,4332.004416364074,-1.5515505250334674,19.565,0.029,19.391,0.011,19.027,0.011,18.889,0.013,18.909,0.03,Surveyphotometry.dat crossmatch,99.999,99.999,17.784,0.037,17.163,0.033,16.629,0.041,Surveyphotometry.dat crossmatch,15.368,0.038,14.257,0.046,11.257,0.143,99.999,99.999,Surveyphotometry.dat crossmatch
spec-2104-53852-0161.fits,SDSS J131840.15+305752.6,199.66731270803265,30.96461941338845,1.4632204191579297e+18,18.97279167175293,QSO,QSO-MIDZ,xPCA,3936.5489293757705,0.6074223404843828,0.00017229398938321973,,,2.157470141395893e-09,8.936393125659017e-05,LMC,7291.907315774936,-1.1441852135386505,18.781,0.02,18.54,0.008,18.691,0.01,18.473,0.012,18.513,0.03,Surveyphotometry.dat crossmatch,99.999,99.999,17.367,0.02,16.498,0.02,15.449,0.017,Surveyphotometry.dat crossmatch,13.919,0.027,13.025,0.027,10.373,0.078,8.384,0.289,Surveyphotometry.dat crossmatch
spec-5997-56309-0690.fits,SDSS J131706.19+271416.7,199.27581371669456,27.237987383310887,1.4599251140901555e+18,17.85746955871582,QSO,QSO,xPCA,98138.58831170527,2.6586839913324614,0.00028909666828815086,,,0.1289706496071241,0.0009377389955006477,LMC,154897.19251866292,-1.3688742436038024,18.72,0.017,18.114,0.006,18.045,0.007,17.975,0.008,17.868,0.01,Surveyphotometry.dat crossmatch,99.999,99.999,16.901,0.018,16.525,0.019,16.04,0.027,Surveyphotometry.dat crossmatch,15.259,0.033,14.204,0.04,10.376,0.07,8.119,0.207,Surveyphotometry.dat crossmatch
spec-2002-53471-0123.fits,spec-2002-53471-0123,199.897711034864,27.969266956656224,1.4614746395070367e+18,18.709775924682617,GALAXY,GALAXY-PASS,xPCA,3348.59546051307,0.07311574845166748,2.8290218076160305e-05,,,1.1593141298023786,0.006165257118485368,SMC,191585.00432919242,-1.3127702628197275,19.696,0.041,18.043,0.006,17.427,0.005,17.121,0.006,16.913,0.01,Surveyphotometry.dat crossmatch,99.999,99.999,15.975,0.008,15.335,0.007,14.919,0.01,Surveyphotometry.dat crossmatch,14.558,0.028,14.41,0.042,99.999,99.999,99.999,99.999,Surveyphotometry.dat crossmatch
spec-2110-53467-0030.fits,SDSS J133422.49+304412.5,203.59372906697683,30.73680709880341,1.4563077208351089e+18,18.04840850830078,QSO,QSO-MIDZ,xPCA,3572.8541209386867,1.3552119705693912,0.0003483928936699111,,,4.039781367499301e-11,0.0001787385207678223,LMC,4324.671460511121,-1.0636850176532995,18.299,0.015,18.148,0.006,18.027,0.007,18.022,0.008,18.098,0.02,Surveyphotometry.dat crossmatch,99.999,99.999,17.236,0.023,16.509,0.023,16.257,0.028,Surveyphotometry.dat crossmatch,14.836,0.032,13.526,0.031,10.636,0.077,8.504,0.309,Surveyphotometry.dat crossmatch
spec-2241-54169-0297.fits,spec-2241-54169-0297,193.31708063837556,27.09444229286295,3.961651003170658e+18,18.361228942871094,GALAXY,GALAXY-PASS,xPCA,5060.183754017773,0.020556833717003915,9.787054695584253e-06,,,2.6253952536262353,0.0023691696416965335,LMC,889223.8802402209,-1.0740352564756626,16.064,0.009,14.338,0.002,13.57,0.002,13.175,0.002,12.894,0.0,Surveyphotometry.dat crossmatch,99.999,99.999,13.792,0.002,13.1,0.002,12.79,0.002,Surveyphotometry.dat crossmatch,11.318,0.023,11.375,0.021,9.546,0.037,8.068,0.223,Surveyphotometry.dat crossmatch
spec-2246-53767-0551.fits,spec-2246-53767-0551,205.7458754230839,26.263668367348338,1.4453613309615882e+18,18.840478897094727,GALAXY,GALAXY-PASS,xPCA,6697.696111731224,0.06730857829113335,1.170769356195613e-05,,,2.4550143663596917,0.002462172053206091,LMC,879512.5463684254,-1.2061298502977524,17.631,0.02,15.801,0.003,14.935,0.002,14.513,0.002,14.266,0.0,Surveyphotometry.dat crossmatch,99.999,99.999,14.575,0.003,13.908,0.003,13.432,0.005,Surveyphotometry.dat crossmatch,12.329,0.024,12.305,0.023,11.742,0.206,99.999,99.999,Surveyphotometry.dat crossmatch
spec-2237-53828-0121.fits,SDSS J124031.76+284348.2,190.1323461674841,28.730060545039965,3.9629844316014013e+18,18.416942596435547,QSO,QSO,xPCA,18034.935749561202,2.3958617403937157,0.00020831016791776654,,,0.1755562444962648,0.002911464204340547,LMC,27515.165360382503,-1.1734613590012928,18.836,0.021,18.355,0.007,18.327,0.008,18.32,0.01,18.107,0.02,Surveyphotometry.dat crossmatch,99.999,99.999,17.415,0.031,16.816,0.024,16.059,0.028,Surveyphotometry.dat crossmatch,15.448,0.039,14.272,0.044,10.875,0.105,99.999,99.999,Surveyphotometry.dat crossmatch
spec-6493-56338-0954.fits,SDSS J134927.72+305251.0,207.36552181361975,30.88084870496464,1.4572013832700754e+18,18.155336380004883,BAL_QSO,GALAXY-PASS,xPCA,16577.775412948526,0.8645648688223264,0.0005772748132864119,,,3.427851848614203,0.00638895380294513,LMC,20423.24626552905,-2.1003416763993994,21.824,0.148,20.27,0.018,18.47,0.008,17.485,0.006,17.051,0.01,Surveyphotometry.dat crossmatch,99.999,99.999,15.677,0.008,15.131,0.007,14.414,0.006,Surveyphotometry.dat crossmatch,13.576,0.024,12.786,0.025,9.328,0.032,6.818,0.082,Surveyphotometry.dat crossmatch
spec-2117-54115-0622.fits,SDSS J135956.19+332728.4,209.9841382982264,33.457938375270764,1.4579482265431514e+18,18.637041091918945,QSO,QSO-MIDZ,xPCA,3925.1427308531443,1.403421821710733,0.00027736931467619994,,,0.04874834975174632,0.0026327209382810274,SMC,4442.797824055733,-1.231301782441307,18.795,0.02,18.769,0.008,18.569,0.009,18.473,0.011,18.51,0.03,Surveyphotometry.dat crossmatch,99.999,99.999,17.566,0.031,16.91,0.027,16.666,0.043,Surveyphotometry.dat crossmatch,15.35,0.039,13.819,0.034,10.684,0.076,8.639,0.254,Surveyphotometry.dat crossmatch
spec-5984-56337-0182.fits,SDSS J124114.59+252426.8,190.3108044281961,25.40745521241044,3.959713178350302e+18,18.484142303466797,QSO,QSO,xPCA,34304.5121795716,3.0473493100952957,0.00028187310150703377,,,0.08716491433211357,0.0024647262394889707,MW,36420.63275233872,-2.220155218494916,99.999,9.999,99.999,9.999,99.999,9.999,99.999,9.999,99.999,9.999,Surveyphotometry.dat crossmatch,99.999,99.999,17.454,0.029,17.052,0.027,16.656,0.042,Surveyphotometry.dat crossmatch,15.801,0.047,15.017,0.07,11.797,0.219,99.999,99.999,Surveyphotometry.dat crossmatch
spec-5984-56337-0872.fits,SDSS J124204.47+262732.5,190.5186505215825,26.459033462155944,3.961334683123871e+18,17.902395248413086,QSO,QSO,xPCA,36992.92054989963,2.6045984455234064,0.0002586557719165054,,,0.02645488982483012,0.0020998631701167735,MW,64943.40950647514,-1.2918699965547824,18.507,0.016,18.014,0.006,18.024,0.007,18.016,0.008,17.892,0.02,Surveyphotometry.dat crossmatch,99.999,99.999,16.883,0.015,16.52,0.018,15.932,0.022,Surveyphotometry.dat crossmatch,15.256,0.037,14.291,0.048,10.558,0.08,8.324,0.236,Surveyphotometry.dat crossmatch
sdssJ130550+230841_combined.dat,sdssJ130550+230841_combined,196.46192654685177,23.14482812421684,3.9449122056528445e+18,,STAR,K5_+1.0_Dwarf.fits,Stellar-templates,312.96994991389334,,,,,2.9920229884416836,0.037985747895499244,SMC,1026.4861320731886,-1.684414997508164,21.299,0.126,18.9,0.009,17.66,0.006,17.152,0.005,16.804,0.01,Surveyphotometry.dat crossmatch,99.999,99.999,15.657,0.006,15.04,0.006,14.866,0.008,Surveyphotometry.dat crossmatch,14.764,0.03,14.837,0.068,99.999,99.999,99.999,99.999,Surveyphotometry.dat crossmatch
spec-2009-53904-0059.fits,SDSS J131259.02+283600.7,198.24590682377183,28.600188091913395,1.461042600157797e+18,18.28989028930664,QSO,QSO,xPCA,5719.310805322892,1.9973154007878062,0.0008232245695432383,,,9.742690585225807e-09,0.00036148251851472074,MW,9926.354483239747,-1.168261351392549,18.853,0.022,18.661,0.008,18.654,0.009,18.564,0.012,18.428,0.03,Surveyphotometry.dat crossmatch,99.999,99.999,17.609,0.029,17.221,0.038,16.635,0.039,Surveyphotometry.dat crossmatch,15.514,0.043,14.144,0.045,11.004,0.142,99.999,99.999,Surveyphotometry.dat crossmatch
spec-2116-53854-0105.fits,SDSS J135506.26+292550.3,208.7761165931989,29.430640201844927,1.45381987391413e+18,17.508506774902344,QSO,QSO,xPCA,8092.214425141051,2.285867145394828,0.0003630963109519646,,,0.2757654015784617,0.0021969366321888395,LMC,28727.51582735201,-1.1401985790862381,18.297,0.015,17.85,0.005,17.738,0.006,17.756,0.007,17.62,0.01,Surveyphotometry.dat crossmatch,99.999,99.999,16.649,0.015,16.161,0.013,15.521,0.015,Surveyphotometry.dat crossmatch,14.842,0.03,13.805,0.032,10.215,0.051,7.737,0.131,Surveyphotometry.dat crossmatch
spec-2242-54153-0235.fits,SDSS J130240.68+270402.3,195.66951003672816,27.067297476432685,1.4604149465202191e+18,18.11294174194336,QSO,QSO-MIDZ,xPCA,4017.734394291855,1.31254397517076,0.0002815424078271492,,,1.805680044966425e-08,0.0002350748319055177,LMC,6452.089740006445,-1.2549304385358464,19.082,0.023,19.152,0.01,18.772,0.01,18.857,0.013,18.89,0.04,Surveyphotometry.dat crossmatch,99.999,99.999,17.907,0.037,17.028,0.032,16.784,0.049,Surveyphotometry.dat crossmatch,15.575,0.037,14.269,0.041,11.348,0.17,9.066,0.503,Surveyphotometry.dat crossmatch
spec-2245-54208-0320.fits,spec-2245-54208-0320,202.00880007037955,25.78416599455492,1.4482297506399593e+18,18.960906982421875,GALAXY,GALAXY-PASS,xPCA,5308.993071614632,0.07436041921031133,1.836773537005227e-05,,,2.192719239836359,0.004522117487613109,SMC,308116.3616805008,-1.2401461621996774,19.518,0.037,17.581,0.005,16.674,0.004,16.258,0.004,15.937,0.0,Surveyphotometry.dat crossmatch,99.999,99.999,15.34,0.004,14.618,0.004,14.212,0.005,Surveyphotometry.dat crossmatch,13.604,0.025,13.529,0.032,99.999,99.999,99.999,99.999,Surveyphotometry.dat crossmatch
spec-2662-54505-0076.fits,SDSS J130510.37+241345.9,196.29322245214212,24.22944894865522,3.9571263367277804e+18,18.118696212768555,QSO,QSO-MIDZ,xPCA,3574.5912170586807,1.253212028352771,0.00038144754001278957,,,3.2967378013702003e-11,5.323028660794349e-05,SMC,4508.903094359598,-1.1325652857660264,18.935,0.022,19.005,0.009,18.587,0.009,18.583,0.01,18.663,0.03,Surveyphotometry.dat crossmatch,99.999,99.999,17.605,0.03,16.878,0.028,16.476,0.035,Surveyphotometry.dat crossmatch,15.238,0.037,14.035,0.045,10.616,0.106,8.104,0.301,Surveyphotometry.dat crossmatch
spec-2661-54505-0016.fits,SDSS J125718.30+245442.6,194.32625563751063,24.911841083289147,3.958112323780257e+18,17.839262008666992,QSO,QSO-MIDZ,xPCA,4437.6267967830545,1.4969960051873323,0.0004879724309536666,,,2.515256178250297e-11,1.4169504509581728e-05,MW,21736.13222510719,-1.0500538601062448,18.183,0.015,17.973,0.006,17.921,0.007,17.851,0.008,17.916,0.01,Surveyphotometry.dat crossmatch,99.999,99.999,17.058,0.022,16.658,0.024,16.278,0.029,Surveyphotometry.dat crossmatch,15.156,0.033,13.818,0.033,10.647,0.09,8.482,0.346,Surveyphotometry.dat crossmatch
spec-2112-53534-0510.fits,SDSS J132514.96+330555.6,201.3123754740596,33.09878504648788,1.4697314564360753e+18,17.767303466796875,QSO,QSO,xPCA,7937.694546116931,0.3560946418457849,2.4507916811172506e-05,,,0.3170461822664625,0.0027883125133063846,SMC,10752.079651906759,-1.4685702296168475,18.227,0.014,17.966,0.006,17.724,0.006,17.715,0.007,17.362,0.01,Surveyphotometry.dat crossmatch,99.999,99.999,16.396,0.012,15.548,0.014,14.447,0.008,Surveyphotometry.dat crossmatch,12.969,0.024,11.915,0.022,9.225,0.035,7.187,0.11,Surveyphotometry.dat crossmatch
spec-2024-53503-0050.fits,SDSS J134913.87+312902.1,207.3078050444539,31.48391646055979,1.4572825066126515e+18,18.731107711791992,BAL_QSO,QSO,xPCA,21205.43700643129,2.3232451747785148,8.629057232527763e-05,,,4.69914922403801e-09,4.018479361112966e-05,LMC,63406.75629201462,-4.06931700067026,20.028,0.047,18.762,0.008,19.065,0.013,18.967,0.018,18.501,0.04,Surveyphotometry.dat crossmatch,99.999,99.999,17.602,0.027,16.882,0.039,15.679,0.02,Surveyphotometry.dat crossmatch,15.091,0.035,13.901,0.035,9.865,0.047,7.606,0.129,Surveyphotometry.dat crossmatch
spec-2654-54231-0527.fits,spec-2654-54231-0527,205.7443118315535,22.15933261263278,1.2512557128574743e+18,18.656774520874023,GALAXY,GALAXY-PASS,Stellar-templates,1718559.5489466721,0.026685785570050136,9.136428194967927e-06,,,2.1548413315772654,0.003606476327057573,MW,261782.3024954034,-3.877829409133115,17.317,0.015,15.958,0.003,15.23,0.003,14.889,0.003,14.604,0.0,Surveyphotometry.dat crossmatch,99.999,99.999,15.11,0.005,14.443,0.004,13.997,0.005,Surveyphotometry.dat crossmatch,12.627,0.026,12.298,0.026,7.484,0.017,4.139,0.027,Surveyphotometry.dat crossmatch
spec-2653-54230-0578.fits,SDSS J133403.68+222347.4,203.515336867826,22.3965057701033,1.4422085114334996e+18,17.54214096069336,QSO,QSO-MIDZ,xPCA,12629.975202704596,1.6961869356993158,0.00018011595744400839,,,0.06390923203097447,0.0012230760918425648,SMC,34431.40893643951,-0.9992886882773728,18.208,0.014,17.93,0.006,17.834,0.006,17.612,0.007,17.611,0.01,Surveyphotometry.dat crossmatch,99.999,99.999,16.53,0.013,16.028,0.012,15.604,0.016,Surveyphotometry.dat crossmatch,14.462,0.028,13.071,0.027,9.91,0.047,7.509,0.141,Surveyphotometry.dat crossmatch
spec-2663-54234-0077.fits,SDSS J131647.93+240143.5,199.1997127523668,24.02875297800849,1.4461728693267128e+18,18.923856735229492,QSO,QSO-MIDZ,xPCA,3382.1415976862563,1.214878972104144,0.00045742931377194167,,,4.165415047933073e-10,9.437600996832905e-05,MW,5139.874112744743,-1.301906890217526,19.193,0.025,19.195,0.01,18.984,0.011,19.037,0.013,19.264,0.04,Surveyphotometry.dat crossmatch,99.999,99.999,18.458,0.061,17.96,0.077,17.071,0.059,Surveyphotometry.dat crossmatch,15.168,0.035,14.073,0.04,11.375,0.213,8.392,0.278,Surveyphotometry.dat crossmatch
spec-2002-53471-0071.fits,SDSS J132320.55+291007.1,200.8356432770216,29.168641438939083,1.4620552847256686e+18,16.599327087402344,QSO,QSO-MIDZ,xPCA,6187.253569017987,0.968000446931985,0.00019461660244047963,,,2.1170343039375594e-12,1.0947297685054994e-05,SMC,13061.866972271273,-1.0257971639282477,17.145,0.009,16.918,0.004,16.797,0.004,16.835,0.005,16.691,0.01,Surveyphotometry.dat crossmatch,99.999,99.999,15.632,0.006,15.44,0.01,14.697,0.008,Surveyphotometry.dat crossmatch,12.98,0.023,11.637,0.021,8.789,0.025,6.727,0.072,Surveyphotometry.dat crossmatch
spec-1978-53473-0344.fits,SDSS J132652.44+292534.8,201.7185335310604,29.42634904980304,1.462126198929772e+18,16.41033172607422,QSO,QSO-MIDZ,xPCA,4503.170558720344,1.2081572618619631,0.0001917204298915262,,,0.14486448748571099,0.0013143527734126303,SMC,6378.857374041151,-1.057084273264739,16.758,0.007,16.651,0.004,16.439,0.004,16.358,0.004,16.366,0.0,Surveyphotometry.dat crossmatch,99.999,99.999,15.72,0.007,15.201,0.008,14.581,0.008,Surveyphotometry.dat crossmatch,13.13,0.024,11.799,0.022,9.235,0.032,7.623,0.149,Surveyphotometry.dat crossmatch
spec-5995-56093-0054.fits,SDSS J133312.12+222819.0,203.30050393947147,22.47195939799115,1.4421306522665528e+18,18.289474487304688,QSO,QSO,xPCA,46687.90683881729,3.0616326868257797,0.0002822183117832731,,,0.22625503455553408,0.002000278090284413,LMC,81198.64268514719,-2.6914475025625557,21.608,0.154,18.927,0.009,18.385,0.008,18.218,0.009,18.227,0.02,Surveyphotometry.dat crossmatch,99.999,99.999,17.058,0.02,16.683,0.02,16.287,0.026,Surveyphotometry.dat crossmatch,15.368,0.039,14.432,0.051,10.536,0.094,8.224,0.336,Surveyphotometry.dat crossmatch
spec-2244-53795-0180.fits,SDSS J132451.44+262128.8,201.21436141184017,26.358000176180187,1.44904998631437e+18,18.254480361938477,QSO,QSO,xPCA,4706.66414942573,1.881044723233586,0.000223391690898429,,,4.373930687583648e-08,0.0015820822992527214,MW,5943.099460977026,-1.1674613279356238,18.819,0.02,18.8,0.009,18.79,0.01,18.586,0.011,18.447,0.03,Surveyphotometry.dat crossmatch,99.999,99.999,17.616,0.024,17.205,0.029,16.611,0.036,Surveyphotometry.dat crossmatch,15.856,0.05,14.983,0.075,12.101,0.305,99.999,99.999,Surveyphotometry.dat crossmatch
spec-2109-53468-0561.fits,spec-2109-53468-0561,204.77125420181883,33.83506541732906,1.4707175809278991e+18,18.96986961364746,GALAXY,GALAXY-PASS,xPCA,7024.443037799073,0.059706349076559334,1.5981841951909655e-05,,,2.8591746369587323,0.0034242147179854854,LMC,572845.4504497487,-1.1609213301882033,18.02,0.02,16.092,0.003,15.186,0.003,14.753,0.003,14.425,0.0,Surveyphotometry.dat crossmatch,99.999,99.999,14.48,0.003,13.776,0.003,13.384,0.003,Surveyphotometry.dat crossmatch,12.32,0.025,12.364,0.026,11.559,0.185,99.999,99.999,Surveyphotometry.dat crossmatch
SDSS_J133918+221314_combined.dat,SDSS_J133918+221314_combined,204.8268649612405,22.220799699232412,1.4419231538060503e+18,,QSO,QSO-MIDZ,xPCA,763.5871969635258,0.8070492951633965,0.00040314934435929813,,,0.19629073554405604,0.031989597039602496,MW,842.7235575377027,-2.511880628257459,19.66,0.034,19.285,0.011,19.252,0.012,19.329,0.016,19.029,0.04,Surveyphotometry.dat crossmatch,99.999,99.999,17.454,0.029,17.026,0.026,16.184,0.025,Surveyphotometry.dat crossmatch,14.548,0.029,13.729,0.032,11.053,0.104,8.325,0.217,Surveyphotometry.dat crossmatch
spec-2011-53499-0109.fits,SDSS J130048.10+282320.6,195.2004538813218,28.389093811685903,1.4638480040755072e+18,17.402498245239258,QSO,QSO,xPCA,8528.088364727959,1.9248709428060233,0.00019722464121264328,,,0.0018929025837509817,0.0034782398598514836,MW,9817.79050449096,-1.0397948760300983,17.847,0.012,17.96,0.006,17.9,0.006,17.606,0.007,17.496,0.01,Surveyphotometry.dat crossmatch,99.999,99.999,16.418,0.01,16.055,0.015,15.408,0.014,Surveyphotometry.dat crossmatch,14.332,0.028,13.069,0.027,9.601,0.041,7.523,0.158,Surveyphotometry.dat crossmatch
spec-10250-58472-0950.fits,SDSS J125555.59+342212.0,193.98160103600785,34.37003728023484,1.5158880912807532e+18,18.808395385742188,QSO,QSO-MIDZ,xPCA,4321.012503726565,1.2884990507047362,0.0004055808550727792,,,1.128986135265006e-10,4.965550289629989e-05,MW,7032.215301365851,-1.0484851586821982,19.667,0.03,19.74,0.013,19.263,0.012,19.328,0.016,19.491,0.05,Surveyphotometry.dat crossmatch,99.999,99.999,18.592,0.111,17.532,0.054,17.238,0.083,Surveyphotometry.dat crossmatch,15.931,0.05,14.596,0.052,11.345,0.138,9.268,0.535,Surveyphotometry.dat crossmatch
spec-6478-56341-0040.fits,SDSS J124448.28+300302.4,191.20116921349165,30.050705816260795,1.5132105743082977e+18,18.441307067871094,QSO,QSO,xPCA,24016.81468577747,2.749611057305154,0.00023181482898103562,,,0.05310893210936107,0.0029489146103165546,MW,29948.71239699735,-1.8159943146952755,19.744,0.038,18.934,0.009,18.805,0.01,18.758,0.013,18.753,0.04,Surveyphotometry.dat crossmatch,99.999,99.999,17.515,0.024,17.109,0.04,16.805,0.047,Surveyphotometry.dat crossmatch,15.918,0.05,14.928,0.066,11.178,0.154,8.877,0.416,Surveyphotometry.dat crossmatch
spec-2115-53535-0141.fits,spec-2115-53535-0141,207.8065777580913,25.0403210207902,1.45023031204593e+18,18.383441925048828,GALAXY,GALAXY-PASS,xPCA,5614.010203208997,0.027755950648645555,1.2836301049225146e-05,,,1.1652128134254698,0.0013999375850806128,SMC,85596.71982209967,-1.0168627713332887,18.433,0.019,16.636,0.004,15.841,0.003,15.435,0.003,15.12,0.0,Surveyphotometry.dat crossmatch,99.999,99.999,14.479,0.003,13.774,0.003,13.51,0.004,Surveyphotometry.dat crossmatch,12.871,0.024,12.895,0.026,12.804,0.528,99.999,99.999,Surveyphotometry.dat crossmatch
spec-2115-53535-0212.fits,spec-2115-53535-0212,207.7634622640878,24.67034268470199,1.4441692541987064e+18,18.52628517150879,GALAXY,GALAXY-PASS,xPCA,5353.981559622897,0.028276711554969802,9.532821066785851e-06,,,2.8422940553988183,0.002087222855083004,MW,148282.99077339916,-1.0300501761911918,17.106,0.011,15.338,0.003,14.527,0.002,14.122,0.002,13.826,0.0,Surveyphotometry.dat crossmatch,99.999,99.999,14.194,0.002,13.545,0.002,13.23,0.003,Surveyphotometry.dat crossmatch,11.998,0.023,12.039,0.022,11.366,0.149,99.999,99.999,Surveyphotometry.dat crossmatch
spec-1994-53845-0332.fits,SDSS J124938.21+321111.5,192.4092501579856,32.186532483524886,1.5138596641259005e+18,18.51274871826172,QSO,QSO-MIDZ,xPCA,5333.246076121807,0.6713599840080096,0.0002702537561701604,,,0.14322583855534565,0.004791267461886947,MW,6027.462603154125,-1.3531583510496126,18.997,0.022,18.634,0.008,18.618,0.009,18.517,0.01,18.402,0.02,Surveyphotometry.dat crossmatch,99.999,99.999,17.477,0.027,16.833,0.032,16.138,0.028,Surveyphotometry.dat crossmatch,14.532,0.029,13.523,0.031,10.582,0.097,7.925,0.221,Surveyphotometry.dat crossmatch
spec-2246-53767-0501.fits,spec-2246-53767-0501,205.64857777040385,26.259417505994367,1.4453387566134794e+18,17.95819664001465,QSO,QSO,xPCA,17572.324564995295,0.06416752130535652,1.696338442190284e-05,,,0.7326449938208363,0.0030083680417771763,MW,523967.44553808373,-1.7568624311438406,17.93,0.019,17.07,0.005,16.422,0.004,15.963,0.004,15.656,0.0,Surveyphotometry.dat crossmatch,99.999,99.999,15.589,0.006,14.739,0.006,13.937,0.006,Surveyphotometry.dat crossmatch,12.59,0.022,11.908,0.021,9.557,0.035,7.347,0.113,Surveyphotometry.dat crossmatch
spec-2241-54169-0533.fits,spec-2241-54169-0533,195.28932362940807,28.033112730788,1.46080067323993e+18,18.573223114013672,GALAXY,GALAXY-PASS,xPCA,4044.3894546884294,0.023457940917127384,1.4758960762194786e-05,,,1.7204412878984174,0.0024620928876166737,MW,36048.566411293294,-0.9755048839719841,18.554,0.025,16.833,0.004,16.095,0.003,15.724,0.004,15.459,0.0,Surveyphotometry.dat crossmatch,99.999,99.999,15.268,0.005,14.607,0.005,14.345,0.006,Surveyphotometry.dat crossmatch,13.62,0.026,13.648,0.035,99.999,99.999,99.999,99.999,Surveyphotometry.dat crossmatch
spec-1993-53762-0528.fits,spec-1993-53762-0528,203.5174334857529,35.79316966208251,1.4718957419966034e+18,18.07876968383789,QSO,QSO,xPCA,3927.1215092551383,2.0693057011764,0.0004897512467262577,,,2.0953291185454859e-13,0.00016606535845287965,MW,7897.698821735591,-0.988371289542769,18.646,0.017,18.513,0.007,18.47,0.008,18.332,0.009,18.161,0.02,Surveyphotometry.dat crossmatch,99.999,99.999,17.397,0.034,99.999,99.999,16.401,0.047,Surveyphotometry.dat crossmatch,15.463,0.039,14.252,0.042,10.77,0.099,8.471,0.36,Surveyphotometry.dat crossmatch
spec-5998-56087-0333.fits,spec-5998-56087-0333,204.26857660303187,22.391680928759587,1.4421724380044508e+18,18.911846160888672,QSO,QSO,xPCA,68533.71473598831,3.1140541153028467,0.00015326158026140175,,,0.040299148584184624,0.0022950938055011395,MW,77216.57535015639,-2.028904264495772,21.6,0.134,19.262,0.01,19.086,0.011,19.028,0.015,18.969,0.03,Surveyphotometry.dat crossmatch,99.999,99.999,17.764,0.036,17.461,0.037,17.014,0.049,Surveyphotometry.dat crossmatch,16.128,0.051,15.074,0.071,11.309,0.161,8.508,0.389,Surveyphotometry.dat crossmatch
spec-2245-54208-0208.fits,SDSS J133202.05+253041.3,203.00856015726265,25.511482347623275,1.448066090910464e+18,18.98388671875,QSO,QSO,xPCA,5237.348080624697,4.299394227566762,0.003572055216966353,,,5.1689598779057315e-09,1.2277835459178121e-05,MW,48941.49658593127,-1.1163817017421203,19.539,0.028,19.55,0.012,19.137,0.012,19.102,0.018,19.162,0.04,Surveyphotometry.dat crossmatch,99.999,99.999,18.047,0.044,17.203,0.051,16.835,0.056,Surveyphotometry.dat crossmatch,15.579,0.043,14.4,0.05,11.891,0.268,8.553,0.266,Surveyphotometry.dat crossmatch
spec-2028-53818-0391.fits,SDSS J134155.52+344558.3,205.48135538250708,34.76622426081744,1.4708768039550776e+18,18.704458236694336,QSO,QSO-MIDZ,xPCA,5709.181291729994,0.6573338475654604,0.0002119921906347362,,,0.14037615458400332,0.004033145917590603,SMC,7204.313352101653,-1.1701349769313985,18.931,0.018,18.63,0.008,18.579,0.008,18.433,0.009,18.422,0.02,Surveyphotometry.dat crossmatch,99.999,99.999,17.68,0.045,17.107,0.057,16.2,0.034,Surveyphotometry.dat crossmatch,14.655,0.037,13.492,0.032,10.998,0.112,8.475,0.305,Surveyphotometry.dat crossmatch
spec-8878-57785-0112.fits,SDSS J135757.15+355751.1,209.48816627991653,35.96422488928039,1.4832404986753981e+18,18.913665771484375,QSO,QSO,xPCA,5397.0969418073855,0.3456434444806866,1.9632518466710107e-05,,,0.05429583779572508,0.003818076308043813,LMC,11970.733538356804,-1.868854865515374,19.548,0.031,19.408,0.011,19.201,0.013,19.184,0.021,18.496,0.03,Surveyphotometry.dat crossmatch,99.999,99.999,17.822,0.049,17.123,0.048,16.189,0.035,Surveyphotometry.dat crossmatch,14.975,0.033,13.919,0.036,10.85,0.084,8.331,0.242,Surveyphotometry.dat crossmatch
spec-2664-54524-0636.fits,spec-2664-54524-0636,201.879697086335,24.77805580683587,1.4464674396591135e+18,18.64951515197754,QSO,QSO-MIDZ,xPCA,16802.531888242687,0.044359447947206254,4.732325644089859e-05,,,2.172102818193147,0.0030234528522696813,MW,159021.9415141771,-1.2631637871974417,17.444,0.014,15.949,0.003,15.153,0.003,14.737,0.003,14.466,0.0,Surveyphotometry.dat crossmatch,99.999,99.999,14.646,0.004,13.966,0.004,13.503,0.004,Surveyphotometry.dat crossmatch,12.466,0.031,12.22,0.031,10.218,0.071,99.999,99.999,Surveyphotometry.dat crossmatch
spec-6485-56342-0804.fits,SDSS J125358.72+325852.7,193.494647157717,32.981288023993685,1.5140218764510792e+18,18.969440460205078,QSO,QSO,xPCA,9975.385813870338,2.299110720932679,0.00021293789682496676,,,0.0710583253677448,0.0016195442368018217,LMC,15544.137566785694,-1.0908108615053747,19.585,0.03,19.207,0.011,19.165,0.012,19.168,0.016,18.891,0.03,Surveyphotometry.dat crossmatch,99.999,99.999,18.009,0.045,17.596,0.074,16.908,0.064,Surveyphotometry.dat crossmatch,16.239,0.058,15.37,0.097,11.476,0.185,8.6,0.318,Surveyphotometry.dat crossmatch
spec-5997-56309-0564.fits,SDSS J131440.18+271449.5,198.66746120147272,27.24709580032259,1.459954629105979e+18,18.13347816467285,QSO,QSO,xPCA,92072.89697639165,2.940368976275885,0.00017477688424430906,,,0.17566819753910823,0.0011029936943938584,LMC,132132.53461207903,-1.740804958081106,19.777,0.036,18.67,0.008,18.454,0.008,18.362,0.01,18.338,0.02,Surveyphotometry.dat crossmatch,99.999,99.999,17.286,0.026,16.959,0.029,16.668,0.044,Surveyphotometry.dat crossmatch,15.874,0.047,14.92,0.067,11.671,0.201,99.999,99.999,Surveyphotometry.dat crossmatch
spec-2652-54508-0633.fits,SDSS J132909.17+221349.5,202.28822714248977,22.2304468480322,1.4428586664022927e+18,18.066041946411133,QSO,QSO-MIDZ,xPCA,5908.451318926941,1.0544236220779877,0.00035007239003784457,,,0.15899180793057777,0.003802971091858287,LMC,9635.65396937435,-1.1032090163590036,18.584,0.016,18.431,0.007,18.155,0.007,18.264,0.009,18.317,0.02,Surveyphotometry.dat crossmatch,99.999,99.999,17.38,0.026,16.878,0.023,15.936,0.02,Surveyphotometry.dat crossmatch,14.381,0.029,13.158,0.028,10.728,0.076,8.366,0.251,Surveyphotometry.dat crossmatch
spec-5987-56339-0622.fits,SDSS J124637.06+262500.2,191.6544209482712,26.41675269284791,3.961376606299941e+18,17.255664825439453,QSO,QSO,xPCA,263583.49201986834,2.7899904780459384,0.00026193395428640283,,,0.9266120230958514,0.0013583449156764904,LMC,561297.6164499226,-2.3460485486082514,19.305,0.026,17.683,0.005,17.338,0.005,17.204,0.006,17.17,0.01,Surveyphotometry.dat crossmatch,99.999,99.999,16.16,0.008,15.845,0.012,15.369,0.014,Surveyphotometry.dat crossmatch,14.578,0.029,13.637,0.032,9.773,0.046,7.528,0.137,Surveyphotometry.dat crossmatch
spec-2104-53852-0293.fits,SDSS J131254.69+304618.1,198.22788989487503,30.771716881387807,1.4630731533195177e+18,18.23735809326172,QSO,QSO,xPCA,5885.008830388915,3.3047772927078762,0.0011966904886949877,,,0.07344193567287123,0.0013994250364135138,SMC,52436.418644082434,-1.1031735771405693,18.773,0.018,18.502,0.008,18.413,0.008,18.534,0.01,18.443,0.02,Surveyphotometry.dat crossmatch,99.999,99.999,16.828,0.013,16.758,0.019,16.075,0.025,Surveyphotometry.dat crossmatch,14.757,0.029,13.64,0.031,10.746,0.076,8.27,0.208,Surveyphotometry.dat crossmatch
spec-6006-56105-0260.fits,SDSS J135023.68+265243.1,207.59867244927696,26.87863639220485,1.451436167065048e+18,17.202939987182617,QSO,QSO,xPCA,10758.247279008301,1.6204501834595302,9.079570812869665e-05,,,4.953414604489878e-11,1.7863005119497018e-06,SMC,48564.863391350256,-1.0318236486348704,17.241,0.009,17.16,0.004,17.144,0.005,17.004,0.005,16.925,0.01,Surveyphotometry.dat crossmatch,99.999,99.999,16.162,0.011,15.611,0.012,15.353,0.015,Surveyphotometry.dat crossmatch,14.162,0.026,12.754,0.025,9.584,0.033,7.41,0.098,Surveyphotometry.dat crossmatch
spec-2112-53534-0089.fits,SDSS J132617.66+313218.4,201.57360876296232,31.53845358419921,1.4685545280214164e+18,18.753841400146484,QSO,QSO,xPCA,3848.869126939012,1.0665178271205615,0.00035852340098252493,,,3.731934899997569e-11,5.806820896694633e-05,MW,5990.697084809476,-1.024632627596136,18.934,0.024,18.739,0.008,18.492,0.009,18.598,0.013,18.675,0.04,Surveyphotometry.dat crossmatch,99.999,99.999,18.021,0.032,17.278,0.038,16.392,0.036,Surveyphotometry.dat crossmatch,14.803,0.03,13.805,0.032,11.11,0.115,8.785,0.358,Surveyphotometry.dat crossmatch
spec-5972-56334-0748.fits,SDSS J125941.66+271827.1,194.9235746527651,27.30751741044544,1.460633302658053e+18,18.281848907470703,QSO,QSO,xPCA,62119.183362781994,2.4950226934932593,0.0001525929501298727,,,0.0556178278956192,0.0018771529780559938,MW,79515.90369236756,-1.0605101191314885,19.678,0.032,18.948,0.009,18.928,0.011,18.924,0.013,18.676,0.03,Surveyphotometry.dat crossmatch,99.999,99.999,17.402,0.025,17.076,0.034,16.355,0.033,Surveyphotometry.dat crossmatch,15.743,0.045,14.723,0.059,11.291,0.153,9.07,0.5,Surveyphotometry.dat crossmatch
spec-2109-53468-0153.fits,SDSS J133602.83+322924.8,204.0118126168902,32.490218598276165,1.468857031158684e+18,18.485088348388672,QSO,QSO,xPCA,4390.974604244941,1.9441967679447911,0.00033847009018368664,,,1.599198204416119e-16,2.258808464571918e-05,SMC,7209.8112711758395,-1.164887953917948,18.898,0.019,18.946,0.009,18.924,0.01,18.637,0.011,18.505,0.02,Surveyphotometry.dat crossmatch,99.999,99.999,18.387,0.071,17.442,0.041,16.901,0.051,Surveyphotometry.dat crossmatch,15.565,0.039,14.252,0.04,10.717,0.088,8.492,0.309,Surveyphotometry.dat crossmatch
spec-6001-56072-0068.fits,SDSS J135229.25+231815.9,208.12188787663803,23.304444398402257,1.2515784538800328e+18,18.732080459594727,QSO,QSO,xPCA,9778.70788060005,2.24168069345184,0.00020151344289072825,,,5.901808688296446e-09,0.0002702088839107591,MW,11619.265487437742,-1.0900186561387197,19.408,0.031,18.873,0.009,18.84,0.01,18.768,0.011,18.505,0.03,Surveyphotometry.dat crossmatch,99.999,99.999,17.688,0.031,17.04,0.04,16.238,0.033,Surveyphotometry.dat crossmatch,15.411,0.039,14.399,0.045,10.908,0.091,8.45,0.248,Surveyphotometry.dat crossmatch
spec-5987-56339-0498.fits,SDSS J124352.33+253606.9,190.96808770736024,25.601918694474072,3.9610446525718625e+18,18.360883712768555,QSO,QSO,xPCA,4996.605412475821,1.9160126416124799,0.00025609535593640044,,,0.04482650810772374,0.0021005539074890195,SMC,6222.967885102905,-1.351556190445553,18.744,0.017,18.805,0.008,18.744,0.009,18.331,0.01,18.174,0.02,Surveyphotometry.dat crossmatch,99.999,99.999,17.53,0.033,17.073,0.029,16.474,0.036,Surveyphotometry.dat crossmatch,15.544,0.041,14.798,0.062,12.055,0.328,99.999,99.999,Surveyphotometry.dat crossmatch
spec-2242-54153-0086.fits,spec-2242-54153-0086,197.0031632975954,25.90257758445141,1.4593995518276436e+18,17.901077270507812,QSO,QSO,xPCA,8705.124428932342,0.15560656392135508,4.772453692840058e-05,,,1.050868262794526,0.0040234564443321075,SMC,27613.869853304426,-1.6775456528598096,18.3,0.017,17.868,0.006,17.256,0.005,16.826,0.005,16.6,0.01,Surveyphotometry.dat crossmatch,99.999,99.999,15.98,0.007,15.157,0.007,14.231,0.006,Surveyphotometry.dat crossmatch,12.999,0.024,12.204,0.023,10.035,0.069,7.719,0.182,Surveyphotometry.dat crossmatch
sdssJ132740+332419_combined.dat,sdssJ132740+332419_combined,201.92031478674397,33.40539567048977,1.469951457544404e+18,,INTERESTING,,Stellar-templates,,,,,,2.5371428155322966,0.07712056262731415,SMC,995.0089496240331,-2.0744860881406115,21.989,0.158,19.807,0.014,18.733,0.009,18.274,0.009,17.994,0.02,Surveyphotometry.dat crossmatch,99.999,99.999,16.857,0.017,16.265,0.024,16.132,0.034,Surveyphotometry.dat crossmatch,99.999,99.999,99.999,99.999,99.999,99.999,99.999,99.999,Surveyphotometry.dat crossmatch
spec-2031-53848-0275.fits,SDSS J125244.61+354602.9,193.18587663695385,35.767480514131535,1.5168141893088996e+18,18.4090518951416,QSO,QSO,xPCA,4589.6225390697855,2.0044847224421503,0.00032104678241946886,,,1.5469458369441955e-10,5.818429025140884e-05,SMC,8432.078450491585,-1.0190610450039477,18.29,0.015,18.198,0.007,18.185,0.007,18.007,0.008,17.937,0.01,Surveyphotometry.dat crossmatch,99.999,99.999,17.242,0.035,99.999,99.999,16.308,0.046,Surveyphotometry.dat crossmatch,15.121,0.035,14.189,0.042,11.412,0.162,99.999,99.999,Surveyphotometry.dat crossmatch
spec-5998-56087-0798.fits,SDSS J133851.33+235618.5,204.7138863116493,23.93847123392463,1.4439184925327693e+18,18.550840377807617,QSO,QSO,xPCA,26786.101786520514,2.2748010655659416,0.0002136226024006952,,,0.09302920655141371,0.0014680801385178743,LMC,34995.36971422454,-1.07395327806537,19.417,0.027,18.837,0.008,18.716,0.01,18.635,0.011,18.418,0.03,Surveyphotometry.dat crossmatch,99.999,99.999,17.489,0.024,17.046,0.033,16.298,0.029,Surveyphotometry.dat crossmatch,15.69,0.043,14.478,0.049,10.826,0.096,8.584,0.299,Surveyphotometry.dat crossmatch
spec-2101-53858-0011.fits,SDSS J134403.38+355359.3,206.01409641268737,35.89978459351546,1.4713819608283884e+18,18.756237030029297,QSO,QSO-MIDZ,xPCA,4537.714999585602,1.433604501316991,0.0004166912018765227,,,5.350411591911481e-09,8.478888731529812e-05,LMC,5563.612181041244,-1.239140846115213,18.981,0.02,18.821,0.008,18.741,0.009,18.675,0.01,18.735,0.03,Surveyphotometry.dat crossmatch,99.999,99.999,17.799,0.05,17.344,0.065,16.632,0.057,Surveyphotometry.dat crossmatch,15.282,0.036,13.836,0.036,10.845,0.115,8.412,0.278,Surveyphotometry.dat crossmatch
spec-2110-53467-0327.fits,SDSS J132454.54+320834.0,201.227294154526,32.14279241201108,1.4693598515697833e+18,18.900604248046875,QSO,QSO-MIDZ,xPCA,9447.935042389223,1.981651900030027,0.000572709436810956,,,0.49939132643964035,0.003176801081804209,SMC,12483.17159689894,-1.5945562396617199,19.501,0.031,19.254,0.011,18.84,0.01,18.353,0.01,18.046,0.02,Surveyphotometry.dat crossmatch,99.999,99.999,17.09,0.021,16.467,0.018,15.759,0.017,Surveyphotometry.dat crossmatch,14.815,0.031,13.947,0.038,10.684,0.095,8.043,0.24,Surveyphotometry.dat crossmatch
spec-2114-53848-0547.fits,SDSS J135020.72+281848.3,207.5863506716611,28.313433789690528,1.4521448667329196e+18,18.879743576049805,QSO,QSO,xPCA,3470.0998742261,1.2236621622938997,0.00037569763797540545,,,0.04821956693380924,0.0060158687282581315,LMC,3924.8695728901357,-1.2075476182279,19.585,0.033,19.358,0.011,19.013,0.011,18.972,0.014,19.088,0.05,Surveyphotometry.dat crossmatch,99.999,99.999,18.515,0.086,99.999,99.999,16.92,0.073,Surveyphotometry.dat crossmatch,15.587,0.038,14.249,0.04,11.274,0.115,8.846,0.323,Surveyphotometry.dat crossmatch
spec-2002-53471-0376.fits,spec-2002-53471-0376,199.40776530904532,29.94099662325193,1.4627331680049782e+18,18.14918327331543,QSO,QSO,xPCA,15151.304757453025,1.7685348836032708,0.0002975220915698938,,,2.6815086558011104e-09,0.0003075086937706389,MW,20763.773758586103,-1.2466131244242118,18.147,0.013,17.944,0.006,17.974,0.007,17.666,0.007,17.662,0.01,Surveyphotometry.dat crossmatch,99.999,99.999,16.951,0.017,16.696,0.026,16.077,0.026,Surveyphotometry.dat crossmatch,14.687,0.029,13.312,0.028,10.142,0.058,8.209,0.262,Surveyphotometry.dat crossmatch
spec-2649-54212-0120.fits,SDSS J125814.04+221655.9,194.55850608110543,22.2821945661192,3.944433540137551e+18,18.359394073486328,BAL_QSO,QSO,xPCA,10401.37303877195,1.8571299913346109,0.0002458808891473212,,,0.43662947551533543,0.002070968961798786,SMC,21526.632482549394,-1.429081279636573,19.272,0.029,18.765,0.008,18.311,0.008,17.999,0.008,18.004,0.02,Surveyphotometry.dat crossmatch,99.999,99.999,17.123,0.015,16.766,0.023,16.189,0.024,Surveyphotometry.dat crossmatch,15.504,0.041,14.645,0.056,11.909,0.258,8.535,0.343,Surveyphotometry.dat crossmatch
spec-5986-56328-0226.fits,SDSS J124419.64+232937.8,191.08188259063525,23.49383048898229,3.956289165998463e+18,17.879392623901367,QSO,,Composite model - SMC,55878.37582432114,1.6155599021576335,1.3299990933024475e-06,0.10124003770008114,0.0009768250666642442,0.10124003770008114,0.0009768250666642442,SMC,55878.37582432114,-1.0432115729318219,18.298,0.015,18.089,0.006,17.972,0.006,17.713,0.007,17.647,0.01,Surveyphotometry.dat crossmatch,99.999,99.999,16.702,0.019,16.102,0.02,15.853,0.026,Surveyphotometry.dat crossmatch,14.658,0.03,13.242,0.029,10.051,0.057,7.763,0.18,Surveyphotometry.dat crossmatch
spec-2094-53851-0242.fits,SDSS J133737.35+292805.1,204.40565130473263,29.46809669461484,1.4558529353375314e+18,18.503047943115234,QSO,QSO-MIDZ,xPCA,3903.6872226257524,0.943363161298796,0.00040050017842379124,,,0.017353100014204103,0.003926120365308138,LMC,4374.835159888459,-1.1301873780530687,19.338,0.03,18.851,0.009,18.637,0.009,18.621,0.012,18.425,0.03,Surveyphotometry.dat crossmatch,99.999,99.999,17.277,0.024,17.075,0.04,16.505,0.042,Surveyphotometry.dat crossmatch,14.808,0.032,13.544,0.032,10.808,0.104,8.281,0.284,Surveyphotometry.dat crossmatch
spec-2239-53726-0500.fits,SDSS J124853.70+301715.4,192.22375509627267,30.28765690226697,1.4651939050912097e+18,18.50234603881836,BAL_QSO,QSO,xPCA,13167.157121352375,2.1774197507984385,0.00032722878409047835,,,9.867344173187555e-10,2.7582753884441616e-05,LMC,15969.748078435749,-1.1415328740146091,99.999,9.999,99.999,9.999,99.999,9.999,99.999,9.999,99.999,9.999,Surveyphotometry.dat crossmatch,99.999,99.999,17.271,0.021,16.789,0.031,15.914,0.022,Surveyphotometry.dat crossmatch,15.287,0.037,14.102,0.042,10.949,0.132,8.505,0.359,Surveyphotometry.dat crossmatch
spec-2648-54485-0436.fits,SDSS J124141.55+224342.6,190.42312805859504,22.728522261415023,3.9557597511496223e+18,18.486736297607422,QSO,QSO-MIDZ,xPCA,4132.06698749459,1.4067418718491234,0.0006538825973221431,,,0.08363778007816641,0.0027793810455144508,SMC,4463.77451138596,-1.1709999178407104,19.77,0.032,19.428,0.011,19.04,0.011,18.836,0.012,18.816,0.03,Surveyphotometry.dat crossmatch,99.999,99.999,17.479,0.03,16.797,0.024,16.555,0.043,Surveyphotometry.dat crossmatch,15.392,0.039,14.174,0.046,11.185,0.127,8.375,0.254,Surveyphotometry.dat crossmatch
spec-2009-53857-0507.fits,spec-2009-53857-0507,197.5964656390249,30.09276258559659,1.462931939090915e+18,18.855499267578125,GALAXY,GALAXY,xPCA,22038.254910546373,0.03361469597415597,8.074582002052104e-05,,,2.208904003521776,0.003739058820221741,MW,531081.1896748493,-1.0476904066589716,18.034,0.017,16.387,0.003,15.62,0.003,15.27,0.003,14.99,0.0,Surveyphotometry.dat crossmatch,99.999,99.999,14.804,0.004,14.151,0.004,13.841,0.004,Surveyphotometry.dat crossmatch,12.971,0.023,12.961,0.025,99.999,99.999,99.999,99.999,Surveyphotometry.dat crossmatch
spec-2665-54232-0332.fits,SDSS J132919.84+250626.4,202.3326892612309,25.10735523444272,1.4479336341192102e+18,18.494752883911133,QSO,QSO-MIDZ,xPCA,4430.132197591057,0.7798770367468968,0.0004573716522811147,,,3.3910839820862e-10,0.00013009688301323825,SMC,5231.833699968567,-1.2882006614964032,18.529,0.016,18.442,0.007,18.44,0.008,18.459,0.01,18.375,0.02,Surveyphotometry.dat crossmatch,99.999,99.999,17.642,0.029,17.181,0.052,16.448,0.04,Surveyphotometry.dat crossmatch,14.92,0.034,13.804,0.035,10.589,0.079,8.056,0.198,Surveyphotometry.dat crossmatch
spec-2241-54156-0630.fits,spec-2241-54156-0630,195.71974585818185,27.866603581415884,1.460767894049616e+18,18.17167854309082,GALAXY,GALAXY-PASS,xPCA,6385.3837002886,0.027424694669299754,9.08147532107256e-06,,,2.2367628493251237,0.0023367222430283885,SMC,840356.5099879493,-1.0115747031817848,16.816,0.009,14.96,0.002,14.23,0.002,13.847,0.002,13.569,0.0,Surveyphotometry.dat crossmatch,99.999,99.999,13.756,0.002,13.106,0.002,12.809,0.002,Surveyphotometry.dat crossmatch,11.577,0.023,11.626,0.022,10.895,0.102,99.999,99.999,Surveyphotometry.dat crossmatch
spec-2245-54208-0178.fits,spec-2245-54208-0178,203.39251690468933,25.84473341664519,1.4481012452194068e+18,18.4648494720459,QSO,QSO,xPCA,9505.043605937506,1.560749857895502,0.0002674299975443111,,,1.691360011492034e-08,2.3754098286032948e-05,SMC,11965.608893731962,-1.0745435808853334,18.652,0.018,18.46,0.007,18.379,0.008,18.148,0.009,18.185,0.02,Surveyphotometry.dat crossmatch,99.999,99.999,17.412,0.023,16.792,0.022,16.465,0.033,Surveyphotometry.dat crossmatch,15.099,0.034,13.781,0.036,10.381,0.069,8.131,0.217,Surveyphotometry.dat crossmatch
spec-1978-53473-0325.fits,spec-1978-53473-0325,202.2867974421452,29.84004882724481,1.4621601162880456e+18,18.771312713623047,QSO,QSO-MIDZ,xPCA,22200.065675938928,0.04768324851602568,4.678333618748959e-05,,,1.6205392350642802,0.004063349049703402,SMC,112035.4852221897,-3.283168191266395,17.728,0.016,16.894,0.004,16.369,0.004,16.006,0.004,15.818,0.0,Surveyphotometry.dat crossmatch,99.999,99.999,15.649,0.006,14.927,0.006,14.346,0.006,Surveyphotometry.dat crossmatch,13.076,0.024,12.454,0.024,10.165,0.056,8.177,0.222,Surveyphotometry.dat crossmatch
spec-2110-53467-0392.fits,SDSS J132637.58+310916.4,201.65661998046969,31.154535719374586,1.4684801735479316e+18,18.346059799194336,QSO,QSO-MIDZ,xPCA,3214.359877946289,1.217634656496672,0.0002859037508365895,,,9.810722031858635e-11,5.5320112866260126e-05,SMC,4476.550097207279,-1.0025304958704686,18.152,0.014,18.175,0.006,18.005,0.007,18.047,0.009,18.103,0.02,Surveyphotometry.dat crossmatch,99.999,99.999,17.731,0.027,17.063,0.033,16.517,0.041,Surveyphotometry.dat crossmatch,15.217,0.034,13.798,0.033,10.803,0.098,8.28,0.235,Surveyphotometry.dat crossmatch
spec-2028-53818-0061.fits,SDSS J135119.03+340335.4,207.82931804250137,34.059850894696915,1.4589235277167908e+18,18.31314468383789,QSO,QSO,xPCA,4784.207057013089,1.5572195784768488,0.00033309164387358285,,,0.19529339087947925,0.002883869155930044,SMC,5102.587198757098,-1.031818057807133,19.177,0.023,18.942,0.009,18.693,0.01,18.428,0.01,18.335,0.02,Surveyphotometry.dat crossmatch,99.999,99.999,17.013,0.021,16.433,0.018,15.922,0.023,Surveyphotometry.dat crossmatch,14.954,0.033,13.804,0.036,10.54,0.076,8.016,0.19,Surveyphotometry.dat crossmatch
spec-2024-53503-0143.fits,spec-2024-53503-0143,206.55889135009065,31.64703334671938,1.4580588691986816e+18,18.420751571655273,QSO,QSO,xPCA,3838.052047790785,1.136214374391644,0.00024250347060180823,,,2.1314170453546818e-10,1.1772652442279004e-05,MW,19534.02279133483,-1.0569114998842153,18.02,0.014,17.954,0.006,17.833,0.006,17.886,0.008,17.963,0.02,Surveyphotometry.dat crossmatch,99.999,99.999,17.685,0.023,17.137,0.037,16.2,0.029,Surveyphotometry.dat crossmatch,14.511,0.028,13.143,0.028,10.24,0.056,7.583,0.121,Surveyphotometry.dat crossmatch
spec-2112-53534-0096.fits,spec-2112-53534-0096,201.38476878434707,31.89254063785585,1.4693395836208722e+18,18.719541549682617,GALAXY,GALAXY-PASS,Stellar-templates,48804.6881697263,0.037878626399111485,7.920464249165236e-06,,,0.4606077916706355,0.00488922524714161,MW,165609.19519002546,-4.095196149110757,18.16,0.017,17.506,0.005,17.144,0.005,16.889,0.006,16.761,0.01,Surveyphotometry.dat crossmatch,99.999,99.999,16.44,0.012,15.851,0.01,15.493,0.014,Surveyphotometry.dat crossmatch,14.655,0.029,14.457,0.045,10.367,0.065,7.211,0.098,Surveyphotometry.dat crossmatch
spec-2648-54485-0580.fits,SDSS J124645.16+231240.2,191.68820583403564,23.21117483145738,3.95606468953198e+18,18.042139053344727,QSO,QSO-MIDZ,xPCA,3331.9419840517294,0.9684754372203268,0.00021771039193594418,,,2.291893427429012e-10,9.705691997121093e-05,SMC,4810.79505519306,-1.0688436069805622,18.426,0.016,18.239,0.006,18.042,0.007,18.105,0.008,18.056,0.02,Surveyphotometry.dat crossmatch,99.999,99.999,16.66,0.014,16.647,0.03,15.793,0.023,Surveyphotometry.dat crossmatch,14.044,0.027,12.7,0.026,9.725,0.042,7.386,0.115,Surveyphotometry.dat crossmatch
spec-2236-53729-0588.fits,SDSS J124339.42+273303.8,190.91423620129905,27.55107334806104,3.96225236731142e+18,18.13544273376465,QSO,QSO,xPCA,4914.152072431951,0.4066627920835215,3.750001519074096e-05,,,0.40552339790630065,0.006089515660297556,LMC,9464.91710135401,-1.6371125011603227,19.151,0.024,18.946,0.009,18.764,0.01,18.455,0.01,18.093,0.02,Surveyphotometry.dat crossmatch,99.999,99.999,16.787,0.015,15.991,0.016,15.059,0.011,Surveyphotometry.dat crossmatch,13.785,0.025,12.82,0.024,10.211,0.067,7.943,0.205,Surveyphotometry.dat crossmatch
spec-2661-54505-0405.fits,SDSS J124941.89+252838.9,192.4245650758362,25.477469978375428,3.958060371855842e+18,18.803499221801758,QSO,QSO,xPCA,3920.9585177213467,1.9100794565533505,0.00046274035475410446,,,0.025059126802287814,0.0032866647121143552,SMC,3949.770838382005,-1.2784960172645203,19.318,0.023,19.206,0.01,19.189,0.012,18.979,0.014,18.883,0.03,Surveyphotometry.dat crossmatch,99.999,99.999,17.889,0.037,17.529,0.057,16.895,0.051,Surveyphotometry.dat crossmatch,15.717,0.046,14.942,0.075,11.955,0.317,99.999,99.999,Surveyphotometry.dat crossmatch
spec-2116-53854-0066.fits,SDSS J135655.73+293743.4,209.23224975256397,29.628741646834385,1.453665456954348e+18,18.487699508666992,QSO,QSO,xPCA,4403.536424521593,2.088555993203177,0.0009754209327030256,,,0.051879920455429544,0.002497442438701713,SMC,5911.893029939937,-1.0743909113867256,18.687,0.018,18.532,0.008,18.434,0.008,18.37,0.009,18.251,0.02,Surveyphotometry.dat crossmatch,99.999,99.999,17.564,0.028,17.057,0.026,16.6,0.037,Surveyphotometry.dat crossmatch,15.639,0.038,14.379,0.041,10.804,0.075,9.242,0.492,Surveyphotometry.dat crossmatch
spec-2120-53852-0209.fits,SDSS J135949.23+262320.0,209.9551391847181,26.3889013801665,1.450759688240806e+18,18.694602966308594,QSO,QSO-MIDZ,xPCA,14439.240373409999,1.801118174850706,0.0005150438291243151,,,0.2848501134580227,0.0029567242903026925,SMC,20656.865579034777,-1.950888364072327,19.618,0.032,19.096,0.009,18.865,0.01,18.615,0.011,18.515,0.03,Surveyphotometry.dat crossmatch,99.999,99.999,17.653,0.028,17.248,0.03,16.644,0.036,Surveyphotometry.dat crossmatch,15.495,0.038,13.952,0.039,10.599,0.091,8.459,0.274,Surveyphotometry.dat crossmatch
spec-2118-53820-0335.fits,SDSS J135304.14+281743.7,208.26729461698284,28.295497512595094,1.4519674330442683e+18,17.933717727661133,QSO,QSO,xPCA,4828.931189592362,1.1486232963662684,0.0002319724072752465,,,0.07727884330730152,0.0023866548673965385,MW,5635.363004428744,-0.9999867536249627,18.684,0.019,18.315,0.007,18.054,0.007,17.997,0.008,18.036,0.02,Surveyphotometry.dat crossmatch,99.999,99.999,17.21,0.028,99.999,99.999,15.766,0.028,Surveyphotometry.dat crossmatch,14.192,0.026,12.784,0.025,9.742,0.036,7.359,0.103,Surveyphotometry.dat crossmatch
spec-6480-56340-0708.fits,SDSS J125224.99+291321.1,193.10410020538376,29.222570929040877,1.4648412066724943e+18,17.324575424194336,QSO,QSO-MIDZ,xPCA,10501.627086195509,0.8232658598447162,7.702233672743947e-05,,,0.01056935465766077,0.0009551276557773431,MW,12932.910978964275,-1.005848016281776,17.521,0.01,17.299,0.005,17.193,0.005,17.243,0.006,17.146,0.01,Surveyphotometry.dat crossmatch,99.999,99.999,16.016,0.008,15.833,0.014,15.052,0.011,Surveyphotometry.dat crossmatch,13.246,0.023,11.9,0.022,8.948,0.032,6.622,0.078,Surveyphotometry.dat crossmatch
spec-2239-53726-0188.fits,SDSS J124822.48+291025.4,192.09369550006608,29.17374220566088,3.9628806694871045e+18,18.04045867919922,QSO,,Composite model - SMC,6207.291762926563,1.752684918828612,0.00010605600789093117,0.04958944128683967,0.0019476482402956755,0.04958944128683967,0.0019476482402956755,SMC,6207.291762926563,-1.0573327875287855,18.582,0.018,18.359,0.007,18.278,0.008,18.009,0.008,17.965,0.02,Surveyphotometry.dat crossmatch,99.999,99.999,16.914,0.016,16.533,0.029,15.944,0.022,Surveyphotometry.dat crossmatch,14.812,0.031,13.404,0.03,10.288,0.061,8.093,0.278,Surveyphotometry.dat crossmatch
spec-5987-56339-0746.fits,SDSS J124955.47+272339.1,192.48112004095452,27.39421704043421,3.961812627084177e+18,18.99903678894043,QSO,QSO,xPCA,7798.221728178515,2.025171498104775,0.00012023402507311282,,,0.14439955354704706,0.0037943321138892983,LMC,14732.014127116781,-1.9781451281565396,18.876,0.02,18.939,0.009,19.025,0.011,18.753,0.012,18.596,0.03,Surveyphotometry.dat crossmatch,99.999,99.999,17.93,0.038,17.412,0.053,16.789,0.05,Surveyphotometry.dat crossmatch,15.662,0.044,14.746,0.059,11.681,0.21,8.721,0.366,Surveyphotometry.dat crossmatch
spec-1978-53473-0224.fits,SDSS J132747.47+284259.9,201.9478055813485,28.71664101654025,1.4499382843348214e+18,17.501466751098633,QSO,QSO,xPCA,11057.558817426998,1.9318199564274054,0.00032568296037733375,,,6.734918475508316e-09,0.00013112468500931402,LMC,14143.38008921054,-0.9915720625756028,17.918,0.012,17.755,0.005,17.641,0.006,17.482,0.007,17.387,0.01,Surveyphotometry.dat crossmatch,99.999,99.999,16.597,0.013,16.215,0.016,15.724,0.019,Surveyphotometry.dat crossmatch,14.534,0.029,13.15,0.027,9.553,0.035,7.406,0.12,Surveyphotometry.dat crossmatch
spec-2783-54524-0496.fits,spec-2783-54524-0496,208.41358390674293,23.526603089179837,1.2516815330950984e+18,18.685949325561523,GALAXY,GALAXY-PASS,xPCA,4122.092228158427,0.12685119186450372,1.5393373240384403e-05,,,1.5705540097256425,0.00249596364712501,MW,34230.60843237966,-1.3706061443150643,19.332,0.035,17.746,0.005,16.989,0.005,16.678,0.005,16.421,0.01,Surveyphotometry.dat crossmatch,99.999,99.999,15.767,0.007,15.193,0.009,14.685,0.009,Surveyphotometry.dat crossmatch,14.06,0.026,13.828,0.037,12.604,0.498,99.999,99.999,Surveyphotometry.dat crossmatch
spec-2119-53792-0527.fits,SDSS J135946.87+254909.1,209.9452956376281,25.819202442955888,1.258549181505723e+18,18.842771530151367,QSO,QSO,xPCA,4845.524131591765,1.886771740381852,0.00032289458466196554,,,0.013143744258623155,0.007255923140724865,MW,5946.298997068451,-1.0785906761384185,18.92,0.021,18.916,0.009,18.892,0.01,18.669,0.012,18.619,0.03,Surveyphotometry.dat crossmatch,99.999,99.999,17.749,0.032,17.463,0.038,16.971,0.052,Surveyphotometry.dat crossmatch,15.726,0.045,14.216,0.04,10.918,0.103,8.794,0.353,Surveyphotometry.dat crossmatch
spec-5987-56339-0194.fits,SDSS J125128.69+253016.1,192.86953322587237,25.504483702767605,3.9580753527017774e+18,18.870439529418945,QSO,QSO,xPCA,8660.098980970242,2.2731808376821925,0.00018834184863271972,,,0.007724341606795543,0.0015517219107828717,SMC,9541.594206088295,-1.1853607018147558,19.572,0.027,19.018,0.009,19.12,0.011,19.044,0.015,18.815,0.03,Surveyphotometry.dat crossmatch,99.999,99.999,18.245,0.066,17.673,0.062,16.795,0.051,Surveyphotometry.dat crossmatch,16.082,0.055,15.144,0.081,11.234,0.142,9.04,0.505,Surveyphotometry.dat crossmatch
spec-2094-53851-0324.fits,SDSS J133711.14+311049.8,204.29644443730385,31.180512311669037,1.4567066717569306e+18,18.908721923828125,QSO,QSO-MIDZ,xPCA,6808.302000240735,1.3096703542518484,0.000434631082689318,,,9.148281090998189e-14,1.2803438747580563e-05,LMC,36550.85935557341,-1.4375918501443203,18.938,0.022,18.707,0.008,18.712,0.009,18.788,0.013,18.961,0.05,Surveyphotometry.dat crossmatch,99.999,99.999,18.188,0.039,17.67,0.065,17.055,0.067,Surveyphotometry.dat crossmatch,15.678,0.047,14.04,0.04,10.952,0.101,8.714,0.367,Surveyphotometry.dat crossmatch
spec-2663-54234-0024.fits,SDSS J131853.19+242248.2,199.72162001340783,24.38006024479683,1.4462104932399304e+18,18.573654174804688,QSO,QSO,xPCA,4817.776558130373,1.6362440056012004,0.0004942021540044325,,,1.0309047308843487e-09,0.00024560882637680046,MW,5951.658827028464,-1.4129264179719347,19.229,0.027,18.97,0.009,18.933,0.01,18.772,0.011,18.799,0.03,Surveyphotometry.dat crossmatch,99.999,99.999,17.759,0.036,17.337,0.045,16.9,0.055,Surveyphotometry.dat crossmatch,15.536,0.042,14.025,0.041,10.81,0.104,8.623,0.364,Surveyphotometry.dat crossmatch
spec-1978-53473-0082.fits,spec-1978-53473-0082,203.2404481915247,27.71785028677525,1.448884681613391e+18,18.296924591064453,GALAXY,GALAXY-PASS,xPCA,7689.457428396266,0.02912943499633891,1.3031654325081291e-05,,,3.679069717684858,0.006255624965088025,MW,126617.30872008379,-1.0201696867205896,17.644,0.014,15.776,0.003,14.942,0.002,14.535,0.003,14.181,0.0,Surveyphotometry.dat crossmatch,99.999,99.999,13.982,0.002,13.288,0.002,12.973,0.003,Surveyphotometry.dat crossmatch,12.111,0.029,12.196,0.03,11.4,0.188,99.999,99.999,Surveyphotometry.dat crossmatch
spec-2094-53851-0116.fits,spec-2094-53851-0116,206.0554033958516,30.10951783581368,1.455613692775183e+18,18.731483459472656,GALAXY,GALAXY-PASS,xPCA,5444.726643168839,0.04003989795511664,1.156206537515753e-05,,,4.898862910082018,0.008071609462449114,SMC,163304.20411949218,-1.0634864765399057,17.817,0.018,15.931,0.003,15.107,0.003,14.701,0.003,14.37,0.0,Surveyphotometry.dat crossmatch,99.999,99.999,14.426,0.003,13.776,0.003,13.424,0.003,Surveyphotometry.dat crossmatch,12.581,0.031,12.615,0.033,11.906,0.29,99.999,99.999,Surveyphotometry.dat crossmatch
spec-6006-56105-0210.fits,SDSS J135058.12+261855.2,207.7421926134004,26.315323794546508,1.4506520048202435e+18,18.63934898376465,QSO,QSO,xPCA,13560.164456231078,2.623145098556248,0.001443947815771591,,,3.6474096719264423e-10,1.2906337108764136e-05,SMC,33919.59082680217,-1.6689369365702604,19.489,0.027,18.871,0.008,18.759,0.009,18.653,0.012,18.451,0.02,Surveyphotometry.dat crossmatch,99.999,99.999,17.482,0.027,16.97,0.036,16.392,0.04,Surveyphotometry.dat crossmatch,15.63,0.04,14.565,0.047,10.703,0.072,8.086,0.199,Surveyphotometry.dat crossmatch
spec-2665-54232-0240.fits,spec-2665-54232-0240,202.4645280247929,23.40868019239714,1.4432644592087168e+18,18.91900634765625,QSO,QSO-MIDZ,xPCA,3584.350909982228,0.8994593336971304,0.0003982513936469896,,,8.95428766670061e-10,9.024435809770013e-05,LMC,4915.629096579992,-1.331809994966828,19.301,0.025,18.969,0.009,18.909,0.011,18.988,0.014,18.808,0.03,Surveyphotometry.dat crossmatch,99.999,99.999,17.632,0.031,17.265,0.034,16.488,0.035,Surveyphotometry.dat crossmatch,14.957,0.034,13.704,0.034,10.76,0.095,8.8,0.542,Surveyphotometry.dat crossmatch
spec-5988-56072-0574.fits,SDSS J124537.83+221120.8,191.40764683630888,22.18916091297829,3.955852311989117e+18,18.401002883911133,QSO,QSO,xPCA,13254.318767159533,1.8352518653948515,0.00022681922755599514,,,0.058050858914340864,0.0029584305015566102,MW,14762.865795290792,-0.9988946363226013,18.486,0.016,18.463,0.007,18.408,0.008,18.179,0.008,18.128,0.02,Surveyphotometry.dat crossmatch,99.999,99.999,17.347,0.025,17.048,0.03,16.289,0.032,Surveyphotometry.dat crossmatch,15.347,0.038,14.093,0.044,11.045,0.13,8.448,0.309,Surveyphotometry.dat crossmatch
spec-2101-53858-0058.fits,SDSS J134038.58+355908.9,205.1607603349992,35.98581951800046,1.4721327511753298e+18,18.746614456176758,QSO,QSO,xPCA,4804.013280381987,1.6159973317791785,0.00027744304471744057,,,0.028217147445887707,0.004838360520674207,LMC,5173.917270379097,-1.2388742669649526,19.157,0.023,19.013,0.009,18.943,0.01,18.717,0.011,18.66,0.03,Surveyphotometry.dat crossmatch,99.999,99.999,17.822,0.041,17.266,0.052,16.863,0.062,Surveyphotometry.dat crossmatch,15.728,0.041,14.34,0.04,11.091,0.152,99.999,99.999,Surveyphotometry.dat crossmatch
spec-1987-53765-0336.fits,SDSS J124339.77+344219.2,190.91577902377333,34.70535463367597,1.5153925894935204e+18,18.26029396057129,QSO,QSO,xPCA,5556.395844915586,1.2317729014439696,0.0002508314808358233,,,0.4706983273220236,0.003145350476223885,SMC,6060.484815901689,-1.079744260998968,18.728,0.018,18.581,0.008,18.227,0.007,18.142,0.008,18.124,0.02,Surveyphotometry.dat crossmatch,99.999,99.999,17.467,0.036,16.973,0.049,16.236,0.037,Surveyphotometry.dat crossmatch,14.704,0.031,13.111,0.027,9.973,0.048,7.767,0.161,Surveyphotometry.dat crossmatch
spec-2109-53468-0417.fits,spec-2109-53468-0417,203.9911773659796,33.430016075845515,1.4692158198432788e+18,18.34054946899414,GALAXY,GALAXY-PASS,xPCA,7736.210535641767,0.025033707641513733,1.0384061584157135e-05,,,2.728446804443978,0.002181933408070158,SMC,948351.5232652356,-1.0429070375598095,15.938,0.007,14.033,0.002,13.211,0.002,12.791,0.002,12.489,0.0,Surveyphotometry.dat crossmatch,99.999,99.999,13.647,0.002,12.977,0.002,12.649,0.002,Surveyphotometry.dat crossmatch,11.018,0.021,11.09,0.02,10.229,0.063,8.535,0.298,Surveyphotometry.dat crossmatch
spec-2648-54485-0440.fits,SDSS J124210.04+225544.3,190.5418125718784,22.92898239982957,3.956139112725394e+18,18.59658432006836,QSO,QSO,xPCA,3978.7282625264643,1.6294256491062005,0.0003156919169628879,,,5.463229803444325e-11,8.095340697013444e-05,MW,6345.4530909615305,-1.024189836522227,18.796,0.019,18.596,0.008,18.64,0.009,18.451,0.011,18.546,0.03,Surveyphotometry.dat crossmatch,99.999,99.999,17.766,0.033,17.194,0.03,16.831,0.047,Surveyphotometry.dat crossmatch,15.429,0.039,14.119,0.043,11.338,0.152,8.612,0.346,Surveyphotometry.dat crossmatch
spec-2118-53820-0068.fits,SDSS J135919.95+271622.6,209.83314496902415,27.27297224125456,1.450953580243647e+18,17.296241760253906,QSO,QSO-MIDZ,xPCA,5882.227010690511,1.399572996168828,0.00033974887251083795,,,3.860166038812535e-12,1.0495434764699597e-05,MW,21024.03591843937,-0.9848091030891457,17.487,0.01,17.375,0.005,17.121,0.005,17.014,0.005,17.065,0.01,Surveyphotometry.dat crossmatch,99.999,99.999,16.139,0.011,15.412,0.01,15.191,0.016,Surveyphotometry.dat crossmatch,13.946,0.025,12.645,0.024,9.92,0.043,7.767,0.152,Surveyphotometry.dat crossmatch
spec-1978-53473-0157.fits,SDSS J133254.80+282843.7,203.2283559257104,28.478788315528053,1.449766932319529e+18,18.7451229095459,QSO,QSO,xPCA,3853.914577723507,1.151047496548658,0.00018568040997735623,,,2.234669480710716e-10,6.633878635938368e-05,LMC,5743.974806008147,-1.299473495161967,18.706,0.02,18.825,0.009,18.62,0.009,18.651,0.012,18.865,0.04,Surveyphotometry.dat crossmatch,99.999,99.999,18.362,0.053,17.75,0.055,16.864,0.05,Surveyphotometry.dat crossmatch,15.384,0.038,14.04,0.039,11.082,0.118,99.999,99.999,Surveyphotometry.dat crossmatch
spec-2243-53794-0056.fits,spec-2243-53794-0056,199.581300716742,25.806491007331644,1.4474825981294838e+18,17.740205764770508,QSO,QSO-MIDZ,xPCA,6270.368086468274,1.4547374287854584,0.00022589896690844376,,,0.12757069517336778,0.0023312606262880925,SMC,11689.635964929172,-1.0417175766318862,18.457,0.015,18.254,0.007,18.019,0.007,17.868,0.008,18.002,0.02,Surveyphotometry.dat crossmatch,99.999,99.999,17.165,0.018,99.999,99.999,16.19,0.027,Surveyphotometry.dat crossmatch,14.726,0.03,13.184,0.029,9.87,0.047,7.44,0.118,Surveyphotometry.dat crossmatch
spec-2002-53471-0107.fits,SDSS J132248.80+283714.4,200.7033848538396,28.620661492671665,1.461614444986597e+18,18.759296417236328,QSO,QSO,xPCA,3516.326524436538,1.0462059572213542,0.00026800463738330577,,,0.07653703372651582,0.004055938609538318,MW,4148.353937593806,-1.0995626683368995,19.15,0.024,18.949,0.009,18.667,0.009,18.652,0.012,18.675,0.03,Surveyphotometry.dat crossmatch,99.999,99.999,17.721,0.029,17.18,0.033,16.506,0.034,Surveyphotometry.dat crossmatch,15.128,0.032,13.788,0.032,10.785,0.089,8.403,0.278,Surveyphotometry.dat crossmatch
spec-10251-58173-0022.fits,SDSS J130757.98+343749.7,196.9915969943588,34.63050341769254,1.4680477562404787e+18,18.7635498046875,QSO,QSO-MIDZ,xPCA,4002.7767447170872,0.5758323072106737,0.00019928884326905657,,,4.682779375852694e-10,3.53395893611306e-05,SMC,8179.631501740958,-1.5475077960874586,19.533,0.032,19.196,0.01,19.315,0.013,19.206,0.015,19.266,0.05,Surveyphotometry.dat crossmatch,99.999,99.999,17.934,0.045,17.225,0.054,16.48,0.051,Surveyphotometry.dat crossmatch,15.052,0.034,14.118,0.039,11.972,0.257,99.999,99.999,Surveyphotometry.dat crossmatch
spec-2116-53854-0505.fits,SDSS J135541.11+302411.9,208.9213282031917,30.403313132948625,1.4539390635507087e+18,18.763015747070312,QSO,QSO-MIDZ,xPCA,4132.300749538172,1.0222274441091672,0.00028888971169504965,,,1.940915813757483e-09,0.00012371594937188253,MW,7027.7587704907555,-1.3372837850868668,18.805,0.021,18.76,0.008,18.6,0.009,18.781,0.014,18.888,0.05,Surveyphotometry.dat crossmatch,99.999,99.999,17.963,0.04,17.52,0.065,16.532,0.042,Surveyphotometry.dat crossmatch,14.967,0.033,13.822,0.033,10.991,0.099,8.661,0.276,Surveyphotometry.dat crossmatch
spec-2662-54505-0046.fits,SDSS J130546.01+232315.6,196.4417306529686,23.387681409203847,3.9449289388451164e+18,18.80194854736328,QSO,QSO,xPCA,3670.5721448181093,1.5351160548072496,0.00033264207131014097,,,0.04962539945751452,0.0032636878114221564,SMC,3736.158397056106,-1.2134516865252825,19.313,0.026,19.059,0.01,18.851,0.01,18.568,0.01,18.524,0.02,Surveyphotometry.dat crossmatch,99.999,99.999,17.576,0.027,16.862,0.023,16.622,0.035,Surveyphotometry.dat crossmatch,15.495,0.042,14.107,0.043,10.813,0.096,8.556,0.33,Surveyphotometry.dat crossmatch
spec-6493-56338-0723.fits,SDSS J134416.48+302029.3,206.06870343260383,30.341466781709908,1.455627157496771e+18,18.61818504333496,QSO,QSO,xPCA,11765.69810708275,2.0347078709253914,0.00022309061844340131,,,0.16470802915668026,0.0015561523076867423,SMC,12750.104468994505,-1.1510253981469656,18.972,0.022,18.824,0.009,18.689,0.009,18.506,0.011,18.283,0.03,Surveyphotometry.dat crossmatch,99.999,99.999,17.777,0.045,17.42,0.053,16.786,0.044,Surveyphotometry.dat crossmatch,15.418,0.04,14.2,0.044,10.85,0.09,8.479,0.347,Surveyphotometry.dat crossmatch
spec-2246-53767-0086.fits,SDSS J134225.74+250252.2,205.60726382984257,25.047814062655423,1.4451292953526625e+18,18.727449417114258,QSO,QSO-MIDZ,xPCA,3942.8559243776594,1.469137030166437,0.0005461724978042636,,,0.17187509660355388,0.003303233551571083,SMC,4211.79639233869,-1.0908714870937344,19.397,0.025,19.022,0.009,18.794,0.01,18.533,0.011,18.648,0.03,Surveyphotometry.dat crossmatch,99.999,99.999,17.616,0.031,17.021,0.051,16.548,0.044,Surveyphotometry.dat crossmatch,15.091,0.033,13.672,0.032,10.786,0.088,8.435,0.26,Surveyphotometry.dat crossmatch
spec-2119-53792-0418.fits,SDSS J135734.41+254204.6,209.3933883221807,25.701293136774936,1.258183014069567e+18,18.064069747924805,QSO,QSO-MIDZ,xPCA,4834.990235540692,1.2809672539973647,0.0002891718134034323,,,2.221512028965835e-09,1.6243804139957246e-05,MW,14187.350232407918,-1.0344195626101655,18.359,0.016,18.249,0.006,18.1,0.007,18.121,0.008,18.238,0.02,Surveyphotometry.dat crossmatch,99.999,99.999,17.382,0.022,16.717,0.019,15.973,0.021,Surveyphotometry.dat crossmatch,14.416,0.028,12.999,0.026,10.047,0.057,7.545,0.119,Surveyphotometry.dat crossmatch
spec-1975-53734-0334.fits,SDSS J124044.68+330349.8,190.18619427624515,33.06384985390971,1.5145807418906714e+18,17.731061935424805,QSO,QSO-MIDZ,xPCA,4519.487407564266,0.811548642866321,0.00015193792409311073,,,0.03984643751504563,0.0020124309367293806,MW,6611.910750471764,-1.0221314803636319,17.635,0.011,17.358,0.005,17.29,0.005,17.42,0.006,17.264,0.01,Surveyphotometry.dat crossmatch,99.999,99.999,16.181,0.009,16.087,0.019,15.465,0.016,Surveyphotometry.dat crossmatch,13.894,0.026,12.959,0.025,10.243,0.074,7.567,0.133,Surveyphotometry.dat crossmatch
spec-1975-53734-0227.fits,SDSS J124302.50+315200.5,190.76045281827905,31.866815484001343,1.5136137214140017e+18,18.9314022064209,QSO,QSO-MIDZ,xPCA,5466.036808569397,0.39537198704638676,0.00010910470357412392,,,0.1512274366388813,0.004859136325650201,LMC,16922.533041523915,-1.3340252286960932,18.649,0.018,18.469,0.007,18.365,0.008,18.26,0.009,17.986,0.02,Surveyphotometry.dat crossmatch,99.999,99.999,17.157,0.021,16.396,0.024,15.537,0.018,Surveyphotometry.dat crossmatch,14.258,0.027,13.308,0.03,10.438,0.07,7.548,0.149,Surveyphotometry.dat crossmatch
spec-2011-53499-0493.fits,SDSS J130128.87+291503.9,195.3702979744318,29.251106300063544,1.4643142614291645e+18,18.977149963378906,QSO,QSO,xPCA,5422.665246553783,1.86841085367957,0.000546036053248629,,,0.006967616363024988,0.008861937476124186,MW,5965.044799601585,-1.5644661396109492,19.241,0.026,19.173,0.011,19.177,0.013,18.916,0.014,18.983,0.04,Surveyphotometry.dat crossmatch,99.999,99.999,18.556,0.061,18.091,0.089,17.653,0.112,Surveyphotometry.dat crossmatch,16.01,0.053,14.541,0.049,11.303,0.158,8.461,0.323,Surveyphotometry.dat crossmatch
spec-2104-53852-0343.fits,SDSS J131258.46+313156.8,198.24360484351092,31.532449562991257,1.4664895764648745e+18,18.47501564025879,QSO,QSO-MIDZ,xPCA,4069.3808272056167,1.1412629375767982,0.00036641614122657606,,,0.15122374039978922,0.003035050565567743,SMC,4516.74175648786,-1.0840692252090374,18.572,0.018,18.314,0.007,18.074,0.007,18.033,0.009,17.987,0.02,Surveyphotometry.dat crossmatch,99.999,99.999,17.454,0.021,16.844,0.027,15.787,0.022,Surveyphotometry.dat crossmatch,14.046,0.026,12.555,0.023,9.626,0.037,7.05,0.077,Surveyphotometry.dat crossmatch
spec-2024-53503-0043.fits,SDSS J134941.93+313441.4,207.42471853388767,31.578173203474638,1.4573081046176271e+18,18.99239730834961,QSO,QSO,xPCA,4174.088725110099,1.887986790480409,0.0005717122689343066,,,1.4463582241608375e-13,6.591869173691372e-05,SMC,5366.803172929638,-1.3205021170798539,19.281,0.026,19.224,0.01,19.206,0.012,19.008,0.015,19.027,0.04,Surveyphotometry.dat crossmatch,99.999,99.999,18.221,0.046,17.906,0.098,17.288,0.084,Surveyphotometry.dat crossmatch,16.247,0.058,15.048,0.067,11.581,0.171,8.865,0.357,Surveyphotometry.dat crossmatch
spec-2664-54524-0248.fits,spec-2664-54524-0248,200.4142180736863,23.015676412199703,1.4458227478881152e+18,18.685455322265625,GALAXY,GALAXY-PASS,xPCA,4494.622540017926,0.031691850516356146,1.3659582672192807e-05,,,2.0748045214289452,0.004198221798230151,MW,411004.6029305685,-1.1412273383612375,18.519,0.023,16.826,0.004,16.037,0.003,15.668,0.003,15.365,0.0,Surveyphotometry.dat crossmatch,99.999,99.999,15.079,0.004,14.398,0.004,14.105,0.005,Surveyphotometry.dat crossmatch,13.293,0.025,13.3,0.03,12.566,0.447,99.999,99.999,Surveyphotometry.dat crossmatch
spec-2117-54115-0531.fits,SDSS J135747.47+325147.0,209.44780519579285,32.86308278629356,1.4578071841159153e+18,18.72844123840332,QSO,QSO,xPCA,4570.748238393812,0.7616426974935998,0.00013273592785350918,,,1.1329437773132875e-09,3.580851253169194e-05,MW,10663.91878676235,-1.4520362108165836,18.913,0.022,18.632,0.008,18.702,0.01,18.808,0.013,18.782,0.04,Surveyphotometry.dat crossmatch,99.999,99.999,17.556,0.03,16.97,0.029,16.052,0.025,Surveyphotometry.dat crossmatch,14.485,0.029,13.447,0.03,10.913,0.088,8.889,0.407,Surveyphotometry.dat crossmatch
spec-2115-53535-0299.fits,SDSS J134636.98+244712.8,206.65409674387996,24.78689721322344,1.4443940699669304e+18,18.64630126953125,QSO,QSO,xPCA,5007.8177599590235,1.6947392436493647,0.0005653796416695585,,,1.172525959788548e-10,0.00015400296863510142,LMC,6570.173507325949,-1.3968032098774636,19.14,0.022,18.913,0.009,18.824,0.01,18.659,0.011,18.661,0.03,Surveyphotometry.dat crossmatch,99.999,99.999,17.903,0.038,17.321,0.054,16.915,0.067,Surveyphotometry.dat crossmatch,15.166,0.033,14.257,0.039,11.228,0.117,8.47,0.213,Surveyphotometry.dat crossmatch
spec-2118-53820-0300.fits,SDSS J135331.26+264553.4,208.38029770628984,26.76482796800055,1.450647778572206e+18,18.646949768066406,QSO,QSO,xPCA,8964.029190518551,2.264335108508467,0.0010274406200604161,,,0.2327940128018121,0.0021072975744194367,SMC,22747.118287103545,-1.5926680924992782,19.46,0.031,19.031,0.009,18.765,0.01,18.643,0.012,18.487,0.03,Surveyphotometry.dat crossmatch,99.999,99.999,17.599,0.04,17.271,0.055,16.705,0.054,Surveyphotometry.dat crossmatch,16.071,0.051,15.08,0.066,11.499,0.169,99.999,99.999,Surveyphotometry.dat crossmatch
spec-2663-54234-0513.fits,spec-2663-54234-0513,198.5724828069085,24.749047219474367,1.4470234489445903e+18,18.882553100585938,QSO,QSO-MIDZ,xPCA,3952.9145904193,1.2205163020360383,0.0003026183448974731,,,1.4704287998800955e-10,0.0001111120401438348,MW,5386.536959323582,-1.087945115364809,18.846,0.019,18.734,0.008,18.551,0.009,18.571,0.011,18.708,0.03,Surveyphotometry.dat crossmatch,99.999,99.999,17.905,0.041,17.317,0.044,16.642,0.043,Surveyphotometry.dat crossmatch,14.97,0.039,13.531,0.032,10.393,0.07,7.708,0.165,Surveyphotometry.dat crossmatch
spec-2114-53848-0392.fits,SDSS J134805.22+274713.1,207.0217926708357,27.78700201873568,1.4517476337975224e+18,18.952909469604492,QSO,QSO-MIDZ,xPCA,3383.123351478409,1.4466395959966487,0.0004389170994910303,,,0.007333930176257817,0.005149461570488352,MW,3526.1170156602375,-1.033978666676874,19.153,0.026,19.066,0.01,18.909,0.011,18.728,0.013,18.706,0.04,Surveyphotometry.dat crossmatch,99.999,99.999,17.853,0.036,99.999,99.999,99.999,99.999,Surveyphotometry.dat crossmatch,15.593,0.041,14.191,0.037,11.011,0.088,9.088,0.48,Surveyphotometry.dat crossmatch
spec-2666-54230-0526.fits,SDSS J134415.38+244141.5,206.0640952716524,24.69488363683325,1.4443543114542725e+18,18.762075424194336,QSO,QSO,xPCA,4493.734757141098,0.41634808600278617,5.292599840191837e-05,,,1.4567472065869086e-10,0.000136369035113465,SMC,6200.765119363145,-1.264299942487926,18.816,0.021,18.752,0.008,18.867,0.01,18.719,0.012,18.424,0.02,Surveyphotometry.dat crossmatch,99.999,99.999,17.184,0.019,16.558,0.021,15.688,0.018,Surveyphotometry.dat crossmatch,14.485,0.028,13.546,0.029,10.913,0.084,8.501,0.232,Surveyphotometry.dat crossmatch
spec-2115-53535-0634.fits,SDSS J135301.96+252142.1,208.2581706859412,25.36170854991816,1.450219656232644e+18,18.879480361938477,QSO,QSO-MIDZ,xPCA,4198.995318564262,1.2635495197079907,0.0002401637110272342,,,1.2505811273696987e-13,5.156270840200571e-05,LMC,7229.97161617798,-1.1616009882763858,18.444,0.015,18.69,0.008,18.438,0.008,18.45,0.01,18.514,0.03,Surveyphotometry.dat crossmatch,99.999,99.999,18.325,0.055,17.344,0.047,17.027,0.067,Surveyphotometry.dat crossmatch,15.634,0.042,14.277,0.044,10.992,0.094,99.999,99.999,Surveyphotometry.dat crossmatch
spec-6488-56364-0434.fits,SDSS J130007.96+323934.5,195.03320166230472,32.65960948597532,1.4673703926543555e+18,18.48175811767578,QSO,QSO,xPCA,9101.990230885425,2.3022689814670283,0.00022472212908785302,,,0.02181362662016796,0.0011019113259938679,SMC,18907.32694025725,-1.056512398563185,19.533,0.031,18.978,0.009,18.883,0.011,18.833,0.015,18.624,0.03,Surveyphotometry.dat crossmatch,99.999,99.999,17.777,0.032,17.432,0.041,16.594,0.039,Surveyphotometry.dat crossmatch,15.981,0.049,14.7,0.055,11.096,0.123,99.999,99.999,Surveyphotometry.dat crossmatch
spec-10259-58190-0528.fits,SDSS J134622.64+341404.8,206.59437303408976,34.234680413130945,1.470613500983465e+18,17.986806869506836,BAL_QSO,QSO-MIDZ,xPCA,27642.54507660551,1.8305562693573847,0.00012770607347933297,,,0.13392455863665914,0.0011796710141856043,SMC,85147.98678653371,-1.767594016352564,18.844,0.021,18.441,0.007,18.185,0.007,17.82,0.007,17.718,0.01,Surveyphotometry.dat crossmatch,99.999,99.999,17.085,0.026,16.643,0.024,16.008,0.028,Surveyphotometry.dat crossmatch,14.843,0.031,13.488,0.032,9.978,0.044,7.98,0.187,Surveyphotometry.dat crossmatch
spec-5995-56093-0316.fits,SDSS J132810.95+225947.3,202.0456126365649,22.99648063557445,1.443134472022721e+18,18.66607666015625,BAL_QSO,QSO,xPCA,27607.997877594353,2.957562404791607,0.0002936337800360241,,,0.04304271158479174,0.002379384603859079,LMC,36195.070841657274,-1.5090432245892793,21.197,0.08,19.344,0.011,19.146,0.012,18.818,0.013,18.743,0.03,Surveyphotometry.dat crossmatch,99.999,99.999,17.471,0.026,17.037,0.027,16.651,0.038,Surveyphotometry.dat crossmatch,15.867,0.051,14.739,0.059,11.337,0.169,8.875,0.477,Surveyphotometry.dat crossmatch
spec-3971-55322-0134.fits,SDSS J124722.49+342727.0,191.8437128113928,34.457482020299985,1.5151510405328748e+18,18.045717239379883,QSO,QSO,xPCA,40191.367810882024,2.4915200401379174,0.00013836111984974519,,,0.015460834340289725,0.0025439225003102877,MW,41140.03024461483,-1.055144833788562,18.722,0.018,18.126,0.006,18.146,0.007,18.163,0.009,17.925,0.02,Surveyphotometry.dat crossmatch,99.999,99.999,16.88,0.021,16.261,0.027,15.512,0.02,Surveyphotometry.dat crossmatch,15.012,0.034,14.009,0.039,10.513,0.073,8.201,0.245,Surveyphotometry.dat crossmatch
spec-2783-54524-0344.fits,spec-2783-54524-0344,206.9488580379471,23.367222159394885,1.251811378546349e+18,18.81200408935547,GALAXY,GALAXY-PASS,xPCA,5971.502279663693,0.08359394200789548,1.1260938501254825e-05,,,1.9154201608120094,0.002222390894110249,SMC,775815.2322112261,-1.2736406890397802,17.823,0.017,16.22,0.003,15.449,0.003,15.111,0.003,14.846,0.0,Surveyphotometry.dat crossmatch,99.999,99.999,14.876,0.004,14.175,0.004,13.705,0.004,Surveyphotometry.dat crossmatch,12.666,0.024,12.502,0.024,10.245,0.057,8.576,0.318,Surveyphotometry.dat crossmatch
spec-2017-53474-0134.fits,SDSS J134254.09+273309.9,205.7254296771372,27.552744037949143,1.4516708054230702e+18,18.485673904418945,QSO,QSO-MIDZ,xPCA,3445.1527549744073,0.8102977015058057,0.00022663281609897154,,,5.880599934955655e-11,9.033062242724788e-05,SMC,10400.983813387948,-1.1336408252909576,18.559,0.018,18.329,0.007,18.286,0.008,18.355,0.01,18.217,0.02,Surveyphotometry.dat crossmatch,99.999,99.999,17.178,0.021,16.85,0.03,15.991,0.024,Surveyphotometry.dat crossmatch,14.364,0.028,13.233,0.027,10.296,0.067,7.638,0.138,Surveyphotometry.dat crossmatch
spec-6489-56329-0098.fits,SDSS J132729.67+285730.7,201.8736715045844,28.95852992235234,1.4499968333291484e+18,18.972553253173828,QSO,QSO,xPCA,11582.104561303262,2.0274522127662626,0.0001583302651605855,,,2.6711018433992623e-10,0.00013682748147461404,MW,14722.559344197512,-1.013132909339529,18.964,0.024,18.93,0.009,18.907,0.011,18.734,0.012,18.549,0.03,Surveyphotometry.dat crossmatch,99.999,99.999,99.999,9.999,17.344,0.04,16.688,0.046,Surveyphotometry.dat crossmatch,15.876,0.046,14.91,0.06,11.633,0.195,8.846,0.391,Surveyphotometry.dat crossmatch
spec-2009-53904-0286.fits,SDSS J130508.94+283716.3,196.2872637001692,28.621195937088057,1.4611946033437335e+18,18.75016975402832,QSO,QSO,xPCA,3957.7452964249233,1.6803570147902696,0.00031661037505705843,,,0.09467832217044603,0.007041772689593738,MW,5198.544006831166,-1.2701865580015268,18.981,0.022,19.013,0.01,18.989,0.011,18.729,0.012,18.751,0.03,Surveyphotometry.dat crossmatch,99.999,99.999,17.992,0.04,17.297,0.038,16.998,0.056,Surveyphotometry.dat crossmatch,15.991,0.045,14.582,0.048,11.391,0.123,99.999,99.999,Surveyphotometry.dat crossmatch
spec-2245-54208-0540.fits,SDSS J133536.02+272123.6,203.9001138241046,27.356564700568004,1.448892962310259e+18,18.68892478942871,QSO,QSO-MIDZ,xPCA,3745.6824642641914,0.7806148869427885,0.00024561129185535343,,,1.0518919638319649e-10,8.21256063323387e-05,MW,7352.274044386876,-1.4950251956252167,19.391,0.029,18.897,0.009,18.914,0.011,19.075,0.016,18.818,0.04,Surveyphotometry.dat crossmatch,99.999,99.999,17.265,0.031,16.987,0.04,16.28,0.048,Surveyphotometry.dat crossmatch,14.69,0.031,13.565,0.032,11.062,0.109,8.72,0.326,Surveyphotometry.dat crossmatch
spec-2006-53476-0595.fits,SDSS J130459.61+334229.8,196.2483697760944,33.70832156990224,1.46789592055652e+18,18.61351776123047,QSO,QSO,xPCA,3999.472362457218,1.6579695420089058,0.00035071055343595175,,,0.15882393935867156,0.005429356662649945,LMC,4333.795641044105,-1.1871125584666926,19.591,0.03,19.367,0.011,19.185,0.012,18.834,0.012,18.895,0.03,Surveyphotometry.dat crossmatch,99.999,99.999,18.127,0.06,17.489,0.052,16.962,0.057,Surveyphotometry.dat crossmatch,15.74,0.042,14.397,0.044,11.1,0.128,8.911,0.431,Surveyphotometry.dat crossmatch
spec-1975-53734-0348.fits,SDSS J124007.78+324458.0,190.0324272599593,32.749448808852904,1.51456592854844e+18,18.669492721557617,QSO,QSO,xPCA,6807.586760043838,0.36336668359387403,5.1864319285061264e-05,,,1.269999153033121,0.005337829005636174,LMC,8422.069136435575,-1.1881629478416993,18.967,0.024,18.676,0.008,18.141,0.007,17.99,0.008,17.609,0.02,Surveyphotometry.dat crossmatch,99.999,99.999,16.849,0.015,15.988,0.018,14.994,0.012,Surveyphotometry.dat crossmatch,13.708,0.025,12.777,0.025,9.905,0.05,7.536,0.124,Surveyphotometry.dat crossmatch
spec-2109-53468-0298.fits,spec-2109-53468-0298,202.48779559343777,32.041972773911795,1.4686306391398561e+18,18.127418518066406,QSO,QSO,xPCA,3746.128607034045,1.6504350455324157,0.000245256261999201,,,0.08314430745429824,0.002488504578908403,SMC,4295.15448008248,-1.0778443956495574,18.532,0.017,18.363,0.007,18.307,0.008,18.051,0.008,18.093,0.02,Surveyphotometry.dat crossmatch,99.999,99.999,17.075,0.021,16.457,0.017,16.237,0.028,Surveyphotometry.dat crossmatch,99.999,99.999,99.999,99.999,99.999,99.999,99.999,99.999,Surveyphotometry.dat crossmatch
spec-2028-53818-0630.fits,SDSS J135251.07+344636.1,208.2127982650141,34.776682939065616,1.4590557826463565e+18,18.18111228942871,QSO,QSO,xPCA,4099.567622322951,1.1425452358078743,0.00016958368168980024,,,0.03495029185879047,0.0026196396560558624,SMC,5229.808307392022,-1.0427928078886528,18.596,0.016,18.497,0.007,18.206,0.007,18.184,0.009,18.247,0.02,Surveyphotometry.dat crossmatch,99.999,99.999,17.213,0.03,16.598,0.04,15.967,0.029,Surveyphotometry.dat crossmatch,14.597,0.029,13.337,0.029,10.468,0.059,8.123,0.238,Surveyphotometry.dat crossmatch
spec-6009-56313-0591.fits,SDSS J135718.20+284736.0,209.32585430991315,28.79334591409612,1.4520531262313677e+18,18.179174423217773,QSO,QSO,xPCA,5782.334658355945,2.0010603982082174,0.0003054519461841056,,,0.1906070640638765,0.0011904916800563603,SMC,9328.10879261119,-0.9915173335831341,22.609,0.881,18.319,0.008,17.825,0.007,19.634,0.039,17.5,0.02,Surveyphotometry.dat crossmatch,99.999,99.999,16.921,0.022,16.4,0.021,15.959,0.029,Surveyphotometry.dat crossmatch,99.999,99.999,99.999,99.999,99.999,99.999,99.999,99.999,Surveyphotometry.dat crossmatch
spec-3983-55603-0104.fits,SDSS J133040.39+355525.9,202.6682924996128,35.923886883774166,1.4749380863739615e+18,18.270488739013672,QSO,QSO,xPCA,356418.21224664885,3.789378454403784,0.0001949725123932517,,,0.8924248227971194,0.001356339354197933,MW,500180.9794695557,-4.9328625775066515,25.091,0.586,19.305,0.01,18.003,0.006,17.956,0.008,17.918,0.02,Surveyphotometry.dat crossmatch,99.999,99.999,16.882,0.022,16.346,0.034,15.696,0.027,Surveyphotometry.dat crossmatch,14.771,0.03,14.226,0.042,10.54,0.07,7.893,0.153,Surveyphotometry.dat crossmatch
spec-1993-53762-0438.fits,spec-1993-53762-0438,202.55879017198075,34.772606916876924,1.470314438117956e+18,18.7442626953125,QSO,QSO,xPCA,4113.873264882758,1.8699213824910883,0.0003891370656343428,,,0.0796778532067941,0.0056245743490876896,LMC,4387.717931436515,-1.1657724810694645,18.814,0.02,18.842,0.008,18.825,0.01,18.571,0.011,18.49,0.03,Surveyphotometry.dat crossmatch,99.999,99.999,17.639,0.037,17.274,0.062,16.786,0.068,Surveyphotometry.dat crossmatch,15.455,0.037,14.273,0.043,10.924,0.108,8.656,0.357,Surveyphotometry.dat crossmatch
spec-5993-56070-0140.fits,SDSS J132111.20+221612.1,200.29667727321396,22.27003006265244,1.4426831267947548e+18,18.681140899658203,QSO,QSO,xPCA,3938.2309954037646,0.9463009740898751,0.00017246989124225406,,,0.39158087005767334,0.0033722757152841454,SMC,7982.724481962232,-1.1229564482426013,19.482,0.027,19.09,0.01,18.727,0.009,18.463,0.01,18.152,0.02,Surveyphotometry.dat crossmatch,99.999,99.999,16.455,0.011,15.938,0.01,14.922,0.009,Surveyphotometry.dat crossmatch,13.775,0.025,12.59,0.024,9.188,0.033,6.738,0.073,Surveyphotometry.dat crossmatch
spec-2665-54232-0071.fits,SDSS J133602.11+233822.7,204.00881828961587,23.63965274568669,1.4445436679721487e+18,18.474533081054688,QSO,QSO-MIDZ,xPCA,5323.579581862568,0.49441080856334496,9.587949782261132e-05,,,6.564413189457177e-10,2.531179063186391e-05,MW,18398.18978836963,-1.440283687599245,17.913,0.012,17.711,0.005,17.967,0.007,17.856,0.008,17.756,0.01,Surveyphotometry.dat crossmatch,99.999,99.999,17.11,0.021,16.324,0.016,15.381,0.014,Surveyphotometry.dat crossmatch,13.675,0.025,12.516,0.025,9.976,0.053,7.656,0.145,Surveyphotometry.dat crossmatch
spec-3303-54950-0418.fits,SDSS J131935.55+261025.4,199.89815277096807,26.173745353400733,1.447775957279671e+18,18.564525604248047,QSO,QSO,xPCA,3855.3625437569963,1.2271672150295465,0.00024237790795389634,,,3.8746648034146403e-13,2.366507566148925e-05,LMC,7624.587477685184,-1.0060724157913772,19.224,0.024,18.924,0.009,18.674,0.009,18.687,0.012,18.625,0.03,Surveyphotometry.dat crossmatch,99.999,99.999,17.826,0.035,17.132,0.031,99.999,99.999,Surveyphotometry.dat crossmatch,14.65,0.03,13.493,0.03,11.02,0.115,9.094,0.528,Surveyphotometry.dat crossmatch
spec-2243-53794-0381.fits,SDSS J131046.77+271644.7,197.69488476690947,27.279122942503783,1.4600687377966904e+18,18.70780372619629,QSO,QSO,xPCA,10829.403103843135,0.3016373439290063,4.570987268497415e-05,,,0.3661424538639997,0.007794326693835452,MW,12176.431753619785,-2.3959451437906454,18.432,0.016,18.302,0.007,18.252,0.008,18.327,0.01,17.643,0.02,Surveyphotometry.dat crossmatch,99.999,99.999,17.206,0.024,16.606,0.022,15.705,0.02,Surveyphotometry.dat crossmatch,14.298,0.029,13.289,0.03,10.825,0.131,99.999,99.999,Surveyphotometry.dat crossmatch
spec-2783-54524-0183.fits,SDSS J135136.02+225331.1,207.90013277034475,22.89199125827256,1.2515620599892582e+18,18.750282287597656,QSO,QSO,xPCA,4794.6854665410665,1.5966819837827473,0.00033974823659658847,,,0.03204353302207445,0.0033260626273244175,SMC,5098.5302718315215,-1.3353293361964278,19.452,0.03,19.213,0.01,19.082,0.011,18.866,0.012,18.839,0.03,Surveyphotometry.dat crossmatch,99.999,99.999,17.637,0.039,17.128,0.03,16.829,0.051,Surveyphotometry.dat crossmatch,15.498,0.038,14.101,0.038,11.035,0.11,8.093,0.196,Surveyphotometry.dat crossmatch
spec-8871-57519-0040.fits,SDSS J131928.39+355748.9,199.86825813647772,35.963618387649646,1.4743756174569626e+18,18.36071014404297,BAL_QSO,QSO,xPCA,165080.84911850514,3.1044645737176997,0.00014134304825502792,,,0.2497865941699928,0.0018038522800192247,LMC,288429.9148954433,-2.3107488724582934,19.722,0.031,18.777,0.008,18.537,0.008,18.573,0.01,18.268,0.02,Surveyphotometry.dat crossmatch,99.999,99.999,17.132,0.028,16.541,0.041,15.758,0.027,Surveyphotometry.dat crossmatch,15.117,0.041,13.919,0.035,9.958,0.05,7.594,0.138,Surveyphotometry.dat crossmatch
spec-2116-53854-0510.fits,SDSS J135522.90+303324.7,208.84540234881143,30.556863119981063,1.4539569349104535e+18,18.766929626464844,QSO,QSO,xPCA,5021.561153608953,0.38143355244361277,3.431232261621465e-05,,,0.2895261028158782,0.005301768219884151,LMC,5963.2476062556925,-1.5752273519575566,18.443,0.017,18.348,0.007,18.276,0.008,18.183,0.009,17.751,0.01,Surveyphotometry.dat crossmatch,99.999,99.999,17.035,0.022,16.194,0.023,15.167,0.014,Surveyphotometry.dat crossmatch,13.765,0.025,12.773,0.024,9.831,0.039,7.363,0.107,Surveyphotometry.dat crossmatch
spec-1978-53473-0470.fits,spec-1978-53473-0470,203.0872268926172,29.076222101204667,1.4498676106489513e+18,18.085630416870117,GALAXY,GALAXY-PASS,xPCA,5647.793930958058,0.044047317849049965,9.446542095165813e-06,,,2.410653534264965,0.002692606443729151,MW,802244.8320600523,-1.130867148430813,16.922,0.011,15.168,0.002,14.413,0.002,14.068,0.002,13.802,0.0,Surveyphotometry.dat crossmatch,99.999,99.999,14.166,0.003,13.539,0.003,13.137,0.003,Surveyphotometry.dat crossmatch,11.989,0.023,12.006,0.023,11.276,0.176,99.999,99.999,Surveyphotometry.dat crossmatch
spec-2648-54485-0563.fits,SDSS J124632.30+234531.1,191.63460089678856,23.7586502473662,3.956308544890931e+18,18.68625831604004,QSO,QSO-MIDZ,xPCA,6065.979765989558,1.9900900730304918,0.0012621515803056848,,,0.19524121994133478,0.002328249464183335,SMC,13493.959815675013,-1.2985727834814906,19.119,0.024,19.049,0.01,18.769,0.01,18.583,0.01,18.46,0.02,Surveyphotometry.dat crossmatch,99.999,99.999,17.56,0.028,16.916,0.036,16.567,0.044,Surveyphotometry.dat crossmatch,15.625,0.045,14.302,0.045,10.855,0.102,8.583,0.31,Surveyphotometry.dat crossmatch
spec-6480-56340-0051.fits,SDSS J125711.06+271457.7,194.2961083504263,27.249353305978158,1.4606641920624648e+18,18.832317352294922,QSO,QSO,xPCA,43346.94440406377,3.0932645516764654,0.0015014568100059967,,,0.20156388958146879,0.0016827611470866255,LMC,73022.13015686128,-2.138673329826866,20.036,0.04,19.052,0.009,18.75,0.009,18.621,0.01,18.718,0.04,Surveyphotometry.dat crossmatch,99.999,99.999,17.658,0.026,17.316,0.038,16.837,0.046,Surveyphotometry.dat crossmatch,16.203,0.058,15.514,0.102,11.32,0.15,99.999,99.999,Surveyphotometry.dat crossmatch
spec-2011-53499-0399.fits,SDSS J125654.09+300336.3,194.22540443103517,30.06008670174058,1.4646093428626478e+18,18.302091598510742,QSO,QSO-MIDZ,xPCA,4310.032990710453,1.492513230606402,0.0005154592523939336,,,0.19390888708452958,0.0035187192943348378,SMC,4459.473190491078,-1.2293384757638657,20.082,0.044,19.532,0.012,19.25,0.013,18.666,0.011,19.342,0.05,Surveyphotometry.dat crossmatch,99.999,99.999,17.752,0.034,17.108,0.036,16.796,0.05,Surveyphotometry.dat crossmatch,99.999,99.999,99.999,99.999,99.999,99.999,99.999,99.999,Surveyphotometry.dat crossmatch
spec-2009-53857-0371.fits,spec-2009-53857-0371,196.3552666877128,29.296480002376622,1.4613674027642985e+18,18.559602737426758,GALAXY,GALAXY-PASS,xPCA,6364.898813093232,0.023575207365453113,9.000513953464433e-06,,,2.5639191434157595,0.002675076457915093,LMC,809472.2826678798,-0.9816691079963266,16.76,0.011,14.936,0.002,14.162,0.002,13.771,0.002,13.472,0.0,Surveyphotometry.dat crossmatch,99.999,99.999,14.012,0.002,13.312,0.002,13.026,0.003,Surveyphotometry.dat crossmatch,11.631,0.024,11.693,0.021,11.213,0.11,99.999,99.999,Surveyphotometry.dat crossmatch
spec-1838-53467-0217.fits,SDSS J135739.94+340521.9,209.41643924180835,34.08943400407233,1.4580379784769157e+18,18.085702896118164,QSO,QSO,xPCA,3961.0570694550693,1.834424830931996,0.00030797139263021353,,,0.07432084072073701,0.0022258260246378614,SMC,4008.5374525053635,-1.002077303346284,18.465,0.015,18.463,0.007,18.459,0.008,18.181,0.009,18.133,0.02,Surveyphotometry.dat crossmatch,99.999,99.999,17.014,0.024,16.75,0.028,99.999,99.999,Surveyphotometry.dat crossmatch,15.021,0.033,13.779,0.034,10.576,0.076,8.25,0.227,Surveyphotometry.dat crossmatch
spec-5977-56098-0558.fits,SDSS J130845.71+252417.8,197.19048500979048,25.404932438271786,1.4592298447844818e+18,18.613805770874023,QSO,QSO,xPCA,6058.497281829952,2.084975159727504,0.0002043136020861415,,,0.04484505938781115,0.003954228159171253,MW,10091.697736292052,-1.0060106180791408,18.696,0.02,18.472,0.007,18.403,0.008,18.342,0.009,18.209,0.02,Surveyphotometry.dat crossmatch,99.999,99.999,17.444,0.025,17.032,0.029,16.422,0.031,Surveyphotometry.dat crossmatch,15.489,0.043,14.317,0.051,10.725,0.088,8.531,0.32,Surveyphotometry.dat crossmatch
SDSS_J135156+312124_combined.dat,SDSS_J135156+312124_combined,207.98691756337416,31.356738319128407,1.4572432334310856e+18,,QSO,,Stellar-templates,400.96415425333635,1.3297707639889682,0.000974717266084002,0.5521319977088168,0.02769999709079579,0.5521319977088168,0.02769999709079579,SMC,400.96415425333635,-1.6590527882549473,20.28,0.056,19.431,0.012,18.667,0.01,18.374,0.012,18.235,0.03,Surveyphotometry.dat crossmatch,99.999,99.999,19.602,0.172,16.437,0.027,15.915,0.026,Surveyphotometry.dat crossmatch,14.526,0.028,13.099,0.027,10.027,0.053,7.677,0.15,Surveyphotometry.dat crossmatch
spec-2664-54524-0420.fits,SDSS J132123.95+245141.7,200.3497935572906,24.861590662554075,1.4466132580931492e+18,18.612565994262695,QSO,QSO,xPCA,4088.9435836276516,1.6245206851183114,0.0002747297508877889,,,0.02693212440807833,0.005979818061928946,MW,4395.738916755178,-1.1150433380420153,19.109,0.021,18.962,0.009,18.839,0.01,18.58,0.011,18.542,0.02,Surveyphotometry.dat crossmatch,99.999,99.999,17.544,0.027,16.918,0.029,16.772,0.043,Surveyphotometry.dat crossmatch,15.689,0.046,14.615,0.054,11.641,0.208,99.999,99.999,Surveyphotometry.dat crossmatch
spec-1994-53845-0547.fits,SDSS J125757.23+322929.2,194.4884660430872,32.491479536200124,1.467353006626702e+18,18.14527130126953,QSO,QSO-MIDZ,xPCA,4116.527855445675,0.8057183024532497,0.00026444466499559875,,,0.06025658645568041,0.00419543864468248,SMC,11541.455303287334,-1.1938420751190209,19.46,0.03,18.937,0.009,18.789,0.01,18.677,0.011,18.388,0.02,Surveyphotometry.dat crossmatch,99.999,99.999,16.315,0.011,15.51,0.012,14.648,0.009,Surveyphotometry.dat crossmatch,12.187,0.023,11.134,0.02,8.405,0.021,6.139,0.049,Surveyphotometry.dat crossmatch
spec-5977-56098-0244.fits,spec-5977-56098-0244,198.2936846309969,23.476085798244885,1.4467850224256507e+18,18.958250045776367,GALAXY,GALAXY-PASS,xPCA,3500.0718788043396,0.29273893210401725,9.676219013380243e-05,,,1.548338400252311,0.010102325744041463,SMC,31212.574672807987,-2.442205635418415,20.106,0.037,18.868,0.009,19.008,0.011,19.194,0.016,19.133,0.04,Surveyphotometry.dat crossmatch,99.999,99.999,18.409,0.065,99.999,9.999,99.999,9.999,Surveyphotometry.dat crossmatch,15.004,0.033,14.51,0.05,12.267,0.361,99.999,99.999,Surveyphotometry.dat crossmatch
spec-2016-53799-0640.fits,SDSS J131338.18+355948.4,198.40910698557752,35.996799009943366,1.4742356015228278e+18,18.26402473449707,QSO,QSO,xPCA,4234.343996903994,2.08900547394584,0.0003074274334902262,,,2.863868204730632e-08,0.00010512771609705814,LMC,5002.115954970151,-1.1898544871427212,18.516,0.015,18.392,0.007,18.396,0.008,18.282,0.009,18.08,0.02,Surveyphotometry.dat crossmatch,99.999,99.999,17.546,0.038,99.999,99.999,16.547,0.055,Surveyphotometry.dat crossmatch,15.524,0.039,14.172,0.04,10.823,0.103,8.627,0.346,Surveyphotometry.dat crossmatch
spec-2650-54505-0496.fits,SDSS J130447.82+221253.0,196.1992856418813,22.214751140682694,3.9442803987831613e+18,18.740121841430664,QSO,QSO,xPCA,6778.280960753368,2.4223537654037,0.0008317690215131166,,,0.5101070809225707,0.004363977740105884,LMC,11964.400716839564,-1.3575625666543694,19.67,0.036,19.088,0.01,18.844,0.01,18.791,0.012,18.638,0.03,Surveyphotometry.dat crossmatch,99.999,99.999,17.79,0.028,17.216,0.031,16.601,0.034,Surveyphotometry.dat crossmatch,15.2,0.035,14.306,0.046,10.865,0.104,9.021,0.52,Surveyphotometry.dat crossmatch
spec-2028-53818-0569.fits,SDSS J135021.51+352935.2,207.58965086708437,35.49313393322702,1.4711465236048937e+18,18.488689422607422,QSO,QSO-MIDZ,xPCA,4218.77819641727,1.3354469141085366,0.000289486128705052,,,2.3796815483857064e-11,4.6516101868494326e-05,SMC,5626.16880751309,-1.0616184585343589,18.552,0.017,18.509,0.007,18.347,0.008,18.357,0.009,18.36,0.03,Surveyphotometry.dat crossmatch,99.999,99.999,17.946,0.05,17.211,0.051,16.683,0.053,Surveyphotometry.dat crossmatch,15.185,0.035,13.783,0.034,10.776,0.087,8.119,0.21,Surveyphotometry.dat crossmatch
spec-6005-56090-0762.fits,SDSS J135454.85+262806.7,208.7285777449788,26.468519834617805,1.450437874930508e+18,18.611909866333008,BAL_QSO,QSO,xPCA,36285.18940379663,2.6311736371406376,0.000232128081442337,,,0.12689382121186593,0.001961028441389942,LMC,37538.21927565869,-1.2158625599908572,19.83,0.042,19.049,0.01,18.931,0.011,18.871,0.014,18.605,0.03,Surveyphotometry.dat crossmatch,99.999,99.999,17.556,0.029,17.045,0.027,16.49,0.035,Surveyphotometry.dat crossmatch,15.659,0.043,14.678,0.055,11.123,0.111,8.575,0.265,Surveyphotometry.dat crossmatch
spec-2239-53726-0554.fits,SDSS J125025.54+301639.7,192.60645032237588,30.2777259741534,1.4652261688855455e+18,18.068246841430664,QSO,QSO,xPCA,4670.4736888218895,1.0608671657228732,0.00013497763240175267,,,2.3842063688454297e-09,0.001044135057123145,SMC,7245.656774232584,-1.1180312680939062,19.36,0.029,19.185,0.011,18.85,0.01,18.867,0.015,18.806,0.04,Surveyphotometry.dat crossmatch,99.999,99.999,17.045,0.018,16.567,0.027,15.852,0.021,Surveyphotometry.dat crossmatch,14.848,0.032,13.829,0.037,11.052,0.159,8.961,0.507,Surveyphotometry.dat crossmatch
spec-6488-56364-0831.fits,SDSS J130423.24+340438.0,196.09685298532443,34.07725588781307,1.4679244734988915e+18,18.587003707885742,QSO,QSO,xPCA,33663.20705254269,2.5537298636628267,0.000152128339145585,,,0.035494985099176125,0.0016780715207160846,LMC,44192.19263455865,-1.3010358135285123,19.107,0.022,18.601,0.008,18.568,0.009,18.584,0.01,18.375,0.03,Surveyphotometry.dat crossmatch,99.999,99.999,17.219,0.032,16.574,0.025,15.683,0.02,Surveyphotometry.dat crossmatch,15.14,0.034,14.422,0.046,11.6,0.168,99.999,99.999,Surveyphotometry.dat crossmatch
spec-10258-58492-0406.fits,SDSS J133628.16+320344.9,204.11737570657425,32.062486286474055,1.4687925765862408e+18,17.71883773803711,QSO,QSO,xPCA,13522.932684480871,0.3701559468382565,1.747097105749321e-05,,,3.579687609701898e-10,8.485803041902152e-06,MW,41403.26603722153,-1.5659768738992736,17.383,0.01,17.29,0.004,17.295,0.005,17.366,0.006,17.018,0.01,Surveyphotometry.dat crossmatch,99.999,99.999,16.499,0.012,15.641,0.009,14.444,0.006,Surveyphotometry.dat crossmatch,12.892,0.023,11.865,0.021,9.484,0.036,7.393,0.109,Surveyphotometry.dat crossmatch
spec-2114-53848-0389.fits,SDSS J134809.01+280213.5,207.03756818355785,28.037115982354997,1.451770070706898e+18,17.946809768676758,QSO,QSO-MIDZ,xPCA,6878.809613744753,1.6941782214390713,0.0005529367732313094,,,0.062093800422276246,0.0016025449091053162,SMC,19301.52699932039,-1.1244651715486638,18.339,0.015,18.021,0.006,17.919,0.006,17.809,0.007,17.87,0.02,Surveyphotometry.dat crossmatch,99.999,99.999,16.862,0.018,16.47,0.022,16.013,0.03,Surveyphotometry.dat crossmatch,14.98,0.031,13.638,0.031,10.516,0.063,8.106,0.194,Surveyphotometry.dat crossmatch
spec-2783-54524-0103.fits,SDSS J135549.56+230944.9,208.95653751819523,23.16249362466164,1.2516080333191736e+18,18.78816032409668,QSO,QSO-MIDZ,xPCA,3987.766713874149,0.8866441791390283,0.0002380315223112932,,,2.3487285765377494e-10,6.23398243053324e-05,SMC,5320.02076089845,-1.1179544237319836,18.966,0.024,18.725,0.008,18.676,0.009,18.74,0.011,18.687,0.03,Surveyphotometry.dat crossmatch,99.999,99.999,17.205,0.021,17.005,0.038,16.215,0.032,Surveyphotometry.dat crossmatch,14.807,0.032,13.675,0.032,10.885,0.094,8.399,0.255,Surveyphotometry.dat crossmatch
spec-2245-54208-0200.fits,SDSS J133241.10+255221.7,203.1712766127844,25.87269593730216,1.4480823473628662e+18,17.073917388916016,QSO,QSO-MIDZ,xPCA,5208.1956273935775,0.9294343230642157,0.0002099951916157826,,,9.26097669688361e-11,2.5553163441915564e-05,SMC,13105.438887036267,-1.0419091955614883,17.337,0.009,17.2,0.005,17.094,0.005,17.059,0.006,16.888,0.01,Surveyphotometry.dat crossmatch,99.999,99.999,15.929,0.007,15.73,0.009,14.931,0.009,Surveyphotometry.dat crossmatch,13.241,0.024,11.912,0.022,9.192,0.031,7.247,0.095,Surveyphotometry.dat crossmatch
spec-10259-58190-0347.fits,SDSS J134923.72+332544.1,207.34885572436391,33.42893595795142,1.458321137081745e+18,18.8555908203125,QSO,QSO-MIDZ,xPCA,3364.2688441303344,0.7301748708102984,0.00015901088899588836,,,0.11965695574099239,0.0036652905487425114,SMC,4466.925906510374,-1.097572882660319,19.633,0.03,19.272,0.011,19.205,0.012,19.149,0.016,18.897,0.03,Surveyphotometry.dat crossmatch,99.999,99.999,17.875,0.04,17.157,0.031,16.283,0.03,Surveyphotometry.dat crossmatch,14.878,0.031,13.907,0.036,10.567,0.075,7.571,0.119,Surveyphotometry.dat crossmatch
spec-2243-53794-0107.fits,SDSS J131823.42+262622.9,199.5976059968712,26.43967897121517,1.4477978444330655e+18,18.665576934814453,GALAXY,GALAXY,xPCA,7925.360731007198,0.6231923977392784,2.1200682020657263e-05,,,0.5765117643824671,0.009186796111752715,MW,9974.406122715605,-1.7492662636967928,20.153,0.041,19.654,0.013,19.413,0.014,19.081,0.014,19.166,0.04,Surveyphotometry.dat crossmatch,99.999,99.999,17.634,0.025,16.763,0.021,15.949,0.021,Surveyphotometry.dat crossmatch,14.203,0.026,13.016,0.026,10.439,0.073,8.012,0.194,Surveyphotometry.dat crossmatch
spec-1978-53473-0494.fits,SDSS J133321.26+291010.8,203.33860081706115,29.169689984885355,1.449872073119404e+18,18.212156295776367,QSO,QSO,xPCA,18273.11828019719,2.6493615424849137,0.0003295284389466782,,,0.11078516352331066,0.003898793487248489,MW,30322.606292278688,-1.3655230652655816,19.046,0.024,18.461,0.007,18.388,0.008,18.363,0.011,18.334,0.02,Surveyphotometry.dat crossmatch,99.999,99.999,17.333,0.026,16.846,0.03,16.493,0.039,Surveyphotometry.dat crossmatch,15.754,0.047,14.892,0.064,11.277,0.168,8.891,0.434,Surveyphotometry.dat crossmatch
spec-2238-54205-0035.fits,spec-2238-54205-0035,193.2504539393724,27.20951298419474,3.9616995191216404e+18,18.714134216308594,QSO,QSO-MIDZ,xPCA,4700.760079327665,1.4831868482148611,0.0004578268321285699,,,4.837604275498286e-11,8.52664237197345e-05,LMC,6657.983776201261,-1.403060169119828,19.51,0.031,19.255,0.01,19.114,0.012,18.964,0.019,19.061,0.04,Surveyphotometry.dat crossmatch,99.999,99.999,17.997,0.034,17.396,0.039,16.974,0.053,Surveyphotometry.dat crossmatch,15.589,0.041,14.168,0.042,10.963,0.16,8.655,0.403,Surveyphotometry.dat crossmatch
spec-3982-55332-0956.fits,spec-3982-55332-0956,202.80939101299884,35.34764656187934,1.4704021585277133e+18,18.88795280456543,QSO,QSO,xPCA,12277.340189024397,2.413833869652669,0.0003336896378349839,,,4.0074379063651314e-10,1.296248656449837e-05,LMC,26566.832766506763,-1.1227895995909747,19.369,0.024,18.846,0.008,18.851,0.01,18.906,0.013,18.702,0.03,Surveyphotometry.dat crossmatch,99.999,99.999,18.048,0.054,17.437,0.086,16.893,0.07,Surveyphotometry.dat crossmatch,15.739,0.044,14.73,0.057,11.437,0.19,9.092,0.481,Surveyphotometry.dat crossmatch
spec-2244-53795-0607.fits,spec-2244-53795-0607,201.826685250485,27.685114712310018,1.44930647746598e+18,18.678768157958984,QSO,QSO,xPCA,5223.508644273082,0.25675320080884845,2.7199106192472426e-05,,,0.4709781819973996,0.008354708671957173,MW,11659.402606765385,-2.057108213955757,18.848,0.022,18.933,0.009,18.683,0.01,18.494,0.012,18.096,0.02,Surveyphotometry.dat crossmatch,99.999,99.999,16.937,0.017,16.071,0.015,14.995,0.01,Surveyphotometry.dat crossmatch,13.692,0.025,12.737,0.025,10.35,0.061,7.995,0.203,Surveyphotometry.dat crossmatch
sdssJ130850+250357_combined.dat,sdssJ130850+250357_combined,197.20927948453547,25.0658320328415,1.4592033877858742e+18,18.566547393798828,BAL_QSO,QSO,xPCA,213.3209776475195,2.3301144228810964,0.0005236246675068333,,,0.4872237855605083,0.0470193082798111,MW,241.36836264958163,-1.1339175664320464,19.56,0.03,18.944,0.009,18.87,0.01,18.891,0.013,18.722,0.02,Surveyphotometry.dat crossmatch,99.999,99.999,17.882,0.04,17.348,0.042,16.721,0.044,Surveyphotometry.dat crossmatch,15.982,0.054,14.96,0.08,11.482,0.196,8.433,0.309,Surveyphotometry.dat crossmatch
spec-1975-53734-0202.fits,spec-1975-53734-0202,190.35389077253464,31.48229217319808,1.5135780560055665e+18,18.05674934387207,GALAXY,GALAXY-PASS,xPCA,7744.03542769218,0.031102367939768293,8.738531381210306e-06,,,2.442886017656368,0.0023686879322288856,SMC,878949.692832739,-1.0310149450272188,17.485,0.013,15.675,0.003,14.89,0.002,14.517,0.002,14.236,0.0,Surveyphotometry.dat crossmatch,99.999,99.999,14.133,0.003,13.484,0.002,13.122,0.003,Surveyphotometry.dat crossmatch,12.084,0.023,12.148,0.023,11.114,0.117,99.999,99.999,Surveyphotometry.dat crossmatch
spec-6489-56329-0132.fits,SDSS J132613.76+285143.7,201.557353885572,28.862144575810657,1.4499784508690703e+18,18.405471801757812,QSO,QSO-MIDZ,xPCA,4756.273755964309,1.30061248957497,0.0001992234019249403,,,1.0268723442093466e-09,0.0003108427895385196,LMC,5852.237815408731,-1.0163862631917306,18.131,0.014,18.021,0.006,17.853,0.006,17.826,0.008,17.879,0.02,Surveyphotometry.dat crossmatch,99.999,99.999,17.776,0.029,16.853,0.024,16.528,0.035,Surveyphotometry.dat crossmatch,14.985,0.032,13.775,0.032,11.144,0.12,8.439,0.269,Surveyphotometry.dat crossmatch
spec-1993-53762-0087.fits,SDSS J133429.88+334243.8,203.6245409071641,33.71217930660443,1.4692593192720005e+18,18.147075653076172,QSO,QSO,xPCA,6085.39586564832,2.415212990892934,0.000149814696611563,,,4.1814448469490104e-10,0.00011580017572086778,MW,13647.618531406339,-1.181954774568734,18.94,0.021,18.345,0.007,18.464,0.008,18.372,0.009,18.129,0.02,Surveyphotometry.dat crossmatch,99.999,99.999,17.106,0.028,16.561,0.023,15.725,0.02,Surveyphotometry.dat crossmatch,15.322,0.035,14.464,0.043,11.214,0.118,8.874,0.441,Surveyphotometry.dat crossmatch
spec-2024-53503-0209.fits,SDSS J134437.11+314006.1,206.1546552031396,31.66838108845,1.4566081623869967e+18,18.738332748413086,QSO,QSO,xPCA,3781.127891425242,1.695526166302439,0.000414255733698145,,,0.05723401823848487,0.007256255442331373,MW,4026.361269391229,-1.290916812065124,19.187,0.026,19.076,0.01,19.037,0.012,18.784,0.015,18.805,0.05,Surveyphotometry.dat crossmatch,99.999,99.999,17.898,0.034,17.402,0.052,17.146,0.075,Surveyphotometry.dat crossmatch,15.741,0.043,14.37,0.045,10.907,0.094,8.761,0.365,Surveyphotometry.dat crossmatch
spec-2094-53851-0386.fits,spec-2094-53851-0386,204.6997225267452,30.7489326582394,1.4564459500650232e+18,18.636112213134766,GALAXY,GALAXY-PASS,xPCA,4250.35532210234,0.06255029260436448,1.3497366495188955e-05,,,1.86704052811185,0.0035717662649116244,MW,467847.9777138826,-1.1785086616399703,99.999,9.999,99.999,9.999,99.999,9.999,99.999,9.999,99.999,9.999,Surveyphotometry.dat crossmatch,99.999,99.999,15.276,0.006,14.632,0.006,14.242,0.006,Surveyphotometry.dat crossmatch,13.683,0.025,13.596,0.032,99.999,99.999,99.999,99.999,Surveyphotometry.dat crossmatch
spec-2242-54153-0003.fits,SDSS J131045.91+261731.8,197.69132793444777,26.29219476583805,1.4594266960209882e+18,18.717382431030273,QSO,QSO-MIDZ,xPCA,4380.892516504828,0.965395693021931,0.00042606318585401714,,,2.1777906352728714e-09,0.0001563304468796621,SMC,4836.96335514755,-1.407553127587154,99.999,9.999,99.999,9.999,99.999,9.999,99.999,9.999,99.999,9.999,Surveyphotometry.dat crossmatch,99.999,99.999,17.345,0.019,17.259,0.03,16.416,0.028,Surveyphotometry.dat crossmatch,14.783,0.031,13.583,0.033,10.578,0.092,8.517,0.387,Surveyphotometry.dat crossmatch
spec-2029-53819-0439.fits,SDSS J130307.23+314932.9,195.780146907235,31.825846437946304,1.4670840686587587e+18,18.955928802490234,QSO,QSO,xPCA,4889.000746068243,1.6369908636177677,0.0004458067364289533,,,4.0168680529159215e-10,4.290312451788253e-05,SMC,7072.699019406216,-1.0972499795756752,19.035,0.022,18.888,0.009,18.894,0.011,18.653,0.012,18.751,0.04,Surveyphotometry.dat crossmatch,99.999,99.999,18.044,0.036,17.37,0.038,17.199,0.063,Surveyphotometry.dat crossmatch,15.755,0.045,14.327,0.044,11.447,0.192,99.999,99.999,Surveyphotometry.dat crossmatch
spec-2017-53474-0555.fits,SDSS J134513.89+290603.3,206.30786081606612,29.10093087097226,1.455300568184036e+18,18.21700096130371,QSO,QSO-MIDZ,xPCA,4866.299679451903,0.5900471399866021,0.0001614649067222448,,,2.784967160043058e-09,7.605796782285244e-05,MW,6193.5297008282105,-1.3091034596701325,18.716,0.019,18.333,0.007,18.43,0.008,18.289,0.01,18.386,0.02,Surveyphotometry.dat crossmatch,99.999,99.999,17.375,0.027,16.762,0.025,15.955,0.025,Surveyphotometry.dat crossmatch,14.449,0.029,13.34,0.029,10.785,0.095,8.461,0.277,Surveyphotometry.dat crossmatch
spec-2024-53503-0342.fits,SDSS J134452.39+331958.0,206.2183042851832,33.3327610337724,1.458538771663384e+18,18.751285552978516,QSO,QSO,xPCA,4625.118791390496,1.1692884138038995,0.00024226874070486384,,,0.28955833065996145,0.003244713159866741,SMC,6256.615150659099,-1.1252791227005323,18.918,0.021,18.604,0.007,18.239,0.007,18.183,0.009,18.157,0.02,Surveyphotometry.dat crossmatch,99.999,99.999,17.736,0.036,17.142,0.031,16.259,0.03,Surveyphotometry.dat crossmatch,14.412,0.028,12.942,0.027,9.814,0.048,7.491,0.124,Surveyphotometry.dat crossmatch
spec-2114-53848-0239.fits,SDSS J134825.14+270616.1,207.10479289980995,27.104491193497136,1.4514996939253975e+18,18.265966415405273,QSO,QSO,xPCA,16789.73920477374,2.1964691222357167,0.0003215297062511568,,,0.06517682162123688,0.0014156923495984575,SMC,26260.791062483113,-1.1459357924310092,18.391,0.015,18.068,0.006,17.939,0.006,17.901,0.008,17.694,0.01,Surveyphotometry.dat crossmatch,99.999,99.999,17.055,0.021,16.653,0.03,15.77,0.021,Surveyphotometry.dat crossmatch,14.914,0.031,13.487,0.03,10.019,0.05,7.917,0.14,Surveyphotometry.dat crossmatch
spec-6006-56105-0688.fits,SDSS J134809.01+280213.5,207.03756818355785,28.037115982354997,1.451770070706898e+18,17.946809768676758,QSO,QSO,xPCA,14301.730285406866,1.695379190348656,0.00027954319299720295,,,0.1927996533592319,0.0009101703067166816,SMC,60152.65697036068,-1.1156437292796129,18.339,0.015,18.021,0.006,17.919,0.006,17.809,0.007,17.87,0.02,Surveyphotometry.dat crossmatch,99.999,99.999,16.862,0.018,16.47,0.022,16.013,0.03,Surveyphotometry.dat crossmatch,14.98,0.031,13.638,0.031,10.516,0.063,8.106,0.194,Surveyphotometry.dat crossmatch
spec-2120-53852-0181.fits,SDSS J135947.90+270828.3,209.9496108723117,27.14120042747069,1.4509372593678858e+18,18.70149040222168,QSO,QSO,xPCA,3994.5118525101143,1.8307224985674384,0.00034783893425130387,,,0.10483326402425602,0.008054347033883726,MW,4437.794443865569,-1.3785407168034085,19.331,0.027,19.283,0.011,19.27,0.013,18.923,0.013,18.997,0.04,Surveyphotometry.dat crossmatch,99.999,99.999,17.912,0.043,17.611,0.068,16.955,0.065,Surveyphotometry.dat crossmatch,15.916,0.047,14.868,0.057,11.568,0.166,99.999,99.999,Surveyphotometry.dat crossmatch
spec-2009-53857-0575.fits,SDSS J131347.68+294201.3,198.44867455552924,29.70037870069506,1.4626652388023624e+18,18.191204071044922,QSO,QSO,xPCA,6544.075001321235,2.0542787830362763,0.0003357678647617862,,,3.789295783889705e-09,0.0002748446497937755,MW,8039.779366453843,-0.9950407289307289,18.261,0.015,18.18,0.006,18.064,0.007,17.948,0.008,17.749,0.02,Surveyphotometry.dat crossmatch,99.999,99.999,17.139,0.018,16.717,0.028,16.187,0.03,Surveyphotometry.dat crossmatch,15.118,0.033,13.698,0.032,10.008,0.05,7.839,0.144,Surveyphotometry.dat crossmatch
spec-3980-55331-0108.fits,SDSS J131911.10+325931.8,199.79628190955228,32.99220612525181,1.4726802048863626e+18,17.90932273864746,QSO,QSO,xPCA,19385.464941147828,2.0348571205647743,0.00021479000637143967,,,0.0527346204336818,0.0008618440795478584,SMC,32765.840065846132,-0.9725105939460872,18.453,0.015,18.184,0.007,18.044,0.007,17.838,0.008,17.749,0.01,Surveyphotometry.dat crossmatch,99.999,99.999,16.97,0.021,16.479,0.032,16.046,0.032,Surveyphotometry.dat crossmatch,14.754,0.029,13.629,0.03,10.182,0.055,7.894,0.136,Surveyphotometry.dat crossmatch
spec-2238-54205-0352.fits,SDSS J124111.43+272537.3,190.29763847314703,27.427058531553158,3.9622819123910477e+18,18.437654495239258,QSO,QSO-MIDZ,xPCA,8342.570283801258,1.1995305580487226,0.00033784145796336284,,,0.22114348898595382,0.003637152822194206,SMC,8784.815130592093,-1.2825805461524624,19.044,0.022,18.946,0.009,18.583,0.009,18.49,0.011,18.607,0.03,Surveyphotometry.dat crossmatch,99.999,99.999,17.551,0.027,16.925,0.035,16.405,0.034,Surveyphotometry.dat crossmatch,15.239,0.037,13.949,0.038,11.029,0.115,8.698,0.329,Surveyphotometry.dat crossmatch
spec-2242-54153-0507.fits,spec-2242-54153-0507,196.54616748844592,27.700159310601546,1.4609263611628815e+18,18.61641502380371,GALAXY,GALAXY-PASS,xPCA,5057.550580728258,0.022421562443539544,9.478138305349335e-06,,,2.4771158623634437,0.002751514863339022,SMC,742339.2490460345,-1.0603892868444524,17.202,0.013,15.491,0.003,14.722,0.002,14.343,0.002,14.053,0.0,Surveyphotometry.dat crossmatch,99.999,99.999,14.535,0.003,13.846,0.003,13.599,0.004,Surveyphotometry.dat crossmatch,12.331,0.023,12.392,0.023,11.904,0.233,99.999,99.999,Surveyphotometry.dat crossmatch
sdssJ134853+294902_combined.dat,sdssJ134853+294902_combined,207.2210573324081,29.817469776202568,1.4554396220449347e+18,18.97292709350586,QSO,,Composite model - LMC,68.99758149610415,1.7389258297481043,0.0017066173056135003,1.367738726399878e-07,0.031544939257720145,1.367738726399878e-07,0.031544939257720145,LMC,68.99758149610415,-1.4128252431871535,19.474,0.03,19.407,0.013,19.467,0.016,19.243,0.019,19.221,0.06,Surveyphotometry.dat crossmatch,99.999,99.999,18.411,0.062,17.863,0.077,17.347,0.086,Surveyphotometry.dat crossmatch,16.274,0.06,14.802,0.059,12.02,0.255,99.999,99.999,Surveyphotometry.dat crossmatch
spec-2241-54156-0125.fits,SDSS J125815.06+260500.8,194.56274766869615,26.083569786958144,3.9583296491253084e+18,18.53080940246582,QSO,QSO,xPCA,4032.4270016955347,1.6190874527933747,0.0003950182236101371,,,0.06613259750826884,0.0035273791546210145,SMC,4307.467039354539,-1.2125853342481416,18.884,0.019,18.656,0.008,18.561,0.009,18.326,0.009,18.276,0.02,Surveyphotometry.dat crossmatch,99.999,99.999,17.661,0.03,16.98,0.026,16.621,0.04,Surveyphotometry.dat crossmatch,15.373,0.036,14.023,0.036,10.989,0.105,8.829,0.408,Surveyphotometry.dat crossmatch
spec-6492-56362-0581.fits,SDSS J132503.72+320504.8,201.26550879485853,32.08467827453096,1.469354319651861e+18,18.690692901611328,QSO,QSO,xPCA,12525.254224389677,1.9307277679406676,0.00036968011433146996,,,0.09024400141358326,0.0015767268021327496,SMC,17767.235844763847,-1.1907006832693567,18.695,0.018,18.471,0.007,18.408,0.008,18.336,0.011,18.251,0.03,Surveyphotometry.dat crossmatch,99.999,99.999,17.831,0.039,17.435,0.041,16.916,0.047,Surveyphotometry.dat crossmatch,15.343,0.037,13.896,0.036,10.298,0.07,7.891,0.212,Surveyphotometry.dat crossmatch
spec-2009-53904-0582.fits,SDSS J131347.68+294201.3,198.44867455552924,29.70037870069506,1.4626652388023624e+18,18.191204071044922,QSO,QSO,xPCA,5939.297332795168,2.0524601294948632,0.00031825265058497043,,,2.2234450700953437e-09,0.00027070151879159745,MW,7663.211929763155,-1.0037863833307443,18.261,0.015,18.18,0.006,18.064,0.007,17.948,0.008,17.749,0.02,Surveyphotometry.dat crossmatch,99.999,99.999,17.139,0.018,16.717,0.028,16.187,0.03,Surveyphotometry.dat crossmatch,15.118,0.033,13.698,0.032,10.008,0.05,7.839,0.144,Surveyphotometry.dat crossmatch
spec-3985-55320-0098.fits,SDSS J133932.73+322942.9,204.8863971911277,32.495275650046416,1.4688900165067817e+18,18.987836837768555,QSO,QSO,xPCA,11155.921705103605,2.3611439633992832,0.0001412758641584152,,,0.15051162712234065,0.005113995114404579,MW,18854.965701697423,-1.214413724084325,19.503,0.027,19.009,0.009,19.052,0.011,19.03,0.013,18.799,0.03,Surveyphotometry.dat crossmatch,99.999,99.999,18.184,0.055,17.611,0.079,16.806,0.059,Surveyphotometry.dat crossmatch,16.412,0.07,15.372,0.096,12.016,0.28,9.001,0.434,Surveyphotometry.dat crossmatch
spec-10257-58526-0116.fits,SDSS J133102.95+324716.1,202.76232000855404,32.787818490738246,1.469108583099993e+18,18.371522903442383,QSO,QSO-MIDZ,xPCA,25099.43649845941,1.7856812324321485,0.0002270468208764287,,,0.6886937402158048,0.0016839346045324222,SMC,46028.91948829233,-1.5618162159401545,19.856,0.033,19.3,0.011,18.606,0.009,18.204,0.008,18.165,0.02,Surveyphotometry.dat crossmatch,99.999,99.999,16.873,0.018,16.328,0.027,15.776,0.023,Surveyphotometry.dat crossmatch,15.036,0.03,14.186,0.037,11.213,0.133,8.289,0.263,Surveyphotometry.dat crossmatch
sdssJ132059+263709_combined.dat,sdssJ132059+263709_combined,200.24718647696108,26.61920465158491,1.447814130949115e+18,18.51973533630371,QSO,QSO-MIDZ,xPCA,84.06930503419892,0.9359315606650764,8.778257530972402e-05,,,5.239200435712171e-07,0.0011326385485330873,SMC,549.6009360771816,-1.4534402020926949,19.758,0.038,19.543,0.013,19.318,0.014,19.289,0.021,19.215,0.06,Surveyphotometry.dat crossmatch,99.999,99.999,17.666,0.031,17.503,0.043,16.688,0.04,Surveyphotometry.dat crossmatch,15.12,0.034,14.046,0.041,10.849,0.101,8.079,0.274,Surveyphotometry.dat crossmatch
spec-6483-56341-0266.fits,SDSS J130313.02+281107.7,195.80426433570983,28.185487674716114,1.4607830466942228e+18,16.654735565185547,QSO,QSO-MIDZ,xPCA,5840.605787496983,1.3130417573525324,0.00017233693571651516,,,8.391724815037804e-15,4.9602082102099035e-06,SMC,16964.224264832832,-1.0816320027746102,16.914,0.008,16.804,0.004,16.662,0.005,16.647,0.005,16.689,0.0,Surveyphotometry.dat crossmatch,99.999,99.999,15.927,0.008,15.229,0.008,14.794,0.009,Surveyphotometry.dat crossmatch,13.268,0.024,11.895,0.022,9.131,0.029,7.27,0.098,Surveyphotometry.dat crossmatch
spec-5997-56309-0590.fits,SDSS J131516.58+274933.9,198.81910125055924,27.82608557960961,1.4601956283104364e+18,18.23138999938965,QSO,QSO,xPCA,74118.17477519179,3.1750352449912964,0.0001999970973251609,,,0.244956490321559,0.0014442961013687028,LMC,109380.0502086088,-2.2884311176513767,21.093,0.081,18.696,0.008,18.308,0.008,18.143,0.009,18.144,0.02,Surveyphotometry.dat crossmatch,99.999,99.999,17.189,0.019,17.01,0.029,16.434,0.03,Surveyphotometry.dat crossmatch,15.864,0.049,14.949,0.067,11.045,0.139,8.315,0.292,Surveyphotometry.dat crossmatch
spec-2017-53474-0310.fits,SDSS J133909.71+280526.4,204.79047956638675,28.090670604556053,1.454759303525271e+18,18.99748420715332,QSO,QSO,xPCA,4931.19201048166,1.1201666557676764,0.0003367236165162872,,,1.5381391906682529e-12,2.4078735067446035e-05,LMC,13684.554770069708,-1.1572849730929176,18.804,0.02,18.774,0.009,18.604,0.009,18.74,0.012,18.965,0.05,Surveyphotometry.dat crossmatch,99.999,99.999,18.544,0.072,17.786,0.063,16.812,0.051,Surveyphotometry.dat crossmatch,14.976,0.033,13.73,0.035,10.858,0.095,8.546,0.276,Surveyphotometry.dat crossmatch
spec-2017-53474-0248.fits,spec-2017-53474-0248,204.80575422286967,27.305080761937035,1.4486704830045783e+18,18.968076705932617,QSO,QSO-MIDZ,xPCA,4291.664068023823,0.6825578300844435,0.0002530715764678117,,,1.2252778514563502e-09,8.41655088330182e-05,MW,8405.263321651382,-1.4744420875992779,19.008,0.022,18.749,0.008,18.825,0.01,18.939,0.014,18.98,0.04,Surveyphotometry.dat crossmatch,99.999,99.999,18.14,0.065,17.438,0.06,16.404,0.045,Surveyphotometry.dat crossmatch,14.865,0.032,13.726,0.033,11.194,0.106,8.355,0.24,Surveyphotometry.dat crossmatch
spec-2118-53820-0231.fits,spec-2118-53820-0231,208.4790819895226,27.570245409978934,1.451108615678886e+18,18.54104232788086,QSO,QSO,xPCA,11015.667757331481,0.14839158108076989,3.308080007738954e-05,,,0.11234378994110675,0.004038431850980864,SMC,41388.95501887863,-2.541640934502652,18.223,0.015,18.045,0.006,17.822,0.006,17.573,0.007,17.596,0.02,Surveyphotometry.dat crossmatch,99.999,99.999,16.95,0.018,16.41,0.022,15.774,0.022,Surveyphotometry.dat crossmatch,14.729,0.03,13.883,0.034,10.613,0.071,7.887,0.129,Surveyphotometry.dat crossmatch
spec-2116-53854-0621.fits,SDSS J135852.46+295413.1,209.7186167253601,29.903670235830837,1.4537663070817377e+18,17.4118709564209,QSO,QSO,xPCA,33069.38036593938,5.005252802478467,0.0003901786211113559,,,0.25633393727256193,0.001009141811092712,SMC,118166.8688413642,-1.7124521519290135,18.655,0.022,17.361,0.005,16.561,0.004,15.943,0.004,15.742,0.0,Surveyphotometry.dat crossmatch,99.999,99.999,14.738,0.004,13.918,0.003,12.826,0.002,Surveyphotometry.dat crossmatch,11.426,0.023,10.446,0.019,7.591,0.016,5.128,0.028,Surveyphotometry.dat crossmatch
spec-1838-53467-0473.fits,SDSS J135835.36+350117.0,209.64734755637505,35.021410964326314,1.4828707191711544e+18,18.882902145385742,QSO,QSO,xPCA,5091.383261372939,1.7585473764353055,0.00022688560452485093,,,0.0013575303035459657,0.00509634925165623,MW,5877.270441935024,-1.1129551270340339,18.95,0.022,18.839,0.008,18.839,0.01,18.597,0.011,18.509,0.03,Surveyphotometry.dat crossmatch,99.999,99.999,17.939,0.054,17.497,0.08,16.62,0.048,Surveyphotometry.dat crossmatch,15.57,0.04,14.306,0.041,11.062,0.103,8.286,0.224,Surveyphotometry.dat crossmatch
spec-6496-56363-0670.fits,SDSS J133724.69+315254.5,204.35290233831915,31.88182579531768,1.4687742241884774e+18,18.62384796142578,QSO,QSO,xPCA,92183.41580692987,3.1857919585810857,0.00029295779894904727,,,0.3821204811826356,0.001861031942799407,LMC,182067.79216759323,-2.3877737052315036,23.22,0.56,18.918,0.009,18.506,0.008,18.47,0.011,18.44,0.03,Surveyphotometry.dat crossmatch,99.999,99.999,17.313,0.026,16.833,0.023,16.042,0.024,Surveyphotometry.dat crossmatch,15.262,0.036,14.599,0.053,11.474,0.173,8.936,0.526,Surveyphotometry.dat crossmatch
spec-2024-53503-0023.fits,SDSS J134927.72+305251.0,207.36552181361975,30.88084870496464,1.4572013832700754e+18,18.155336380004883,GALAXY,GALAXY-PASS,xPCA,13520.770356852407,0.8643931439597938,0.0005572235929169749,,,4.015319849486763,0.009945643774072366,MW,19355.274492846747,-4.365631967660661,21.824,0.148,20.27,0.018,18.47,0.008,17.485,0.006,17.051,0.01,Surveyphotometry.dat crossmatch,99.999,99.999,15.677,0.008,15.131,0.007,14.414,0.006,Surveyphotometry.dat crossmatch,13.576,0.024,12.786,0.025,9.328,0.032,6.818,0.082,Surveyphotometry.dat crossmatch
spec-8878-57785-0255.fits,SDSS J135529.06+352332.1,208.871130623592,35.39226171630076,1.483118693402711e+18,17.66805648803711,QSO,QSO,xPCA,31199.77875960952,0.3150128600815125,9.348899233546674e-06,,,5.846094387664674e-11,2.9620686287061554e-05,MW,59057.9275822084,-2.0209634275302393,17.044,0.008,16.956,0.004,16.995,0.005,17.111,0.006,16.571,0.0,Surveyphotometry.dat crossmatch,99.999,99.999,16.411,0.013,15.707,0.014,14.797,0.01,Surveyphotometry.dat crossmatch,13.438,0.025,12.395,0.024,9.692,0.039,7.28,0.092,Surveyphotometry.dat crossmatch
spec-5997-56309-0236.fits,SDSS J131913.78+264750.0,199.80744350207144,26.797219444960568,1.4478753299388662e+18,18.969093322753906,QSO,QSO,xPCA,12509.981317698339,2.0958603152019437,0.0003502535415039242,,,0.17517291025457937,0.0014707362792200501,SMC,21550.549488378554,-1.1704495617759456,19.678,0.031,19.35,0.01,19.085,0.011,18.999,0.013,18.792,0.03,Surveyphotometry.dat crossmatch,99.999,99.999,18.058,0.047,17.505,0.044,16.968,0.058,Surveyphotometry.dat crossmatch,99.999,99.999,99.999,99.999,99.999,99.999,99.999,99.999,Surveyphotometry.dat crossmatch
spec-1978-53473-0144.fits,SDSS J133327.21+280525.0,203.3633958844775,28.090277690632675,1.4489890278430743e+18,18.827871322631836,QSO,QSO,xPCA,3664.10072425298,1.5410312142971683,0.00032289353639091117,,,3.4077975901228297e-12,7.579236246924926e-05,LMC,5222.659257644599,-1.1471245401630072,99.999,9.999,99.999,9.999,99.999,9.999,99.999,9.999,99.999,9.999,Surveyphotometry.dat crossmatch,99.999,99.999,18.043,0.039,17.335,0.039,17.015,0.053,Surveyphotometry.dat crossmatch,15.799,0.046,14.478,0.048,11.427,0.157,99.999,99.999,Surveyphotometry.dat crossmatch
spec-1993-53762-0125.fits,SDSS J133254.44+335727.6,203.2268728248835,33.95766215541563,1.47003031744098e+18,18.060401916503906,QSO,QSO-MIDZ,xPCA,3751.911541188622,1.0020043601578588,0.00037811733459662626,,,9.591155392682862e-10,0.00012008960662720499,SMC,4399.671076319881,-1.17600928769755,18.906,0.021,18.715,0.008,18.483,0.008,18.484,0.01,18.451,0.03,Surveyphotometry.dat crossmatch,99.999,99.999,17.313,0.032,17.065,0.04,16.589,0.046,Surveyphotometry.dat crossmatch,14.715,0.029,13.431,0.029,10.46,0.072,8.177,0.25,Surveyphotometry.dat crossmatch
spec-2009-53857-0318.fits,SDSS J130508.94+283716.3,196.2872637001692,28.621195937088057,1.4611946033437335e+18,18.75016975402832,QSO,QSO,xPCA,6890.484687355735,1.6807222399603794,0.0002881019397089499,,,0.09507930771174648,0.007328112086763809,MW,8137.616595909764,-1.452467622416738,18.981,0.022,19.013,0.01,18.989,0.011,18.729,0.012,18.751,0.03,Surveyphotometry.dat crossmatch,99.999,99.999,17.992,0.04,17.297,0.038,16.998,0.056,Surveyphotometry.dat crossmatch,15.991,0.045,14.582,0.048,11.391,0.123,99.999,99.999,Surveyphotometry.dat crossmatch
spec-2009-53904-0477.fits,SDSS J130804.00+295027.8,197.01667377406463,29.841059718907747,1.4614124827410872e+18,18.737714767456055,QSO,QSO,xPCA,4361.427885650917,1.2871255209263013,0.00020063515395155466,,,0.09129280334464523,0.00456030719643926,LMC,6877.598071210355,-1.3305894177513269,19.185,0.025,19.057,0.009,18.659,0.009,18.586,0.011,18.727,0.03,Surveyphotometry.dat crossmatch,99.999,99.999,17.866,0.038,16.874,0.032,16.712,0.055,Surveyphotometry.dat crossmatch,15.205,0.034,13.781,0.031,10.632,0.072,8.401,0.25,Surveyphotometry.dat crossmatch
spec-10250-58472-0617.fits,SDSS J124829.46+341231.3,192.12275317924733,34.20865987213935,1.5150939690073615e+18,18.578664779663086,QSO,QSO,xPCA,14393.402932233541,2.2258062701054526,0.00031871592294428216,,,0.11877857637219756,0.004271701956012425,MW,26447.355408653813,-1.087101901157945,18.915,0.021,18.432,0.007,18.327,0.008,18.332,0.009,18.244,0.02,Surveyphotometry.dat crossmatch,99.999,99.999,17.697,0.052,17.299,0.055,16.583,0.05,Surveyphotometry.dat crossmatch,15.679,0.044,14.38,0.047,10.833,0.101,8.484,0.291,Surveyphotometry.dat crossmatch
spec-2002-53471-0407.fits,SDSS J131917.48+302208.8,199.82281945093584,30.36911330596114,1.463121119514084e+18,17.946577072143555,QSO,QSO-MIDZ,xPCA,3950.7882830555727,1.200239717223977,0.0002951024184953705,,,2.1252211958571604e-11,0.000135145164760691,SMC,5626.506091532375,-1.0450733148884912,18.329,0.016,18.249,0.007,18.023,0.007,18.06,0.009,18.195,0.02,Surveyphotometry.dat crossmatch,99.999,99.999,17.442,0.021,16.917,0.023,16.285,0.03,Surveyphotometry.dat crossmatch,14.72,0.032,13.372,0.029,10.302,0.07,7.73,0.158,Surveyphotometry.dat crossmatch
spec-2663-54234-0165.fits,SDSS J131325.34+240840.0,198.3555985816297,24.14444294967659,1.4468904724621043e+18,18.767650604248047,QSO,QSO,xPCA,6189.0779184857965,0.4295850570738253,6.117947819527787e-05,,,0.6185201483729482,0.006438880270255909,LMC,8609.064820911573,-2.3292362754536535,19.115,0.025,18.909,0.009,18.633,0.009,18.352,0.009,18.114,0.02,Surveyphotometry.dat crossmatch,99.999,99.999,17.089,0.019,16.304,0.018,15.389,0.014,Surveyphotometry.dat crossmatch,14.152,0.027,13.231,0.029,10.473,0.087,7.546,0.145,Surveyphotometry.dat crossmatch
spec-2115-53535-0336.fits,SDSS J134628.21+263351.0,206.61755116244137,26.56418797915441,1.4513666530190267e+18,18.774982452392578,QSO,QSO-MIDZ,xPCA,4686.143777357153,1.7034730605991015,0.0006968525702144489,,,0.06086923121020052,0.002924712619980417,SMC,6824.43856915786,-1.1260995694585325,19.144,0.022,18.806,0.008,18.7,0.009,18.459,0.01,18.402,0.02,Surveyphotometry.dat crossmatch,99.999,99.999,17.675,0.038,17.344,0.059,16.828,0.055,Surveyphotometry.dat crossmatch,15.751,0.043,14.312,0.04,11.095,0.096,99.999,99.999,Surveyphotometry.dat crossmatch
spec-2239-53726-0026.fits,SDSS J125340.98+292606.0,193.4207805884198,29.435015004397407,1.4649389901917834e+18,18.807817459106445,QSO,QSO,xPCA,5671.800249995198,1.7706815316679052,0.0004507827782954564,,,2.7196226344626366e-09,6.437349688077072e-05,LMC,8277.393724811449,-1.3639887719719341,19.279,0.028,19.217,0.01,19.195,0.013,18.968,0.015,18.892,0.04,Surveyphotometry.dat crossmatch,99.999,99.999,17.95,0.038,17.544,0.059,16.972,0.06,Surveyphotometry.dat crossmatch,16.082,0.054,14.735,0.054,11.41,0.157,99.999,99.999,Surveyphotometry.dat crossmatch
spec-2651-54507-0436.fits,spec-2651-54507-0436,198.24681805419323,22.426492083901174,3.9439143344263485e+18,17.98763084411621,GALAXY,QSO-GAL,xPCA,6594.073899838344,0.022425465223369228,7.968500980405942e-06,,,1.9483054656639356,0.0021865341722207,SMC,865986.8638199143,-1.0822283939190358,16.721,0.01,15.104,0.002,14.425,0.002,14.077,0.002,13.836,0.0,Surveyphotometry.dat crossmatch,99.999,99.999,14.173,0.002,13.521,0.002,13.226,0.003,Surveyphotometry.dat crossmatch,12.079,0.022,12.148,0.022,11.436,0.175,99.999,99.999,Surveyphotometry.dat crossmatch
spec-2662-54505-0349.fits,SDSS J125703.80+250457.5,194.26586190023343,25.082648828051955,3.958118405453987e+18,18.773414611816406,QSO,QSO-MIDZ,xPCA,3634.649787333311,0.8204971358399955,0.0006343746495321009,,,1.875731964499569e-11,4.800238213344024e-05,LMC,7811.008213168411,-1.2804665685878782,18.851,0.02,18.748,0.008,18.728,0.01,18.592,0.011,18.469,0.03,Surveyphotometry.dat crossmatch,99.999,99.999,99.999,99.999,17.143,0.034,16.348,0.031,Surveyphotometry.dat crossmatch,14.587,0.028,13.433,0.029,10.476,0.078,7.508,0.163,Surveyphotometry.dat crossmatch
spec-2244-53795-0470.fits,spec-2244-53795-0470,200.74946889746664,27.116420056586374,1.4493534858827392e+18,18.540653228759766,GALAXY,GALAXY-PASS,xPCA,4610.319003159511,0.034347736442221145,8.468304056750434e-06,,,1.469702520542487,0.002099390423504155,SMC,752408.5494804747,-1.0253594652232512,16.046,0.008,14.338,0.002,13.688,0.002,13.352,0.002,13.119,0.0,Surveyphotometry.dat crossmatch,99.999,99.999,14.437,0.003,13.838,0.003,13.508,0.003,Surveyphotometry.dat crossmatch,11.691,0.023,11.695,0.02,8.703,0.025,6.919,0.077,Surveyphotometry.dat crossmatch
spec-2245-54208-0115.fits,SDSS J133539.32+254909.0,203.9138694550909,25.81917531780229,1.445090541863659e+18,17.498149871826172,QSO,QSO,xPCA,4092.84883892047,0.41393680701883184,3.04248588297517e-05,,,2.1666192624725245e-09,0.0034517390823019696,SMC,6417.602955474849,-1.3659082874243273,18.179,0.013,17.903,0.006,17.892,0.006,17.803,0.007,17.482,0.01,Surveyphotometry.dat crossmatch,99.999,99.999,16.64,0.012,15.939,0.013,14.884,0.009,Surveyphotometry.dat crossmatch,13.206,0.023,11.997,0.022,9.333,0.031,7.013,0.087,Surveyphotometry.dat crossmatch
spec-2109-53468-0290.fits,spec-2109-53468-0290,202.4316709872002,31.89353391743728,1.4686269282881093e+18,18.225557327270508,QSO,QSO,xPCA,8431.342066460104,0.09232028796734038,2.839757253029024e-05,,,2.2335738896134845,0.004446950519549908,SMC,122863.31640099117,-1.6343413840923193,18.388,0.023,17.208,0.005,16.447,0.004,15.98,0.004,15.74,0.0,Surveyphotometry.dat crossmatch,99.999,99.999,15.362,0.006,14.595,0.004,13.914,0.004,Surveyphotometry.dat crossmatch,12.956,0.024,12.322,0.023,9.469,0.04,7.198,0.099,Surveyphotometry.dat crossmatch
spec-2243-53794-0105.fits,spec-2243-53794-0105,199.50840674986992,26.47508057140898,1.4478458149239183e+18,18.295602798461914,QSO,QSO-MIDZ,xPCA,3388.5442500760146,1.2354759400078903,0.0003694625732740237,,,3.166828163093417e-10,2.4103026673771762e-05,SMC,7238.009665556971,-1.092046783140912,18.546,0.016,18.464,0.007,18.253,0.007,18.257,0.009,18.42,0.02,Surveyphotometry.dat crossmatch,99.999,99.999,17.709,0.027,17.14,0.029,16.485,0.033,Surveyphotometry.dat crossmatch,15.025,0.032,13.626,0.031,10.848,0.098,8.978,0.492,Surveyphotometry.dat crossmatch
spec-5996-56096-0050.fits,SDSS J132735.13+240538.0,201.8963966943993,24.09389811086764,1.4463615730103506e+18,18.057130813598633,QSO,QSO,xPCA,20009.61932996161,2.0983640518064504,0.0002653324281541109,,,0.2245589602317381,0.0011824221003204766,SMC,31792.60072411591,-1.1083502126491926,18.754,0.02,18.434,0.007,18.318,0.008,18.242,0.009,18.034,0.02,Surveyphotometry.dat crossmatch,99.999,99.999,17.317,0.022,16.868,0.03,16.293,0.035,Surveyphotometry.dat crossmatch,15.359,0.039,14.143,0.042,11.012,0.139,8.917,0.417,Surveyphotometry.dat crossmatch
spec-2665-54232-0092.fits,spec-2665-54232-0092,203.6639058874061,23.243873075304087,1.443026930337723e+18,18.704448699951172,QSO,QSO-MIDZ,xPCA,3450.843606873097,1.3894062756082968,0.000542645159979521,,,0.5045404404788716,0.0039173485081713255,SMC,3762.2597337746415,-1.2562715234604853,19.775,0.032,19.205,0.01,18.647,0.009,18.348,0.01,18.22,0.02,Surveyphotometry.dat crossmatch,99.999,99.999,17.408,0.024,16.701,0.021,16.335,0.029,Surveyphotometry.dat crossmatch,14.915,0.033,13.457,0.03,9.963,0.054,7.422,0.118,Surveyphotometry.dat crossmatch
spec-6481-56363-0116.fits,SDSS J125210.43+295717.4,193.0434689379728,29.954871831838283,1.4650153074667105e+18,18.397340774536133,QSO,QSO-MIDZ,xPCA,6505.774709390606,0.7224633900440789,0.00014174969574512526,,,1.368024323379971e-09,1.6871057193161673e-05,SMC,11450.052291478749,-1.1062765551933078,18.423,0.017,18.051,0.006,18.038,0.007,18.102,0.009,18.008,0.02,Surveyphotometry.dat crossmatch,99.999,99.999,17.294,0.026,16.677,0.031,15.738,0.022,Surveyphotometry.dat crossmatch,14.074,0.027,12.948,0.027,10.086,0.063,7.503,0.168,Surveyphotometry.dat crossmatch
spec-3856-55269-0588.fits,SDSS J134226.91+342902.7,205.6121600025361,34.48410639132289,1.4706705381492488e+18,17.568504333496094,QSO,QSO,xPCA,18880.779257457623,1.8770719075387279,0.0001710826228837652,,,1.4536143827254683e-10,5.341089401190432e-06,LMC,35469.11697989333,-0.9981405041684323,18.051,0.013,18.059,0.006,17.998,0.006,17.719,0.007,17.641,0.01,Surveyphotometry.dat crossmatch,99.999,99.999,16.578,0.017,16.333,0.029,15.716,0.022,Surveyphotometry.dat crossmatch,14.469,0.029,13.203,0.028,10.012,0.048,8.058,0.217,Surveyphotometry.dat crossmatch
spec-2649-54212-0363.fits,SDSS J125208.05+232218.8,193.03356961155103,23.371884097261564,3.956790745163217e+18,17.973876953125,QSO,QSO,xPCA,13838.448307433593,2.307799339480141,0.00020272808723184967,,,0.05689995383176373,0.0018915755674459162,LMC,23536.480867683083,-1.0756546620243743,18.686,0.018,18.13,0.006,18.094,0.007,18.075,0.008,17.858,0.01,Surveyphotometry.dat crossmatch,99.999,99.999,16.805,0.016,16.261,0.021,15.556,0.018,Surveyphotometry.dat crossmatch,15.015,0.032,14.033,0.039,10.508,0.079,8.22,0.217,Surveyphotometry.dat crossmatch
spec-6006-56105-0668.fits,SDSS J134826.53+284317.3,207.1105666455478,28.72150661799509,1.4522271239467986e+18,18.323396682739258,QSO,QSO,xPCA,25253.688095276717,2.0482821992355302,0.00014561100355725895,,,0.021684029078415736,0.0009832422862242046,SMC,25995.48925324402,-1.0254706502543145,18.964,0.022,18.894,0.009,18.779,0.011,18.599,0.013,18.354,0.03,Surveyphotometry.dat crossmatch,99.999,99.999,17.426,0.028,16.855,0.026,16.424,0.037,Surveyphotometry.dat crossmatch,15.565,0.041,14.609,0.05,11.379,0.144,99.999,99.999,Surveyphotometry.dat crossmatch
spec-3377-54950-0019.fits,SDSS J132454.54+320834.0,201.227294154526,32.14279241201108,1.4693598515697833e+18,18.900604248046875,QSO,QSO-MIDZ,xPCA,13210.937805015292,1.9727603285114732,0.000309436930361694,,,0.5831994727622902,0.0025648162400398467,SMC,20245.742374513105,-1.6411164549767614,19.501,0.031,19.254,0.011,18.84,0.01,18.353,0.01,18.046,0.02,Surveyphotometry.dat crossmatch,99.999,99.999,17.09,0.021,16.467,0.018,15.759,0.017,Surveyphotometry.dat crossmatch,14.815,0.031,13.947,0.038,10.684,0.095,8.043,0.24,Surveyphotometry.dat crossmatch
spec-2033-53476-0049.fits,spec-2033-53476-0049,208.43408458023748,34.8038141581586,1.4590661936470858e+18,18.686174392700195,GALAXY,GALAXY-PASS,xPCA,6280.252556715051,0.0547663380601441,1.4688265459264209e-05,,,2.4177883706070387,0.002715997325400954,LMC,718027.04432241,-1.1708210633222262,16.811,0.011,14.914,0.002,14.049,0.002,13.64,0.002,13.306,0.0,Surveyphotometry.dat crossmatch,99.999,99.999,14.233,0.003,13.512,0.003,13.145,0.003,Surveyphotometry.dat crossmatch,11.577,0.023,11.621,0.021,10.905,0.09,9.05,0.437,Surveyphotometry.dat crossmatch
spec-2009-53904-0428.fits,SDSS J130749.36+293303.4,196.95568197065907,29.55096354821277,1.4613872283318382e+18,18.956640243530273,QSO,QSO-MIDZ,xPCA,3615.325400826715,0.9939058485313937,0.0005228198169658467,,,3.761540666620544e-11,0.0034973938593609337,LMC,3663.2099905554005,-1.3190932048391002,19.316,0.029,19.183,0.01,18.976,0.011,19.046,0.015,19.053,0.05,Surveyphotometry.dat crossmatch,99.999,99.999,17.852,0.033,17.739,0.066,16.813,0.056,Surveyphotometry.dat crossmatch,15.372,0.035,14.241,0.04,11.677,0.171,9.114,0.496,Surveyphotometry.dat crossmatch
spec-2241-54169-0189.fits,SDSS J125708.44+271330.6,194.28515184804527,27.225161241327616,1.460662680233964e+18,18.292367935180664,QSO,QSO,xPCA,6390.389577292128,1.6661948288744797,0.00036811696176189656,,,0.2933082241022941,0.002507493651428938,SMC,6620.035043012311,-1.144711988490791,19.264,0.025,18.826,0.008,18.589,0.009,18.199,0.008,18.251,0.02,Surveyphotometry.dat crossmatch,99.999,99.999,17.034,0.015,16.441,0.018,16.035,0.023,Surveyphotometry.dat crossmatch,14.798,0.031,13.426,0.03,10.289,0.064,8.001,0.207,Surveyphotometry.dat crossmatch
spec-2110-53467-0505.fits,SDSS J133039.54+313744.2,202.6647576578333,31.628953113231145,1.4686049724149107e+18,18.256162643432617,QSO,QSO,xPCA,3967.7299479991607,1.0936179216198056,0.00024635271216207993,,,1.6879970945321565e-10,2.070335003272341e-05,LMC,12534.054416072175,-1.0921744719909,18.044,0.014,17.981,0.006,17.871,0.006,17.93,0.008,17.988,0.02,Surveyphotometry.dat crossmatch,99.999,99.999,17.703,0.024,17.081,0.034,16.217,0.03,Surveyphotometry.dat crossmatch,14.449,0.028,12.971,0.025,10.065,0.052,7.736,0.198,Surveyphotometry.dat crossmatch
spec-2243-53794-0125.fits,SDSS J131524.31+261117.4,198.85130022643463,26.18816901238293,1.4477496033604268e+18,18.77305793762207,QSO,QSO,xPCA,4593.956179459608,2.2895901187646053,0.000283949753988952,,,0.05741593035697224,0.007173142327125959,MW,5420.970390540881,-1.076722456580343,19.123,0.023,18.612,0.008,18.669,0.009,18.672,0.012,18.436,0.02,Surveyphotometry.dat crossmatch,99.999,99.999,17.787,0.028,17.215,0.031,16.411,0.03,Surveyphotometry.dat crossmatch,15.701,0.044,14.661,0.053,11.297,0.149,8.559,0.265,Surveyphotometry.dat crossmatch
spec-6482-56358-0041.fits,SDSS J124714.44+312641.0,191.8101689186705,31.44473072400517,1.5134365926673462e+18,17.7261962890625,QSO,QSO,xPCA,188033.9505057196,2.772320581414709,0.0002659992894947223,,,0.2376762155632192,0.001201633382754308,LMC,207389.54701041657,-1.8964667401109618,19.385,0.027,18.058,0.006,17.821,0.006,17.655,0.007,17.615,0.01,Surveyphotometry.dat crossmatch,99.999,99.999,16.518,0.012,16.077,0.013,15.609,0.015,Surveyphotometry.dat crossmatch,14.802,0.032,13.782,0.036,10.058,0.051,8.336,0.32,Surveyphotometry.dat crossmatch
spec-6001-56072-0622.fits,SDSS J134602.42+245854.5,206.5100892450496,24.98182797327301,1.4444118339515996e+18,18.1458683013916,QSO,QSO,xPCA,24298.658488822944,2.1258265136591583,0.00016758247991268318,,,0.3115911086479961,0.001134811368111055,SMC,61688.395699219465,-1.3011393922267296,18.33,0.014,18.005,0.006,17.831,0.006,17.739,0.007,17.568,0.01,Surveyphotometry.dat crossmatch,99.999,99.999,17.075,0.019,16.755,0.032,15.967,0.028,Surveyphotometry.dat crossmatch,15.155,0.032,13.883,0.032,10.897,0.085,8.615,0.254,Surveyphotometry.dat crossmatch
spec-2246-53767-0356.fits,spec-2246-53767-0356,203.96223082598544,26.298515605244585,1.448484974777256e+18,17.597780227661133,QSO,QSO,xPCA,9445.628486203064,1.6571916276848528,0.00012960015692333745,,,0.008566860896080058,0.0027916804054338522,MW,12494.15361212117,-1.1186922045829903,18.327,0.017,18.279,0.007,18.146,0.007,17.838,0.007,17.802,0.02,Surveyphotometry.dat crossmatch,99.999,99.999,16.527,0.013,15.899,0.014,99.999,99.999,Surveyphotometry.dat crossmatch,14.712,0.031,13.57,0.031,10.544,0.078,8.28,0.202,Surveyphotometry.dat crossmatch
spec-6484-56358-0652.fits,SDSS J125636.20+303203.5,194.1508523938379,30.53435714425418,1.4653889653258972e+18,18.304824829101562,QSO,QSO,xPCA,23912.007622303157,2.079704969627455,0.00016166008073593006,,,0.0772105847331085,0.0012597601101404995,LMC,33165.75310169392,-1.009618743342155,18.618,0.019,18.334,0.007,18.224,0.008,18.168,0.009,17.94,0.02,Surveyphotometry.dat crossmatch,99.999,99.999,17.568,0.034,17.053,0.038,16.374,0.038,Surveyphotometry.dat crossmatch,15.26,0.037,13.987,0.04,10.886,0.109,8.425,0.316,Surveyphotometry.dat crossmatch
spec-2029-53819-0137.fits,SDSS J130444.78+305858.1,196.1865840507108,30.98283436315344,1.4662115374621942e+18,18.557674407958984,QSO,QSO,xPCA,9783.966276301457,2.459811558165097,0.0002956215818424388,,,0.20829363425801234,0.005889112894524096,MW,14883.601152618694,-1.2225609697264255,19.426,0.027,18.943,0.009,18.882,0.01,18.868,0.013,18.647,0.02,Surveyphotometry.dat crossmatch,99.999,99.999,17.649,0.032,17.046,0.048,16.324,0.036,Surveyphotometry.dat crossmatch,15.837,0.047,14.707,0.056,11.445,0.162,99.999,99.999,Surveyphotometry.dat crossmatch
spec-2112-53534-0179.fits,SDSS J132457.51+325145.9,201.23964674703825,32.86275045496121,1.4695358120862372e+18,17.923059463500977,QSO,QSO,xPCA,10633.088888263967,1.7453000275375874,0.00046639646451558707,,,0.19849406923729224,0.001723904710122709,SMC,14244.5804129713,-1.3225992077590454,18.313,0.014,18.041,0.006,17.821,0.006,17.581,0.006,17.498,0.01,Surveyphotometry.dat crossmatch,99.999,99.999,16.564,0.014,16.14,0.024,15.641,0.022,Surveyphotometry.dat crossmatch,14.783,0.032,13.684,0.036,10.54,0.09,8.58,0.421,Surveyphotometry.dat crossmatch
spec-1993-53762-0367.fits,spec-1993-53762-0367,202.0296201653504,35.58777363803892,1.4734343023615688e+18,18.20183563232422,QSO,QSO,xPCA,5085.963813326632,2.0336287069709753,0.0002965517842137729,,,0.09502661903890446,0.0019614531816226216,SMC,7175.491383387301,-1.0100296168565581,18.5,0.015,18.437,0.007,18.311,0.007,18.109,0.009,17.873,0.01,Surveyphotometry.dat crossmatch,99.999,99.999,99.999,9.999,99.999,99.999,16.305,0.043,Surveyphotometry.dat crossmatch,15.1,0.032,13.919,0.036,10.72,0.078,9.125,0.456,Surveyphotometry.dat crossmatch
spec-3861-55274-0422.fits,SDSS J135109.38+320049.0,207.78909668480728,32.013607734513606,1.4574145854469084e+18,17.413450241088867,QSO,QSO-MIDZ,xPCA,10384.925472674215,1.1202303431100173,0.00013099604179232267,,,2.981875407400206e-11,1.8958373264827213e-06,LMC,105344.58200335498,-1.0236190418547595,17.342,0.009,17.179,0.005,17.068,0.005,17.187,0.006,17.322,0.01,Surveyphotometry.dat crossmatch,99.999,99.999,17.034,0.02,16.499,0.029,15.63,0.019,Surveyphotometry.dat crossmatch,13.987,0.025,12.58,0.023,9.691,0.044,7.29,0.101,Surveyphotometry.dat crossmatch
spec-2666-54230-0127.fits,SDSS J134235.72+222253.1,205.6488663475949,22.381421709370983,1.4434391741820964e+18,18.57003402709961,QSO,QSO,xPCA,6490.308008157192,1.8363484311992273,0.0003045707630139899,,,4.0983032006578456e-08,0.0002514040821205432,LMC,6919.880663900064,-1.1053673943989277,18.936,0.021,18.877,0.008,18.857,0.01,18.545,0.01,18.418,0.02,Surveyphotometry.dat crossmatch,99.999,99.999,17.733,0.038,17.323,0.036,16.621,0.037,Surveyphotometry.dat crossmatch,15.489,0.037,14.387,0.046,11.355,0.141,9.066,0.493,Surveyphotometry.dat crossmatch
spec-2017-53474-0511.fits,SDSS J134412.79+285216.2,206.0533084215187,28.87119560795735,1.454916220151065e+18,18.121679306030273,QSO,QSO,xPCA,9717.964594447429,2.3959851910604835,0.00031151545789621894,,,0.06379784998312873,0.0014919694564822505,SMC,15597.304681031259,-1.0672486274351225,18.977,0.022,18.322,0.007,18.224,0.007,18.185,0.01,18.038,0.02,Surveyphotometry.dat crossmatch,99.999,99.999,16.965,0.02,16.415,0.019,15.604,0.018,Surveyphotometry.dat crossmatch,15.093,0.035,14.077,0.04,11.004,0.115,8.786,0.407,Surveyphotometry.dat crossmatch
spec-2120-53852-0227.fits,SDSS J135828.37+265603.5,209.61822305603337,26.93430737985012,1.4508412926190884e+18,18.474348068237305,QSO,QSO-MIDZ,xPCA,3781.023299288493,0.8656492591423386,0.0002649839739504961,,,0.0690766099017271,0.004719224217424767,SMC,4072.9810324175287,-1.1813234107811665,99.999,9.999,99.999,9.999,99.999,9.999,99.999,9.999,99.999,9.999,Surveyphotometry.dat crossmatch,99.999,99.999,17.391,0.028,17.094,0.04,16.353,0.037,Surveyphotometry.dat crossmatch,14.702,0.031,13.627,0.034,10.758,0.085,8.436,0.276,Surveyphotometry.dat crossmatch
spec-2023-53851-0600.fits,SDSS J132415.50+351650.8,201.06459040004745,35.28079900850828,1.4733542098110784e+18,18.888275146484375,QSO,QSO,xPCA,29850.44329746973,3.606569622040665,0.0009147438696770207,,,0.6931455879989895,0.004612512355367082,MW,38977.799289327086,-40.37217644906048,25.749,0.437,19.752,0.014,18.576,0.008,18.419,0.01,18.311,0.02,Surveyphotometry.dat crossmatch,99.999,99.999,17.396,0.026,16.883,0.042,16.332,0.052,Surveyphotometry.dat crossmatch,15.379,0.035,14.71,0.049,11.038,0.089,8.508,0.2,Surveyphotometry.dat crossmatch
spec-6488-56364-0100.fits,SDSS J130649.37+320840.9,196.70571214136095,32.14471431342992,1.466430065398758e+18,18.755252838134766,BAL_QSO,QSO,xPCA,14015.21037533187,2.2784316091977455,0.0002997895349961232,,,0.48785878924230625,0.0016533101283565388,SMC,40220.31267327491,-1.502146319609007,20.873,0.079,19.723,0.014,19.198,0.013,18.963,0.015,18.701,0.04,Surveyphotometry.dat crossmatch,99.999,99.999,17.566,0.024,17.094,0.03,16.332,0.03,Surveyphotometry.dat crossmatch,15.643,0.043,14.511,0.049,11.173,0.123,8.974,0.463,Surveyphotometry.dat crossmatch
spec-2011-53499-0114.fits,spec-2011-53499-0114,195.092327982412,28.40073073909934,1.4638477291975782e+18,17.299423217773438,QSO,QSO,xPCA,14486.64010932116,0.09106343140503159,1.1772819051727962e-05,,,1.5842800614697612,0.003619940053124604,LMC,40521.83254009976,-3.5913477011408803,17.011,0.009,16.76,0.004,16.388,0.004,15.861,0.004,15.807,0.0,Surveyphotometry.dat crossmatch,99.999,99.999,15.219,0.004,14.464,0.005,13.804,0.004,Surveyphotometry.dat crossmatch,12.466,0.023,11.705,0.022,8.97,0.029,6.578,0.069,Surveyphotometry.dat crossmatch
spec-2240-53823-0504.fits,SDSS J125831.74+275330.2,194.63229170877827,27.89174565537368,1.463714924513063e+18,18.746355056762695,QSO,QSO,xPCA,3660.2682680942717,1.142083593653764,0.00023742780377068848,,,2.6123236874456973e-11,1.8310467143355688e-05,MW,10948.336532740383,-0.994695492294473,18.992,0.02,18.871,0.009,18.646,0.009,18.708,0.019,18.863,0.04,Surveyphotometry.dat crossmatch,99.999,99.999,17.908,0.035,17.437,0.05,16.582,0.04,Surveyphotometry.dat crossmatch,15.187,0.035,14.018,0.041,11.32,0.152,8.76,0.423,Surveyphotometry.dat crossmatch
spec-2239-53726-0585.fits,SDSS J125210.43+295717.4,193.0434689379728,29.954871831838283,1.4650153074667105e+18,18.397340774536133,QSO,QSO-MIDZ,xPCA,5926.158520244289,0.7226220420911702,0.00014983330895194748,,,3.0487839900242286e-11,1.3186005902993933e-05,SMC,14027.061969547512,-1.0780635263919343,18.423,0.017,18.051,0.006,18.038,0.007,18.102,0.009,18.008,0.02,Surveyphotometry.dat crossmatch,99.999,99.999,17.294,0.026,16.677,0.031,15.738,0.022,Surveyphotometry.dat crossmatch,14.074,0.027,12.948,0.027,10.086,0.063,7.503,0.168,Surveyphotometry.dat crossmatch
spec-2006-53476-0239.fits,SDSS J125846.48+332234.6,194.6936610252378,33.37627849102139,1.4674672527567506e+18,18.176477432250977,QSO,QSO,xPCA,3761.0504823909505,2.0709393084741405,0.0003446630205901347,,,2.387440288867393e-14,0.00011855830953896079,MW,5488.950329431295,-0.9927399991447092,18.376,0.017,18.343,0.007,18.273,0.008,18.189,0.009,18.054,0.02,Surveyphotometry.dat crossmatch,99.999,99.999,17.304,0.024,16.808,0.029,16.389,0.034,Surveyphotometry.dat crossmatch,15.446,0.042,14.277,0.047,10.796,0.114,8.503,0.353,Surveyphotometry.dat crossmatch
spec-1975-53734-0569.fits,SDSS J124745.39+325147.0,191.93913293146596,32.863085788042426,1.5141599381753236e+18,18.45016098022461,GALAXY,GALAXY-PASS,xPCA,8515.617927324865,0.013511971454122867,0.00014768801505632938,,,0.5962912467564507,0.00035319139309458736,SMC,12998.738339939682,-1.8159536436353567,19.477,0.029,18.896,0.009,18.621,0.009,18.576,0.012,18.449,0.03,Surveyphotometry.dat crossmatch,99.999,99.999,17.518,0.025,17.107,0.046,16.601,0.045,Surveyphotometry.dat crossmatch,15.873,0.051,14.853,0.061,11.601,0.184,99.999,99.999,Surveyphotometry.dat crossmatch
spec-2112-53534-0316.fits,SDSS J131817.64+324052.9,199.57352917447872,32.681386694004225,1.463667512370112e+18,18.110733032226562,QSO,QSO,xPCA,6929.516749464892,1.6443757798507188,0.00023739421913952926,,,0.04875502336559139,0.0019184768697056778,SMC,7589.43494663217,-1.0444064751916602,18.546,0.018,18.227,0.006,18.089,0.007,17.783,0.008,17.805,0.02,Surveyphotometry.dat crossmatch,99.999,99.999,16.882,0.019,16.372,0.027,16.039,0.031,Surveyphotometry.dat crossmatch,14.6,0.028,13.288,0.028,10.227,0.05,7.782,0.123,Surveyphotometry.dat crossmatch
spec-2006-53476-0147.fits,spec-2006-53476-0147,195.59154887506728,33.21508833115496,1.4674863567719311e+18,18.74435043334961,GALAXY,GALAXY-PASS,xPCA,4857.85005198017,0.024032478191053447,9.075340965142546e-06,,,3.3883872494829017,0.0056717287600907,MW,145089.9420010823,-0.9999396352223743,17.458,0.014,15.755,0.003,15.006,0.002,14.629,0.002,14.333,0.0,Surveyphotometry.dat crossmatch,99.999,99.999,99.999,99.999,13.639,0.003,13.336,0.003,Surveyphotometry.dat crossmatch,12.437,0.028,12.504,0.03,11.923,0.277,99.999,99.999,Surveyphotometry.dat crossmatch
spec-2093-53818-0064.fits,SDSS J131911.10+325931.8,199.79628190955228,32.99220612525181,1.4726802048863626e+18,17.90932273864746,QSO,QSO,xPCA,7133.346876314221,2.036014181909813,0.0004422118122451401,,,0.05173254639965062,0.0016569942507886591,SMC,9792.913785232899,-0.9905443746987789,18.453,0.015,18.184,0.007,18.044,0.007,17.838,0.008,17.749,0.01,Surveyphotometry.dat crossmatch,99.999,99.999,16.97,0.021,16.479,0.032,16.046,0.032,Surveyphotometry.dat crossmatch,14.754,0.029,13.629,0.03,10.182,0.055,7.894,0.136,Surveyphotometry.dat crossmatch
spec-6487-56362-0602.fits,SDSS J130609.46+314401.9,196.53944614848277,31.733882486073597,1.4663673245162895e+18,18.958852767944336,QSO,QSO,xPCA,33465.81737065194,2.6103207525191223,0.0003725187092176587,,,0.2780075931553111,0.0022511208335530553,LMC,45018.85652454112,-1.5565368399513757,19.839,0.038,19.061,0.01,18.907,0.011,18.931,0.014,18.862,0.04,Surveyphotometry.dat crossmatch,99.999,99.999,17.925,0.037,17.441,0.066,16.903,0.059,Surveyphotometry.dat crossmatch,16.028,0.052,14.957,0.066,11.765,0.202,8.959,0.402,Surveyphotometry.dat crossmatch
spec-3973-55323-0102.fits,SDSS J125217.93+355911.6,193.0747158134512,35.98658439530344,1.5168557302326226e+18,18.54352378845215,QSO,QSO,xPCA,86052.68356479649,3.0270776153349237,0.0001319182508588005,,,0.2593142077629679,0.001899336912887989,MW,101788.79414506469,-1.8753055059931805,20.15,0.049,18.642,0.008,18.462,0.008,18.472,0.01,18.468,0.02,Surveyphotometry.dat crossmatch,99.999,99.999,17.158,0.032,99.999,99.999,16.109,0.038,Surveyphotometry.dat crossmatch,15.235,0.037,14.382,0.047,11.232,0.134,8.597,0.355,Surveyphotometry.dat crossmatch
spec-2239-53726-0241.fits,SDSS J124652.86+284934.9,191.72028299801812,28.826392604392183,3.9628454464598246e+18,18.84080696105957,QSO,QSO,xPCA,4773.19383541428,1.957174347607119,0.0006358060794620803,,,6.267988301241097e-10,0.00011073023386904454,SMC,6140.643813660947,-1.0577650239341774,18.997,0.019,18.832,0.009,18.846,0.01,18.754,0.012,18.674,0.03,Surveyphotometry.dat crossmatch,99.999,99.999,17.982,0.047,17.637,0.047,16.9,0.053,Surveyphotometry.dat crossmatch,15.775,0.046,14.667,0.057,12.179,0.362,99.999,99.999,Surveyphotometry.dat crossmatch
spec-1978-53473-0225.fits,SDSS J132759.13+283403.5,201.99641985639477,28.56764752237037,1.4499314123870182e+18,18.143869400024414,QSO,QSO-MIDZ,xPCA,4418.70301211484,0.8832587763335742,0.00024401655939283878,,,1.2402238388836348e-10,4.247491798429795e-05,SMC,6843.547050522172,-1.2492869401721207,18.447,0.017,18.341,0.007,18.287,0.008,18.329,0.01,18.188,0.02,Surveyphotometry.dat crossmatch,99.999,99.999,16.989,0.016,16.787,0.023,16.006,0.023,Surveyphotometry.dat crossmatch,14.393,0.028,13.093,0.028,10.23,0.059,7.531,0.131,Surveyphotometry.dat crossmatch
spec-2650-54505-0345.fits,SDSS J125938.59+223431.2,194.91078547304147,22.57533201606177,3.944538685232562e+18,18.91735076904297,QSO,QSO,xPCA,4930.788183759141,1.678983260836894,0.0004472246823440119,,,1.0020622244304167e-10,0.0005613512302451011,LMC,5040.299020903983,-1.4808360450910654,19.289,0.025,19.16,0.01,19.154,0.012,18.969,0.013,19.169,0.05,Surveyphotometry.dat crossmatch,99.999,99.999,18.189,0.036,17.62,0.044,17.183,0.058,Surveyphotometry.dat crossmatch,15.896,0.05,14.586,0.057,11.404,0.195,8.62,0.355,Surveyphotometry.dat crossmatch
spec-2238-54205-0004.fits,SDSS J125005.72+263107.5,192.5238112461132,26.518777547896608,3.9615586441939436e+18,15.378849029541016,QSO,QSO,xPCA,9537.886711940439,2.0444631733209997,8.392125454888067e-05,,,2.7297046784405254e-10,1.635856166865032e-05,MW,33851.48938275085,-1.0127468187087743,15.595,0.005,15.631,0.003,15.565,0.004,15.376,0.004,15.23,0.0,Surveyphotometry.dat crossmatch,99.999,99.999,14.298,0.003,13.864,0.003,13.32,0.003,Surveyphotometry.dat crossmatch,12.472,0.024,11.438,0.021,8.191,0.02,6.058,0.054,Surveyphotometry.dat crossmatch
spec-2009-53857-0138.fits,spec-2009-53857-0138,197.754670230424,29.1568241916008,1.462631944216326e+18,18.771900177001953,QSO,QSO-MIDZ,xPCA,3921.3957168438374,0.7493229748011614,0.0003286496329379889,,,6.702907543246206e-10,9.584831405952759e-05,SMC,8824.945496722754,-1.6344061188440404,19.161,0.026,18.844,0.009,18.851,0.01,18.838,0.013,18.691,0.04,Surveyphotometry.dat crossmatch,99.999,99.999,17.92,0.035,17.269,0.047,16.263,0.033,Surveyphotometry.dat crossmatch,14.687,0.03,13.588,0.032,10.867,0.087,8.355,0.234,Surveyphotometry.dat crossmatch
spec-2006-53476-0415.fits,SDSS J125948.78+342322.5,194.95327173857288,34.389618620403375,1.5156634859675018e+18,16.299762725830078,QSO,QSO-MIDZ,xPCA,3018.7993693446424,1.3773328966101546,0.00021583850612859118,,,0.05343269377507594,0.0009737229803599493,SMC,10269.910453284589,-1.0097035667349923,99.999,9.999,99.999,9.999,99.999,9.999,99.999,9.999,99.999,9.999,Surveyphotometry.dat crossmatch,99.999,99.999,15.524,0.007,14.752,0.005,14.698,0.009,Surveyphotometry.dat crossmatch,13.677,0.024,12.579,0.024,9.728,0.044,7.272,0.101,Surveyphotometry.dat crossmatch
sdssJ131314+231218_combined.dat,sdssJ131314+231218_combined,198.3086680614585,23.2050292089694,3.944025415165244e+18,18.76727294921875,QSO,QSO-MIDZ,Stellar-templates,6.0910351818482405e+28,0.6310564277307731,0.00036663782167409964,,,0.44999999999999996,0.0,SMC,1.5480826865525641e+19,-1.1836922037157955,19.574,0.031,19.211,0.01,19.214,0.012,19.018,0.015,19.011,0.04,Surveyphotometry.dat crossmatch,99.999,99.999,17.756,0.032,17.06,0.028,16.234,0.027,Surveyphotometry.dat crossmatch,14.846,0.032,13.847,0.036,11.31,0.14,99.999,99.999,Surveyphotometry.dat crossmatch
SDSS_J1243_3209_combined.dat,SDSS_J1243_3209_combined,190.8779576184871,32.01621759811312,1.5137099974012288e+18,,STAR,F1_+0.0_Dwarf.fits,Stellar-templates,267.8818325233916,,,,,5.839462179318793e-10,0.0014754293929822699,MW,1767.502358781701,-1.4398374284949755,19.292,0.03,18.26,0.007,18.036,0.007,17.897,0.008,17.933,0.02,Surveyphotometry.dat crossmatch,99.999,99.999,16.79,0.015,16.371,0.023,16.209,0.033,Surveyphotometry.dat crossmatch,99.999,99.999,99.999,99.999,99.999,99.999,99.999,99.999,Surveyphotometry.dat crossmatch
spec-2665-54232-0095.fits,SDSS J133507.32+230331.0,203.78049376997703,23.05860612598248,1.4422673696650742e+18,18.261817932128906,QSO,QSO-MIDZ,xPCA,3496.6135998788427,0.883251728115567,0.0005064479041999482,,,4.335453437226411e-15,8.760680089964167e-05,LMC,4407.107089417387,-1.1722498310321428,19.087,0.023,18.836,0.009,18.736,0.01,18.818,0.012,18.685,0.02,Surveyphotometry.dat crossmatch,99.999,99.999,17.185,0.02,17.026,0.027,16.227,0.027,Surveyphotometry.dat crossmatch,14.794,0.032,13.756,0.034,11.106,0.121,99.999,99.999,Surveyphotometry.dat crossmatch
spec-2009-53904-0548.fits,SDSS J131159.93+295159.7,197.9997327184317,29.866591611123223,1.462864765802453e+18,17.717050552368164,QSO,QSO,xPCA,5923.313058370566,1.679582386568584,0.0002981888388469309,,,3.72549433251719e-11,0.0002286138702352267,SMC,9214.236605063204,-1.0024636203082806,17.97,0.013,17.762,0.005,17.731,0.006,17.521,0.007,17.668,0.01,Surveyphotometry.dat crossmatch,99.999,99.999,17.139,0.02,16.537,0.026,16.203,0.033,Surveyphotometry.dat crossmatch,14.507,0.029,13.052,0.025,9.753,0.041,7.456,0.111,Surveyphotometry.dat crossmatch
spec-2033-53476-0265.fits,SDSS J134811.61+355349.3,207.04841551030609,35.897039072689864,1.4712325990456387e+18,18.73278045654297,QSO,QSO-MIDZ,xPCA,6101.993913657837,0.39697939353468126,9.202407419398841e-05,,,0.19097358832235492,0.0054208504260351426,LMC,6738.91232520642,-1.635317562150927,19.032,0.02,18.699,0.008,18.571,0.009,18.458,0.01,17.997,0.02,Surveyphotometry.dat crossmatch,99.999,99.999,17.35,0.029,16.614,0.027,15.739,0.023,Surveyphotometry.dat crossmatch,13.947,0.026,12.86,0.025,10.219,0.056,8.103,0.182,Surveyphotometry.dat crossmatch
spec-6009-56313-0338.fits,SDSS J135919.95+271622.6,209.83314496902415,27.27297224125456,1.450953580243647e+18,17.296241760253906,QSO,QSO,xPCA,7213.029852090245,1.4040916827425765,0.00014521686338657582,,,0.05430894048177938,0.0013802594602054033,MW,7390.655108400673,-1.0465757175420307,17.487,0.01,17.375,0.005,17.121,0.005,17.014,0.005,17.065,0.01,Surveyphotometry.dat crossmatch,99.999,99.999,16.139,0.011,15.412,0.01,15.191,0.016,Surveyphotometry.dat crossmatch,13.946,0.025,12.645,0.024,9.92,0.043,7.767,0.152,Surveyphotometry.dat crossmatch
spec-6002-56104-0394.fits,SDSS J134037.76+253619.4,205.15736969123543,25.605389739157065,1.4452192491478612e+18,18.7509822845459,QSO,QSO,xPCA,6033.624043744705,1.8851414780957936,0.0002548092735382949,,,2.66580431774327e-12,4.5534850760720785e-06,SMC,27784.194437135182,-1.017694059097695,18.896,0.02,18.886,0.009,18.814,0.01,18.714,0.012,18.693,0.03,Surveyphotometry.dat crossmatch,99.999,99.999,17.768,0.039,17.445,0.076,16.866,0.062,Surveyphotometry.dat crossmatch,15.713,0.049,14.545,0.055,11.278,0.146,8.881,0.414,Surveyphotometry.dat crossmatch
spec-1993-53762-0156.fits,spec-1993-53762-0156,203.60435984989743,34.638642813737505,1.4715751656373043e+18,18.980728149414062,GALAXY,QSO-GAL,xPCA,3979.735426916557,0.025864496851842667,1.4986580289811591e-05,,,2.4320528600222837,0.004407250103001026,LMC,450617.8372284699,-1.0548275832717606,18.261,0.025,16.504,0.004,15.725,0.003,15.353,0.003,15.075,0.0,Surveyphotometry.dat crossmatch,99.999,99.999,15.185,0.005,14.498,0.005,14.217,0.008,Surveyphotometry.dat crossmatch,13.094,0.024,13.131,0.028,12.553,0.411,99.999,99.999,Surveyphotometry.dat crossmatch
SDSSJ1309+2807_combined.dat,SDSSJ1309+2807_combined,197.25589247845235,28.11755683265492,1.460920309552474e+18,,BAL_QSO,BAL_QSO,Stellar-templates,2841.210150521561,2.2085300868934796,0.00047471233772801034,,,1.5015071199389882,0.026571330154155692,SMC,1633.4825541470743,-3.6808829563085044,21.728,0.152,19.963,0.015,18.569,0.009,17.866,0.008,17.377,0.01,Surveyphotometry.dat crossmatch,99.999,99.999,16.208,0.009,15.555,0.009,14.655,0.007,Surveyphotometry.dat crossmatch,14.414,0.029,13.846,0.035,11.318,0.162,8.537,0.274,Surveyphotometry.dat crossmatch
spec-2122-54178-0288.fits,SDSS J135852.04+285710.0,209.7168590394975,28.95279185857728,1.4535476717709686e+18,18.87451934814453,QSO,QSO-MIDZ,xPCA,4722.4956097928925,1.3722673252145814,0.0005961628884715994,,,2.4864332083063614e-10,7.504809202534408e-05,MW,7380.837721258558,-1.32541813230706,19.298,0.03,19.202,0.01,19.041,0.011,18.978,0.016,19.02,0.05,Surveyphotometry.dat crossmatch,99.999,99.999,17.962,0.053,17.402,0.049,17.105,0.082,Surveyphotometry.dat crossmatch,15.705,0.042,14.463,0.046,11.814,0.207,8.99,0.378,Surveyphotometry.dat crossmatch
spec-2006-53476-0151.fits,SDSS J130225.24+332933.2,195.6052174474663,33.49258719317236,1.4675276228173788e+18,18.452970504760742,QSO,QSO-MIDZ,xPCA,3549.795168761774,0.9217195131936746,0.0002543008355763761,,,0.06271914908039478,0.0029927964355334243,MW,3890.270183384348,-1.1258013881636306,99.999,9.999,99.999,9.999,99.999,9.999,99.999,9.999,99.999,9.999,Surveyphotometry.dat crossmatch,99.999,99.999,16.956,0.019,16.966,0.033,16.321,0.032,Surveyphotometry.dat crossmatch,14.786,0.031,13.624,0.033,10.613,0.088,8.397,0.318,Surveyphotometry.dat crossmatch
spec-2093-53818-0634.fits,SDSS J132033.21+331142.2,200.13840004568345,33.195071462498966,1.4697102521818557e+18,18.19635772705078,QSO,QSO-MIDZ,xPCA,4633.194308321782,0.9221650274409697,0.0005403977759828793,,,2.0352086094427117e-09,1.6655475960209283e-05,MW,12140.72120440032,-1.036151712844743,18.229,0.013,17.959,0.006,17.932,0.006,18.018,0.008,17.953,0.01,Surveyphotometry.dat crossmatch,99.999,99.999,17.09,0.022,16.855,0.039,16.22,0.036,Surveyphotometry.dat crossmatch,14.905,0.03,14.026,0.035,11.676,0.183,99.999,99.999,Surveyphotometry.dat crossmatch
spec-2666-54230-0299.fits,spec-2666-54230-0299,204.6095164081552,22.775112955706668,1.4436869121919836e+18,18.250635147094727,BAL_QSO,QSO-MIDZ,xPCA,6625.248737217376,1.1800677982472147,0.00021386534463816787,,,0.1273876263971137,0.002638837651160894,SMC,8828.528235622367,-1.076710655645323,18.711,0.017,18.376,0.007,18.119,0.007,18.045,0.008,17.903,0.02,Surveyphotometry.dat crossmatch,99.999,99.999,17.22,0.022,16.583,0.017,15.708,0.016,Surveyphotometry.dat crossmatch,13.906,0.026,12.406,0.023,9.683,0.038,7.889,0.169,Surveyphotometry.dat crossmatch
spec-1987-53765-0203.fits,SDSS J124801.49+325840.6,192.00622907674563,32.97796848468131,1.5141629575366897e+18,18.850631713867188,QSO,QSO-MIDZ,xPCA,3789.4856850895885,1.2239755071070526,0.000540169554153197,,,3.6079693548659968e-09,0.00010777390256513962,LMC,4641.510636243655,-1.1660816156135791,19.327,0.026,19.069,0.01,18.879,0.01,18.867,0.013,18.807,0.03,Surveyphotometry.dat crossmatch,99.999,99.999,17.823,0.033,17.192,0.05,16.55,0.042,Surveyphotometry.dat crossmatch,15.103,0.033,13.947,0.038,11.225,0.14,99.999,99.999,Surveyphotometry.dat crossmatch
spec-2663-54234-0427.fits,SDSS J130933.99+251440.3,197.39164282000573,25.24452581259872,1.45921221823866e+18,18.528390884399414,QSO,QSO-MIDZ,xPCA,3994.4905646169864,1.2401909818357988,0.000349202101473318,,,0.05935559028657638,0.006638829919384227,LMC,5737.947686260367,-1.582920909095587,19.335,0.023,19.305,0.011,18.966,0.011,19.037,0.015,19.067,0.04,Surveyphotometry.dat crossmatch,99.999,99.999,18.415,0.055,17.656,0.052,16.917,0.048,Surveyphotometry.dat crossmatch,15.111,0.037,13.999,0.041,11.205,0.127,9.046,0.489,Surveyphotometry.dat crossmatch
spec-2652-54508-0441.fits,SDSS J132408.91+230105.2,201.0371513283617,23.018116079879952,1.4428263725439273e+18,18.811479568481445,QSO,QSO,xPCA,3883.0163639050147,1.6796001905529088,0.0005202478819103604,,,1.3041771709885325e-11,0.00021457194203706483,LMC,4246.420308159766,-1.085488078934539,18.962,0.021,18.85,0.009,18.857,0.01,18.636,0.011,18.613,0.03,Surveyphotometry.dat crossmatch,99.999,99.999,17.883,0.036,17.394,0.038,16.986,0.052,Surveyphotometry.dat crossmatch,15.736,0.045,14.444,0.05,11.57,0.176,99.999,99.999,Surveyphotometry.dat crossmatch
spec-2648-54485-0368.fits,SDSS J124216.52+232933.4,190.5688462633013,23.492608090989805,3.9562400272768036e+18,18.52899742126465,QSO,QSO-MIDZ,xPCA,4703.498686260076,0.5629676889816864,0.00014943000326862198,,,0.28358511397278313,0.005729109905372565,LMC,6388.672554319896,-1.3151986198549965,18.989,0.021,18.536,0.007,18.533,0.008,18.321,0.009,18.343,0.02,Surveyphotometry.dat crossmatch,99.999,99.999,17.377,0.025,16.544,0.027,15.601,0.019,Surveyphotometry.dat crossmatch,13.847,0.025,12.746,0.026,10.146,0.064,8.136,0.241,Surveyphotometry.dat crossmatch
spec-6489-56329-0712.fits,SDSS J132222.98+295720.3,200.59578062669783,29.955653915596876,1.4623171016362985e+18,18.72300148010254,QSO,QSO-MIDZ,xPCA,38944.384882168604,1.979592959079645,0.0002162337463962139,,,0.3741970516683906,0.001228080942000609,SMC,47129.058591187895,-1.282102172510472,19.603,0.036,19.248,0.011,18.887,0.011,18.323,0.011,18.168,0.02,Surveyphotometry.dat crossmatch,99.999,99.999,17.079,0.022,16.426,0.025,15.805,0.022,Surveyphotometry.dat crossmatch,14.951,0.031,14.208,0.038,10.866,0.105,8.079,0.18,Surveyphotometry.dat crossmatch
spec-2240-53823-0083.fits,SDSS J125645.01+263910.4,194.18755946800877,26.652901878107485,3.9585823306416307e+18,18.61301612854004,QSO,QSO-MIDZ,xPCA,3934.9330284950574,1.477908085075184,0.0004842666812294443,,,4.191181906740282e-12,0.0006826013904680619,MW,4044.1633242599537,-1.357979252376428,19.42,0.028,19.198,0.011,19.048,0.011,18.813,0.012,18.827,0.03,Surveyphotometry.dat crossmatch,99.999,99.999,17.693,0.031,17.067,0.032,16.785,0.047,Surveyphotometry.dat crossmatch,15.465,0.04,14.414,0.049,11.935,0.299,99.999,99.999,Surveyphotometry.dat crossmatch
spec-5994-56101-0982.fits,SDSS J131521.21+271748.5,198.83837845992412,27.29680173418571,1.459952911118524e+18,18.384801864624023,QSO,QSO,xPCA,34666.79948826849,2.0365564361362343,0.000147113283784231,,,0.15967221461666883,0.0010991234305008507,SMC,44801.743812463654,-1.2601636666849947,18.837,0.018,18.658,0.008,18.5,0.008,18.297,0.009,18.082,0.01,Surveyphotometry.dat crossmatch,99.999,99.999,17.021,0.018,16.554,0.019,16.054,0.024,Surveyphotometry.dat crossmatch,15.098,0.033,13.917,0.037,10.147,0.058,7.809,0.188,Surveyphotometry.dat crossmatch
spec-6478-56341-0220.fits,SDSS J124024.43+290145.3,190.10179755726085,29.02928548308533,4.0110314791232655e+18,18.57895851135254,QSO,QSO,xPCA,22190.613682494597,2.5246354977355354,0.00024545867415287685,,,0.25767584705896884,0.0023351468124749863,LMC,35794.61688781976,-1.461942452070907,19.713,0.03,19.073,0.01,18.929,0.011,18.901,0.013,18.643,0.03,Surveyphotometry.dat crossmatch,99.999,99.999,17.769,0.045,17.255,0.038,16.536,0.045,Surveyphotometry.dat crossmatch,16.008,0.053,14.797,0.062,11.408,0.17,99.999,99.999,Surveyphotometry.dat crossmatch
spec-2016-53799-0160.fits,SDSS J130924.35+353848.0,197.351451402037,35.646689843430615,1.4741685656736824e+18,18.96725082397461,QSO,QSO,xPCA,3877.050248782919,1.8222430123330675,0.000588631751512514,,,0.09570760695746319,0.007910826320075073,LMC,4031.4950174530445,-1.369671260810096,19.313,0.023,19.191,0.01,19.242,0.013,19.005,0.015,18.991,0.04,Surveyphotometry.dat crossmatch,99.999,99.999,18.095,0.063,17.831,0.125,17.116,0.084,Surveyphotometry.dat crossmatch,15.567,0.04,14.577,0.053,11.437,0.147,8.512,0.303,Surveyphotometry.dat crossmatch
spec-2661-54505-0070.fits,SDSS J125414.29+233334.6,193.5595701314754,23.55959354305672,3.956808921464714e+18,18.863994598388672,QSO,QSO-MIDZ,xPCA,3660.8371666032845,0.961056019981249,0.0004889921085297365,,,0.011785951972409751,0.004971671955155655,MW,4089.204844817464,-1.3326747171913478,18.975,0.021,18.862,0.009,18.727,0.009,18.798,0.011,18.759,0.03,Surveyphotometry.dat crossmatch,99.999,99.999,17.495,0.032,17.331,0.061,16.547,0.05,Surveyphotometry.dat crossmatch,14.912,0.031,13.71,0.032,10.877,0.106,8.636,0.291,Surveyphotometry.dat crossmatch
spec-2665-54232-0355.fits,SDSS J132735.13+240538.0,201.8963966943993,24.09389811086764,1.4463615730103506e+18,18.057130813598633,QSO,QSO,xPCA,8946.404005578817,2.0897350038053752,0.0007322785492689389,,,0.07979379625621158,0.0020883851530561215,SMC,9687.54496541733,-1.233963459992796,18.754,0.02,18.434,0.007,18.318,0.008,18.242,0.009,18.034,0.02,Surveyphotometry.dat crossmatch,99.999,99.999,17.317,0.022,16.868,0.03,16.293,0.035,Surveyphotometry.dat crossmatch,15.359,0.039,14.143,0.042,11.012,0.139,8.917,0.417,Surveyphotometry.dat crossmatch
spec-2009-53857-0055.fits,SDSS J131423.13+291001.8,198.5963727469468,29.16718660313578,1.4625845621366984e+18,17.81871223449707,QSO,QSO,xPCA,3717.848685933084,1.097574026594429,0.00038995538472308536,,,0.09081743540459135,0.003670793495006923,LMC,4041.4360709412995,-1.0918535081131953,18.639,0.018,18.432,0.007,18.121,0.008,18.075,0.009,18.032,0.02,Surveyphotometry.dat crossmatch,99.999,99.999,17.25,0.022,16.677,0.03,16.001,0.027,Surveyphotometry.dat crossmatch,14.628,0.031,13.464,0.033,10.715,0.109,7.814,0.186,Surveyphotometry.dat crossmatch
spec-2238-54205-0142.fits,SDSS J124816.27+264712.2,192.06780591556063,26.78674595484716,3.9617634239386967e+18,18.006711959838867,QSO,QSO,xPCA,4962.9913106123595,1.8572705577574637,0.00017592994740740444,,,0.04599307810319207,0.0029921594774678616,LMC,6622.715462293039,-1.0892885740087563,18.063,0.013,18.119,0.006,18.16,0.007,17.866,0.008,17.849,0.02,Surveyphotometry.dat crossmatch,99.999,99.999,17.218,0.022,16.912,0.035,16.276,0.033,Surveyphotometry.dat crossmatch,15.129,0.034,13.781,0.035,10.645,0.092,8.142,0.257,Surveyphotometry.dat crossmatch
sdssJ132059+263709_combined_jfynbo.dat,sdssJ132059+263709_combined_jfynbo,200.24718647696108,26.61920465158491,1.447814130949115e+18,18.51973533630371,QSO,QSO-MIDZ,xPCA,88.91403795584722,0.9359315606650764,8.851268959816868e-05,,,1.7805379864737833e-10,0.0009526477299998096,MW,675.6346503082758,-1.4521224016689112,19.758,0.038,19.543,0.013,19.318,0.014,19.289,0.021,19.215,0.06,Surveyphotometry.dat crossmatch,99.999,99.999,17.666,0.031,17.503,0.043,16.688,0.04,Surveyphotometry.dat crossmatch,15.12,0.034,14.046,0.041,10.849,0.101,8.079,0.274,Surveyphotometry.dat crossmatch
spec-2093-53818-0355.fits,SDSS J130917.11+333049.8,197.32130120056777,33.51384165955489,1.467659800434582e+18,18.818788528442383,QSO,QSO-MIDZ,xPCA,3816.8243221877037,0.516526487305365,0.000311605517282857,,,0.3242894294435937,0.00645430227529184,SMC,5491.756694204764,-1.6275149942869256,19.295,0.025,18.986,0.009,18.906,0.01,18.696,0.011,18.591,0.03,Surveyphotometry.dat crossmatch,99.999,99.999,17.441,0.034,16.87,0.033,16.068,0.029,Surveyphotometry.dat crossmatch,15.049,0.034,14.318,0.047,11.566,0.186,99.999,99.999,Surveyphotometry.dat crossmatch
spec-2002-53471-0134.fits,SDSS J131956.61+282943.8,199.98589780830724,28.49548849867376,1.4616354044274045e+18,18.61553955078125,QSO,QSO-MIDZ,xPCA,4125.914555553516,0.7750475850178609,0.00025101802856230507,,,0.01496874997485692,0.003999378944293799,MW,4416.342167659582,-1.251001836556573,18.613,0.019,18.443,0.007,18.429,0.009,18.428,0.011,18.418,0.03,Surveyphotometry.dat crossmatch,99.999,99.999,17.535,0.025,17.061,0.03,16.195,0.028,Surveyphotometry.dat crossmatch,14.509,0.027,13.359,0.03,10.71,0.104,8.291,0.312,Surveyphotometry.dat crossmatch
spec-2024-53503-0451.fits,SDSS J134658.13+321732.2,206.7422441083281,32.292312943561846,1.458152666986409e+18,18.89214515686035,QSO,QSO,xPCA,4659.652531025162,1.9986552336515633,0.0018642309519959618,,,0.02071434244819722,0.003339701042090134,SMC,6149.081697437604,-1.3964081905301662,19.618,0.032,19.404,0.011,19.188,0.012,19.104,0.015,18.934,0.04,Surveyphotometry.dat crossmatch,99.999,99.999,18.272,0.05,17.711,0.072,17.258,0.071,Surveyphotometry.dat crossmatch,16.067,0.052,14.856,0.061,11.515,0.186,8.709,0.35,Surveyphotometry.dat crossmatch
spec-2666-54230-0262.fits,SDSS J133932.10+231600.5,204.8837775585469,23.26679621364856,1.44374016549073e+18,18.865995407104492,QSO,QSO-MIDZ,xPCA,4916.475442968063,1.890613322787818,0.0003260383534419397,,,0.17638254728503602,0.009196297135493026,MW,9068.36664350829,-1.686676234700301,19.187,0.025,19.266,0.01,19.345,0.013,18.995,0.013,19.022,0.03,Surveyphotometry.dat crossmatch,99.999,99.999,18.163,0.046,17.777,0.072,16.986,0.06,Surveyphotometry.dat crossmatch,15.874,0.046,14.692,0.052,11.089,0.123,99.999,99.999,Surveyphotometry.dat crossmatch
spec-2116-53854-0013.fits,SDSS J135718.20+284736.0,209.32585430991315,28.79334591409612,1.4520531262313677e+18,18.179174423217773,QSO,QSO,xPCA,4303.128926942854,2.0009344666119584,0.000517604621198028,,,0.2309596767460329,0.002006581177453448,SMC,7885.965703119757,-1.064590748348038,22.609,0.881,18.319,0.008,17.825,0.007,19.634,0.039,17.5,0.02,Surveyphotometry.dat crossmatch,99.999,99.999,16.921,0.022,16.4,0.021,15.959,0.029,Surveyphotometry.dat crossmatch,99.999,99.999,99.999,99.999,99.999,99.999,99.999,99.999,Surveyphotometry.dat crossmatch
spec-2006-53476-0563.fits,SDSS J130312.80+345352.7,195.80335254412148,34.897975780864314,1.516067930151135e+18,18.67644500732422,QSO,QSO,xPCA,3855.4955580716305,1.626983207739589,0.00037967312333037697,,,2.946063225729538e-10,0.00012208264008340636,MW,5464.134322082952,-1.1297032725760434,19.009,0.023,18.821,0.008,18.801,0.01,18.603,0.01,18.602,0.03,Surveyphotometry.dat crossmatch,99.999,99.999,17.763,0.035,17.235,0.047,16.799,0.062,Surveyphotometry.dat crossmatch,15.506,0.041,14.107,0.039,11.319,0.179,99.999,99.999,Surveyphotometry.dat crossmatch
spec-2239-53726-0042.fits,spec-2239-53726-0042,193.1030028111217,28.70043991709679,1.4640370169959987e+18,18.690290451049805,GALAXY,GALAXY-PASS,xPCA,6094.146001692169,0.08465094757815916,1.122243448846686e-05,,,1.9544376917284287,0.002351282717099057,SMC,942824.9827281329,-1.2935401119308676,18.657,0.023,16.872,0.004,16.065,0.003,15.678,0.003,15.409,0.0,Surveyphotometry.dat crossmatch,99.999,99.999,14.803,0.004,14.13,0.003,13.717,0.004,Surveyphotometry.dat crossmatch,13.041,0.023,12.908,0.027,11.795,0.252,99.999,99.999,Surveyphotometry.dat crossmatch
spec-2023-53851-0065.fits,SDSS J132325.24+343059.3,200.855187495606,34.51647461377092,1.4732591020552888e+18,16.86068344116211,QSO,QSO-MIDZ,xPCA,17445.94773794451,0.4428792902608658,6.823221700913652e-05,,,0.0686017137461594,0.002262322287419606,SMC,18070.102494095212,-1.7167661711788924,17.074,0.008,16.817,0.005,16.798,0.005,16.745,0.005,16.648,0.0,Surveyphotometry.dat crossmatch,99.999,99.999,15.94,0.009,15.364,0.011,14.374,0.009,Surveyphotometry.dat crossmatch,12.677,0.023,11.444,0.021,8.773,0.023,6.601,0.054,Surveyphotometry.dat crossmatch
spec-3236-54892-0461.fits,SDSS J125659.48+301439.0,194.2478323525268,30.244189886401628,1.4653679715253123e+18,18.731971740722656,QSO,QSO,xPCA,51694.04643315199,2.8865176603781584,0.00027981121330554937,,,0.2678197228550443,0.0012842002462056246,SMC,83247.20586758971,-2.1390501902808525,21.001,0.083,19.221,0.011,18.84,0.01,18.622,0.012,18.532,0.03,Surveyphotometry.dat crossmatch,99.999,99.999,17.246,0.022,16.644,0.024,16.147,0.028,Surveyphotometry.dat crossmatch,15.334,0.039,14.329,0.045,10.366,0.072,8.034,0.226,Surveyphotometry.dat crossmatch
spec-2029-53819-0009.fits,SDSS J130910.97+305633.2,197.29571759132585,30.94259139681637,1.4659905356253834e+18,18.681201934814453,QSO,QSO-MIDZ,xPCA,5453.554442105207,1.3975847407817716,0.00045511261287107293,,,0.048332471213744246,0.00458085066664635,MW,5994.365793293126,-1.3361620154973,19.238,0.023,19.25,0.011,18.811,0.01,18.776,0.012,18.855,0.03,Surveyphotometry.dat crossmatch,99.999,99.999,17.778,0.029,16.951,0.03,16.823,0.054,Surveyphotometry.dat crossmatch,15.482,0.037,14.3,0.042,11.053,0.11,99.999,99.999,Surveyphotometry.dat crossmatch
spec-2666-54230-0356.fits,spec-2666-54230-0356,204.9051083208745,23.922755120800787,1.4439162290858913e+18,18.731809616088867,QSO,QSO,xPCA,8376.14571643413,2.0445028250111847,0.00034681138099678467,,,0.2255679453684989,0.0029460152016080737,SMC,8716.828844987995,-1.5010641405681517,19.658,0.031,19.24,0.01,18.947,0.011,18.753,0.012,18.531,0.03,Surveyphotometry.dat crossmatch,99.999,99.999,17.772,0.031,17.262,0.04,16.75,0.044,Surveyphotometry.dat crossmatch,15.86,0.047,14.604,0.05,10.936,0.093,8.545,0.259,Surveyphotometry.dat crossmatch
spec-2009-53857-0427.fits,SDSS J130957.05+304029.3,197.48775360462747,30.67480587821337,1.4659683735939261e+18,18.243213653564453,QSO,QSO,xPCA,3897.1780199602294,2.0526519916201678,0.0005564423337359717,,,9.763848881965895e-11,2.449659389420415e-05,SMC,9249.568078700906,-1.0457743643822162,18.682,0.019,18.547,0.008,18.41,0.008,18.283,0.01,18.027,0.02,Surveyphotometry.dat crossmatch,99.999,99.999,17.104,0.02,16.73,0.025,16.209,0.028,Surveyphotometry.dat crossmatch,15.277,0.035,14.285,0.04,10.886,0.083,8.582,0.247,Surveyphotometry.dat crossmatch
spec-2109-53468-0529.fits,SDSS J133750.44+334537.4,204.4601619248057,33.760396036347665,1.4707249639747354e+18,17.9937686920166,QSO,QSO-MIDZ,xPCA,7613.017611320875,1.5668032358450845,0.00032578179963187545,,,0.4193003267561619,0.0021490065158012717,SMC,13588.449249221329,-1.0037115732575923,18.879,0.02,18.388,0.007,18.053,0.007,17.79,0.007,17.877,0.01,Surveyphotometry.dat crossmatch,99.999,99.999,16.897,0.02,16.157,0.015,15.947,0.024,Surveyphotometry.dat crossmatch,14.697,0.031,13.388,0.031,10.469,0.072,8.494,0.279,Surveyphotometry.dat crossmatch
spec-2028-53818-0276.fits,SDSS J134226.91+342902.7,205.6121600025361,34.48410639132289,1.4706705381492488e+18,17.568504333496094,QSO,,Composite model - SMC,8137.5368219905595,1.8784810603713613,9.635874010183176e-05,0.06471438067772248,0.0012526667366107996,0.06471438067772248,0.0012526667366107996,SMC,8137.5368219905595,-1.0049225856795265,18.051,0.013,18.059,0.006,17.998,0.006,17.719,0.007,17.641,0.01,Surveyphotometry.dat crossmatch,99.999,99.999,16.578,0.017,16.333,0.029,15.716,0.022,Surveyphotometry.dat crossmatch,14.469,0.029,13.203,0.028,10.012,0.048,8.058,0.217,Surveyphotometry.dat crossmatch
spec-3974-55320-0112.fits,SDSS J125854.74+340557.9,194.72808310295184,34.099419270616444,1.5156353410450437e+18,18.099302291870117,QSO,QSO,xPCA,91512.19064693915,2.8561132607714974,0.0001424424038276503,,,0.29631583181682514,0.0008815952449396369,SMC,131621.7777268544,-2.468775901505295,20.157,0.044,18.434,0.007,18.193,0.007,18.02,0.008,17.784,0.01,Surveyphotometry.dat crossmatch,99.999,99.999,16.77,0.017,16.168,0.014,15.508,0.016,Surveyphotometry.dat crossmatch,14.606,0.03,13.803,0.035,11.056,0.102,99.999,99.999,Surveyphotometry.dat crossmatch
spec-6004-56066-0472.fits,SDSS J135455.12+231245.0,208.7296904016423,23.212520614434748,1.2516114005735718e+18,18.749788284301758,QSO,QSO,xPCA,5179.647933545952,1.9647720699988118,0.00047948405236574316,,,1.7509711264457675e-10,0.00017909103087204592,MW,9111.924676348988,-1.0516068732612192,19.008,0.025,18.948,0.009,18.821,0.01,18.605,0.01,18.412,0.02,Surveyphotometry.dat crossmatch,99.999,99.999,17.85,0.037,17.454,0.058,16.872,0.057,Surveyphotometry.dat crossmatch,15.775,0.046,14.506,0.051,11.251,0.122,99.999,99.999,Surveyphotometry.dat crossmatch
spec-2783-54524-0517.fits,spec-2783-54524-0517,208.52678392302352,23.430373946525812,1.2516763104148623e+18,16.339515686035156,QSO,QSO,xPCA,13066.336203225404,0.05509119802351803,1.5140414477331412e-05,,,0.8897007126753262,0.0017122478863859092,MW,249740.16518009454,-1.4565834680705503,16.512,0.008,15.707,0.003,15.162,0.003,14.787,0.003,14.568,0.0,Surveyphotometry.dat crossmatch,99.999,99.999,15.212,0.005,13.978,0.003,12.669,0.002,Surveyphotometry.dat crossmatch,11.46,0.024,10.846,0.021,7.756,0.019,5.436,0.033,Surveyphotometry.dat crossmatch
spec-2109-53468-0361.fits,SDSS J133424.29+334437.0,203.60123906891295,33.74361587640877,1.4692625447904632e+18,18.40485954284668,QSO,QSO-MIDZ,xPCA,5674.524357512526,0.5736567176129699,0.00010684045655132004,,,0.029469670891329694,0.0053578110870647466,MW,8593.144393287297,-1.593763750936618,18.902,0.024,18.521,0.007,18.62,0.009,18.42,0.01,18.62,0.03,Surveyphotometry.dat crossmatch,99.999,99.999,17.585,0.042,16.888,0.031,15.979,0.025,Surveyphotometry.dat crossmatch,14.338,0.027,13.086,0.026,9.979,0.046,7.528,0.117,Surveyphotometry.dat crossmatch
spec-2651-54507-0414.fits,SDSS J131336.98+230542.8,198.40412251378663,23.09521651629957,3.9440091630089764e+18,18.408903121948242,QSO,QSO-MIDZ,xPCA,3704.931962677224,1.3980045345604086,0.00032058122147739807,,,1.0836508217994777e-09,6.909843813663336e-05,MW,6142.371778110531,-1.153326250705851,18.778,0.019,18.708,0.008,18.54,0.008,18.457,0.01,18.506,0.03,Surveyphotometry.dat crossmatch,99.999,99.999,17.488,0.022,16.887,0.022,16.467,0.031,Surveyphotometry.dat crossmatch,15.164,0.034,13.831,0.035,10.948,0.106,8.364,0.283,Surveyphotometry.dat crossmatch
spec-2029-53819-0032.fits,SDSS J131119.38+313919.9,197.83077904013533,31.655542709367147,1.466177486961686e+18,18.550548553466797,QSO,QSO-MIDZ,xPCA,4695.736000601266,1.4884789185491591,0.0002521559266312825,,,6.894858227651617e-10,3.8865184246306e-05,LMC,7393.00392259129,-1.1576155594774582,18.496,0.016,18.381,0.007,18.277,0.008,18.094,0.008,18.108,0.02,Surveyphotometry.dat crossmatch,99.999,99.999,17.453,0.024,16.838,0.028,16.398,0.038,Surveyphotometry.dat crossmatch,14.876,0.031,13.516,0.03,10.467,0.063,8.244,0.224,Surveyphotometry.dat crossmatch
spec-2238-54205-0608.fits,SDSS J124918.41+281743.6,192.32670532338665,28.295448586388574,3.9620300555091876e+18,18.204914093017578,QSO,QSO,xPCA,4354.720660364237,1.7070108719925932,0.00034588902291391533,,,0.08364543695910838,0.004532020677389656,LMC,4670.990715479344,-1.2539880300416393,18.667,0.018,18.463,0.007,18.467,0.008,18.234,0.009,18.25,0.02,Surveyphotometry.dat crossmatch,99.999,99.999,17.561,0.034,17.099,0.03,16.637,0.042,Surveyphotometry.dat crossmatch,15.28,0.038,13.835,0.036,10.514,0.077,8.603,0.322,Surveyphotometry.dat crossmatch
spec-2023-53851-0186.fits,SDSS J131748.29+345231.1,199.4512088595625,34.87533418696973,1.4731799372175795e+18,17.84128761291504,QSO,QSO-MIDZ,xPCA,4345.54113155389,0.7287412701184544,0.0001503142639469504,,,1.0516110822856445e-11,2.6450938593473633e-05,MW,8680.143996162233,-1.1404241791790648,17.91,0.011,17.628,0.005,17.641,0.006,17.717,0.007,17.653,0.01,Surveyphotometry.dat crossmatch,99.999,99.999,16.924,0.02,16.369,0.029,15.469,0.023,Surveyphotometry.dat crossmatch,13.78,0.025,12.533,0.023,9.842,0.042,7.449,0.117,Surveyphotometry.dat crossmatch
spec-2020-53431-0102.fits,SDSS J124146.75+334005.5,190.4448251457773,33.66817124632196,1.5151846787168287e+18,18.208984375,QSO,QSO-MIDZ,xPCA,5672.423807848235,0.5493516536175995,9.83917006971255e-05,,,0.3173053921027737,0.004878126367961311,SMC,7319.39628792229,-1.7030483209314002,18.766,0.018,18.315,0.007,18.281,0.008,18.08,0.008,18.151,0.02,Surveyphotometry.dat crossmatch,99.999,99.999,17.286,0.029,16.749,0.031,15.989,0.026,Surveyphotometry.dat crossmatch,14.406,0.029,13.274,0.028,10.638,0.081,99.999,99.999,Surveyphotometry.dat crossmatch
spec-2006-53476-0127.fits,SDSS J130134.24+323608.4,195.39268940404128,32.60236097461495,1.4671843690312678e+18,18.06603240966797,QSO,QSO,xPCA,44664.29209327449,3.2141500972273684,0.0001780106156107071,,,0.19810333260156635,0.0020681303567599424,LMC,63197.677118121355,-2.8733117787404576,21.938,0.174,18.587,0.008,18.199,0.007,18.165,0.009,18.115,0.02,Surveyphotometry.dat crossmatch,99.999,99.999,16.956,0.016,16.576,0.019,16.085,0.024,Surveyphotometry.dat crossmatch,15.417,0.039,14.584,0.049,10.989,0.102,8.532,0.305,Surveyphotometry.dat crossmatch
spec-3303-54950-0120.fits,SDSS J132213.08+245035.6,200.5545248524306,24.8432221061908,1.4466147355618952e+18,18.483043670654297,QSO,QSO,xPCA,5666.178097392369,1.907250309123956,0.00033956445311796024,,,0.00955358432912261,0.004832077586300464,MW,7737.026742975795,-1.0956976555360312,19.159,0.022,19.073,0.01,18.977,0.011,18.785,0.013,18.818,0.03,Surveyphotometry.dat crossmatch,99.999,99.999,18.013,0.04,17.591,0.05,17.04,0.057,Surveyphotometry.dat crossmatch,15.63,0.044,14.323,0.047,11.289,0.156,99.999,99.999,Surveyphotometry.dat crossmatch
spec-6487-56362-0558.fits,SDSS J130457.44+314856.0,196.2393817690449,31.81557213538995,1.4663357822767462e+18,18.774641036987305,QSO,QSO,xPCA,33681.71809377178,2.2343078671756764,0.0004539963163229901,,,0.2455872693366472,0.005175835300954099,MW,39886.64796282874,-1.4566203683992123,20.61,0.058,19.731,0.014,19.588,0.015,19.434,0.017,19.233,0.04,Surveyphotometry.dat crossmatch,99.999,99.999,18.044,0.035,17.598,0.045,16.71,0.039,Surveyphotometry.dat crossmatch,15.999,0.053,14.891,0.064,11.442,0.154,9.128,0.503,Surveyphotometry.dat crossmatch
spec-2110-53467-0351.fits,SDSS J132421.63+312650.8,201.09017863756628,31.447433503003047,1.4692997907464899e+18,18.268068313598633,QSO,QSO-MIDZ,xPCA,3690.7538140547626,0.8467580466800513,0.0002733072868754996,,,5.031509876709389e-11,1.7664924776679224e-05,LMC,17392.272372087373,-1.0651392259038817,18.648,0.018,18.428,0.007,18.431,0.008,18.629,0.011,18.565,0.03,Surveyphotometry.dat crossmatch,99.999,99.999,17.134,0.019,16.926,0.032,15.888,0.026,Surveyphotometry.dat crossmatch,14.068,0.026,12.854,0.026,10.435,0.069,8.445,0.255,Surveyphotometry.dat crossmatch
spec-6491-56337-0666.fits,SDSS J133317.59+304912.8,203.3233013862678,30.820264921555907,1.4683165868333517e+18,17.66644287109375,QSO,QSO,xPCA,7129.259774095934,1.6371206530196987,0.00021574126405585198,,,0.14131689612002618,0.0011465076662871138,SMC,9585.933507038195,-1.0289287100261535,18.417,0.016,18.085,0.006,17.853,0.006,17.593,0.007,17.6,0.01,Surveyphotometry.dat crossmatch,99.999,99.999,16.78,0.016,16.267,0.018,15.841,0.02,Surveyphotometry.dat crossmatch,14.588,0.03,13.223,0.028,10.139,0.052,8.285,0.229,Surveyphotometry.dat crossmatch
sdssJ125950+235634_extra_combined.dat,sdssJ125950+235634_extra_combined,194.9590226139218,23.94294874913153,3.957065077611264e+18,18.755840301513672,STAR,M1_+1.0_Dwarf.fits,Stellar-templates,271.78690994252423,,,,,5.031224628546001,0.16354430408879983,SMC,532.6163080375941,-3.1846881521682477,20.479,0.054,19.203,0.01,18.723,0.009,18.562,0.01,18.502,0.02,Surveyphotometry.dat crossmatch,99.999,99.999,17.61,0.028,17.223,0.039,17.135,0.056,Surveyphotometry.dat crossmatch,16.998,0.103,99.999,99.999,99.999,99.999,99.999,99.999,Surveyphotometry.dat crossmatch
spec-6005-56090-0676.fits,SDSS J135250.94+265114.9,208.2122860506916,26.854154743548147,1.450691209281553e+18,18.656768798828125,QSO,QSO,xPCA,8230.95950485512,2.2562848064511827,0.0003198871157048061,,,1.0703338581652226e-09,2.2027991272687155e-05,LMC,16537.595179165728,-1.210182545498145,19.401,0.029,18.942,0.01,18.946,0.011,18.855,0.014,18.59,0.03,Surveyphotometry.dat crossmatch,99.999,99.999,17.735,0.044,17.282,0.055,16.402,0.04,Surveyphotometry.dat crossmatch,15.965,0.045,15.209,0.071,12.03,0.221,9.001,0.428,Surveyphotometry.dat crossmatch
spec-2006-53476-0199.fits,SDSS J130003.49+332336.1,195.01460391001777,33.39336308356956,1.4675466924721055e+18,18.786266326904297,QSO,QSO-MIDZ,xPCA,3502.9386728752193,0.9212770718631675,0.0003651531670783177,,,0.03990632254369456,0.003994325874693512,MW,3720.037007761638,-1.2079964367720935,19.16,0.022,18.88,0.009,18.714,0.009,18.768,0.012,18.706,0.03,Surveyphotometry.dat crossmatch,99.999,99.999,17.658,0.033,17.405,0.049,16.523,0.038,Surveyphotometry.dat crossmatch,14.862,0.032,13.499,0.033,10.604,0.075,8.297,0.374,Surveyphotometry.dat crossmatch
spec-2245-54208-0573.fits,SDSS J133619.94+264742.8,204.08311756171432,26.795227969645182,1.4485845793630505e+18,18.521804809570312,QSO,QSO,xPCA,4198.988118921747,1.0744440712751624,0.00030017191865137866,,,4.2873318014269995e-11,4.578904050606236e-05,MW,6570.853110082176,-1.1816995798870986,18.905,0.019,18.789,0.008,18.597,0.009,18.627,0.011,18.586,0.03,Surveyphotometry.dat crossmatch,99.999,99.999,17.602,0.036,17.053,0.039,16.414,0.048,Surveyphotometry.dat crossmatch,15.08,0.033,13.759,0.034,11.067,0.107,8.555,0.315,Surveyphotometry.dat crossmatch
spec-2017-53474-0170.fits,SDSS J134258.62+275431.1,205.7442761519308,27.908632152242003,1.4547113673907313e+18,18.99836540222168,QSO,QSO,xPCA,4252.323301580143,1.8205411823611979,0.00047950363751694797,,,0.09492349941239502,0.003068384906028669,SMC,4292.668112396834,-1.065408141739207,19.134,0.026,18.99,0.01,18.892,0.01,18.505,0.011,18.502,0.03,Surveyphotometry.dat crossmatch,99.999,99.999,17.851,0.044,17.539,0.061,16.774,0.055,Surveyphotometry.dat crossmatch,15.682,0.043,14.515,0.049,11.434,0.156,99.999,99.999,Surveyphotometry.dat crossmatch
spec-2115-53535-0527.fits,SDSS J135058.12+261855.2,207.7421926134004,26.315323794546508,1.4506520048202435e+18,18.63934898376465,QSO,QSO,xPCA,12599.297967117938,2.6094612426459185,0.0005035611805416652,,,0.07118717891820739,0.0018693238782249363,SMC,25892.610270791487,-1.5014943272118195,19.489,0.027,18.871,0.008,18.759,0.009,18.653,0.012,18.451,0.02,Surveyphotometry.dat crossmatch,99.999,99.999,17.482,0.027,16.97,0.036,16.392,0.04,Surveyphotometry.dat crossmatch,15.63,0.04,14.565,0.047,10.703,0.072,8.086,0.199,Surveyphotometry.dat crossmatch
spec-2110-53467-0172.fits,SDSS J132850.29+305420.0,202.20953118770356,30.9055417117205,1.4682744317313352e+18,18.531980514526367,QSO,QSO,xPCA,26675.497821645895,0.43324999085483257,3.844807378714154e-05,,,6.221791346559293e-10,0.00019191582543431028,LMC,35016.260431528615,-5.8215300590611445,18.63,0.018,18.406,0.007,18.47,0.009,18.189,0.01,18.019,0.02,Surveyphotometry.dat crossmatch,99.999,99.999,17.014,0.015,16.397,0.016,15.663,0.018,Surveyphotometry.dat crossmatch,14.388,0.028,13.389,0.028,10.391,0.071,7.339,0.126,Surveyphotometry.dat crossmatch
spec-2246-53767-0572.fits,SDSS J134454.90+264157.9,206.2287840116512,26.69940693772129,1.4513804012085647e+18,18.425432205200195,QSO,QSO-MIDZ,xPCA,3875.818565113504,1.373394873731951,0.0002917905157809023,,,9.697601581351925e-11,9.915222271840733e-05,LMC,5168.628824651231,-1.0882378248523563,18.533,0.016,18.543,0.007,18.419,0.008,18.399,0.01,18.49,0.03,Surveyphotometry.dat crossmatch,99.999,99.999,17.694,0.041,17.101,0.044,16.709,0.055,Surveyphotometry.dat crossmatch,15.242,0.035,13.746,0.032,10.759,0.085,8.283,0.218,Surveyphotometry.dat crossmatch
spec-2116-53854-0314.fits,SDSS J134915.71+295051.9,207.3154706371924,29.84776861439548,1.4553988713952553e+18,18.88496208190918,QSO,QSO,xPCA,6030.686127015937,1.9494591314954828,0.0004981633720913843,,,2.695142503270076e-11,6.328313058350413e-05,SMC,6763.250753651112,-1.4111551350896039,19.249,0.026,19.138,0.011,19.085,0.012,18.832,0.014,18.661,0.04,Surveyphotometry.dat crossmatch,99.999,99.999,17.946,0.041,17.492,0.056,16.948,0.06,Surveyphotometry.dat crossmatch,15.883,0.048,14.768,0.058,11.4,0.152,99.999,99.999,Surveyphotometry.dat crossmatch
spec-2245-54208-0221.fits,SDSS J133132.08+260603.6,202.8836859638716,26.10099606066933,1.4481483867799575e+18,17.853931427001953,QSO,QSO,xPCA,3464.5903314326574,1.084634879609744,0.00024353979950828797,,,4.41691274213115e-10,3.227788681231178e-05,MW,6304.856926984295,-1.0792914830842772,18.534,0.016,18.326,0.007,18.025,0.007,18.088,0.008,18.179,0.02,Surveyphotometry.dat crossmatch,99.999,99.999,17.286,0.022,16.699,0.021,15.913,0.021,Surveyphotometry.dat crossmatch,14.453,0.03,13.026,0.027,10.063,0.05,7.851,0.157,Surveyphotometry.dat crossmatch
spec-2112-53534-0160.fits,SDSS J132537.89+323615.6,201.40791215187565,32.60433045665446,1.4695154668242926e+18,18.626739501953125,QSO,QSO,xPCA,4552.67905467785,2.0162685095402972,0.000454188326540357,,,0.007163522294775008,0.004263720485067951,LMC,4984.005467087691,-1.0281227767444003,18.577,0.019,18.489,0.007,18.424,0.008,18.296,0.01,18.094,0.02,Surveyphotometry.dat crossmatch,99.999,99.999,17.676,0.037,17.281,0.033,16.695,0.038,Surveyphotometry.dat crossmatch,15.609,0.041,14.278,0.044,11.032,0.133,99.999,99.999,Surveyphotometry.dat crossmatch
spec-2109-53468-0090.fits,SDSS J133539.90+313638.0,203.916290441756,31.610552357387856,1.4687432317044198e+18,18.22749900817871,QSO,QSO,xPCA,3305.3990270728864,0.8041390218580657,0.00011200410472157834,,,0.33542348714289577,0.0052610109462219445,SMC,3697.643941914721,-1.2219358205987811,18.991,0.021,18.543,0.008,18.327,0.008,18.252,0.01,18.108,0.02,Surveyphotometry.dat crossmatch,99.999,99.999,16.866,0.014,16.516,0.024,15.604,0.019,Surveyphotometry.dat crossmatch,13.858,0.025,12.71,0.025,10.093,0.054,7.543,0.133,Surveyphotometry.dat crossmatch
spec-2016-53799-0277.fits,SDSS J130402.74+353316.7,196.01142622634137,35.5546636597729,1.5162443717037123e+18,18.11383056640625,QSO,QSO,xPCA,9390.365339599248,0.32766956571908,3.273696054462342e-05,,,1.0964803905197336,0.006544342623743815,LMC,11799.738686220113,-1.3255710736276485,18.372,0.016,18.077,0.006,17.759,0.006,17.634,0.007,16.986,0.01,Surveyphotometry.dat crossmatch,99.999,99.999,16.744,0.017,99.999,99.999,14.741,0.011,Surveyphotometry.dat crossmatch,13.355,0.025,12.238,0.023,9.314,0.031,7.1,0.102,Surveyphotometry.dat crossmatch
sdssJ130108+240411_combined.dat,sdssJ130108+240411_combined,195.28673787913323,24.069752743482702,3.957062702492338e+18,,STAR,G5_-1.5_Dwarf.fits,Stellar-templates,142.59568511524972,,,,,1.4657919762827187,0.057702906211127614,MW,302.47066362004995,-1.391971486143825,20.951,0.069,19.507,0.012,18.887,0.011,18.606,0.011,18.464,0.02,Surveyphotometry.dat crossmatch,99.999,99.999,17.454,0.025,16.97,0.032,16.93,0.049,Surveyphotometry.dat crossmatch,16.467,0.073,16.384,0.233,99.999,99.999,99.999,99.999,Surveyphotometry.dat crossmatch
spec-1993-53762-0024.fits,SDSS J133845.53+343108.9,204.6897133700768,34.51914546276563,1.4708255692885673e+18,18.627201080322266,QSO,QSO,xPCA,4087.7003796563513,1.0895366838174905,0.0002915602836157715,,,1.0881486168937485e-09,0.00016834505636951886,LMC,4493.312767597428,-1.1602809661084423,18.809,0.02,18.676,0.008,18.48,0.008,18.488,0.01,18.39,0.02,Surveyphotometry.dat crossmatch,99.999,99.999,17.712,0.046,17.288,0.065,16.492,0.046,Surveyphotometry.dat crossmatch,15.125,0.033,13.696,0.032,10.676,0.076,8.497,0.267,Surveyphotometry.dat crossmatch
sdssJ131239+243453_combined.dat,sdssJ131239+243453_combined,198.1660219898503,24.58152802507055,1.447109378355706e+18,,QSO,QSO,xPCA,70.2223459193372,1.731255839472701,0.0003774762777798843,,,8.928469512391266e-09,0.004085863961630739,MW,183.53968945628833,-1.2041532978690137,19.293,0.029,19.006,0.009,18.911,0.01,18.665,0.011,18.731,0.03,Surveyphotometry.dat crossmatch,99.999,99.999,17.963,0.037,17.536,0.047,17.032,0.055,Surveyphotometry.dat crossmatch,15.993,0.049,14.728,0.056,11.245,0.163,99.999,99.999,Surveyphotometry.dat crossmatch
spec-2094-53851-0452.fits,SDSS J134110.21+311652.6,205.29256715023052,31.28130830536987,1.4564913049174554e+18,18.49324607849121,QSO,QSO-MIDZ,xPCA,4135.800778795466,1.3569479943774345,0.000408083893830684,,,3.7746076013076e-10,0.0009495703328090793,SMC,5332.496620567008,-1.2144509076737287,99.999,9.999,99.999,9.999,99.999,9.999,99.999,9.999,99.999,9.999,Surveyphotometry.dat crossmatch,99.999,99.999,18.125,0.036,17.295,0.045,16.881,0.055,Surveyphotometry.dat crossmatch,15.39,0.039,14.05,0.038,11.102,0.11,8.648,0.352,Surveyphotometry.dat crossmatch
spec-2243-53794-0522.fits,SDSS J131540.36+273947.3,198.91817907422143,27.663151432462637,1.459997200821436e+18,18.696664810180664,QSO,QSO,xPCA,5820.9486389300755,0.6970318763420968,4.7394583352736085e-05,,,0.03194970366326793,0.005188231250413143,MW,7723.516266400162,-1.3669491619846852,19.607,0.03,19.038,0.009,18.935,0.01,18.981,0.013,18.737,0.03,Surveyphotometry.dat crossmatch,99.999,99.999,17.588,0.026,16.977,0.028,16.199,0.024,Surveyphotometry.dat crossmatch,14.642,0.029,13.469,0.031,10.614,0.089,7.987,0.246,Surveyphotometry.dat crossmatch
spec-6488-56364-0047.fits,SDSS J130856.48+320059.6,197.2353667792865,32.01656290250034,1.4663873605396726e+18,18.925655364990234,QSO,QSO,xPCA,13950.533598064818,2.5787040742875873,0.00033184791080736727,,,0.02923491774748236,0.0037544668114981253,MW,20996.473285256754,-1.3972356779926434,19.506,0.032,18.957,0.009,18.883,0.011,18.89,0.014,18.705,0.04,Surveyphotometry.dat crossmatch,99.999,99.999,18.118,0.038,17.548,0.043,16.846,0.045,Surveyphotometry.dat crossmatch,16.29,0.061,15.281,0.081,11.68,0.188,99.999,99.999,Surveyphotometry.dat crossmatch
spec-2666-54230-0591.fits,SDSS J134623.60+234618.3,206.59837053896737,23.77175974133628,1.443997760448739e+18,17.477954864501953,QSO,,Composite model - LMC,19109.335459389968,0.37692334249113185,1.6068965682985992e-05,0.07055238976985943,0.0026908060393053684,0.07055238976985943,0.0026908060393053684,LMC,19109.335459389968,-1.5535849960908976,18.159,0.014,17.989,0.006,17.796,0.006,17.79,0.007,17.454,0.01,Surveyphotometry.dat crossmatch,99.999,99.999,16.37,0.012,15.632,0.012,14.58,0.008,Surveyphotometry.dat crossmatch,13.138,0.024,12.095,0.022,9.282,0.029,7.127,0.085,Surveyphotometry.dat crossmatch
spec-3857-55272-0464.fits,SDSS J135417.90+334859.8,208.5746324746592,33.81661193054181,1.4587662674909996e+18,18.250858306884766,QSO,QSO,xPCA,130397.81350994442,2.1700348746473654,0.0001707501138582857,,,0.2080299157581618,0.0011545119807187532,SMC,232362.52507089652,-1.4242918743440969,18.754,0.021,18.158,0.006,18.029,0.007,17.979,0.008,17.736,0.01,Surveyphotometry.dat crossmatch,99.999,99.999,16.886,0.019,16.356,0.018,15.522,0.017,Surveyphotometry.dat crossmatch,14.865,0.031,13.491,0.031,10.101,0.051,8.37,0.26,Surveyphotometry.dat crossmatch
spec-5993-56070-0674.fits,SDSS J131713.33+234716.4,199.305563467052,23.787898614853205,1.446153048052923e+18,18.925905227661133,QSO,QSO,xPCA,36584.54262814256,2.897596629714792,0.00024106805549104244,,,0.15043587005478676,0.0019259794257614898,LMC,43122.2895074036,-2.1517892837797588,20.63,0.055,19.061,0.01,18.92,0.01,18.803,0.017,18.633,0.03,Surveyphotometry.dat crossmatch,99.999,99.999,17.411,0.026,16.886,0.026,16.399,0.034,Surveyphotometry.dat crossmatch,15.489,0.04,14.661,0.063,11.48,0.177,9.011,0.49,Surveyphotometry.dat crossmatch
spec-2110-53467-0457.fits,SDSS J132816.58+321421.3,202.06909665644892,32.23923646721258,1.4686972927344202e+18,18.955902099609375,QSO,QSO-MIDZ,xPCA,3881.230215599683,1.495494243685002,0.0006390893923833867,,,1.350812623107482e-10,2.9769869836674632e-05,SMC,10887.665200030258,-1.3730763375892328,19.232,0.028,18.994,0.009,19.062,0.013,19.059,0.02,19.042,0.06,Surveyphotometry.dat crossmatch,99.999,99.999,18.532,0.09,17.698,0.052,17.11,0.063,Surveyphotometry.dat crossmatch,15.443,0.034,13.911,0.033,10.728,0.092,8.815,0.428,Surveyphotometry.dat crossmatch
spec-6488-56364-0276.fits,SDSS J130310.69+323453.3,195.79453433009897,32.581496187915235,1.4672607163694694e+18,17.859018325805664,QSO,QSO,xPCA,44475.400746073865,2.214303664923367,0.0002138651181691845,,,0.07995641536107705,0.0012910370120798667,LMC,73516.0698497425,-1.035601051247694,18.297,0.014,17.842,0.006,17.725,0.006,17.741,0.007,17.557,0.01,Surveyphotometry.dat crossmatch,99.999,99.999,16.893,0.013,16.459,0.016,15.781,0.017,Surveyphotometry.dat crossmatch,15.067,0.034,13.877,0.036,10.522,0.071,8.355,0.306,Surveyphotometry.dat crossmatch
spec-2016-53799-0188.fits,SDSS J130622.97+350703.5,196.59571567307543,35.11768317329246,1.4681321781174426e+18,18.829906463623047,QSO,QSO,xPCA,3928.8237567692418,1.8577789595055854,0.00037735095576539075,,,0.04604999032776775,0.008303467602149932,MW,4829.878550854823,-1.225564925694483,19.002,0.021,18.994,0.01,19.037,0.011,18.849,0.013,18.817,0.03,Surveyphotometry.dat crossmatch,99.999,99.999,18.346,0.068,17.807,0.091,17.332,0.113,Surveyphotometry.dat crossmatch,16.186,0.056,15.203,0.075,11.858,0.241,99.999,99.999,Surveyphotometry.dat crossmatch
spec-2023-53851-0581.fits,SDSS J132414.95+354457.6,201.06230983274423,35.74936366679029,1.4736633787368356e+18,18.771324157714844,QSO,QSO,xPCA,5063.114694687068,0.49028729836594764,4.9969887081220175e-05,,,7.914572263626601e-11,0.00011552282070306335,MW,8615.41350854625,-1.8538159089885418,18.974,0.019,18.705,0.008,18.893,0.01,18.716,0.012,18.604,0.03,Surveyphotometry.dat crossmatch,99.999,99.999,17.725,0.046,99.999,9.999,16.193,0.039,Surveyphotometry.dat crossmatch,14.934,0.029,13.942,0.034,11.211,0.101,8.881,0.321,Surveyphotometry.dat crossmatch
spec-2002-53471-0383.fits,SDSS J131707.49+294119.5,199.2812105550561,29.688758739111773,1.4626975326602542e+18,18.20993423461914,QSO,QSO,xPCA,10759.541540788496,2.2543670658194745,0.00044563661476565783,,,0.5201671323536129,0.0043560111289955294,LMC,19888.151005490094,-1.795213906706624,19.737,0.036,18.997,0.01,18.795,0.01,18.607,0.013,18.299,0.02,Surveyphotometry.dat crossmatch,99.999,99.999,17.252,0.021,16.842,0.032,16.014,0.024,Surveyphotometry.dat crossmatch,15.357,0.039,14.087,0.04,10.529,0.079,8.407,0.285,Surveyphotometry.dat crossmatch
spec-2239-53726-0441.fits,SDSS J125044.74+303045.7,192.68642827594297,30.51271844691944,1.4652479873194898e+18,18.36700439453125,QSO,QSO,xPCA,5687.355072859684,1.5993830147212205,0.00026195457773582983,,,1.5551569933084167e-10,4.197427152025855e-05,MW,9226.729095514518,-1.093562659004601,18.663,0.016,18.408,0.007,18.368,0.008,18.16,0.009,18.188,0.02,Surveyphotometry.dat crossmatch,99.999,99.999,17.368,0.021,16.856,0.031,16.414,0.034,Surveyphotometry.dat crossmatch,15.082,0.034,13.643,0.034,10.548,0.076,7.989,0.183,Surveyphotometry.dat crossmatch
spec-2121-54180-0229.fits,SDSS J135922.14+314738.0,209.8422832934834,31.79390755557562,1.4575137132922675e+18,18.30021858215332,QSO,QSO-MIDZ,xPCA,5647.279219480601,1.0628435411696262,0.00042815226115658307,,,0.18251852651366743,0.004236174283564542,LMC,8706.91873069544,-1.12134945080807,18.664,0.017,18.459,0.007,18.157,0.007,18.259,0.009,18.256,0.02,Surveyphotometry.dat crossmatch,99.999,99.999,17.389,0.026,16.836,0.035,15.878,0.023,Surveyphotometry.dat crossmatch,14.278,0.027,13.022,0.026,10.271,0.052,7.749,0.117,Surveyphotometry.dat crossmatch
spec-2112-53534-0566.fits,SDSS J132550.99+340557.5,201.4624933677892,34.09933779944764,1.4702210139886735e+18,18.67437171936035,QSO,QSO-MIDZ,xPCA,5685.736318709439,0.37413689375077985,0.0001076110645530041,,,0.3740511064435646,0.00613180459652754,LMC,6134.556153344966,-1.4669899188133748,18.884,0.021,18.724,0.008,18.534,0.009,18.429,0.01,18.163,0.02,Surveyphotometry.dat crossmatch,99.999,99.999,17.135,0.03,16.408,0.024,15.437,0.017,Surveyphotometry.dat crossmatch,14.234,0.027,13.355,0.029,10.46,0.066,8.155,0.246,Surveyphotometry.dat crossmatch
spec-2093-53818-0617.fits,SDSS J131950.46+334833.7,199.9602728052096,33.80937199094895,1.4727936650388572e+18,17.60886001586914,QSO,QSO,xPCA,13675.871989656625,2.38988368029799,0.0009445200261824414,,,0.42223894770428627,0.002888028306215179,LMC,52749.03767684839,-1.3219740449283377,18.687,0.018,18.35,0.007,18.184,0.007,17.985,0.008,17.881,0.01,Surveyphotometry.dat crossmatch,99.999,99.999,16.814,0.021,16.411,0.022,15.921,0.024,Surveyphotometry.dat crossmatch,14.821,0.029,13.479,0.029,10.345,0.051,7.905,0.149,Surveyphotometry.dat crossmatch
spec-6002-56104-0514.fits,spec-6002-56104-0514,204.25868920902167,25.98802038291353,1.4454711790459197e+18,18.394149780273438,QSO,QSO,xPCA,19834.45749213136,1.881071030794669,0.00028343271693413014,,,0.10594478187372683,0.0010008608824448179,SMC,30883.064440975853,-1.0108949096167872,18.35,0.015,18.196,0.007,18.125,0.007,18.037,0.008,18.024,0.02,Surveyphotometry.dat crossmatch,99.999,99.999,17.378,0.025,17.127,0.04,99.999,99.999,Surveyphotometry.dat crossmatch,15.376,0.041,13.874,0.036,10.639,0.075,8.6,0.327,Surveyphotometry.dat crossmatch
spec-2117-54115-0256.fits,spec-2117-54115-0256,208.25879528135715,31.81317072901022,1.4573532919702052e+18,18.79944610595703,GALAXY,GALAXY-PASS,xPCA,6756.471483578686,0.035889939042619105,1.0613378783375864e-05,,,3.7852281408537367,0.004697987651391067,LMC,204686.39789587722,-1.026781789195454,17.034,0.012,15.13,0.002,14.307,0.002,13.915,0.002,13.601,0.0,Surveyphotometry.dat crossmatch,99.999,99.999,14.326,0.003,13.63,0.003,13.289,0.003,Surveyphotometry.dat crossmatch,11.935,0.023,11.988,0.022,11.34,0.159,99.999,99.999,Surveyphotometry.dat crossmatch
spec-2243-53794-0485.fits,SDSS J131542.62+270505.3,198.92762088247076,27.084774190250048,1.4599013715108608e+18,18.75743293762207,QSO,QSO,xPCA,4716.9305345631965,2.105266521499703,0.0011887500702046925,,,0.22957402898708387,0.0029114263419376257,SMC,6402.607174253642,-1.12231109934418,19.527,0.031,19.179,0.01,18.908,0.01,18.701,0.011,18.446,0.03,Surveyphotometry.dat crossmatch,99.999,99.999,17.456,0.027,16.872,0.024,16.246,0.028,Surveyphotometry.dat crossmatch,15.413,0.037,14.224,0.04,10.637,0.084,8.942,0.461,Surveyphotometry.dat crossmatch
sdssJ130909+334958_combined.dat,sdssJ130909+334958_combined,197.291428720464,33.83300583500456,1.4677736385439867e+18,,QSO,,Composite model - SMC,393.10854527002584,1.6582488508877364,0.0011273951407444471,0.020296995738257613,0.01567534906540807,0.020296995738257613,0.01567534906540807,SMC,393.10854527002584,-1.2732826399421304,18.14,0.013,18.007,0.006,17.878,0.006,17.598,0.007,17.548,0.01,Surveyphotometry.dat crossmatch,99.999,99.999,16.567,0.016,15.896,0.013,15.69,0.019,Surveyphotometry.dat crossmatch,14.535,0.029,13.203,0.029,10.056,0.056,7.918,0.167,Surveyphotometry.dat crossmatch
spec-2666-54230-0020.fits,SDSS J134615.08+223403.0,206.56287254277143,22.56749906682243,1.2513766204817398e+18,18.37265396118164,QSO,QSO-MIDZ,xPCA,5606.8003830031,1.7747461116467973,0.0008046428573419912,,,0.1272178234093411,0.0023381838124599402,SMC,13292.426915648348,-1.3279297754767385,18.764,0.018,18.571,0.008,18.481,0.008,18.31,0.01,18.302,0.02,Surveyphotometry.dat crossmatch,99.999,99.999,17.197,0.021,16.93,0.023,16.605,0.034,Surveyphotometry.dat crossmatch,15.483,0.039,14.475,0.05,11.249,0.14,8.243,0.251,Surveyphotometry.dat crossmatch
spec-1987-53765-0118.fits,SDSS J125247.63+333403.7,193.19846593414397,33.56769773206981,1.514245455268075e+18,18.250396728515625,QSO,,Composite model - LMC,5552.435259321718,0.40364427727549,3.599372841217585e-05,0.07198506509775296,0.004767927145627397,0.07198506509775296,0.004767927145627397,LMC,5552.435259321718,-1.4209491563814072,18.445,0.015,18.213,0.007,18.153,0.007,18.106,0.008,17.792,0.01,Surveyphotometry.dat crossmatch,99.999,99.999,99.999,99.999,16.209,0.02,15.162,0.013,Surveyphotometry.dat crossmatch,13.62,0.035,12.556,0.026,9.949,0.051,7.598,0.127,Surveyphotometry.dat crossmatch
spec-2028-53818-0370.fits,SDSS J134420.58+354053.1,206.08573571117543,35.68143777051283,1.471328149181866e+18,18.790246963500977,QSO,QSO,xPCA,4157.6099749056775,1.6867376943153702,0.0004435581866747423,,,5.095265181997988e-10,0.000344950414159366,LMC,5391.583511151208,-1.6031980022344574,19.343,0.025,19.183,0.01,19.251,0.012,18.976,0.014,19.136,0.05,Surveyphotometry.dat crossmatch,99.999,99.999,18.483,0.084,17.805,0.1,17.753,0.147,Surveyphotometry.dat crossmatch,16.19,0.057,14.77,0.054,11.71,0.214,99.999,99.999,Surveyphotometry.dat crossmatch
spec-2002-53471-0136.fits,SDSS J131957.70+283311.1,199.99041204980605,28.553072355663865,1.461637298508264e+18,17.433940887451172,QSO,QSO-MIDZ,xPCA,55248.0866932392,2.0871583163027783,0.000259764479857413,,,0.7516987278282794,0.0017130537760360887,SMC,69438.55578617055,-2.346676503848058,18.966,0.02,18.39,0.007,17.578,0.006,17.206,0.006,16.773,0.0,Surveyphotometry.dat crossmatch,99.999,99.999,15.684,0.006,14.979,0.006,14.352,0.007,Surveyphotometry.dat crossmatch,13.669,0.025,12.822,0.025,9.749,0.042,7.71,0.142,Surveyphotometry.dat crossmatch
spec-5998-56087-0534.fits,SDSS J133255.38+233122.2,203.23075365331755,23.522842004942262,1.4430937900925568e+18,18.765493392944336,BAL_QSO,QSO,xPCA,74348.46765419944,3.2081048752029915,0.00030650731214568606,,,0.12133435228542044,0.0014344128309575696,SMC,165686.60808970084,-2.2009541763740446,20.58,0.062,19.659,0.013,19.043,0.011,18.876,0.012,18.518,0.02,Surveyphotometry.dat crossmatch,99.999,99.999,17.432,0.024,16.809,0.022,15.934,0.021,Surveyphotometry.dat crossmatch,99.999,99.999,99.999,99.999,99.999,99.999,99.999,99.999,Surveyphotometry.dat crossmatch
spec-2238-54205-0116.fits,SDSS J125015.98+264337.6,192.56658787261145,26.727111954112377,3.9615888764681047e+18,18.15729522705078,QSO,QSO,xPCA,3891.3787309200043,1.7868654531393768,0.0002823689334574065,,,8.927130952865459e-13,2.4364603244913358e-05,SMC,6650.461625219751,-1.0769909321144389,18.449,0.016,18.396,0.007,18.447,0.008,18.206,0.009,18.328,0.02,Surveyphotometry.dat crossmatch,99.999,99.999,17.6,0.039,17.238,0.047,16.505,0.043,Surveyphotometry.dat crossmatch,15.251,0.035,13.876,0.039,11.001,0.125,8.335,0.308,Surveyphotometry.dat crossmatch
spec-2242-54153-0136.fits,SDSS J130654.10+254954.9,196.7254440588619,25.831898228972904,1.4594919752281984e+18,18.15207862854004,QSO,QSO-MIDZ,xPCA,6456.792289558098,1.19174487648357,0.00039364548324217347,,,8.990809670112593e-12,1.5173976486234806e-05,MW,19580.44902713702,-1.0835602347939512,18.473,0.014,18.354,0.007,18.304,0.008,18.343,0.009,18.386,0.02,Surveyphotometry.dat crossmatch,99.999,99.999,17.567,0.025,17.082,0.028,16.329,0.028,Surveyphotometry.dat crossmatch,14.784,0.032,13.415,0.031,10.546,0.103,8.48,0.533,Surveyphotometry.dat crossmatch
spec-5992-56066-0470.fits,SDSS J130447.82+221253.0,196.1992856418813,22.214751140682694,3.9442803987831613e+18,18.740121841430664,QSO,QSO,xPCA,13498.725272669026,2.4315743465942097,0.0005397294650720345,,,0.3490520767610919,0.0023525427821191047,LMC,35318.416376197514,-1.264696986829893,19.67,0.036,19.088,0.01,18.844,0.01,18.791,0.012,18.638,0.03,Surveyphotometry.dat crossmatch,99.999,99.999,17.79,0.028,17.216,0.031,16.601,0.034,Surveyphotometry.dat crossmatch,15.2,0.035,14.306,0.046,10.865,0.104,9.021,0.52,Surveyphotometry.dat crossmatch
spec-6493-56338-0842.fits,SDSS J134637.84+302931.6,206.6576882273036,30.492107712465256,1.455679246860208e+18,18.983612060546875,QSO,QSO,xPCA,21220.45767328972,2.575997982240928,0.00015649952769012542,,,0.14686573853466156,0.0017542559560439208,SMC,22071.34872922478,-1.3644392797806535,20.124,0.042,19.321,0.011,19.259,0.013,19.199,0.015,18.876,0.03,Surveyphotometry.dat crossmatch,99.999,99.999,17.734,0.038,17.181,0.041,16.418,0.033,Surveyphotometry.dat crossmatch,15.752,0.045,14.757,0.054,11.261,0.161,8.606,0.305,Surveyphotometry.dat crossmatch
spec-2029-53819-0004.fits,SDSS J130957.26+304721.0,197.48858838517495,30.78915211949113,1.466066814244119e+18,18.757354736328125,QSO,QSO-MIDZ,xPCA,4224.455229146896,1.2225421192283958,0.0005867799414623978,,,0.008771418860014892,0.006649914272148808,LMC,4519.93011134512,-1.4610630840550207,18.946,0.021,19.071,0.01,18.865,0.01,18.84,0.014,18.936,0.05,Surveyphotometry.dat crossmatch,99.999,99.999,18.054,0.046,17.426,0.047,16.737,0.043,Surveyphotometry.dat crossmatch,15.339,0.034,14.08,0.035,11.359,0.135,8.791,0.365,Surveyphotometry.dat crossmatch
spec-2016-53799-0273.fits,SDSS J130410.50+353651.9,196.04375015403653,35.614428270904035,1.5162451233218803e+18,18.42941665649414,QSO,QSO,xPCA,5747.017645426235,3.3199392481433643,0.005639212821847326,,,0.10298438818234477,0.005224730298273944,SMC,10942.135271006591,-2.765793547540418,18.942,0.023,18.72,0.008,18.279,0.007,18.172,0.009,17.998,0.02,Surveyphotometry.dat crossmatch,99.999,99.999,16.727,0.017,99.999,99.999,15.633,0.023,Surveyphotometry.dat crossmatch,13.944,0.027,12.574,0.024,9.574,0.038,7.055,0.09,Surveyphotometry.dat crossmatch
spec-2009-53857-0621.fits,SDSS J131342.67+302239.2,198.42778850725037,30.37756930920017,1.4629818637909555e+18,18.90580940246582,QSO,QSO,xPCA,4070.1905649787577,0.7312109883918241,0.0001419426296530347,,,0.41219234667651067,0.005763881339807181,SMC,4165.144697261561,-1.2478931499684758,19.718,0.039,19.101,0.01,18.824,0.011,18.754,0.015,18.5,0.04,Surveyphotometry.dat crossmatch,99.999,99.999,17.505,0.023,16.904,0.023,16.128,0.029,Surveyphotometry.dat crossmatch,14.365,0.028,13.429,0.029,10.811,0.078,8.709,0.291,Surveyphotometry.dat crossmatch
spec-2241-54169-0461.fits,spec-2241-54169-0461,194.76732881128416,27.95914837564705,1.463810620680109e+18,18.984670639038086,GALAXY,GALAXY-PASS,xPCA,4403.6560623871355,0.02350507398235946,1.1923986326445339e-05,,,2.2689513020859775,0.0035365281652681713,SMC,557279.7431278722,-0.9693262640051745,18.531,0.025,16.713,0.004,15.924,0.003,15.544,0.003,15.245,0.0,Surveyphotometry.dat crossmatch,99.999,99.999,15.082,0.005,14.402,0.005,14.096,0.006,Surveyphotometry.dat crossmatch,13.259,0.024,13.286,0.03,99.999,99.999,99.999,99.999,Surveyphotometry.dat crossmatch
spec-2006-53476-0318.fits,SDSS J125630.59+332722.7,194.12741865619648,33.45630673926996,1.5155187240929198e+18,18.53260040283203,QSO,QSO,xPCA,5576.345357935483,1.8749289385442658,0.0004169163844689915,,,0.09246939707746016,0.0064951928430013045,MW,5857.039870543818,-1.1944395357613586,18.947,0.02,18.83,0.009,18.752,0.009,18.452,0.01,18.573,0.02,Surveyphotometry.dat crossmatch,99.999,99.999,18.198,0.066,17.739,0.077,17.088,0.073,Surveyphotometry.dat crossmatch,15.577,0.042,14.313,0.044,10.994,0.103,8.467,0.36,Surveyphotometry.dat crossmatch
spec-5984-56337-0966.fits,SDSS J124402.19+262139.3,191.0091208612654,26.360944029554044,3.961363751462043e+18,18.602737426757812,QSO,QSO,xPCA,33777.60992760221,3.1268293592360505,0.00021422742835484012,,,0.09670332102106197,0.0026033430512417965,MW,45145.88490744098,-2.193356308828138,20.557,0.058,18.755,0.009,18.483,0.008,18.428,0.01,18.457,0.03,Surveyphotometry.dat crossmatch,99.999,99.999,17.197,0.022,16.756,0.029,16.295,0.032,Surveyphotometry.dat crossmatch,15.494,0.04,14.579,0.053,10.965,0.135,99.999,99.999,Surveyphotometry.dat crossmatch
spec-2022-53827-0101.fits,SDSS J124824.20+354328.1,192.10087686266803,35.72447309111586,1.5169282979998144e+18,18.404516220092773,QSO,QSO,xPCA,4822.788751873509,0.41895950005706495,7.647467582900733e-05,,,1.6614336425732623e-10,0.000126298546512205,MW,5956.538451934524,-1.48313814833281,18.349,0.016,18.304,0.007,18.404,0.008,18.345,0.01,18.116,0.02,Surveyphotometry.dat crossmatch,99.999,99.999,17.277,0.032,99.999,99.999,15.501,0.021,Surveyphotometry.dat crossmatch,14.069,0.027,13.064,0.029,10.367,0.062,8.08,0.184,Surveyphotometry.dat crossmatch
spec-3236-54892-0336.fits,SDSS J124958.98+302849.1,192.4957625028843,30.48028261610356,1.4652440359495713e+18,18.3212890625,QSO,QSO,xPCA,12252.091259378689,1.6321206217531385,0.0002391906927512035,,,0.12077517781681582,0.0015944100782798523,SMC,12335.67066652786,-1.0079353974491438,19.352,0.024,19.107,0.01,18.909,0.01,18.571,0.011,18.581,0.02,Surveyphotometry.dat crossmatch,99.999,99.999,17.32,0.025,16.616,0.03,16.47,0.038,Surveyphotometry.dat crossmatch,15.451,0.039,14.299,0.042,11.231,0.147,8.846,0.356,Surveyphotometry.dat crossmatch
spec-6494-56363-0354.fits,SDSS J135225.88+293830.4,208.10785722366143,29.64180996674129,1.4523961738594908e+18,18.261058807373047,QSO,QSO,xPCA,59942.04949906569,2.923806161537954,0.00014806632399385751,,,0.22498212795177272,0.0013744267790417736,LMC,66217.02640903277,-1.839900800191027,19.749,0.037,18.393,0.007,18.249,0.008,18.179,0.01,18.116,0.02,Surveyphotometry.dat crossmatch,99.999,99.999,17.152,0.021,16.737,0.025,16.29,0.032,Surveyphotometry.dat crossmatch,14.761,0.031,14.014,0.036,10.442,0.065,7.936,0.168,Surveyphotometry.dat crossmatch
spec-2104-53852-0173.fits,spec-2104-53852-0173,199.75437841650307,31.120456651230416,1.4632395618285594e+18,18.731754302978516,GALAXY,GALAXY-PASS,xPCA,4534.412111167182,0.04534138900203021,1.5470857882756982e-05,,,2.2347583299698,0.003510435477631191,MW,540825.068252402,-1.1355808083798,18.603,0.023,16.887,0.004,16.08,0.003,15.689,0.003,15.396,0.0,Surveyphotometry.dat crossmatch,99.999,99.999,14.891,0.003,14.251,0.004,13.914,0.005,Surveyphotometry.dat crossmatch,13.235,0.027,13.214,0.03,99.999,99.999,99.999,99.999,Surveyphotometry.dat crossmatch
spec-2783-54524-0179.fits,SDSS J135229.25+231815.9,208.12188787663803,23.304444398402257,1.2515784538800328e+18,18.732080459594727,QSO,QSO,xPCA,6093.702425633879,2.2406843799052085,0.0002526093945253698,,,3.533389894691194e-10,0.00022985752698443217,LMC,7280.269052333935,-1.2046403653146893,19.408,0.031,18.873,0.009,18.84,0.01,18.768,0.011,18.505,0.03,Surveyphotometry.dat crossmatch,99.999,99.999,17.688,0.031,17.04,0.04,16.238,0.033,Surveyphotometry.dat crossmatch,15.411,0.039,14.399,0.045,10.908,0.091,8.45,0.248,Surveyphotometry.dat crossmatch
spec-2238-54205-0587.fits,SDSS J125112.27+275222.4,192.80109750698728,27.872884893267305,3.961955121215051e+18,18.779464721679688,QSO,QSO,xPCA,3963.5813865198206,1.0456868626230678,0.0002788086013834225,,,1.195250808863537e-09,8.901348790777336e-05,MW,4808.538282879181,-1.1278618259536868,18.976,0.019,18.786,0.008,18.537,0.009,18.527,0.011,18.605,0.02,Surveyphotometry.dat crossmatch,99.999,99.999,17.839,0.039,17.379,0.054,16.679,0.048,Surveyphotometry.dat crossmatch,15.213,0.034,13.974,0.039,11.243,0.137,8.873,0.444,Surveyphotometry.dat crossmatch
spec-2120-53852-0431.fits,spec-2120-53852-0431,209.7906195490969,27.950099764300894,1.4512004936193408e+18,18.963993072509766,GALAXY,GALAXY-PASS,xPCA,4880.784689896556,0.08042080293576691,2.4164961483447466e-05,,,2.218868408384051,0.004029289435962147,SMC,378993.140275284,-1.3703002997060758,19.972,0.049,18.068,0.006,17.135,0.005,16.705,0.005,16.314,0.01,Surveyphotometry.dat crossmatch,99.999,99.999,15.386,0.006,14.738,0.006,14.283,0.007,Surveyphotometry.dat crossmatch,13.929,0.026,13.852,0.035,12.703,0.468,99.999,99.999,Surveyphotometry.dat crossmatch
spec-6482-56358-0083.fits,SDSS J124445.49+311233.7,191.1895419971899,31.209366000947544,1.5133466732319232e+18,18.964181900024414,QSO,QSO,xPCA,16901.701931648924,2.7167008247432674,0.0002914595379229469,,,0.052477904830808456,0.004018601204550484,MW,23575.280263639073,-1.8309881949084605,20.171,0.047,19.177,0.011,19.094,0.012,19.035,0.016,18.848,0.04,Surveyphotometry.dat crossmatch,99.999,99.999,17.992,0.041,17.529,0.046,17.099,0.056,Surveyphotometry.dat crossmatch,16.136,0.055,15.038,0.07,11.418,0.166,8.982,0.487,Surveyphotometry.dat crossmatch
spec-2116-53854-0101.fits,SDSS J135529.89+293059.4,208.87457865064547,29.51646478779186,1.4538220729374106e+18,18.051776885986328,QSO,,Composite model - SMC,10002.919432679744,0.30120640200803156,1.2021718666654913e-06,1.137323786752533,0.004926669891843649,1.137323786752533,0.004926669891843649,SMC,10002.919432679744,-1.318060852131287,18.097,0.014,17.994,0.006,17.701,0.006,17.654,0.007,17.174,0.01,Surveyphotometry.dat crossmatch,99.999,99.999,16.419,0.012,15.657,0.009,14.714,0.008,Surveyphotometry.dat crossmatch,13.605,0.025,12.693,0.025,9.738,0.036,7.456,0.106,Surveyphotometry.dat crossmatch
spec-2009-53904-0601.fits,SDSS J131342.67+302239.2,198.42778850725037,30.37756930920017,1.4629818637909555e+18,18.90580940246582,QSO,QSO,xPCA,7387.562916226545,0.7311312650152422,0.00010838931055345462,,,0.3467347720168841,0.006062972609707923,LMC,7421.242428290692,-1.5599572041115495,19.718,0.039,19.101,0.01,18.824,0.011,18.754,0.015,18.5,0.04,Surveyphotometry.dat crossmatch,99.999,99.999,17.505,0.023,16.904,0.023,16.128,0.029,Surveyphotometry.dat crossmatch,14.365,0.028,13.429,0.029,10.811,0.078,8.709,0.291,Surveyphotometry.dat crossmatch
spec-2666-54230-0025.fits,SDSS J134659.96+231251.6,206.7498387114264,23.214351602588323,1.251436165907973e+18,18.72059440612793,QSO,QSO,xPCA,13222.59989820584,2.3038269895882206,0.0005228923980917928,,,0.17309949412839978,0.0023747344739670773,SMC,17692.147792124168,-1.9215630706960183,19.61,0.03,18.856,0.009,18.666,0.009,18.611,0.011,18.344,0.02,Surveyphotometry.dat crossmatch,99.999,99.999,17.435,0.026,16.89,0.034,16.15,0.031,Surveyphotometry.dat crossmatch,15.68,0.042,14.659,0.052,11.563,0.173,8.865,0.473,Surveyphotometry.dat crossmatch
spec-2237-53828-0481.fits,spec-2237-53828-0481,190.33764319667532,30.39980002596895,4.0112900361545943e+18,18.70487403869629,GALAXY,GALAXY-PASS,xPCA,4765.43895883722,0.04830764029461122,1.137718124434471e-05,,,2.216867658505995,0.002799522151901712,SMC,626257.9799459238,-1.1147386377758672,18.321,0.022,16.556,0.004,15.76,0.003,15.356,0.003,15.066,0.0,Surveyphotometry.dat crossmatch,99.999,99.999,14.682,0.003,14.011,0.003,13.608,0.004,Surveyphotometry.dat crossmatch,12.923,0.028,12.912,0.031,11.366,0.174,99.999,99.999,Surveyphotometry.dat crossmatch
spec-2244-53795-0343.fits,SDSS J131913.78+264750.0,199.80744350207144,26.797219444960568,1.4478753299388662e+18,18.969093322753906,QSO,QSO,xPCA,4279.077326829098,2.094820601399072,0.0026831928151284496,,,0.08320264154947139,0.0030784119429903833,SMC,5072.220153341577,-1.427940689745013,19.678,0.031,19.35,0.01,19.085,0.011,18.999,0.013,18.792,0.03,Surveyphotometry.dat crossmatch,99.999,99.999,18.058,0.047,17.505,0.044,16.968,0.058,Surveyphotometry.dat crossmatch,99.999,99.999,99.999,99.999,99.999,99.999,99.999,99.999,Surveyphotometry.dat crossmatch
spec-2648-54485-0334.fits,SDSS J124044.49+231045.8,190.1853812612705,23.179405185834145,3.9562078364975877e+18,18.941415786743164,QSO,QSO,xPCA,5012.703601175064,0.7224633900440789,7.441021874103333e-05,,,8.457897332806927e-10,5.133889427009331e-05,LMC,8673.017230900163,-1.1013937589427665,19.297,0.023,18.687,0.008,18.71,0.009,18.768,0.012,18.475,0.02,Surveyphotometry.dat crossmatch,99.999,99.999,17.413,0.026,16.703,0.032,15.777,0.023,Surveyphotometry.dat crossmatch,14.12,0.028,13.108,0.028,10.507,0.079,8.602,0.295,Surveyphotometry.dat crossmatch
spec-2652-54508-0460.fits,SDSS J132335.01+223252.0,200.89589941225705,22.54778425032996,1.4427794328463442e+18,18.269102096557617,QSO,QSO-MIDZ,xPCA,3669.1530225630195,0.7970079564580359,0.00024031215421835002,,,3.6021673924940822e-12,0.00045978810310164347,MW,4616.511583253133,-1.4808491602405138,19.227,0.022,18.895,0.009,18.843,0.01,18.936,0.013,18.739,0.03,Surveyphotometry.dat crossmatch,99.999,99.999,17.24,0.021,17.115,0.026,16.349,0.028,Surveyphotometry.dat crossmatch,14.665,0.031,13.251,0.028,10.428,0.086,7.738,0.174,Surveyphotometry.dat crossmatch
spec-5996-56096-0928.fits,SDSS J132655.12+254811.2,201.7296716923261,25.80311506090235,1.4482213282086067e+18,18.810791015625,QSO,QSO,xPCA,68659.54016717775,3.3345341144977447,0.0002447717133446376,,,0.295869220569629,0.002449805841235553,MW,73131.41809496014,-3.397169418535144,20.392,0.048,18.683,0.008,18.29,0.008,18.268,0.009,18.27,0.02,Surveyphotometry.dat crossmatch,99.999,99.999,17.363,0.02,16.951,0.024,16.278,0.025,Surveyphotometry.dat crossmatch,15.413,0.039,14.876,0.065,11.479,0.181,8.835,0.436,Surveyphotometry.dat crossmatch
spec-2023-53851-0359.fits,SDSS J131453.40+351910.6,198.72253203797388,35.31962808356006,1.4739666034274179e+18,18.97075843811035,QSO,QSO,xPCA,5613.451056066171,1.5539897863160956,0.00033628159461545205,,,0.3836500944404321,0.005853579520427088,LMC,6370.261361017243,-1.394627717336303,19.81,0.039,19.375,0.011,19.068,0.011,18.729,0.012,18.71,0.03,Surveyphotometry.dat crossmatch,99.999,99.999,17.755,0.041,99.999,9.999,99.999,9.999,Surveyphotometry.dat crossmatch,14.983,0.031,14.038,0.038,10.869,0.089,8.848,0.414,Surveyphotometry.dat crossmatch
spec-2094-53851-0062.fits,SDSS J134638.35+294554.9,206.6597988568361,29.76530317226577,1.4553591515374162e+18,18.846540451049805,QSO,QSO-MIDZ,xPCA,3654.821287781165,1.3348230165931714,0.0007449349703967567,,,4.4052889130617376e-10,9.555418215395189e-05,SMC,4603.125579408897,-1.4187237883789026,19.456,0.026,19.26,0.011,19.165,0.012,19.126,0.015,19.082,0.04,Surveyphotometry.dat crossmatch,99.999,99.999,17.941,0.051,17.12,0.041,16.827,0.061,Surveyphotometry.dat crossmatch,15.539,0.042,14.186,0.042,10.903,0.096,8.822,0.381,Surveyphotometry.dat crossmatch
spec-2110-53467-0519.fits,spec-2110-53467-0519,202.75290109385324,31.36242174079488,1.468404861299013e+18,18.493738174438477,QSO,QSO-MIDZ,xPCA,3487.7422430011493,0.865642053677333,0.00029463684104265444,,,3.1746242462084295e-11,3.4718516373041564e-05,SMC,8226.618168149347,-1.1081173883106046,18.975,0.024,18.704,0.008,18.663,0.01,18.656,0.012,18.504,0.04,Surveyphotometry.dat crossmatch,99.999,99.999,17.31,0.02,16.877,0.031,16.068,0.028,Surveyphotometry.dat crossmatch,14.423,0.028,13.271,0.028,10.199,0.06,7.554,0.148,Surveyphotometry.dat crossmatch
spec-6488-56364-0856.fits,SDSS J130532.95+325518.2,196.38730243342707,32.921736178667764,1.467248754884519e+18,18.45248031616211,QSO,QSO,xPCA,94539.10618987406,2.429940251642873,0.0001537820991337293,,,0.5658111773864773,0.0013481931022519267,SMC,176940.26819534364,-2.436207604179487,19.275,0.028,18.69,0.008,18.438,0.008,18.372,0.011,18.151,0.02,Surveyphotometry.dat crossmatch,99.999,99.999,17.269,0.025,16.666,0.025,15.974,0.024,Surveyphotometry.dat crossmatch,15.304,0.036,14.694,0.057,11.569,0.194,8.86,0.475,Surveyphotometry.dat crossmatch
spec-2104-53852-0122.fits,SDSS J131556.44+302042.2,198.9852176321748,30.34505622437662,1.4628049111382154e+18,18.522165298461914,QSO,QSO,xPCA,14572.843163380016,2.415066087645112,0.0001371856098680985,,,1.0818392102290852e-08,0.0003905284438053216,MW,19938.73393748421,-1.1748786028637277,19.28,0.028,18.486,0.007,18.491,0.008,18.457,0.01,18.123,0.02,Surveyphotometry.dat crossmatch,99.999,99.999,17.291,0.019,16.692,0.019,15.822,0.02,Surveyphotometry.dat crossmatch,15.299,0.037,14.285,0.042,10.488,0.063,7.86,0.177,Surveyphotometry.dat crossmatch
spec-2115-53535-0288.fits,spec-2115-53535-0288,206.64161486289456,24.682919866374224,1.444296385230716e+18,18.874425888061523,GALAXY,GALAXY-PASS,xPCA,3584.509576598408,0.16746692226764934,4.153545637295061e-05,,,1.2207593762819509,0.004292175462704773,SMC,191434.8868713718,-1.1944892547653425,18.978,0.03,18.163,0.007,17.325,0.005,16.902,0.005,16.564,0.01,Surveyphotometry.dat crossmatch,99.999,99.999,15.875,0.007,15.182,0.008,14.557,0.007,Surveyphotometry.dat crossmatch,13.672,0.025,13.177,0.027,11.672,0.168,99.999,99.999,Surveyphotometry.dat crossmatch
spec-2104-53852-0313.fits,SDSS J131221.26+311750.6,198.088597338304,31.297411819557805,1.4661076679729088e+18,18.172531127929688,QSO,QSO,xPCA,5669.976418816979,1.5585292109084017,0.00022584757729968909,,,4.174936650189719e-09,0.0029296322459193887,MW,7823.242634619884,-1.0576393851781773,18.36,0.016,18.225,0.007,18.18,0.007,17.978,0.008,17.997,0.01,Surveyphotometry.dat crossmatch,99.999,99.999,17.324,0.018,16.615,0.021,16.248,0.029,Surveyphotometry.dat crossmatch,14.984,0.031,13.486,0.029,10.436,0.064,8.352,0.243,Surveyphotometry.dat crossmatch
SDSS_J1300_2423_combined.dat,SDSS_J1300_2423_combined,195.15703464675195,24.388236476886288,3.957292844019987e+18,,QSO,,Composite model - MW,1210.6582882569946,2.5896364205018014,0.001370031831326779,0.7640517003522104,0.039792088674977966,0.7640517003522104,0.039792088674977966,MW,1210.6582882569946,-1.192033755069149,19.978,0.041,19.178,0.01,18.819,0.01,17.85,0.007,17.283,0.01,Surveyphotometry.dat crossmatch,99.999,99.999,17.604,0.027,17.101,0.033,16.38,0.03,Surveyphotometry.dat crossmatch,99.999,99.999,99.999,99.999,99.999,99.999,99.999,99.999,Surveyphotometry.dat crossmatch
spec-2117-54115-0561.fits,spec-2117-54115-0561,209.76257619047823,33.14371275134299,1.4579119469566659e+18,18.8111515045166,GALAXY,GALAXY-PASS,xPCA,6855.621849737697,0.05152042979772405,8.384387989170922e-06,,,2.0616794155915437,0.002380717962892742,LMC,813102.7940884237,-1.1870667974638003,18.062,0.017,16.323,0.003,15.584,0.003,15.26,0.003,14.969,0.0,Surveyphotometry.dat crossmatch,99.999,99.999,14.684,0.003,14.02,0.003,13.642,0.004,Surveyphotometry.dat crossmatch,12.77,0.023,12.697,0.025,11.502,0.14,99.999,99.999,Surveyphotometry.dat crossmatch
spec-1838-53467-0471.fits,SDSS J135813.14+350332.2,209.55478441298544,35.05896505777683,1.482916658141361e+18,18.99724578857422,QSO,QSO,xPCA,3674.006260709112,1.1310321412531623,0.0004004397365710795,,,2.104092887336012e-11,7.090405227316222e-05,SMC,4813.430669831888,-1.0748259004094505,19.415,0.029,19.31,0.011,19.043,0.012,19.08,0.014,19.161,0.05,Surveyphotometry.dat crossmatch,99.999,99.999,18.23,0.084,17.68,0.108,16.967,0.074,Surveyphotometry.dat crossmatch,15.71,0.043,14.419,0.044,11.591,0.175,99.999,99.999,Surveyphotometry.dat crossmatch
spec-2662-54505-0010.fits,SDSS J130712.54+234100.7,196.8022610284457,23.683565452054715,3.945034182724057e+18,18.65435791015625,QSO,QSO,xPCA,8109.831282566263,2.5086766726659575,0.0002051742911224087,,,1.5890560053780436e-09,0.000262534304238922,MW,9125.326753210964,-1.1424349227140536,19.401,0.024,18.801,0.008,18.751,0.01,18.675,0.012,18.409,0.02,Surveyphotometry.dat crossmatch,99.999,99.999,17.196,0.018,16.652,0.018,15.726,0.016,Surveyphotometry.dat crossmatch,15.349,0.038,14.627,0.055,11.305,0.152,8.775,0.391,Surveyphotometry.dat crossmatch
spec-1994-53845-0351.fits,SDSS J125017.48+323452.9,192.57283437697052,32.58137285037331,1.5139091765095493e+18,18.982046127319336,QSO,QSO,xPCA,5886.060545223011,1.5396809194670944,0.00023741035802487078,,,0.024976097057335684,0.00504437658898048,MW,8050.656606831344,-1.3507987662255967,19.372,0.028,19.166,0.01,18.975,0.011,18.758,0.011,18.748,0.03,Surveyphotometry.dat crossmatch,99.999,99.999,17.781,0.032,17.125,0.039,16.805,0.049,Surveyphotometry.dat crossmatch,15.903,0.049,14.757,0.061,11.638,0.197,99.999,99.999,Surveyphotometry.dat crossmatch
spec-2016-53799-0029.fits,SDSS J131302.70+351632.2,198.26129801575527,35.275610661919494,1.4739171597642506e+18,18.871015548706055,QSO,QSO,xPCA,4353.350559896633,1.8599368063452506,0.0003818636718002771,,,0.008060163804280832,0.0060859584521332204,MW,4363.435709124007,-1.0807502725170346,18.47,0.017,18.487,0.007,18.508,0.008,18.274,0.009,18.323,0.02,Surveyphotometry.dat crossmatch,99.999,99.999,17.954,0.049,17.611,0.075,17.028,0.084,Surveyphotometry.dat crossmatch,15.439,0.04,14.066,0.039,10.882,0.117,99.999,99.999,Surveyphotometry.dat crossmatch
spec-2112-53534-0385.fits,spec-2112-53534-0385,200.13273210422213,33.29156920400084,1.472714672000386e+18,18.82692527770996,GALAXY,GALAXY-PASS,xPCA,5388.524824072125,0.03535803118535864,1.0143017743312734e-05,,,2.0328067106795715,0.001820618411413566,MW,60274.11753609342,-1.0442607145421003,16.332,0.011,14.479,0.002,13.687,0.002,13.293,0.002,12.973,0.0,Surveyphotometry.dat crossmatch,99.999,99.999,14.145,0.002,13.474,0.003,13.11,0.003,Surveyphotometry.dat crossmatch,11.526,0.023,11.552,0.021,9.535,0.034,7.863,0.135,Surveyphotometry.dat crossmatch
spec-2239-53726-0187.fits,SDSS J124739.90+294505.8,191.91629807610883,29.75160579900989,1.4651051538867896e+18,18.331533432006836,QSO,QSO,xPCA,5645.337319804261,1.901125632402936,0.00034359702598375715,,,0.023754218096140433,0.0021998108992549274,SMC,7373.105406256275,-1.0248328363349313,18.807,0.018,18.69,0.008,18.608,0.009,18.353,0.009,18.2,0.02,Surveyphotometry.dat crossmatch,99.999,99.999,17.367,0.023,16.987,0.036,16.445,0.034,Surveyphotometry.dat crossmatch,15.309,0.04,13.75,0.036,10.152,0.061,7.716,0.145,Surveyphotometry.dat crossmatch
spec-2006-53476-0412.fits,SDSS J125906.79+342529.9,194.77831662099948,34.424979068079764,1.5157141966446612e+18,18.984590530395508,QSO,QSO,xPCA,5851.177576252152,2.7579413690219714,0.00028229569073346083,,,0.11414504739521301,0.00938155468401719,MW,7181.778914174567,-1.9464769166433133,20.63,0.06,19.465,0.012,19.443,0.014,19.488,0.021,19.308,0.05,Surveyphotometry.dat crossmatch,99.999,99.999,18.04,0.061,17.644,0.054,16.99,0.064,Surveyphotometry.dat crossmatch,16.204,0.059,15.509,0.099,11.995,0.249,99.999,99.999,Surveyphotometry.dat crossmatch
spec-5977-56098-0322.fits,SDSS J131153.59+235323.3,197.9732956157251,23.889826293493407,1.4468593124751703e+18,17.311988830566406,QSO,,Composite model - SMC,30232.24870127479,1.965419080265195,4.5457387135017235e-05,0.10076172381705813,0.0007667565534892132,0.10076172381705813,0.0007667565534892132,SMC,30232.24870127479,-1.0398502100564317,17.663,0.01,17.555,0.005,17.554,0.006,17.384,0.007,17.218,0.01,Surveyphotometry.dat crossmatch,99.999,99.999,16.456,0.011,16.096,0.015,15.506,0.016,Surveyphotometry.dat crossmatch,14.556,0.029,13.451,0.029,10.078,0.056,7.936,0.177,Surveyphotometry.dat crossmatch
spec-2011-53499-0027.fits,SDSS J130334.00+282022.9,195.89168961693315,28.33968852281139,1.4611606258586816e+18,18.154251098632812,QSO,QSO-MIDZ,xPCA,4859.597139710104,1.2164094848548568,0.0004044224230001249,,,9.99887175281381e-10,8.38914696496963e-05,MW,6721.8262691500595,-1.1016554236074223,19.059,0.024,18.91,0.009,18.505,0.009,18.632,0.012,18.691,0.03,Surveyphotometry.dat crossmatch,99.999,99.999,17.486,0.025,16.868,0.026,16.146,0.025,Surveyphotometry.dat crossmatch,14.676,0.029,13.559,0.031,11.087,0.103,8.916,0.397,Surveyphotometry.dat crossmatch
spec-5989-56312-0005.fits,SDSS J125955.88+231818.3,194.98283007624616,23.305119667676703,3.9566091926018867e+18,17.964143753051758,QSO,QSO,xPCA,32064.034097458214,2.1254316085304534,0.00017830911006167646,,,0.19235356233759088,0.0014945592793186857,LMC,51389.56968216282,-1.0583833263601397,18.371,0.015,18.218,0.006,18.046,0.007,18.026,0.008,17.857,0.01,Surveyphotometry.dat crossmatch,99.999,99.999,17.056,0.02,16.513,0.029,15.768,0.024,Surveyphotometry.dat crossmatch,15.131,0.034,13.975,0.037,10.468,0.075,7.991,0.209,Surveyphotometry.dat crossmatch
spec-2094-53851-0234.fits,SDSS J134057.79+300356.3,205.24082177515768,30.06566666762257,1.455977592469143e+18,18.722244262695312,QSO,QSO,xPCA,4125.43095981804,1.6344980365675363,0.00029289913621055315,,,0.26545730291131975,0.0032730441598201876,SMC,4750.242637680202,-1.2114483105268485,19.119,0.023,18.806,0.009,18.639,0.009,18.352,0.01,18.285,0.02,Surveyphotometry.dat crossmatch,99.999,99.999,17.469,0.034,17.065,0.039,16.598,0.039,Surveyphotometry.dat crossmatch,15.273,0.036,13.854,0.034,10.633,0.084,8.669,0.414,Surveyphotometry.dat crossmatch
spec-2011-53499-0128.fits,SDSS J130024.29+290147.5,195.10119838266172,29.029877603456363,1.4643036786295972e+18,18.67038917541504,BAL_QSO,QSO,xPCA,22525.96929000083,3.998339920733947,0.0006501538837154151,,,0.8089260480562692,0.005239130122460689,MW,28180.94154482915,-40.820785628244174,23.954,0.801,20.383,0.023,18.9,0.011,18.589,0.011,18.33,0.02,Surveyphotometry.dat crossmatch,99.999,99.999,17.201,0.022,16.796,0.029,16.191,0.029,Surveyphotometry.dat crossmatch,15.472,0.041,14.802,0.063,11.175,0.138,8.01,0.205,Surveyphotometry.dat crossmatch
spec-2017-53474-0095.fits,SDSS J134414.65+271935.4,206.0610809009281,27.326511143913077,1.4516725577696486e+18,18.747753143310547,QSO,QSO,xPCA,3300.674039979849,1.5634606738859556,0.0002915616830468052,,,0.0329425574216548,0.006163858201233767,MW,4071.066364886204,-1.07578138651813,19.421,0.036,19.309,0.016,19.065,0.017,18.802,0.017,18.887,0.04,Surveyphotometry.dat crossmatch,99.999,99.999,17.671,0.037,17.095,0.048,16.859,0.059,Surveyphotometry.dat crossmatch,99.999,99.999,99.999,99.999,99.999,99.999,99.999,99.999,Surveyphotometry.dat crossmatch
spec-2245-54208-0512.fits,spec-2245-54208-0512,203.72554877914808,26.20630774465021,1.4484894759029555e+18,17.992027282714844,GALAXY,GALAXY-PASS,xPCA,13596.582138464259,0.025930912638462447,1.0079990292637672e-05,,,3.1194809454268464,0.002433967352213129,MW,961422.5760012153,-1.0175881376515266,16.201,0.009,14.314,0.002,13.492,0.002,13.058,0.002,12.72,0.0,Surveyphotometry.dat crossmatch,99.999,99.999,13.466,0.002,12.794,0.002,12.459,0.002,Surveyphotometry.dat crossmatch,10.995,0.022,11.068,0.021,10.49,0.066,8.806,0.435,Surveyphotometry.dat crossmatch
spec-6487-56362-0214.fits,SDSS J131014.85+301756.2,197.56190432994444,30.29896549321577,1.4629395669528356e+18,18.627342224121094,QSO,QSO-MIDZ,xPCA,13735.696204308384,1.9311425458631855,0.0002469764467694286,,,0.453626680796062,0.0017346753027509543,SMC,21521.49354963964,-1.2438723145124413,19.452,0.031,19.209,0.011,18.82,0.01,18.314,0.01,18.158,0.02,Surveyphotometry.dat crossmatch,99.999,99.999,17.251,0.025,16.754,0.029,16.11,0.026,Surveyphotometry.dat crossmatch,14.965,0.031,13.873,0.035,10.547,0.06,8.22,0.186,Surveyphotometry.dat crossmatch
sdssJ135559+240315_combined.dat,sdssJ135559+240315_combined,208.99790468184247,24.05435840969788,1.257726025254224e+18,,QSO,,Composite model - LMC,198.00947574868923,1.5382338798800206,0.0015797447757274208,1.960942436099282e-08,0.002133982682385881,1.960942436099282e-08,0.002133982682385881,LMC,198.00947574868923,-1.2022316612332276,18.647,0.02,18.434,0.007,18.273,0.008,18.027,0.008,18.013,0.01,Surveyphotometry.dat crossmatch,99.999,99.999,17.229,0.02,16.498,0.019,16.221,0.029,Surveyphotometry.dat crossmatch,14.909,0.033,13.722,0.035,11.041,0.138,99.999,99.999,Surveyphotometry.dat crossmatch
spec-2660-54504-0574.fits,SDSS J124422.25+255558.3,191.09273590333555,25.932879344154653,3.9612449011273964e+18,18.675004959106445,QSO,QSO,xPCA,3810.472900921225,1.5329628043877948,0.00021730928928225787,,,5.419879871510283e-10,0.00022191584972672019,LMC,5032.501493355344,-1.1094999474408396,99.999,9.999,99.999,9.999,18.818,0.01,99.999,9.999,99.999,9.999,Surveyphotometry.dat crossmatch,99.999,99.999,17.903,0.035,17.323,0.042,16.873,0.049,Surveyphotometry.dat crossmatch,15.613,0.043,14.22,0.045,11.2,0.145,9.145,0.54,Surveyphotometry.dat crossmatch
spec-2244-53795-0058.fits,SDSS J132655.12+254811.2,201.7296716923261,25.80311506090235,1.4482213282086067e+18,18.810791015625,QSO,QSO,xPCA,36869.40702037804,3.321424237971959,0.00042986923907191275,,,0.21976244737542583,0.003016745185583425,MW,44839.951423677594,-3.182297973572807,20.392,0.048,18.683,0.008,18.29,0.008,18.268,0.009,18.27,0.02,Surveyphotometry.dat crossmatch,99.999,99.999,17.363,0.02,16.951,0.024,16.278,0.025,Surveyphotometry.dat crossmatch,15.413,0.039,14.876,0.065,11.479,0.181,8.835,0.436,Surveyphotometry.dat crossmatch
spec-2661-54505-0197.fits,SDSS J125142.27+240435.2,192.92617994403463,24.076456383691863,3.957604181905591e+18,17.21172523498535,QSO,QSO,xPCA,74335.02018790344,0.18843185502276905,1.7447685601730117e-05,,,0.603841762465128,0.0033473765077477458,SMC,97722.16562250815,-5.686784061208247,17.771,0.012,17.745,0.006,17.341,0.005,16.867,0.006,17.063,0.01,Surveyphotometry.dat crossmatch,99.999,99.999,16.218,0.009,15.55,0.01,14.457,0.006,Surveyphotometry.dat crossmatch,13.064,0.024,12.013,0.022,8.709,0.028,5.785,0.049,Surveyphotometry.dat crossmatch
spec-11401-58491-0266.fits,SDSS J132232.23+303211.9,200.6343072726066,30.53662561346863,1.462479352617386e+18,18.143779754638672,QSO,QSO,xPCA,6953.459250907845,1.0059957104337776,8.24197043337612e-05,,,0.07393887817382233,0.0022385799067996814,SMC,14628.415816926065,-1.261892272123998,17.879,0.012,17.583,0.005,17.397,0.005,17.411,0.006,17.379,0.01,Surveyphotometry.dat crossmatch,99.999,99.999,16.543,0.012,16.545,0.019,15.858,0.024,Surveyphotometry.dat crossmatch,14.69,0.029,13.54,0.03,10.333,0.061,7.912,0.183,Surveyphotometry.dat crossmatch
spec-2110-53467-0161.fits,SDSS J133004.45+303328.1,202.51856288036583,30.55781815919235,1.4682066013107994e+18,18.401330947875977,QSO,QSO,xPCA,4530.425034993503,2.0708685951505603,0.0010907604825762208,,,0.1708913317005996,0.002132408654143353,SMC,9740.932309445865,-1.0412623438202244,18.763,0.02,18.646,0.008,18.353,0.008,18.155,0.009,18.041,0.02,Surveyphotometry.dat crossmatch,99.999,99.999,17.442,0.021,16.905,0.023,16.261,0.03,Surveyphotometry.dat crossmatch,15.187,0.034,14.052,0.038,10.45,0.062,8.01,0.196,Surveyphotometry.dat crossmatch
spec-2117-54115-0578.fits,SDSS J135901.75+325433.9,209.75729336974263,32.909459531719875,1.4577137213286574e+18,18.852529525756836,QSO,QSO,xPCA,3663.2134178920105,1.5318414845149328,0.0002493223743287549,,,0.092189458552982,0.004316093871568602,LMC,4373.597590366055,-1.133069522432591,19.46,0.027,19.282,0.011,19.152,0.012,18.939,0.014,19.014,0.04,Surveyphotometry.dat crossmatch,99.999,99.999,18.005,0.05,17.323,0.042,16.955,0.059,Surveyphotometry.dat crossmatch,15.736,0.045,14.381,0.044,11.444,0.165,8.611,0.306,Surveyphotometry.dat crossmatch
spec-3983-55603-0324.fits,SDSS J132607.33+350825.4,201.5305253910017,35.14042675643675,1.4733054533424156e+18,18.58125114440918,QSO,QSO,xPCA,88088.95665509751,2.490311184084233,0.00015448354590492287,,,0.0043755238642238055,0.0007607073699366928,SMC,90017.75253797954,-1.1445365063423731,19.713,0.04,18.58,0.008,18.56,0.009,18.261,0.01,18.462,0.02,Surveyphotometry.dat crossmatch,99.999,99.999,17.216,0.027,16.694,0.038,15.778,0.033,Surveyphotometry.dat crossmatch,99.999,99.999,99.999,99.999,99.999,99.999,99.999,99.999,Surveyphotometry.dat crossmatch
spec-2239-53726-0069.fits,SDSS J125255.25+290437.7,193.23022585005745,29.077140023055268,1.464082096972329e+18,18.69147300720215,BAL_QSO,QSO,xPCA,14839.956733153249,2.067166108394146,0.00045900064188129306,,,0.21248244330060453,0.0028444036311044835,SMC,18547.980984584014,-2.2159997680057772,19.932,0.044,19.333,0.012,18.936,0.011,18.723,0.013,18.391,0.03,Surveyphotometry.dat crossmatch,99.999,99.999,17.51,0.044,17.004,0.031,99.999,99.999,Surveyphotometry.dat crossmatch,15.508,0.041,14.34,0.047,10.795,0.097,99.999,99.999,Surveyphotometry.dat crossmatch
spec-2245-54208-0462.fits,spec-2245-54208-0462,203.0966144975422,26.243835747183848,1.4481737399710241e+18,18.512174606323242,QSO,QSO,xPCA,10251.401412901518,2.132645926546563,0.0007523894929360554,,,8.068066310526478e-10,0.00037413100218141747,SMC,15539.812984128654,-1.280813879079677,19.07,0.022,18.707,0.008,18.53,0.009,18.486,0.01,18.283,0.02,Surveyphotometry.dat crossmatch,99.999,99.999,17.496,0.022,16.966,0.024,16.31,0.028,Surveyphotometry.dat crossmatch,15.587,0.042,14.434,0.046,11.164,0.119,99.999,99.999,Surveyphotometry.dat crossmatch
spec-10254-58514-0388.fits,SDSS J131743.24+334629.8,199.4302209891254,33.774953681499575,1.4728016708578255e+18,18.392715454101562,QSO,QSO,xPCA,6517.075684911563,0.3027167583150925,1.948203631699817e-05,,,1.469620649133252e-11,9.488261391726706e-05,SMC,13441.833895426882,-1.4562599750717646,18.389,0.016,18.297,0.007,17.962,0.007,17.929,0.008,17.453,0.01,Surveyphotometry.dat crossmatch,99.999,99.999,16.603,0.017,15.874,0.013,14.953,0.01,Surveyphotometry.dat crossmatch,13.622,0.025,12.636,0.024,9.511,0.03,6.759,0.057,Surveyphotometry.dat crossmatch
spec-2239-53726-0469.fits,SDSS J124841.44+302432.9,192.1726614880797,30.40918034253665,1.4651987498143575e+18,18.518306732177734,QSO,QSO,xPCA,12128.399213159482,2.063249581461488,0.0003841244803291426,,,2.1756922272912066e-10,4.737742575407162e-05,LMC,14790.709903573274,-1.2183054244635225,19.031,0.023,18.824,0.009,18.678,0.01,18.565,0.012,18.339,0.03,Surveyphotometry.dat crossmatch,99.999,99.999,17.453,0.025,17.115,0.041,16.562,0.038,Surveyphotometry.dat crossmatch,15.478,0.041,14.421,0.048,11.048,0.111,8.928,0.467,Surveyphotometry.dat crossmatch
spec-6488-56364-0210.fits,SDSS J130439.93+315321.4,196.16640834082827,31.88929600667668,1.4663372253854272e+18,18.377939224243164,QSO,QSO-MIDZ,xPCA,6382.1909979077545,0.8724083759237926,0.00048322219517408545,,,1.616347653838517e-08,0.0002612369097776407,SMC,8591.099243514294,-1.0434190810314266,19.322,0.027,18.631,0.008,18.363,0.008,18.381,0.009,18.237,0.02,Surveyphotometry.dat crossmatch,99.999,99.999,17.17,0.016,16.927,0.024,16.069,0.021,Surveyphotometry.dat crossmatch,14.354,0.028,13.236,0.029,10.823,0.107,9.137,0.493,Surveyphotometry.dat crossmatch
spec-6484-56358-0808.fits,SDSS J125833.98+310727.6,194.64159426895884,31.124346623139417,1.4655244157104998e+18,17.987010955810547,QSO,QSO,xPCA,7138.155377965623,1.8521344870430694,0.0001777737104925011,,,0.08439590784018905,0.000838600000438991,SMC,11920.628687671564,-0.9847931563246246,18.223,0.014,18.168,0.007,18.157,0.007,17.919,0.008,17.859,0.01,Surveyphotometry.dat crossmatch,99.999,99.999,17.191,0.021,16.854,0.04,16.365,0.036,Surveyphotometry.dat crossmatch,15.136,0.034,13.877,0.035,10.353,0.075,8.083,0.206,Surveyphotometry.dat crossmatch
spec-2117-54115-0504.fits,SDSS J135430.68+331346.8,208.62787767530355,33.229699689011895,1.457889888006046e+18,17.95722007751465,QSO,QSO-MIDZ,xPCA,5485.192286982639,0.7951055928003767,0.00024197614446972845,,,1.5373695643351032e-10,3.797122347559863e-05,SMC,20235.264660402194,-1.064629094489642,18.086,0.013,17.983,0.006,18.02,0.007,18.015,0.008,17.923,0.02,Surveyphotometry.dat crossmatch,99.999,99.999,16.956,0.021,16.45,0.02,15.55,0.018,Surveyphotometry.dat crossmatch,13.898,0.025,12.65,0.025,9.821,0.047,7.299,0.105,Surveyphotometry.dat crossmatch
spec-2239-53726-0609.fits,SDSS J125423.13+305018.5,193.5964188985944,30.838490873981947,1.4654602617832026e+18,18.327289581298828,QSO,QSO,xPCA,4276.101431044328,2.0111726196917656,0.00037726948085376556,,,5.667626795397701e-11,8.16831861782343e-05,LMC,4964.490843204632,-1.0199790404350564,18.554,0.017,18.599,0.007,18.564,0.009,18.423,0.01,18.3,0.02,Surveyphotometry.dat crossmatch,99.999,99.999,17.683,0.033,17.287,0.042,16.806,0.049,Surveyphotometry.dat crossmatch,15.722,0.044,14.467,0.048,10.945,0.11,8.492,0.313,Surveyphotometry.dat crossmatch
spec-2020-53431-0031.fits,SDSS J124517.34+340432.0,191.32224514191643,34.07556575099969,1.5150341830626703e+18,18.6884708404541,QSO,QSO,xPCA,4264.726226461973,0.4066627920835215,5.086443856295554e-05,,,0.20118598566430487,0.010570691664800513,LMC,5691.825922351814,-1.75056304940713,19.422,0.029,19.183,0.01,19.233,0.013,19.049,0.014,18.591,0.03,Surveyphotometry.dat crossmatch,99.999,99.999,17.365,0.037,16.601,0.029,15.545,0.022,Surveyphotometry.dat crossmatch,14.189,0.028,13.169,0.028,10.373,0.067,7.934,0.167,Surveyphotometry.dat crossmatch
spec-2024-53503-0553.fits,SDSS J134920.80+333810.2,207.3367141667308,33.63621139072448,1.458889305417284e+18,18.56538963317871,QSO,QSO-MIDZ,xPCA,3781.5570546249633,0.6036515191088914,0.00018201237051863574,,,0.14441998485842417,0.005162874280639856,MW,3978.278132627448,-1.272557104831256,18.64,0.018,18.362,0.007,18.451,0.008,18.28,0.01,18.42,0.02,Surveyphotometry.dat crossmatch,99.999,99.999,17.112,0.024,16.415,0.019,15.474,0.016,Surveyphotometry.dat crossmatch,13.776,0.025,12.639,0.024,9.729,0.041,7.222,0.104,Surveyphotometry.dat crossmatch
spec-2009-53857-0408.fits,SDSS J130749.36+293303.4,196.95568197065907,29.55096354821277,1.4613872283318382e+18,18.956640243530273,QSO,QSO-MIDZ,xPCA,3363.3096642463684,0.9925061579592961,0.0005442051874063472,,,1.2281366711369007e-09,0.00027944551382489313,MW,3618.323262150141,-1.3265201874915917,19.316,0.029,19.183,0.01,18.976,0.011,19.046,0.015,19.053,0.05,Surveyphotometry.dat crossmatch,99.999,99.999,17.852,0.033,17.739,0.066,16.813,0.056,Surveyphotometry.dat crossmatch,15.372,0.035,14.241,0.04,11.677,0.171,9.114,0.496,Surveyphotometry.dat crossmatch
spec-2009-53904-0282.fits,spec-2009-53904-0282,196.38141250270635,28.65026861278512,1.461193164530958e+18,18.58332633972168,QSO,QSO,xPCA,6209.706690989191,0.18590527269948098,2.7042631850162652e-05,,,0.6001908503820368,0.005294879963055832,SMC,12120.53719103792,-1.7439057948238035,18.21,0.016,18.041,0.007,17.7,0.006,17.374,0.007,17.337,0.01,Surveyphotometry.dat crossmatch,99.999,99.999,16.687,0.013,15.822,0.011,14.779,0.009,Surveyphotometry.dat crossmatch,13.438,0.024,12.402,0.022,9.31,0.031,6.745,0.06,Surveyphotometry.dat crossmatch
spec-6488-56364-0486.fits,SDSS J125757.23+322929.2,194.4884660430872,32.491479536200124,1.467353006626702e+18,18.14527130126953,QSO,QSO,xPCA,5260.650031929048,0.8051363014594104,7.570025280358052e-05,,,0.1150563041537195,0.0034893564198733643,MW,8917.835823284617,-1.4789811159201312,19.46,0.03,18.937,0.009,18.789,0.01,18.677,0.011,18.388,0.02,Surveyphotometry.dat crossmatch,99.999,99.999,16.315,0.011,15.51,0.012,14.648,0.009,Surveyphotometry.dat crossmatch,12.187,0.023,11.134,0.02,8.405,0.021,6.139,0.049,Surveyphotometry.dat crossmatch
spec-2116-53854-0487.fits,SDSS J135429.94+303259.0,208.62478355010853,30.549701954810025,1.4569587347973855e+18,18.331735610961914,QSO,QSO,xPCA,7717.218382061758,0.37439004243610396,2.9719350263304307e-05,,,0.8887626764700308,0.0066058197766334925,LMC,11231.41971438682,-2.41957275805034,18.967,0.027,18.722,0.009,18.41,0.009,18.196,0.011,17.647,0.02,Surveyphotometry.dat crossmatch,99.999,99.999,17.033,0.019,16.151,0.018,15.118,0.013,Surveyphotometry.dat crossmatch,13.632,0.025,12.728,0.024,10.369,0.056,8.002,0.179,Surveyphotometry.dat crossmatch
spec-3971-55322-0082.fits,SDSS J124829.46+341231.3,192.12275317924733,34.20865987213935,1.5150939690073615e+18,18.578664779663086,QSO,QSO,xPCA,13199.245676081675,2.2219388730955845,0.00024271064387348964,,,0.17703390245550402,0.001318343262194488,SMC,22964.791135238625,-1.0933756995751596,18.915,0.021,18.432,0.007,18.327,0.008,18.332,0.009,18.244,0.02,Surveyphotometry.dat crossmatch,99.999,99.999,17.697,0.052,17.299,0.055,16.583,0.05,Surveyphotometry.dat crossmatch,15.679,0.044,14.38,0.047,10.833,0.101,8.484,0.291,Surveyphotometry.dat crossmatch
spec-2094-53851-0120.fits,SDSS J134449.02+295925.3,206.2042443304728,29.99037800594466,1.4555634588377114e+18,17.9393367767334,QSO,QSO,xPCA,16424.069459801303,3.93801545880518,0.0007795746381427252,,,2.1357535857045862e-10,2.391514403062421e-05,LMC,105442.30782480889,-1.242135539148323,18.943,0.022,18.334,0.007,18.037,0.007,17.817,0.008,17.548,0.01,Surveyphotometry.dat crossmatch,99.999,99.999,16.803,0.015,16.245,0.016,15.464,0.017,Surveyphotometry.dat crossmatch,14.733,0.029,13.401,0.029,9.906,0.046,7.763,0.161,Surveyphotometry.dat crossmatch
spec-2662-54505-0570.fits,SDSS J130549.80+254014.3,196.45752034361595,25.67061988031692,1.4594606391471237e+18,18.241533279418945,QSO,QSO,xPCA,4256.52942090109,1.4912886613559193,0.00018883970229703783,,,0.05262774281781768,0.0026824245104846087,SMC,5714.1619755007405,-1.1926308945989064,18.784,0.019,18.629,0.008,18.426,0.008,18.242,0.009,18.241,0.02,Surveyphotometry.dat crossmatch,99.999,99.999,17.305,0.02,16.627,0.019,16.391,0.029,Surveyphotometry.dat crossmatch,15.148,0.035,13.915,0.037,10.761,0.126,99.999,99.999,Surveyphotometry.dat crossmatch
spec-2093-53818-0388.fits,SDSS J131016.75+334419.7,197.56982042060784,33.738811436449666,1.4677581766617492e+18,18.131284713745117,QSO,QSO,xPCA,4086.361242665166,1.791795523292854,0.0004894270242429128,,,5.82772473399322e-10,3.358332960519471e-05,MW,15384.0635423374,-1.028456251622684,17.823,0.011,17.648,0.005,17.635,0.006,17.437,0.006,17.388,0.01,Surveyphotometry.dat crossmatch,99.999,99.999,16.706,0.018,16.342,0.02,15.822,0.022,Surveyphotometry.dat crossmatch,14.775,0.031,13.662,0.033,10.893,0.098,8.987,0.455,Surveyphotometry.dat crossmatch
spec-1993-53762-0419.fits,spec-1993-53762-0419,202.80939101299884,35.34764656187934,1.4704021585277133e+18,18.88795280456543,QSO,QSO,xPCA,4662.296497868658,2.411165796702813,0.0004908174727610268,,,1.5024795182961778e-10,0.0002612030560510889,LMC,6495.058398100965,-1.1378910994136604,19.369,0.024,18.846,0.008,18.851,0.01,18.906,0.013,18.702,0.03,Surveyphotometry.dat crossmatch,99.999,99.999,18.048,0.054,17.437,0.086,16.893,0.07,Surveyphotometry.dat crossmatch,15.739,0.044,14.73,0.057,11.437,0.19,9.092,0.481,Surveyphotometry.dat crossmatch
spec-5998-56087-0410.fits,SDSS J133503.67+223052.8,203.7652993395131,22.51465258726595,1.4421692425481498e+18,18.730119705200195,QSO,QSO,xPCA,30579.24035584932,2.9714582373822034,0.000179103334546451,,,5.1804514725282275e-11,1.432365494830523e-05,SMC,35971.5789343914,-1.4571742072233766,20.246,0.044,19.055,0.009,18.944,0.01,18.899,0.013,18.759,0.03,Surveyphotometry.dat crossmatch,99.999,99.999,17.57,0.032,17.101,0.03,16.68,0.038,Surveyphotometry.dat crossmatch,15.835,0.046,14.916,0.066,11.462,0.198,8.673,0.397,Surveyphotometry.dat crossmatch
spec-3303-54950-0333.fits,spec-3303-54950-0333,199.03741433404556,25.825119101385493,1.4476563896859855e+18,17.354402542114258,BAL_QSO,QSO,xPCA,614089.451123458,4.224762289849682,0.000167999135882377,,,0.7263100211339258,0.0009174424110882096,SMC,1288065.6958499188,-3.417410885169653,24.043,0.707,18.574,0.008,17.257,0.005,16.645,0.005,16.33,0.0,Surveyphotometry.dat crossmatch,99.999,99.999,15.277,0.004,99.999,99.999,14.196,0.005,Surveyphotometry.dat crossmatch,13.437,0.025,12.81,0.024,8.97,0.026,6.447,0.06,Surveyphotometry.dat crossmatch
spec-2031-53848-0093.fits,SDSS J125709.55+352223.3,194.289835395848,35.37315727894384,1.5160049874061176e+18,18.178377151489258,QSO,QSO-MIDZ,xPCA,3686.8128834460413,1.351960371626971,0.00035465695131135826,,,0.027852338765788527,0.00012683698492546407,LMC,4257.002020321237,-1.0258101306533056,18.664,0.017,18.512,0.007,18.204,0.007,18.173,0.009,18.239,0.02,Surveyphotometry.dat crossmatch,99.999,99.999,17.498,0.034,99.999,99.999,16.379,0.043,Surveyphotometry.dat crossmatch,15.115,0.033,13.791,0.034,11.135,0.106,8.923,0.379,Surveyphotometry.dat crossmatch
spec-2112-53534-0354.fits,SDSS J131931.38+331815.2,199.8808033051576,33.30424134362186,1.4726943610987154e+18,18.717275619506836,QSO,QSO-MIDZ,xPCA,4450.0937221559125,1.0300838016594147,0.00037860690311583263,,,5.906866383281924e-10,9.333146777702636e-05,MW,5589.788310747929,-1.2563280182253003,19.14,0.022,18.99,0.009,18.767,0.01,18.857,0.012,18.817,0.03,Surveyphotometry.dat crossmatch,99.999,99.999,17.911,0.045,17.413,0.066,16.625,0.052,Surveyphotometry.dat crossmatch,15.023,0.032,13.783,0.033,10.765,0.077,8.089,0.145,Surveyphotometry.dat crossmatch
spec-6481-56363-0727.fits,SDSS J124853.70+301715.4,192.22375509627267,30.28765690226697,1.4651939050912097e+18,18.50234603881836,QSO,QSO,xPCA,14639.073155210837,2.1732070326814115,0.00019110438549876086,,,0.10428826810063643,0.001444231808939614,SMC,18252.588610870476,-1.1214492906359963,99.999,9.999,99.999,9.999,99.999,9.999,99.999,9.999,99.999,9.999,Surveyphotometry.dat crossmatch,99.999,99.999,17.271,0.021,16.789,0.031,15.914,0.022,Surveyphotometry.dat crossmatch,15.287,0.037,14.102,0.042,10.949,0.132,8.505,0.359,Surveyphotometry.dat crossmatch
spec-2023-53851-0015.fits,SDSS J132117.56+340752.8,200.32319170377596,34.1313487676578,1.47285217537717e+18,18.909265518188477,QSO,QSO,xPCA,5631.603055653632,1.7209473986426618,0.0007051316009888668,,,1.6987720076661918e-09,0.00012150598287241266,MW,8155.393438896585,-1.5947598089975925,99.999,9.999,99.999,9.999,99.999,9.999,99.999,9.999,99.999,9.999,Surveyphotometry.dat crossmatch,99.999,99.999,18.207,0.077,17.827,0.081,17.26,0.084,Surveyphotometry.dat crossmatch,15.939,0.044,14.335,0.04,11.191,0.097,8.866,0.322,Surveyphotometry.dat crossmatch
spec-5989-56312-0627.fits,SDSS J125052.87+235957.1,192.7203305565226,23.999208719602876,3.9575972713018803e+18,18.989482879638672,QSO,QSO,xPCA,47773.17695165816,2.7569031548899545,0.00021943493593983192,,,0.3755642078240015,0.003158777228322307,MW,55223.90694413672,-1.90872549222134,20.01,0.041,18.973,0.009,18.791,0.01,18.685,0.011,18.751,0.02,Surveyphotometry.dat crossmatch,99.999,99.999,17.929,0.039,17.495,0.053,17.046,0.054,Surveyphotometry.dat crossmatch,16.163,0.061,15.363,0.097,12.005,0.314,99.999,99.999,Surveyphotometry.dat crossmatch
spec-5995-56093-0962.fits,SDSS J133304.01+234456.5,203.2667286440257,23.749021237368176,1.4431158834043976e+18,17.99665641784668,QSO,QSO,xPCA,7193.846647355409,1.6418897890268132,0.0001536377709798957,,,0.0869243127144451,0.0031025177021977088,MW,9793.216269075225,-1.0897341895692378,18.182,0.013,18.126,0.006,18.071,0.007,17.858,0.008,17.828,0.01,Surveyphotometry.dat crossmatch,99.999,99.999,16.663,0.013,16.054,0.012,15.777,0.018,Surveyphotometry.dat crossmatch,14.794,0.031,13.656,0.033,10.604,0.073,8.703,0.426,Surveyphotometry.dat crossmatch
spec-2104-53852-0571.fits,SDSS J132126.28+314613.9,200.35951514445463,31.770522652565493,1.4633798827041188e+18,18.656005859375,QSO,QSO,xPCA,3614.53739942265,1.0893875040857135,0.00031580891394611285,,,1.9094606304643526e-08,0.0018218987548129424,LMC,3978.027486255339,-1.0452686171805512,18.804,0.021,18.618,0.008,18.389,0.008,18.399,0.009,18.465,0.03,Surveyphotometry.dat crossmatch,99.999,99.999,18.089,0.034,17.471,0.044,16.579,0.042,Surveyphotometry.dat crossmatch,15.094,0.035,13.798,0.036,10.905,0.127,8.38,0.326,Surveyphotometry.dat crossmatch
spec-2241-54156-0161.fits,spec-2241-54156-0161,194.47859532766725,27.05755542580698,1.4606465010933294e+18,18.082244873046875,GALAXY,GALAXY-PASS,xPCA,3524.594363577315,0.13694000812381618,1.866652452884024e-05,,,1.1557334556011634,0.0032762631985499002,SMC,369997.75728467776,-1.4578970245031007,18.474,0.021,16.923,0.004,16.341,0.004,16.149,0.004,15.964,0.0,Surveyphotometry.dat crossmatch,99.999,99.999,15.563,0.006,14.948,0.006,14.445,0.007,Surveyphotometry.dat crossmatch,13.515,0.025,13.287,0.029,11.637,0.233,99.999,99.999,Surveyphotometry.dat crossmatch
spec-2016-53799-0319.fits,spec-2016-53799-0319,195.36411318381383,35.324553141482326,1.516150913215961e+18,18.94059181213379,GALAXY,GALAXY-PASS,xPCA,4456.162731469418,0.04894544823728008,1.4497327584491782e-05,,,2.2413547488440657,0.003975440660407559,MW,448844.25214179134,-1.1671467613686475,18.382,0.02,16.612,0.004,15.809,0.003,15.433,0.003,15.135,0.0,Surveyphotometry.dat crossmatch,99.999,99.999,14.906,0.004,14.205,0.005,13.89,0.005,Surveyphotometry.dat crossmatch,12.988,0.024,12.921,0.026,11.874,0.217,99.999,99.999,Surveyphotometry.dat crossmatch
spec-2020-53431-0459.fits,SDSS J124021.14+350258.7,190.08809874355288,35.049650868108024,1.5183361925750292e+18,17.197750091552734,QSO,QSO-MIDZ,xPCA,4130.737292989092,1.2005437125731842,0.00024211138776705727,,,6.422507653740944e-12,1.4029103009088412e-05,LMC,8821.552459786244,-1.0838961757763816,17.604,0.011,17.644,0.005,17.385,0.006,17.318,0.006,17.426,0.01,Surveyphotometry.dat crossmatch,99.999,99.999,16.558,0.017,15.975,0.023,15.556,0.021,Surveyphotometry.dat crossmatch,14.469,0.029,13.32,0.03,10.486,0.069,8.291,0.275,Surveyphotometry.dat crossmatch
spec-2102-54115-0242.fits,SDSS J132550.78+355333.6,201.46157229817945,35.89266279185645,1.473484158341504e+18,17.90703010559082,QSO,QSO-MIDZ,xPCA,6859.771108913168,1.3644708590518997,0.0002501326021642731,,,8.652242334053484e-13,2.2805182549620422e-05,LMC,12456.28954961429,-1.0381420499513596,18.617,0.016,18.286,0.007,18.121,0.007,18.113,0.008,18.192,0.02,Surveyphotometry.dat crossmatch,99.999,99.999,17.149,0.029,99.999,99.999,16.195,0.042,Surveyphotometry.dat crossmatch,14.848,0.029,13.242,0.026,10.088,0.043,8.045,0.15,Surveyphotometry.dat crossmatch
spec-6484-56358-0006.fits,SDSS J130410.20+300033.0,196.0425091628161,30.009179045736403,1.4644564420266724e+18,18.707347869873047,QSO,QSO,xPCA,14282.663260581317,2.427157185449819,0.00010224184064497686,,,0.09305660658933346,0.0035323827831377427,MW,30132.003497364196,-1.1348727930322366,19.544,0.031,18.882,0.009,19.009,0.011,18.987,0.016,18.741,0.04,Surveyphotometry.dat crossmatch,99.999,99.999,17.677,0.032,17.163,0.046,16.286,0.037,Surveyphotometry.dat crossmatch,99.999,99.999,99.999,99.999,99.999,99.999,99.999,99.999,Surveyphotometry.dat crossmatch
SDSS_J1247_2543_combined.dat,SDSS_J1247_2543_combined,191.75944539354276,25.814068792305964,3.9611360494758523e+18,,QSO,QSO,xPCA,1288.8959197491365,2.7939573565889626,0.000311676835451511,,,0.8781456193869978,0.03273840775224124,MW,1594.1743102588814,-1.9142479726767463,18.598,0.018,18.368,0.007,18.438,0.008,18.321,0.009,18.478,0.02,Surveyphotometry.dat crossmatch,99.999,99.999,17.336,0.022,16.762,0.024,15.792,0.02,Surveyphotometry.dat crossmatch,14.244,0.029,13.043,0.027,10.205,0.062,7.792,0.144,Surveyphotometry.dat crossmatch
spec-3377-54950-0266.fits,SDSS J131502.78+325023.2,198.76161803662924,32.83978859394487,1.4667107543971814e+18,18.15711784362793,QSO,QSO,xPCA,17188.148923566856,2.2108140708089046,0.0002523130372002118,,,0.11096988674625154,0.0009656687130841016,SMC,31203.777177211283,-1.053861995690937,18.696,0.019,18.232,0.006,18.063,0.007,17.93,0.008,17.701,0.01,Surveyphotometry.dat crossmatch,99.999,99.999,16.988,0.02,16.495,0.023,15.614,0.018,Surveyphotometry.dat crossmatch,15.087,0.031,14.073,0.036,10.852,0.074,8.598,0.254,Surveyphotometry.dat crossmatch
spec-1978-53473-0525.fits,spec-1978-53473-0525,203.48111890037967,29.557200494145025,1.4558933080306898e+18,18.66261100769043,GALAXY,GALAXY-PASS,xPCA,4298.262142855623,0.03684650757191355,1.3508590044522914e-05,,,2.0099805195738676,0.004049067140225793,LMC,427180.6528684868,-1.0410349918589286,99.999,9.999,99.999,9.999,99.999,9.999,99.999,9.999,99.999,9.999,Surveyphotometry.dat crossmatch,99.999,99.999,15.342,0.005,14.683,0.005,14.386,0.006,Surveyphotometry.dat crossmatch,13.425,0.024,13.352,0.03,99.999,99.999,99.999,99.999,Surveyphotometry.dat crossmatch
spec-2028-53818-0506.fits,SDSS J134835.23+345753.7,207.14681176918887,34.96489532417595,1.4710379468314122e+18,18.724069595336914,QSO,QSO-MIDZ,xPCA,4649.812877941543,0.5428013137142196,0.0001273677094770429,,,1.3532823678937683e-11,4.239918185819868e-05,MW,8286.524492909835,-1.4197462126847853,99.999,9.999,99.999,9.999,99.999,9.999,99.999,9.999,99.999,9.999,Surveyphotometry.dat crossmatch,99.999,99.999,17.622,0.04,16.925,0.048,16.121,0.031,Surveyphotometry.dat crossmatch,14.493,0.029,13.369,0.029,10.441,0.064,7.878,0.19,Surveyphotometry.dat crossmatch
spec-2093-53818-0298.fits,SDSS J131059.40+323334.3,197.7475113400209,32.559569326932355,1.4667832190853586e+18,18.794227600097656,QSO,QSO,xPCA,3796.671935891036,1.6379708973140996,0.0007922519346899737,,,0.4815633873844452,0.001882276709008729,SMC,13786.27047102187,-0.9763309417300589,19.825,0.034,19.255,0.011,18.829,0.01,18.441,0.01,18.201,0.02,Surveyphotometry.dat crossmatch,99.999,99.999,17.189,0.017,16.385,0.015,15.357,0.012,Surveyphotometry.dat crossmatch,14.441,0.028,13.326,0.03,10.116,0.057,7.669,0.164,Surveyphotometry.dat crossmatch
spec-2240-53823-0368.fits,SDSS J125306.13+282230.7,193.2755772715567,28.37521967262353,1.463979189555966e+18,18.347003936767578,QSO,QSO,xPCA,3803.441668563866,0.7334447341756984,0.00015417548967472605,,,2.3116904522340817e-10,0.0002815042910715937,SMC,4162.175853105261,-1.1207554128450221,18.705,0.019,18.384,0.007,18.33,0.008,18.355,0.01,18.218,0.02,Surveyphotometry.dat crossmatch,99.999,99.999,17.14,0.026,16.551,0.019,15.643,0.019,Surveyphotometry.dat crossmatch,14.215,0.028,13.188,0.029,10.534,0.078,7.897,0.245,Surveyphotometry.dat crossmatch
spec-5968-56356-0966.fits,SDSS J124652.86+284934.9,191.72028299801812,28.826392604392183,3.9628454464598246e+18,18.84080696105957,QSO,QSO,xPCA,4308.484460911457,1.9551224359462185,0.0007484131192244723,,,0.05606438772600993,0.002079591001330091,SMC,6591.373482117847,-0.9993712926800767,18.997,0.019,18.832,0.009,18.846,0.01,18.754,0.012,18.674,0.03,Surveyphotometry.dat crossmatch,99.999,99.999,17.982,0.047,17.637,0.047,16.9,0.053,Surveyphotometry.dat crossmatch,15.775,0.046,14.667,0.057,12.179,0.362,99.999,99.999,Surveyphotometry.dat crossmatch
spec-1978-53473-0056.fits,spec-1978-53473-0056,203.79062624186,27.66780305165257,1.448914265348403e+18,18.207393646240234,QSO,QSO,xPCA,3506.644614111086,1.7372011649642014,0.0004476622258223511,,,1.524722378519125e-11,0.00043168195417808014,MW,4438.878700807655,-1.096989640162804,18.71,0.017,18.623,0.008,18.592,0.009,18.358,0.009,18.317,0.02,Surveyphotometry.dat crossmatch,99.999,99.999,17.524,0.025,17.101,0.032,16.55,0.035,Surveyphotometry.dat crossmatch,15.414,0.039,14.21,0.044,10.856,0.094,8.331,0.291,Surveyphotometry.dat crossmatch
spec-8878-57785-0500.fits,SDSS J134811.61+355349.3,207.04841551030609,35.897039072689864,1.4712325990456387e+18,18.73278045654297,QSO,QSO,xPCA,12198.756285348518,0.3960963989000369,2.732693612327345e-05,,,0.21489928433094446,0.003977522114120044,LMC,12698.912883840043,-1.8544411514953554,19.032,0.02,18.699,0.008,18.571,0.009,18.458,0.01,17.997,0.02,Surveyphotometry.dat crossmatch,99.999,99.999,17.35,0.029,16.614,0.027,15.739,0.023,Surveyphotometry.dat crossmatch,13.947,0.026,12.86,0.025,10.219,0.056,8.103,0.182,Surveyphotometry.dat crossmatch
spec-1994-53845-0282.fits,SDSS J124935.24+313355.2,192.3968511223742,31.56534786654681,1.513414877312494e+18,18.37143325805664,QSO,QSO-MIDZ,xPCA,4484.767650309124,0.89482890008722,0.00022824764444696964,,,0.044384681203820615,0.004221024243342732,MW,7001.155593564798,-1.2624693488883827,18.519,0.017,18.283,0.007,18.269,0.008,18.403,0.011,18.389,0.03,Surveyphotometry.dat crossmatch,99.999,99.999,17.314,0.021,17.213,0.058,16.619,0.043,Surveyphotometry.dat crossmatch,15.128,0.034,13.869,0.037,11.06,0.118,99.999,99.999,Surveyphotometry.dat crossmatch
spec-1993-53762-0434.fits,SDSS J133050.34+351201.8,202.7097518258753,35.20051496753041,1.470399512829786e+18,18.37285804748535,QSO,QSO-MIDZ,xPCA,3519.126100209999,0.8653056254993077,0.0002766945529075334,,,4.2046368828058817e-10,3.713669866964954e-05,MW,5501.909663775501,-1.04781411433612,18.229,0.012,18.102,0.006,18.043,0.007,18.046,0.008,17.985,0.01,Surveyphotometry.dat crossmatch,99.999,99.999,17.05,0.021,16.712,0.038,15.936,0.035,Surveyphotometry.dat crossmatch,14.418,0.029,13.234,0.028,10.192,0.059,7.824,0.15,Surveyphotometry.dat crossmatch
spec-2024-53503-0247.fits,SDSS J134322.04+314827.7,205.84186625690617,31.807731139566577,1.4566225247576653e+18,18.14594268798828,QSO,QSO-MIDZ,xPCA,3767.362658951458,0.9289109329881162,0.0004545118739271032,,,1.7808625930805684e-09,2.5646897030105487e-05,SMC,11414.918242010466,-1.125009822343663,18.402,0.016,18.362,0.007,18.262,0.008,18.352,0.011,18.208,0.03,Surveyphotometry.dat crossmatch,99.999,99.999,17.248,0.022,17.058,0.044,16.173,0.028,Surveyphotometry.dat crossmatch,14.476,0.03,13.208,0.029,10.83,0.102,8.267,0.284,Surveyphotometry.dat crossmatch
spec-6003-56311-0976.fits,SDSS J134258.62+275431.1,205.7442761519308,27.908632152242003,1.4547113673907313e+18,18.99836540222168,QSO,QSO,xPCA,4605.576842324161,1.8192861389876154,0.0003402461436974587,,,0.13472626959117182,0.0016852640337872427,SMC,4968.760637351821,-1.0002937900040232,19.134,0.026,18.99,0.01,18.892,0.01,18.505,0.011,18.502,0.03,Surveyphotometry.dat crossmatch,99.999,99.999,17.851,0.044,17.539,0.061,16.774,0.055,Surveyphotometry.dat crossmatch,15.682,0.043,14.515,0.049,11.434,0.156,99.999,99.999,Surveyphotometry.dat crossmatch
spec-2664-54524-0373.fits,SDSS J132022.71+251717.8,200.09465655227487,25.288290268496887,1.4473940187237212e+18,18.766948699951172,QSO,QSO-MIDZ,xPCA,3828.506064952154,0.5933456535623647,0.00024649305028127163,,,2.04877062851775e-10,5.4325656835732105e-05,MW,7411.655291351804,-1.3127510564651381,18.749,0.018,18.45,0.007,18.584,0.009,18.51,0.011,18.608,0.03,Surveyphotometry.dat crossmatch,99.999,99.999,17.529,0.026,16.873,0.026,15.973,0.022,Surveyphotometry.dat crossmatch,14.574,0.029,13.553,0.031,10.761,0.097,99.999,99.999,Surveyphotometry.dat crossmatch
spec-2024-53503-0236.fits,SDSS J134629.63+311725.4,206.62351006920915,31.290398980168,1.4557863504604938e+18,17.907840728759766,QSO,QSO-MIDZ,xPCA,4390.704059794158,1.280022341935301,0.0002470658954261207,,,1.5864035345786176e-11,2.351001430772335e-05,LMC,10038.19260491624,-1.0975661943012043,17.923,0.012,17.934,0.006,17.644,0.006,17.666,0.007,17.793,0.01,Surveyphotometry.dat crossmatch,99.999,99.999,17.251,0.018,16.399,0.021,15.915,0.024,Surveyphotometry.dat crossmatch,14.423,0.028,12.999,0.027,10.159,0.053,7.896,0.188,Surveyphotometry.dat crossmatch
spec-1993-53762-0183.fits,spec-1993-53762-0183,202.83818724841183,34.44788069542808,1.4701067334990502e+18,18.716638565063477,QSO,QSO,xPCA,15222.95593052277,0.06176889906314975,2.4964417653913163e-05,,,1.8780644775869446,0.004747775394179143,SMC,115858.36430716368,-2.3580937486750595,18.65,0.022,17.059,0.004,16.381,0.004,15.997,0.004,15.79,0.0,Surveyphotometry.dat crossmatch,99.999,99.999,15.305,0.005,14.568,0.006,14.048,0.007,Surveyphotometry.dat crossmatch,13.241,0.025,12.631,0.025,8.587,0.023,5.224,0.035,Surveyphotometry.dat crossmatch
spec-1987-53765-0587.fits,SDSS J125331.97+342851.9,193.3832193841328,34.481095622799145,1.5158557287024453e+18,18.749141693115234,QSO,QSO,xPCA,3541.245033422061,1.0821753305627895,0.00039579639972877446,,,1.5735090259840628e-09,0.00041164275542758045,LMC,3721.5456215297904,-1.1265221971188966,19.14,0.022,19.09,0.009,18.831,0.01,18.884,0.012,18.988,0.04,Surveyphotometry.dat crossmatch,99.999,99.999,17.668,0.04,17.032,0.055,16.41,0.039,Surveyphotometry.dat crossmatch,15.176,0.036,14.04,0.037,11.957,0.238,8.957,0.437,Surveyphotometry.dat crossmatch
spec-2109-53468-0491.fits,SDSS J133527.47+331134.4,203.8644603578234,33.192914871181976,1.4691795015998177e+18,17.679027557373047,QSO,QSO-MIDZ,xPCA,3166.179636034726,0.9542044594597079,0.00020305071120151584,,,6.058232528919488e-11,2.555522308496914e-05,MW,7481.538506337371,-1.0926440154362345,17.869,0.012,17.733,0.006,17.615,0.006,17.695,0.007,17.737,0.01,Surveyphotometry.dat crossmatch,99.999,99.999,16.574,0.013,16.554,0.031,15.863,0.026,Surveyphotometry.dat crossmatch,14.54,0.028,13.265,0.028,10.504,0.073,8.418,0.239,Surveyphotometry.dat crossmatch
spec-3377-54950-0461.fits,SDSS J131931.38+331815.2,199.8808033051576,33.30424134362186,1.4726943610987154e+18,18.717275619506836,QSO,QSO-MIDZ,xPCA,5894.173139750061,1.0290556851333992,0.00021536790326561638,,,7.711778819154656e-09,0.00013536420117871725,LMC,7396.918895712097,-1.1387330004177154,19.14,0.022,18.99,0.009,18.767,0.01,18.857,0.012,18.817,0.03,Surveyphotometry.dat crossmatch,99.999,99.999,17.911,0.045,17.413,0.066,16.625,0.052,Surveyphotometry.dat crossmatch,15.023,0.032,13.783,0.033,10.765,0.077,8.089,0.145,Surveyphotometry.dat crossmatch
spec-2024-53503-0217.fits,SDSS J134444.32+315007.6,206.18471758006407,31.835484534578,1.456614866832098e+18,17.79931640625,QSO,QSO-MIDZ,xPCA,8060.171525526083,1.439490339769312,0.0002884811787704908,,,0.12857289037603137,0.0019437296836419954,SMC,8508.344644081524,-1.1017567552184526,18.426,0.017,17.842,0.006,17.524,0.005,17.292,0.006,17.218,0.01,Surveyphotometry.dat crossmatch,99.999,99.999,16.297,0.01,15.69,0.013,15.315,0.013,Surveyphotometry.dat crossmatch,13.947,0.026,12.503,0.023,9.392,0.035,6.943,0.082,Surveyphotometry.dat crossmatch
spec-2028-53818-0386.fits,SDSS J134208.19+343906.3,205.5341459267148,34.65176663943465,1.47086343801685e+18,17.52296257019043,QSO,QSO-MIDZ,xPCA,5285.7360124438055,0.49001280258331814,8.16778214191121e-05,,,2.0301433602785968e-12,2.3797991962043854e-05,LMC,13054.933666127357,-1.3982521617311432,17.772,0.01,17.566,0.005,17.794,0.006,17.713,0.007,17.682,0.01,Surveyphotometry.dat crossmatch,99.999,99.999,16.856,0.023,16.161,0.024,15.391,0.017,Surveyphotometry.dat crossmatch,13.836,0.025,12.736,0.025,10.017,0.071,7.901,0.194,Surveyphotometry.dat crossmatch
spec-2024-53503-0040.fits,spec-2024-53503-0040,207.3675253706584,31.028456919460844,1.45721640277177e+18,18.967056274414062,QSO,QSO-MIDZ,xPCA,4596.563763655677,1.3424482224260017,0.0005281755498974174,,,2.8069762640278977e-08,0.00027546660037120147,SMC,5219.727176677249,-1.9644026799377372,19.171,0.025,19.209,0.011,19.02,0.012,19.076,0.019,19.162,0.06,Surveyphotometry.dat crossmatch,99.999,99.999,18.549,0.07,17.789,0.095,17.37,0.095,Surveyphotometry.dat crossmatch,15.815,0.046,14.541,0.047,11.564,0.161,8.696,0.317,Surveyphotometry.dat crossmatch
spec-2112-53534-0019.fits,SDSS J132901.29+320237.8,202.25539552826743,32.04385128955058,1.4686794643276216e+18,18.51769256591797,QSO,QSO,xPCA,4948.758507656834,2.160758471914022,0.0006402762683349441,,,0.0399984568402201,0.0025325009812300833,SMC,6040.5964955815825,-1.1869679817612302,19.251,0.026,18.867,0.009,18.761,0.01,18.638,0.012,18.381,0.02,Surveyphotometry.dat crossmatch,99.999,99.999,17.651,0.036,17.128,0.031,16.365,0.031,Surveyphotometry.dat crossmatch,15.61,0.039,14.334,0.04,10.881,0.097,8.584,0.33,Surveyphotometry.dat crossmatch
spec-3375-55003-0245.fits,SDSS J124158.44+350621.9,190.4935016400568,35.10607804497299,1.5184217783875374e+18,18.42112922668457,QSO,QSO,xPCA,4001.552776734602,1.0527329103826222,0.00017020065261940835,,,0.0331786055789495,0.0024742128386892777,SMC,5477.2780201744245,-1.0302791149951667,18.799,0.02,18.685,0.008,18.453,0.008,18.504,0.01,18.622,0.03,Surveyphotometry.dat crossmatch,99.999,99.999,17.432,0.037,16.967,0.049,16.154,0.035,Surveyphotometry.dat crossmatch,14.686,0.031,13.395,0.031,10.507,0.067,7.964,0.177,Surveyphotometry.dat crossmatch
spec-10256-58193-0402.fits,SDSS J133937.79+345334.9,204.9074972653072,34.893022250380106,1.470926037163809e+18,18.767086029052734,QSO,QSO,xPCA,4205.959494020199,1.5523105256456031,0.00030533996478327894,,,1.331728922016745e-10,1.2746559633183195e-05,LMC,18198.05010444136,-1.0668299603556877,19.828,0.031,19.616,0.012,19.521,0.014,19.238,0.019,19.379,0.05,Surveyphotometry.dat crossmatch,99.999,99.999,18.077,0.06,17.555,0.078,17.156,0.08,Surveyphotometry.dat crossmatch,15.894,0.046,14.483,0.043,11.558,0.176,8.377,0.258,Surveyphotometry.dat crossmatch
spec-2017-53474-0267.fits,spec-2017-53474-0267,204.8993797949424,27.7606921504884,1.454738069201698e+18,18.566083908081055,GALAXY,GALAXY-PASS,xPCA,4740.606047786461,0.036512922434405896,1.1261140087432476e-05,,,2.217135742201683,0.003091935797916223,LMC,631176.9305964055,-1.0330747006011485,18.313,0.02,16.522,0.004,15.743,0.003,15.36,0.003,15.063,0.0,Surveyphotometry.dat crossmatch,99.999,99.999,14.543,0.003,13.879,0.003,13.557,0.004,Surveyphotometry.dat crossmatch,12.89,0.024,12.868,0.026,12.216,0.343,99.999,99.999,Surveyphotometry.dat crossmatch
spec-1993-53762-0312.fits,SDSS J132547.67+341320.6,201.44866785463995,34.22242858420702,1.470222938134025e+18,17.959028244018555,QSO,QSO,xPCA,4186.218107429959,1.9375820108780482,0.00028465725828954373,,,0.006956478383023532,0.0019758249400136543,SMC,4830.891052569397,-1.0473282092189073,18.057,0.013,18.01,0.006,18.025,0.007,17.855,0.007,17.778,0.01,Surveyphotometry.dat crossmatch,99.999,99.999,17.0,0.026,16.488,0.026,16.083,0.029,Surveyphotometry.dat crossmatch,15.231,0.035,14.197,0.041,11.258,0.144,99.999,99.999,Surveyphotometry.dat crossmatch
spec-10248-58220-0280.fits,SDSS J124307.85+345943.0,190.78277261523843,34.99528202977254,1.515412694235769e+18,17.340965270996094,QSO,QSO-MIDZ,xPCA,16538.184009306155,0.5346523190723032,7.090986141301291e-05,,,3.3881588940715135e-14,2.2342882934886293e-06,SMC,104641.49471920278,-1.2790631095410938,17.603,0.011,17.363,0.005,17.499,0.006,17.411,0.006,17.448,0.01,Surveyphotometry.dat crossmatch,99.999,99.999,16.425,0.013,15.771,0.017,14.899,0.011,Surveyphotometry.dat crossmatch,13.311,0.024,12.263,0.023,9.958,0.051,7.654,0.142,Surveyphotometry.dat crossmatch
spec-1838-53467-0198.fits,SDSS J135735.59+343025.7,209.39831698435677,34.50714312420184,1.4828287315706988e+18,18.461671829223633,BAL_QSO,QSO-MIDZ,xPCA,4168.676193219562,0.9426295918255625,0.00033031673989111966,,,8.247921117789103e-12,3.9953430543240615e-05,SMC,6599.027884744714,-1.0772663149808754,18.933,0.018,18.603,0.007,18.395,0.008,99.999,9.999,18.346,0.03,Surveyphotometry.dat crossmatch,99.999,99.999,17.279,0.032,17.015,0.056,16.145,0.033,Surveyphotometry.dat crossmatch,14.471,0.028,13.205,0.028,10.538,0.071,8.059,0.222,Surveyphotometry.dat crossmatch
spec-2660-54504-0408.fits,SDSS J124103.97+260549.6,190.26653053373468,26.097116675091648,3.9612975402462853e+18,18.543434143066406,QSO,QSO,xPCA,12288.084522888541,2.6240675665064455,0.0001993398041297457,,,0.22270677189195418,0.0019107657812716394,SMC,15599.273219052971,-1.6508841495061055,99.999,9.999,99.999,9.999,19.218,0.012,18.914,0.014,99.999,9.999,Surveyphotometry.dat crossmatch,99.999,99.999,17.109,0.021,16.509,0.018,15.755,0.021,Surveyphotometry.dat crossmatch,15.249,0.035,14.424,0.047,11.18,0.127,9.012,0.416,Surveyphotometry.dat crossmatch
spec-2112-53534-0598.fits,SDSS J132750.91+325532.1,201.96214584480947,32.925594765975646,1.4695014480511324e+18,18.8531494140625,QSO,QSO-MIDZ,xPCA,4896.648523356797,0.8126334912422448,0.0002460348378096213,,,0.09675130072949527,0.004637549913252485,SMC,6244.667446809954,-1.3935668436002073,18.973,0.019,18.738,0.008,18.641,0.009,18.571,0.01,18.461,0.02,Surveyphotometry.dat crossmatch,99.999,99.999,17.385,0.03,17.157,0.06,16.239,0.04,Surveyphotometry.dat crossmatch,14.545,0.033,13.416,0.029,10.613,0.089,8.661,0.405,Surveyphotometry.dat crossmatch
spec-2119-53792-0476.fits,SDSS J135643.78+251308.1,209.18245337096369,25.218911071581047,1.258131057850089e+18,18.809608459472656,QSO,QSO,xPCA,6774.11460013672,2.4360484365478845,0.00017957302355193236,,,0.009021385013696297,0.0026849505983776107,SMC,8531.36659039539,-1.3944421882628595,19.647,0.032,19.116,0.01,19.138,0.011,19.063,0.014,18.838,0.03,Surveyphotometry.dat crossmatch,99.999,99.999,17.795,0.033,17.293,0.045,16.466,0.039,Surveyphotometry.dat crossmatch,15.949,0.051,15.053,0.07,11.406,0.154,99.999,99.999,Surveyphotometry.dat crossmatch
spec-5994-56101-0282.fits,SDSS J130845.71+252417.8,197.19048500979048,25.404932438271786,1.4592298447844818e+18,18.613805770874023,QSO,QSO,xPCA,7115.505167541278,2.0849391802884725,0.00021376817252974456,,,0.02447155938832642,0.0019467652031567965,LMC,11979.111908356894,-1.0071036411619614,18.696,0.02,18.472,0.007,18.403,0.008,18.342,0.009,18.209,0.02,Surveyphotometry.dat crossmatch,99.999,99.999,17.444,0.025,17.032,0.029,16.422,0.031,Surveyphotometry.dat crossmatch,15.489,0.043,14.317,0.051,10.725,0.088,8.531,0.32,Surveyphotometry.dat crossmatch
spec-2009-53857-0064.fits,SDSS J131233.30+283200.8,198.138733629604,28.533561863061617,1.4610404698540165e+18,18.98851203918457,QSO,QSO-MIDZ,xPCA,3669.5765699675694,0.8991094725817954,0.0004037248676712419,,,0.1010249607349282,0.007487025647294629,MW,3980.7175810243184,-1.8198959452347414,19.544,0.034,19.255,0.012,19.068,0.012,19.087,0.017,18.862,0.04,Surveyphotometry.dat crossmatch,99.999,99.999,99.999,9.999,17.557,0.054,16.569,0.035,Surveyphotometry.dat crossmatch,15.019,0.034,13.719,0.033,10.71,0.098,8.072,0.205,Surveyphotometry.dat crossmatch
spec-2119-53792-0215.fits,SDSS J135659.69+243225.9,209.2487036949641,24.54053245727696,1.2579541739166807e+18,17.913904190063477,QSO,QSO-MIDZ,xPCA,4331.0492876976805,1.293665065757502,0.0003337895505650248,,,2.653281240549976e-13,1.586446470601627e-05,SMC,11115.15875925562,-1.0577770836017855,18.18,0.015,18.116,0.006,17.965,0.007,17.941,0.008,17.988,0.02,Surveyphotometry.dat crossmatch,99.999,99.999,17.158,0.017,16.42,0.016,16.067,0.025,Surveyphotometry.dat crossmatch,14.505,0.03,13.258,0.03,10.44,0.072,8.647,0.326,Surveyphotometry.dat crossmatch
spec-2665-54232-0287.fits,SDSS J132810.95+225947.3,202.0456126365649,22.99648063557445,1.443134472022721e+18,18.66607666015625,QSO,QSO,xPCA,11708.191064828523,2.954322554231965,0.00036424294765235505,,,0.2989131242966664,0.002786715867817563,SMC,17598.308649316074,-1.4088143059384126,21.197,0.08,19.344,0.011,19.146,0.012,18.818,0.013,18.743,0.03,Surveyphotometry.dat crossmatch,99.999,99.999,17.471,0.026,17.037,0.027,16.651,0.038,Surveyphotometry.dat crossmatch,15.867,0.051,14.739,0.059,11.337,0.169,8.875,0.477,Surveyphotometry.dat crossmatch
spec-3974-55320-0120.fits,SDSS J125906.79+342529.9,194.77831662099948,34.424979068079764,1.5157141966446612e+18,18.984590530395508,QSO,QSO,xPCA,30112.513094344627,2.7566117313913994,0.00017314462030501853,,,0.16424079240326311,0.003343211285896555,MW,36921.55238471918,-1.6433739290226579,20.63,0.06,19.465,0.012,19.443,0.014,19.488,0.021,19.308,0.05,Surveyphotometry.dat crossmatch,99.999,99.999,18.04,0.061,17.644,0.054,16.99,0.064,Surveyphotometry.dat crossmatch,16.204,0.059,15.509,0.099,11.995,0.249,99.999,99.999,Surveyphotometry.dat crossmatch
spec-5996-56096-0309.fits,SDSS J132213.08+245035.6,200.5545248524306,24.8432221061908,1.4466147355618952e+18,18.483043670654297,QSO,QSO,xPCA,4563.196377051747,1.9088886930045117,0.0006578102806295232,,,7.490452512805626e-10,0.0001944875087975572,MW,7045.034610475025,-0.997084659100537,19.159,0.022,19.073,0.01,18.977,0.011,18.785,0.013,18.818,0.03,Surveyphotometry.dat crossmatch,99.999,99.999,18.013,0.04,17.591,0.05,17.04,0.057,Surveyphotometry.dat crossmatch,15.63,0.044,14.323,0.047,11.289,0.156,99.999,99.999,Surveyphotometry.dat crossmatch
spec-2115-53535-0507.fits,SDSS J134943.48+260111.2,207.4311641131548,26.01977373283418,1.450547001460276e+18,18.48513412475586,QSO,QSO-MIDZ,xPCA,3638.692462839339,1.2257172923905522,0.00025333981418498494,,,3.872890452349259e-11,2.474627540425322e-05,SMC,8714.812682199652,-1.0286409249716812,18.568,0.017,18.515,0.007,18.325,0.008,18.331,0.009,18.418,0.03,Surveyphotometry.dat crossmatch,99.999,99.999,17.935,0.035,17.246,0.046,16.614,0.047,Surveyphotometry.dat crossmatch,15.171,0.033,13.775,0.032,10.665,0.074,8.366,0.241,Surveyphotometry.dat crossmatch
spec-2094-53851-0591.fits,spec-2094-53851-0591,206.54061790073567,30.44936663810712,1.4556736848790098e+18,18.827556610107422,QSO,QSO,xPCA,5000.245329377154,1.7274073089975874,0.0001935909539430781,,,0.2485124062261261,0.008069452623571907,MW,11850.969442491949,-1.7041803949138024,19.486,0.03,19.405,0.012,19.378,0.014,18.962,0.013,19.046,0.04,Surveyphotometry.dat crossmatch,99.999,99.999,18.384,0.08,17.494,0.057,17.116,0.06,Surveyphotometry.dat crossmatch,15.514,0.042,14.617,0.053,11.081,0.128,8.118,0.176,Surveyphotometry.dat crossmatch
spec-2016-53799-0386.fits,SDSS J130208.75+354716.2,195.53650413319136,35.78783717506572,1.5164472273029263e+18,18.034704208374023,QSO,QSO,xPCA,4924.515436795773,1.7622946355058753,0.00036706874426053267,,,0.03186589529014927,0.0053172671070429375,MW,5220.395639472974,-1.081973672126397,18.671,0.015,18.541,0.007,18.464,0.008,18.273,0.009,18.194,0.02,Surveyphotometry.dat crossmatch,99.999,99.999,17.282,0.03,99.999,99.999,16.403,0.048,Surveyphotometry.dat crossmatch,15.237,0.035,13.86,0.037,10.606,0.073,7.988,0.191,Surveyphotometry.dat crossmatch
spec-2783-54524-0397.fits,SDSS J135008.55+233146.0,207.5356324687644,23.52946137567246,1.2518288676532352e+18,18.49153709411621,QSO,QSO,xPCA,9811.825229379525,0.2681481719595824,4.985144714186833e-05,,,0.7047329214939867,0.003332896902513982,MW,61011.543953187385,-1.0718434645645971,18.073,0.015,17.876,0.006,17.465,0.006,17.327,0.006,17.038,0.01,Surveyphotometry.dat crossmatch,99.999,99.999,16.385,0.012,15.727,0.013,14.928,0.011,Surveyphotometry.dat crossmatch,13.928,0.026,13.321,0.031,10.552,0.075,7.864,0.156,Surveyphotometry.dat crossmatch
spec-1838-53467-0348.fits,SDSS J135529.06+352332.1,208.871130623592,35.39226171630076,1.483118693402711e+18,17.66805648803711,QSO,QSO,xPCA,13435.6836080754,0.31483119689012584,1.9060914347465584e-05,,,3.725604828981599e-10,2.3286965071511983e-05,MW,22663.687152198872,-1.7076240243021636,17.044,0.008,16.956,0.004,16.995,0.005,17.111,0.006,16.571,0.0,Surveyphotometry.dat crossmatch,99.999,99.999,16.411,0.013,15.707,0.014,14.797,0.01,Surveyphotometry.dat crossmatch,13.438,0.025,12.395,0.024,9.692,0.039,7.28,0.092,Surveyphotometry.dat crossmatch
spec-2243-53794-0464.fits,SDSS J131440.18+271449.5,198.66746120147272,27.24709580032259,1.459954629105979e+18,18.13347816467285,QSO,QSO,xPCA,18619.505509140763,2.937265813516764,0.0008697159714076847,,,0.1490758836204627,0.0015270305271691265,SMC,33792.95420359675,-1.7864573080859174,19.777,0.036,18.67,0.008,18.454,0.008,18.362,0.01,18.338,0.02,Surveyphotometry.dat crossmatch,99.999,99.999,17.286,0.026,16.959,0.029,16.668,0.044,Surveyphotometry.dat crossmatch,15.874,0.047,14.92,0.067,11.671,0.201,99.999,99.999,Surveyphotometry.dat crossmatch
sdssJ125549+224516_combined.dat,sdssJ125549+224516_combined,193.95705446080188,22.754556570030505,3.9564987561067126e+18,,STAR,G7_+0.0_Dwarf.fits,Stellar-templates,104.00049446277838,,,,,1.3731497609604713,0.0817853407443393,MW,825.5653202954953,-1.410145108581139,21.111,0.088,19.551,0.014,18.94,0.01,18.682,0.012,18.53,0.02,Surveyphotometry.dat crossmatch,99.999,99.999,17.557,0.026,17.033,0.027,16.96,0.052,Surveyphotometry.dat crossmatch,99.999,99.999,99.999,99.999,99.999,99.999,99.999,99.999,Surveyphotometry.dat crossmatch
spec-1975-53734-0605.fits,SDSS J124838.54+324916.2,192.1606286885204,32.82119348220288,1.5141104601520947e+18,18.43703269958496,QSO,QSO,xPCA,3781.710266681516,1.6882521387890366,0.0003192525775156042,,,1.2230975265795432e-10,0.00010846746626179824,SMC,4942.6776508741905,-1.0117264464843105,18.528,0.016,18.426,0.007,18.38,0.008,18.21,0.01,18.17,0.02,Surveyphotometry.dat crossmatch,99.999,99.999,17.49,0.025,16.893,0.039,16.458,0.039,Surveyphotometry.dat crossmatch,15.02,0.034,13.856,0.036,10.799,0.103,8.553,0.37,Surveyphotometry.dat crossmatch
spec-6483-56341-0634.fits,SDSS J130024.29+290147.5,195.10119838266172,29.029877603456363,1.4643036786295972e+18,18.67038917541504,QSO,QSO,xPCA,91122.5132075356,3.9515097587222074,0.0010179171883810244,,,0.7967376896673516,0.002165833258690908,MW,130890.57375787813,-10.868071040018556,23.954,0.801,20.383,0.023,18.9,0.011,18.589,0.011,18.33,0.02,Surveyphotometry.dat crossmatch,99.999,99.999,17.201,0.022,16.796,0.029,16.191,0.029,Surveyphotometry.dat crossmatch,15.472,0.041,14.802,0.063,11.175,0.138,8.01,0.205,Surveyphotometry.dat crossmatch
spec-2240-53823-0337.fits,SDSS J125203.43+281534.2,193.01430524252257,28.259513040860785,3.9619712659966587e+18,18.920320510864258,QSO,QSO,xPCA,4365.485812257515,1.6125231415064836,0.00033263245626829113,,,2.3885488855887593e-13,0.00011223766992420569,LMC,5479.623589311112,-1.2439958746550508,19.472,0.029,19.294,0.01,19.257,0.013,19.047,0.015,19.1,0.04,Surveyphotometry.dat crossmatch,99.999,99.999,18.289,0.061,17.541,0.063,17.248,0.081,Surveyphotometry.dat crossmatch,16.042,0.056,14.779,0.06,11.963,0.263,99.999,99.999,Surveyphotometry.dat crossmatch
spec-2009-53857-0331.fits,SDSS J130352.85+293709.2,195.97024874763517,29.619222283776796,1.4643931900444498e+18,17.673418045043945,QSO,QSO,xPCA,5058.191289106989,0.5708329409170061,5.793170720376342e-05,,,0.8197954183422812,0.003637503971234801,SMC,7402.651288324828,-1.34847815328657,18.847,0.023,18.065,0.006,17.86,0.006,17.502,0.006,17.37,0.01,Surveyphotometry.dat crossmatch,99.999,99.999,16.211,0.009,15.495,0.011,14.654,0.009,Surveyphotometry.dat crossmatch,13.097,0.023,11.986,0.023,9.085,0.03,6.434,0.063,Surveyphotometry.dat crossmatch
spec-2006-53476-0639.fits,SDSS J130707.53+334313.7,196.7813868425497,33.72049665812199,1.4677222320790387e+18,18.438268661499023,QSO,QSO-MIDZ,xPCA,6817.332498575677,1.4438244189229397,0.0005402094426309038,,,0.09772345643454536,0.0036888099933005333,SMC,7346.3360936113495,-1.2221832914266388,18.898,0.02,18.814,0.009,18.691,0.009,18.568,0.011,18.666,0.03,Surveyphotometry.dat crossmatch,99.999,99.999,17.737,0.044,16.924,0.033,16.6,0.043,Surveyphotometry.dat crossmatch,15.228,0.035,13.902,0.036,11.195,0.144,8.854,0.401,Surveyphotometry.dat crossmatch
spec-5972-56334-0532.fits,SDSS J125422.84+262005.1,193.59518018378716,26.33475610986049,3.9585041321716485e+18,17.603435516357422,QSO,QSO,xPCA,20059.936568858873,2.0370819559363196,7.456588219446261e-05,,,0.00209394239603231,0.0015477508303577544,MW,21672.791678350844,-1.0267633256809165,17.405,0.009,17.381,0.005,17.382,0.006,17.258,0.006,17.08,0.01,Surveyphotometry.dat crossmatch,99.999,99.999,16.379,0.011,15.947,0.012,99.999,99.999,Surveyphotometry.dat crossmatch,14.174,0.027,12.762,0.025,9.384,0.035,7.19,0.099,Surveyphotometry.dat crossmatch
spec-1978-53473-0356.fits,SDSS J132729.67+285730.7,201.8736715045844,28.95852992235234,1.4499968333291484e+18,18.972553253173828,QSO,QSO,xPCA,3893.6995316143802,2.0293766844117536,0.0005310126325162016,,,4.3591652061300296e-08,0.001628932306846715,MW,4203.230632345528,-1.3173494439537472,18.964,0.024,18.93,0.009,18.907,0.011,18.734,0.012,18.549,0.03,Surveyphotometry.dat crossmatch,99.999,99.999,99.999,9.999,17.344,0.04,16.688,0.046,Surveyphotometry.dat crossmatch,15.876,0.046,14.91,0.06,11.633,0.195,8.846,0.391,Surveyphotometry.dat crossmatch
spec-2109-53468-0163.fits,SDSS J133442.28+320939.5,203.67621724984903,32.161010768910565,1.4688233629117573e+18,17.97583770751953,QSO,QSO-MIDZ,xPCA,5065.829204444344,0.6486558198176267,0.00020194094756461895,,,1.857330866254607e-10,3.332453188321398e-05,MW,9190.373292357692,-1.137730663303158,17.927,0.013,17.727,0.005,17.761,0.006,17.716,0.007,17.83,0.02,Surveyphotometry.dat crossmatch,99.999,99.999,16.955,0.019,16.11,0.013,14.729,0.008,Surveyphotometry.dat crossmatch,12.755,0.023,11.347,0.02,7.663,0.018,5.355,0.037,Surveyphotometry.dat crossmatch
spec-2650-54505-0326.fits,SDSS J130204.97+232009.6,195.52073175712857,23.33600978015526,3.944965703765158e+18,18.020950317382812,QSO,QSO-MIDZ,xPCA,4866.322910845509,0.8629877533536752,0.00023484485597497715,,,8.221179813305834e-13,1.8439595776832657e-05,LMC,15353.946597589911,-1.1589303352544462,18.322,0.015,18.221,0.006,18.176,0.007,18.237,0.009,18.177,0.02,Surveyphotometry.dat crossmatch,99.999,99.999,16.874,0.015,16.648,0.02,15.851,0.018,Surveyphotometry.dat crossmatch,14.131,0.028,12.835,0.027,9.711,0.041,6.983,0.098,Surveyphotometry.dat crossmatch
spec-2243-53794-0487.fits,SDSS J131514.31+270441.4,198.809642294172,27.078159353609525,1.4598962175501005e+18,18.533031463623047,QSO,QSO-MIDZ,xPCA,3725.463705736971,1.4612691186491258,0.00030010710500414435,,,0.15234737564258533,0.0038214270939900263,LMC,4342.642195472312,-1.055927716985214,19.041,0.023,18.884,0.009,18.667,0.009,18.477,0.01,18.454,0.03,Surveyphotometry.dat crossmatch,99.999,99.999,17.29,0.023,16.618,0.019,16.44,0.034,Surveyphotometry.dat crossmatch,15.221,0.035,13.886,0.036,11.002,0.105,8.774,0.359,Surveyphotometry.dat crossmatch
spec-6492-56362-0340.fits,SDSS J132827.98+305614.9,202.11658676178945,30.937461505212667,1.468277966487653e+18,18.44921112060547,QSO,QSO,xPCA,5852.905533157577,1.8674975045856768,0.0002049438101837568,,,2.5429595224262663e-11,3.418520025359566e-05,LMC,8133.769841154124,-1.0183277375287352,18.686,0.019,18.633,0.008,18.565,0.009,18.328,0.01,18.205,0.03,Surveyphotometry.dat crossmatch,99.999,99.999,17.489,0.021,17.208,0.04,16.49,0.039,Surveyphotometry.dat crossmatch,15.404,0.036,14.14,0.037,10.996,0.115,9.214,0.52,Surveyphotometry.dat crossmatch
spec-6000-56102-0450.fits,SDSS J132451.44+262128.8,201.21436141184017,26.358000176180187,1.44904998631437e+18,18.254480361938477,QSO,QSO,xPCA,5196.474505544887,1.881044723233586,0.00017679180140909393,,,1.5528095302641542e-12,8.69082061053715e-05,LMC,6334.850765037488,-1.125931253254824,18.819,0.02,18.8,0.009,18.79,0.01,18.586,0.011,18.447,0.03,Surveyphotometry.dat crossmatch,99.999,99.999,17.616,0.024,17.205,0.029,16.611,0.036,Surveyphotometry.dat crossmatch,15.856,0.05,14.983,0.075,12.101,0.305,99.999,99.999,Surveyphotometry.dat crossmatch
spec-2115-53535-0305.fits,spec-2115-53535-0305,206.30909759093524,25.014349132810388,1.4444603799661217e+18,18.972126007080078,QSO,QSO,xPCA,7797.810360085225,0.27240368250263597,4.15414613594394e-05,,,1.2422787557871016,0.010219722503543527,SMC,8307.115539201885,-1.8993218554329165,99.999,9.999,99.999,9.999,99.999,9.999,99.999,9.999,99.999,9.999,Surveyphotometry.dat crossmatch,99.999,99.999,17.256,0.023,16.231,0.02,15.073,0.013,Surveyphotometry.dat crossmatch,13.441,0.024,12.273,0.023,9.165,0.029,6.896,0.066,Surveyphotometry.dat crossmatch
spec-2237-53828-0531.fits,SDSS J124142.67+305111.3,190.42779887000864,30.85315924033873,1.513496584770835e+18,18.299591064453125,QSO,QSO,xPCA,4406.993099161828,1.1619716762064032,0.00018927967999925538,,,6.261148039919326e-11,2.5845832046899865e-05,SMC,7377.644371887224,-1.0164166909323669,18.524,0.018,18.34,0.007,18.085,0.007,18.108,0.009,18.187,0.02,Surveyphotometry.dat crossmatch,99.999,99.999,17.404,0.025,16.864,0.036,16.003,0.026,Surveyphotometry.dat crossmatch,14.585,0.031,13.352,0.03,10.684,0.091,8.346,0.311,Surveyphotometry.dat crossmatch
spec-2663-54234-0132.fits,SDSS J131145.50+235443.8,197.939599215834,23.912189661154645,1.446860029734378e+18,18.59971809387207,QSO,QSO-MIDZ,xPCA,3802.913734360177,0.4102951098230361,0.0001828343475132489,,,0.2697442040464131,0.007801755246809705,LMC,4346.148288628194,-1.572835387903342,19.209,0.023,18.971,0.009,19.042,0.011,18.884,0.013,18.373,0.02,Surveyphotometry.dat crossmatch,99.999,99.999,17.21,0.021,16.509,0.022,15.621,0.017,Surveyphotometry.dat crossmatch,14.272,0.027,13.426,0.03,10.867,0.105,8.384,0.282,Surveyphotometry.dat crossmatch
spec-2104-53852-0436.fits,SDSS J131556.18+313531.3,198.9841159412301,31.592024591797166,1.4635006614805517e+18,18.85670280456543,QSO,QSO-MIDZ,xPCA,3709.7976063564224,0.989928500931013,0.0004720212154256651,,,5.857488973026737e-13,0.0001875270795851432,LMC,3967.806801752608,-1.2056857341527178,19.045,0.022,18.994,0.009,18.816,0.01,18.895,0.012,18.768,0.03,Surveyphotometry.dat crossmatch,99.999,99.999,17.621,0.027,17.243,0.04,16.379,0.038,Surveyphotometry.dat crossmatch,14.914,0.031,13.755,0.033,10.92,0.077,8.669,0.233,Surveyphotometry.dat crossmatch
spec-2241-54169-0576.fits,spec-2241-54169-0576,195.36312299177936,27.999199473302934,1.460797718302461e+18,18.369098663330078,GALAXY,GALAXY-PASS,xPCA,6512.262583510565,0.025533850506894273,9.411019450564914e-06,,,2.5142969657573335,0.0026363430687783573,LMC,822997.8193699387,-1.0785743427312025,18.253,0.018,16.39,0.003,15.599,0.003,15.187,0.003,14.847,0.0,Surveyphotometry.dat crossmatch,99.999,99.999,14.401,0.003,13.739,0.003,13.407,0.003,Surveyphotometry.dat crossmatch,12.646,0.024,12.646,0.025,11.823,0.293,99.999,99.999,Surveyphotometry.dat crossmatch
spec-1978-53473-0183.fits,SDSS J133045.15+281321.5,202.6881264804623,28.222654785676124,1.4497121671925422e+18,17.93696403503418,QSO,QSO-MIDZ,xPCA,4380.552468002465,0.4168699840523513,0.00013012274852140332,,,0.2027738985493786,0.003883135651956901,LMC,6149.833167720612,-1.422190100308114,17.991,0.013,17.78,0.005,17.709,0.006,17.603,0.007,17.416,0.01,Surveyphotometry.dat crossmatch,99.999,99.999,16.589,0.014,16.023,0.014,15.052,0.011,Surveyphotometry.dat crossmatch,13.586,0.026,12.458,0.024,9.46,0.036,6.957,0.08,Surveyphotometry.dat crossmatch
spec-2244-53795-0450.fits,SDSS J132440.24+274943.7,201.1676933079619,27.82881312919764,1.4494859383790956e+18,18.315814971923828,QSO,QSO,xPCA,3648.8759649682243,1.7931364465702064,0.0005540834672656726,,,1.7795675686087947e-10,8.39506540670878e-05,SMC,7033.323588134582,-1.1030579345954208,18.699,0.019,18.484,0.008,18.434,0.008,18.199,0.009,18.211,0.02,Surveyphotometry.dat crossmatch,99.999,99.999,17.325,0.024,17.035,0.037,16.367,0.033,Surveyphotometry.dat crossmatch,15.162,0.033,13.954,0.037,10.932,0.106,99.999,99.999,Surveyphotometry.dat crossmatch
spec-5851-56075-0958.fits,SDSS J134627.86+222705.8,206.61613115834743,22.451615539724923,1.251327864012912e+18,18.894983291625977,QSO,QSO,xPCA,11730.847892471553,2.5688481354922947,0.00021838108618933618,,,7.645740052360239e-11,0.00028075319681207566,MW,20395.45680746561,-1.2814436256552044,20.018,0.037,19.364,0.011,19.234,0.012,19.149,0.014,19.001,0.03,Surveyphotometry.dat crossmatch,99.999,99.999,17.96,0.046,17.608,0.045,16.9,0.047,Surveyphotometry.dat crossmatch,16.341,0.062,15.442,0.094,11.521,0.156,99.999,99.999,Surveyphotometry.dat crossmatch
spec-2662-54505-0392.fits,SDSS J125846.66+242739.1,194.69445980716185,24.460887305888896,3.9572883772541537e+18,17.776329040527344,QSO,QSO,xPCA,8830.467601704402,0.3708502008119072,1.9159384525980695e-05,,,4.693485460309163e-10,0.0002069393087345384,SMC,11821.080894684097,-1.726273987645365,17.571,0.01,17.425,0.005,17.449,0.006,17.526,0.007,17.03,0.01,Surveyphotometry.dat crossmatch,99.999,99.999,16.679,0.014,15.862,0.013,14.798,0.009,Surveyphotometry.dat crossmatch,13.179,0.023,12.034,0.022,9.283,0.044,6.977,0.106,Surveyphotometry.dat crossmatch
spec-2104-53852-0539.fits,spec-2104-53852-0539,199.71635825588208,31.74641856191925,1.463543817312057e+18,18.844057083129883,GALAXY,GALAXY-PASS,xPCA,5463.3552587672,0.03347545176318934,1.1781636029942002e-05,,,1.551438807687532,0.001760762907040303,SMC,51590.69895044555,-1.0739453597919872,18.499,0.025,16.673,0.004,15.855,0.003,15.44,0.003,15.124,0.0,Surveyphotometry.dat crossmatch,99.999,99.999,14.855,0.003,14.172,0.003,13.83,0.005,Surveyphotometry.dat crossmatch,12.998,0.023,13.009,0.025,12.488,0.451,99.999,99.999,Surveyphotometry.dat crossmatch
spec-6496-56363-0804.fits,SDSS J134103.71+321429.8,205.2654708820275,32.24162175727076,1.45688431160433e+18,18.290483474731445,QSO,QSO,xPCA,6796.261511731489,2.1374007786887868,0.0003370315391371001,,,0.18432176802751507,0.001635132014274801,SMC,9770.879176503979,-1.1149145125309283,19.733,0.031,19.287,0.011,18.958,0.01,18.693,0.011,18.425,0.02,Surveyphotometry.dat crossmatch,99.999,99.999,17.256,0.024,16.669,0.034,15.919,0.026,Surveyphotometry.dat crossmatch,15.171,0.036,14.187,0.043,10.894,0.102,8.544,0.306,Surveyphotometry.dat crossmatch
spec-2029-53819-0443.fits,SDSS J130543.54+322140.2,196.43145196784636,32.36117383381173,1.4671993112213202e+18,18.614418029785156,QSO,QSO,xPCA,4641.776959052179,1.650045034564609,0.0005023076915534197,,,7.728146139522607e-11,3.461692224764664e-05,LMC,10818.331151131852,-1.146472874362297,18.891,0.022,18.697,0.008,18.721,0.009,18.583,0.01,18.616,0.03,Surveyphotometry.dat crossmatch,99.999,99.999,17.573,0.027,17.15,0.033,16.768,0.045,Surveyphotometry.dat crossmatch,15.297,0.037,13.886,0.035,11.12,0.136,8.693,0.373,Surveyphotometry.dat crossmatch
spec-6487-56362-0780.fits,SDSS J131000.33+311557.8,197.50138763201636,31.266068358287917,1.466095057949594e+18,18.342676162719727,QSO,QSO,xPCA,10144.758779310261,1.8543119622302746,0.00015799178364318386,,,0.06576636001960423,0.003946877068450795,MW,12813.91030377828,-1.1238123081017377,18.57,0.017,18.623,0.008,18.582,0.009,18.248,0.009,18.192,0.02,Surveyphotometry.dat crossmatch,99.999,99.999,17.579,0.024,17.096,0.034,16.479,0.039,Surveyphotometry.dat crossmatch,15.329,0.034,14.276,0.041,11.294,0.119,8.808,0.353,Surveyphotometry.dat crossmatch
spec-2022-53827-0018.fits,spec-2022-53827-0018,192.59015899796324,35.2490757133495,1.516700806467583e+18,18.722639083862305,GALAXY,GALAXY-PASS,xPCA,4536.25598764699,0.0645608947877005,1.676128653297519e-05,,,2.245301493740496,0.004174470306980149,MW,424507.57585101214,-1.1779532305944607,18.267,0.023,16.408,0.004,15.552,0.003,15.173,0.003,14.885,0.0,Surveyphotometry.dat crossmatch,99.999,99.999,14.877,0.004,14.194,0.005,13.812,0.005,Surveyphotometry.dat crossmatch,12.911,0.03,12.874,0.033,11.644,0.249,99.999,99.999,Surveyphotometry.dat crossmatch
spec-2110-53467-0552.fits,SDSS J133139.90+312757.7,202.91628502577828,31.46602884671787,1.468411660229742e+18,18.660005569458008,QSO,QSO,xPCA,21933.65972721963,3.026869419422196,0.00021130696985738022,,,0.1316120357997227,0.003521695498506741,MW,24765.060378948558,-2.298587420106401,19.964,0.044,18.578,0.008,18.358,0.008,18.403,0.01,18.296,0.03,Surveyphotometry.dat crossmatch,99.999,99.999,17.107,0.017,16.697,0.027,16.259,0.034,Surveyphotometry.dat crossmatch,15.311,0.035,14.53,0.048,11.349,0.143,8.546,0.318,Surveyphotometry.dat crossmatch
spec-2020-53431-0548.fits,SDSS J124059.41+342614.3,190.2475834124288,34.4373120687867,1.515280301868231e+18,18.706092834472656,QSO,QSO,xPCA,3396.318089663118,1.6629928476749356,0.0004482408166679352,,,3.8574072674111073e-10,1.974491599019486e-05,SMC,8063.798842350841,-1.0421374261408602,18.631,0.017,18.494,0.007,18.585,0.009,18.441,0.01,18.451,0.02,Surveyphotometry.dat crossmatch,99.999,99.999,17.371,0.039,16.982,0.042,16.618,0.053,Surveyphotometry.dat crossmatch,15.391,0.038,14.108,0.04,11.051,0.128,8.451,0.315,Surveyphotometry.dat crossmatch
spec-5861-56069-0712.fits,SDSS J133312.12+222819.0,203.30050393947147,22.47195939799115,1.4421306522665528e+18,18.289474487304688,QSO,QSO,xPCA,60008.488688044774,3.062755112472828,0.0002554940530439138,,,0.2729395174196233,0.001662184004250583,LMC,109200.56636701092,-2.750607686007609,21.608,0.154,18.927,0.009,18.385,0.008,18.218,0.009,18.227,0.02,Surveyphotometry.dat crossmatch,99.999,99.999,17.058,0.02,16.683,0.02,16.287,0.026,Surveyphotometry.dat crossmatch,15.368,0.039,14.432,0.051,10.536,0.094,8.224,0.336,Surveyphotometry.dat crossmatch
spec-2246-53767-0121.fits,SDSS J134037.76+253619.4,205.15736969123543,25.605389739157065,1.4452192491478612e+18,18.7509822845459,QSO,QSO,xPCA,4591.217995773588,1.8851793711810556,0.00044275749865000204,,,7.826136386081955e-12,4.87388919135792e-05,SMC,6007.767656129688,-1.0674594921478437,18.896,0.02,18.886,0.009,18.814,0.01,18.714,0.012,18.693,0.03,Surveyphotometry.dat crossmatch,99.999,99.999,17.768,0.039,17.445,0.076,16.866,0.062,Surveyphotometry.dat crossmatch,15.713,0.049,14.545,0.055,11.278,0.146,8.881,0.414,Surveyphotometry.dat crossmatch
spec-6478-56341-0202.fits,SDSS J124031.76+284348.2,190.1323461674841,28.730060545039965,3.9629844316014013e+18,18.416942596435547,QSO,QSO,xPCA,74644.3240143302,2.369043006341107,0.00018370017480692362,,,0.1537564814331943,0.0034196765057562944,MW,154541.21964901756,-1.2687312204213976,18.836,0.021,18.355,0.007,18.327,0.008,18.32,0.01,18.107,0.02,Surveyphotometry.dat crossmatch,99.999,99.999,17.415,0.031,16.816,0.024,16.059,0.028,Surveyphotometry.dat crossmatch,15.448,0.039,14.272,0.044,10.875,0.105,99.999,99.999,Surveyphotometry.dat crossmatch
spec-2029-53819-0421.fits,SDSS J130330.66+320729.0,195.87775497957108,32.12473105730775,1.4670978812737966e+18,18.633955001831055,QSO,QSO-MIDZ,xPCA,3589.469467331396,1.0374327031291672,0.0004520772051051992,,,2.856315986683733e-12,5.6979654645911506e-05,MW,4894.555027556967,-1.0778268771364876,19.317,0.028,19.103,0.01,18.797,0.01,18.827,0.013,18.859,0.05,Surveyphotometry.dat crossmatch,99.999,99.999,17.806,0.03,17.296,0.035,16.459,0.032,Surveyphotometry.dat crossmatch,14.948,0.033,13.806,0.036,10.947,0.114,8.629,0.336,Surveyphotometry.dat crossmatch
spec-2237-53828-0441.fits,SDSS J124051.86+305442.0,190.2161041367753,30.911679904613163,4.011509045126783e+18,18.317806243896484,QSO,QSO-MIDZ,xPCA,3766.03542779464,0.9945078218709582,0.0003953072434911281,,,2.547773895068134e-11,4.914926896045635e-05,MW,4719.81072653264,-1.0606013008526745,18.733,0.021,18.508,0.007,18.293,0.008,18.404,0.011,18.446,0.03,Surveyphotometry.dat crossmatch,99.999,99.999,99.999,9.999,16.951,0.028,16.089,0.023,Surveyphotometry.dat crossmatch,14.541,0.03,13.279,0.03,10.563,0.094,8.335,0.284,Surveyphotometry.dat crossmatch
spec-2112-53534-0377.fits,spec-2112-53534-0377,200.48587668151384,33.904868624396514,1.4728327664210693e+18,18.952917098999023,GALAXY,QSO-GAL,xPCA,27429.67287375725,0.11129663677026391,6.047402818654236e-06,,,0.4098284993352285,0.004612806648385509,SMC,98630.52847476609,-4.906361608931524,18.741,0.021,18.089,0.006,17.788,0.006,17.456,0.006,17.488,0.01,Surveyphotometry.dat crossmatch,99.999,99.999,16.749,0.02,16.117,0.016,15.623,0.018,Surveyphotometry.dat crossmatch,14.822,0.029,14.409,0.044,9.982,0.041,6.965,0.069,Surveyphotometry.dat crossmatch
spec-2006-53476-0607.fits,SDSS J130558.02+341756.9,196.49177686304063,34.299176759225745,1.4679547100691538e+18,18.895776748657227,QSO,QSO,xPCA,4819.854726551751,2.1434844088860787,0.0006491270723185004,,,0.029124403342848687,0.0033442165458324163,SMC,4984.087606763933,-1.5553387560341272,19.512,0.029,19.231,0.011,19.119,0.012,18.979,0.013,18.775,0.03,Surveyphotometry.dat crossmatch,99.999,99.999,18.052,0.054,17.593,0.055,16.705,0.045,Surveyphotometry.dat crossmatch,16.046,0.053,14.904,0.061,11.246,0.134,9.023,0.437,Surveyphotometry.dat crossmatch
spec-2244-53795-0418.fits,SDSS J132246.82+272633.0,200.69510308478812,27.44250422729981,1.4493812786159447e+18,18.818410873413086,QSO,QSO-MIDZ,xPCA,3758.291497355055,2.017245045346423,0.001484641835166064,,,0.42250486700146883,0.0040015059299314815,SMC,7743.501311847972,-1.5386901683177638,19.518,0.029,19.484,0.013,19.11,0.012,18.769,0.013,18.576,0.03,Surveyphotometry.dat crossmatch,99.999,99.999,17.716,0.031,17.18,0.033,16.617,0.037,Surveyphotometry.dat crossmatch,15.85,0.044,15.006,0.066,11.914,0.243,99.999,99.999,Surveyphotometry.dat crossmatch
spec-1975-53734-0559.fits,SDSS J124720.76+320900.7,191.83654301070408,32.150186951249374,1.5136828532080118e+18,17.840499877929688,QSO,QSO-MIDZ,xPCA,4699.961028044725,0.9495303472753764,0.00020672223973248446,,,0.03757064362285833,0.001602962968125763,MW,7257.541134599063,-1.0575144023106031,18.208,0.014,17.912,0.006,17.647,0.006,17.653,0.007,17.659,0.01,Surveyphotometry.dat crossmatch,99.999,99.999,15.958,0.007,15.903,0.014,15.265,0.013,Surveyphotometry.dat crossmatch,14.083,0.026,12.941,0.025,10.36,0.082,7.967,0.181,Surveyphotometry.dat crossmatch
spec-2011-53499-0147.fits,spec-2011-53499-0147,194.91577437566903,28.926572835275515,1.4639269627530383e+18,18.762996673583984,GALAXY,GALAXY-PASS,xPCA,4880.526966718426,0.020117945547302618,1.0547582044408941e-05,,,2.454423231432685,0.002941862654658456,MW,752540.2343649452,-1.1327705603946074,16.248,0.01,14.567,0.002,13.768,0.002,13.343,0.002,13.061,0.0,Surveyphotometry.dat crossmatch,99.999,99.999,14.322,0.003,13.541,0.003,13.349,0.003,Surveyphotometry.dat crossmatch,11.7,0.022,11.759,0.022,11.283,0.146,99.999,99.999,Surveyphotometry.dat crossmatch
spec-2110-53467-0291.fits,SDSS J132603.00+295758.1,201.5125435946134,29.966172698546032,1.4622057073647977e+18,18.90599822998047,QSO,QSO,xPCA,19257.241940302414,3.767787504331541,0.00034242258273706536,,,0.5268817563053964,0.0049940700266467575,MW,44512.16024357578,-3.8246714673343942,23.774,0.91,19.827,0.015,18.878,0.011,18.6,0.013,18.391,0.03,Surveyphotometry.dat crossmatch,99.999,99.999,17.628,0.031,17.284,0.046,16.841,0.049,Surveyphotometry.dat crossmatch,16.375,0.059,15.897,0.122,99.999,99.999,9.18,0.511,Surveyphotometry.dat crossmatch
spec-1975-53734-0583.fits,SDSS J124918.06+320347.5,192.32526278189297,32.06323819239408,1.5138512803498015e+18,18.69942283630371,QSO,QSO,xPCA,7114.131861880687,1.9781213006241818,0.0003784329520428057,,,0.04294498918273887,0.002349216272468743,SMC,7339.241202547103,-1.1502939787717361,18.718,0.019,18.596,0.008,18.535,0.009,18.452,0.011,18.261,0.02,Surveyphotometry.dat crossmatch,99.999,99.999,17.609,0.03,17.218,0.046,16.697,0.048,Surveyphotometry.dat crossmatch,15.48,0.041,14.143,0.042,10.942,0.124,8.409,0.312,Surveyphotometry.dat crossmatch
spec-2002-53471-0626.fits,spec-2002-53471-0626,201.56247237299775,29.55860242118087,1.462140733099142e+18,18.652610778808594,QSO,QSO-MIDZ,xPCA,3761.4959406248404,0.34702416683158865,0.00236067367085057,,,0.9347457641077097,0.004557297744922861,MW,18205.12497140226,-0.9832670035462274,18.733,0.02,18.442,0.007,18.147,0.007,17.917,0.008,17.707,0.02,Surveyphotometry.dat crossmatch,99.999,99.999,16.548,0.014,15.859,0.014,15.157,0.012,Surveyphotometry.dat crossmatch,14.342,0.027,13.705,0.031,11.757,0.219,99.999,99.999,Surveyphotometry.dat crossmatch
spec-2009-53857-0369.fits,SDSS J130626.23+295218.3,196.6093113541688,29.87176305361039,1.4644129082377418e+18,18.865341186523438,QSO,QSO-MIDZ,xPCA,3517.2520835525834,0.7976701206229024,0.0003604948958381006,,,2.4160618438632403e-11,5.964138936991617e-05,SMC,6924.27507046214,-1.413685621939591,18.987,0.023,18.755,0.008,18.809,0.01,18.855,0.013,18.778,0.04,Surveyphotometry.dat crossmatch,99.999,99.999,17.894,0.032,17.459,0.053,16.474,0.04,Surveyphotometry.dat crossmatch,14.7,0.031,13.566,0.03,10.987,0.102,8.728,0.318,Surveyphotometry.dat crossmatch
spec-1975-53734-0560.fits,spec-1975-53734-0560,191.94065807154809,32.07677483603352,1.5134908853496694e+18,18.806432723999023,QSO,QSO-MIDZ,xPCA,3282.2039333386756,1.2985290661045834,0.000529616484156975,,,2.01158191151388e-09,0.00016622473295999565,LMC,3735.9524526774317,-1.0780038392963605,19.095,0.024,18.987,0.01,18.731,0.01,18.676,0.012,18.689,0.04,Surveyphotometry.dat crossmatch,99.999,99.999,17.892,0.037,17.11,0.04,16.774,0.048,Surveyphotometry.dat crossmatch,15.339,0.039,14.173,0.042,11.421,0.172,99.999,99.999,Surveyphotometry.dat crossmatch
spec-1975-53734-0502.fits,SDSS J124604.76+323049.0,191.5198581853488,32.513635854046825,1.5137503314384886e+18,18.97723388671875,QSO,QSO-MIDZ,xPCA,3678.994346379541,1.260331921914545,0.00042447253423307,,,2.3137978376807852e-10,0.0009981925286641259,LMC,5139.499244300535,-1.6359247660118732,19.547,0.034,19.443,0.012,19.155,0.013,19.211,0.019,19.417,0.07,Surveyphotometry.dat crossmatch,99.999,99.999,18.571,0.079,17.917,0.088,17.176,0.079,Surveyphotometry.dat crossmatch,15.238,0.037,13.698,0.033,10.672,0.082,8.364,0.284,Surveyphotometry.dat crossmatch
spec-2242-54153-0073.fits,SDSS J131013.22+265546.0,197.55514830790923,26.929474542057388,1.4600311826024108e+18,17.922718048095703,QSO,QSO,xPCA,3363.585771494027,1.5128455030261696,0.000344754370273211,,,1.645276796746753e-16,0.00012927389157981034,LMC,3808.7955818820205,-1.0713642365253688,18.555,0.017,18.353,0.007,18.17,0.007,17.981,0.008,17.968,0.02,Surveyphotometry.dat crossmatch,99.999,99.999,16.983,0.018,16.419,0.017,16.065,0.024,Surveyphotometry.dat crossmatch,15.063,0.036,13.792,0.039,10.549,0.108,99.999,99.999,Surveyphotometry.dat crossmatch
spec-2114-53848-0277.fits,SDSS J134758.98+272450.6,206.9957722706568,27.414066640949148,1.4515271129967956e+18,18.262399673461914,QSO,QSO,xPCA,4434.4951085821485,1.059487479972138,0.0002780618192801923,,,2.674052212298106e-10,0.00012024405942154828,MW,4888.692772101898,-1.1269761321912386,18.595,0.019,18.367,0.007,18.113,0.007,18.093,0.009,18.056,0.02,Surveyphotometry.dat crossmatch,99.999,99.999,17.391,0.024,16.762,0.026,15.976,0.026,Surveyphotometry.dat crossmatch,14.448,0.029,13.098,0.026,10.263,0.051,7.987,0.17,Surveyphotometry.dat crossmatch
spec-2784-54529-0288.fits,SDSS J135547.10+222356.4,208.94627663990624,22.398981541212308,1.2507139585674788e+18,18.710660934448242,QSO,QSO-MIDZ,xPCA,6159.136217186154,1.7832599369193767,0.001672550565676106,,,0.15347122395726684,0.002308544704939741,SMC,18353.57354478746,-1.4525626918136898,19.543,0.032,19.122,0.01,18.998,0.011,18.813,0.012,18.935,0.03,Surveyphotometry.dat crossmatch,99.999,99.999,17.827,0.045,17.629,0.042,17.152,0.06,Surveyphotometry.dat crossmatch,15.953,0.05,14.687,0.057,11.529,0.215,8.841,0.426,Surveyphotometry.dat crossmatch
spec-2006-53476-0219.fits,SDSS J130007.96+323934.5,195.03320166230472,32.65960948597532,1.4673703926543555e+18,18.48175811767578,QSO,QSO,xPCA,4709.77290125018,2.2964398766654814,0.0004767168867761036,,,0.01766044286136258,0.0034253401522433636,LMC,7340.402899247577,-1.0704405640506773,19.533,0.031,18.978,0.009,18.883,0.011,18.833,0.015,18.624,0.03,Surveyphotometry.dat crossmatch,99.999,99.999,17.777,0.032,17.432,0.041,16.594,0.039,Surveyphotometry.dat crossmatch,15.981,0.049,14.7,0.055,11.096,0.123,99.999,99.999,Surveyphotometry.dat crossmatch
spec-2094-53851-0397.fits,SDSS J133814.05+302541.8,204.558537629988,30.428270120827385,1.456062667180945e+18,18.713037490844727,QSO,QSO-MIDZ,xPCA,3690.7553514118367,0.6786107497985798,0.0002084934062727921,,,4.693703650575365e-13,6.542628847596506e-05,LMC,5605.995992096448,-1.3671785507491436,19.502,0.031,19.054,0.01,19.079,0.012,19.009,0.014,18.931,0.03,Surveyphotometry.dat crossmatch,99.999,99.999,17.867,0.046,17.143,0.042,16.153,0.026,Surveyphotometry.dat crossmatch,14.524,0.028,13.437,0.03,10.844,0.088,8.849,0.408,Surveyphotometry.dat crossmatch
spec-2116-53854-0194.fits,SDSS J135152.72+292819.3,207.96968444415785,29.472039851255243,1.4523814678913705e+18,18.492061614990234,QSO,QSO-MIDZ,xPCA,3845.056231936647,1.4683415303524763,0.00039290133304076394,,,3.0326579463814396e-12,0.0002351968532294209,SMC,4294.302280065447,-1.2653632078539354,18.795,0.018,18.68,0.008,18.586,0.009,18.445,0.01,18.499,0.02,Surveyphotometry.dat crossmatch,99.999,99.999,17.763,0.035,17.065,0.034,16.801,0.051,Surveyphotometry.dat crossmatch,15.442,0.036,14.207,0.04,11.402,0.127,99.999,99.999,Surveyphotometry.dat crossmatch
spec-1993-53762-0639.fits,SDSS J133814.77+345249.5,204.561548354856,34.88045097259746,1.4708468079038415e+18,18.19033432006836,QSO,QSO-MIDZ,xPCA,4589.573230342831,1.4786917734055023,0.0003540772066650279,,,0.16126254218134525,0.0025894953998695514,SMC,5062.597520383664,-1.1741306260729745,18.844,0.017,18.54,0.007,18.258,0.007,18.079,0.008,18.012,0.01,Surveyphotometry.dat crossmatch,99.999,99.999,16.923,0.025,16.269,0.028,15.938,0.03,Surveyphotometry.dat crossmatch,14.902,0.03,13.602,0.03,10.503,0.078,8.944,0.439,Surveyphotometry.dat crossmatch
spec-2114-53848-0270.fits,SDSS J134726.43+270432.9,206.86016001487016,27.07579099354303,1.4514079190641692e+18,18.367088317871094,QSO,QSO,xPCA,5369.281735108165,2.1922554663662237,0.0005864229847018517,,,0.08828792448095846,0.0018844642893647706,SMC,6996.465991842206,-1.0863273406894112,18.946,0.023,18.496,0.008,18.381,0.008,18.277,0.01,18.032,0.02,Surveyphotometry.dat crossmatch,99.999,99.999,17.381,0.034,16.872,0.041,16.024,0.031,Surveyphotometry.dat crossmatch,15.117,0.032,14.168,0.038,11.065,0.097,99.999,99.999,Surveyphotometry.dat crossmatch
spec-1994-53845-0339.fits,SDSS J124841.42+320651.0,192.17258711475105,32.11418252559565,1.5138642039069686e+18,18.555639266967773,QSO,QSO,xPCA,28119.431802392974,0.4113848090747653,2.4653405975636395e-05,,,0.520704383733578,0.008525508934596027,LMC,47483.90203312066,-4.987716589167715,19.228,0.025,18.815,0.009,18.731,0.01,18.391,0.009,17.931,0.01,Surveyphotometry.dat crossmatch,99.999,99.999,17.395,0.025,16.712,0.029,15.956,0.025,Surveyphotometry.dat crossmatch,14.504,0.03,13.318,0.029,10.321,0.069,7.682,0.163,Surveyphotometry.dat crossmatch
spec-3301-54939-0064.fits,SDSS J133213.71+231213.7,203.0571443526704,23.20380687566248,1.4430608734626084e+18,18.971548080444336,QSO,QSO-MIDZ,xPCA,4419.897690492492,0.9303230650309551,0.0002733732083022917,,,2.1601942240198624e-11,0.0007835169501511951,SMC,4878.636416634369,-1.2012381981202345,19.133,0.024,18.951,0.009,18.79,0.01,18.752,0.011,18.603,0.02,Surveyphotometry.dat crossmatch,99.999,99.999,17.684,0.03,17.548,0.042,16.704,0.04,Surveyphotometry.dat crossmatch,15.141,0.034,13.872,0.036,10.962,0.122,8.544,0.288,Surveyphotometry.dat crossmatch
spec-10258-58492-0448.fits,SDSS J133456.22+321647.4,203.7342498220615,32.279861960955394,1.4688595780759997e+18,17.047008514404297,QSO,QSO,xPCA,15075.693165257151,0.38567989476023823,1.373589635790058e-05,,,1.9335269876071676e-10,4.386228319183352e-06,LMC,67683.45270626016,-1.696093134465139,17.422,0.01,17.226,0.004,17.187,0.005,17.211,0.006,16.811,0.01,Surveyphotometry.dat crossmatch,99.999,99.999,16.155,0.009,15.361,0.007,14.264,0.005,Surveyphotometry.dat crossmatch,12.69,0.023,11.589,0.022,9.076,0.03,6.788,0.075,Surveyphotometry.dat crossmatch
spec-2016-53799-0232.fits,SDSS J130424.98+353326.0,196.10410014383888,35.55724440050808,1.516197638163268e+18,18.06332015991211,QSO,QSO,xPCA,11436.919397890964,1.9934122817613822,0.0008581294333814477,,,1.6300545212667022e-09,0.00013236770357602734,MW,17630.48161098104,-1.3113078821221988,18.579,0.018,18.366,0.007,18.285,0.007,18.203,0.009,18.036,0.02,Surveyphotometry.dat crossmatch,99.999,99.999,17.467,0.032,99.999,99.999,16.547,0.053,Surveyphotometry.dat crossmatch,15.587,0.039,14.427,0.046,10.898,0.093,8.275,0.269,Surveyphotometry.dat crossmatch
spec-2109-53468-0179.fits,SDSS J133456.22+321647.4,203.7342498220615,32.279861960955394,1.4688595780759997e+18,17.047008514404297,QSO,QSO,xPCA,8477.738063226823,0.3860854350771572,1.8936444546917418e-05,,,3.62691717479581e-09,3.1515551942339136e-05,MW,59413.300192134455,-1.7827233723291929,17.422,0.01,17.226,0.004,17.187,0.005,17.211,0.006,16.811,0.01,Surveyphotometry.dat crossmatch,99.999,99.999,16.155,0.009,15.361,0.007,14.264,0.005,Surveyphotometry.dat crossmatch,12.69,0.023,11.589,0.022,9.076,0.03,6.788,0.075,Surveyphotometry.dat crossmatch
spec-2650-54505-0325.fits,SDSS J130159.82+231914.3,195.49928537916097,23.3206508226918,3.944965570621884e+18,17.670307159423828,QSO,QSO,xPCA,5926.981353984145,4.405443231086966,0.003589569076439307,,,3.2525606014945085e-11,4.646259890165103e-06,LMC,177078.02758567987,-1.1075857109592369,18.375,0.015,18.003,0.006,17.707,0.006,17.638,0.007,17.666,0.01,Surveyphotometry.dat crossmatch,99.999,99.999,16.836,0.015,16.282,0.015,16.193,0.024,Surveyphotometry.dat crossmatch,15.542,0.044,14.405,0.052,11.269,0.161,8.254,0.268,Surveyphotometry.dat crossmatch
spec-2029-53819-0093.fits,SDSS J130634.25+304933.7,196.6427359554013,30.82602290164494,1.4660208108509435e+18,18.93209457397461,QSO,QSO-MIDZ,xPCA,4984.019768864559,0.41497901807699833,0.00016131524940130469,,,0.0158188375683683,0.005184758261970423,LMC,5296.6724220233755,-1.4906007249143196,18.939,0.021,18.598,0.008,18.48,0.009,18.294,0.01,17.964,0.02,Surveyphotometry.dat crossmatch,99.999,99.999,17.09,0.019,16.294,0.018,15.357,0.014,Surveyphotometry.dat crossmatch,13.99,0.026,12.953,0.026,10.196,0.057,8.022,0.218,Surveyphotometry.dat crossmatch
spec-2244-53795-0359.fits,SDSS J131800.92+262133.2,199.5038653826693,26.35920604404409,1.4477920032775196e+18,18.15360450744629,QSO,QSO-MIDZ,xPCA,3782.4870244488366,0.8811784716435593,0.00027196375194863493,,,0.06143944956734999,0.003320791976684105,MW,4709.195247970784,-1.0757143177411592,18.783,0.018,18.473,0.007,18.367,0.008,18.438,0.01,18.394,0.02,Surveyphotometry.dat crossmatch,99.999,99.999,17.191,0.017,17.014,0.026,16.25,0.027,Surveyphotometry.dat crossmatch,14.74,0.03,13.557,0.03,10.556,0.091,7.986,0.175,Surveyphotometry.dat crossmatch
spec-2029-53819-0303.fits,spec-2029-53819-0303,194.87446910201535,31.335630630172645,1.4655567825843725e+18,18.021831512451172,GALAXY,GALAXY-PASS,xPCA,6011.404092770416,0.025140483561569074,9.801778708096869e-06,,,1.7181022475594885,0.0027616485642298905,LMC,739732.3494322741,-1.028935045872962,16.876,0.01,15.316,0.002,14.656,0.002,14.35,0.002,14.117,0.0,Surveyphotometry.dat crossmatch,99.999,99.999,14.253,0.002,13.62,0.003,13.318,0.003,Surveyphotometry.dat crossmatch,12.235,0.023,12.26,0.023,11.705,0.245,99.999,99.999,Surveyphotometry.dat crossmatch
spec-2666-54230-0083.fits,SDSS J134332.00+223656.4,205.8833681715348,22.61568465046565,1.4434487304856087e+18,18.46398162841797,QSO,QSO,xPCA,3832.984267043933,1.1197365540695923,0.0004507766188692261,,,0.35811665247713026,0.0035704223209795938,SMC,9724.650841352952,-1.3831051438399766,19.251,0.023,18.844,0.009,18.355,0.008,18.184,0.008,18.048,0.02,Surveyphotometry.dat crossmatch,99.999,99.999,17.164,0.025,16.592,0.02,15.735,0.018,Surveyphotometry.dat crossmatch,14.016,0.026,12.613,0.024,9.706,0.039,7.393,0.101,Surveyphotometry.dat crossmatch
spec-2242-54153-0590.fits,SDSS J130952.41+274240.5,197.46840115216176,27.711270494656592,1.460141236844908e+18,18.3212890625,QSO,QSO-MIDZ,xPCA,3784.581357527381,0.7001608055482962,0.00017804819560316663,,,1.346171023502811e-10,4.919715445799404e-05,MW,6116.737233606673,-1.1446386717300763,18.631,0.017,18.36,0.007,18.394,0.008,18.368,0.01,18.258,0.02,Surveyphotometry.dat crossmatch,99.999,99.999,17.451,0.025,16.789,0.025,15.871,0.02,Surveyphotometry.dat crossmatch,14.41,0.028,13.494,0.032,10.794,0.097,8.441,0.296,Surveyphotometry.dat crossmatch
spec-3861-55274-0086.fits,SDSS J135835.23+315337.9,209.64681370517215,31.893900453103782,1.457506635185496e+18,18.86478042602539,QSO,QSO,xPCA,29388.239213825036,2.352476851216148,0.0002901032374399095,,,0.15467967136096378,0.0034113066309049284,MW,36146.28492995298,-1.1376496256576105,19.931,0.038,19.245,0.011,19.203,0.012,19.17,0.015,19.01,0.04,Surveyphotometry.dat crossmatch,99.999,99.999,17.947,0.043,17.576,0.068,16.773,0.051,Surveyphotometry.dat crossmatch,16.143,0.05,14.987,0.062,11.128,0.097,8.678,0.298,Surveyphotometry.dat crossmatch
spec-2783-54524-0156.fits,spec-2783-54524-0156,208.67748040355232,23.341792516309944,1.251664387585644e+18,18.91518211364746,GALAXY,GALAXY-PASS,xPCA,5755.687583544868,0.055674424103436815,1.3144455349591268e-05,,,2.439915954307843,0.00295901384749353,LMC,723433.1961489551,-1.196135072190296,18.903,0.031,17.012,0.004,16.165,0.003,15.748,0.003,15.412,0.0,Surveyphotometry.dat crossmatch,99.999,99.999,14.874,0.004,14.194,0.004,13.827,0.005,Surveyphotometry.dat crossmatch,13.183,0.025,13.138,0.027,99.999,99.999,99.999,99.999,Surveyphotometry.dat crossmatch
spec-10252-58485-0950.fits,SDSS J130543.81+333531.5,196.43256204051437,33.59211226316592,1.4677028574827814e+18,17.726415634155273,QSO,QSO-MIDZ,xPCA,5121.389535043612,0.48809274724491014,7.877935461243548e-05,,,7.64037270950535e-14,9.963544600720544e-06,SMC,24472.13051596422,-1.5460855017704678,17.92,0.011,17.665,0.005,17.865,0.006,17.779,0.007,17.739,0.01,Surveyphotometry.dat crossmatch,99.999,99.999,16.814,0.02,16.025,0.015,14.998,0.011,Surveyphotometry.dat crossmatch,13.47,0.023,12.376,0.023,9.873,0.046,7.442,0.142,Surveyphotometry.dat crossmatch
spec-2110-53467-0629.fits,spec-2110-53467-0629,203.70720054825068,31.47334717606849,1.4683660347947648e+18,18.099088668823242,QSO,QSO-MIDZ,xPCA,3768.8454777929232,1.3094576355469587,0.00036169362453329466,,,2.173514536212527e-09,0.00010143574122971672,LMC,4210.44237469806,-1.081792870669373,18.125,0.015,18.113,0.006,17.836,0.006,17.821,0.007,17.917,0.02,Surveyphotometry.dat crossmatch,99.999,99.999,17.191,0.015,16.309,0.017,16.157,0.028,Surveyphotometry.dat crossmatch,14.914,0.032,13.658,0.032,10.634,0.089,8.294,0.283,Surveyphotometry.dat crossmatch
spec-6003-56311-0756.fits,SDSS J133919.34+283908.8,204.8305821798132,28.652444944364177,1.4550006763875466e+18,18.670513153076172,QSO,QSO,xPCA,14082.341477471558,2.5150615796981306,0.00038866978113585176,,,0.15242764414642912,0.0011944113693393155,SMC,27305.737720519865,-1.2679392529482594,19.676,0.037,19.053,0.01,18.844,0.011,18.765,0.012,18.519,0.03,Surveyphotometry.dat crossmatch,99.999,99.999,17.668,0.04,17.105,0.034,16.481,0.039,Surveyphotometry.dat crossmatch,15.794,0.044,14.809,0.056,11.155,0.112,8.879,0.393,Surveyphotometry.dat crossmatch
spec-2661-54505-0478.fits,SDSS J125150.47+250438.4,192.96029457375457,25.077365235530024,3.9580001392342574e+18,18.856586456298828,QSO,QSO,xPCA,3269.57083303347,1.5274972293054805,0.0004285597957400995,,,1.4461609373125212e-10,4.6407471745473e-05,SMC,6694.723075877158,-1.11135790551929,19.375,0.026,19.157,0.01,19.007,0.011,18.83,0.012,18.875,0.04,Surveyphotometry.dat crossmatch,99.999,99.999,17.867,0.04,17.292,0.04,17.009,0.054,Surveyphotometry.dat crossmatch,15.824,0.048,14.518,0.052,11.576,0.195,99.999,99.999,Surveyphotometry.dat crossmatch
spec-1838-53467-0398.fits,spec-1838-53467-0398,209.09324528316048,35.24912608467777,1.483102686061104e+18,18.741107940673828,QSO,QSO,xPCA,17948.111718364013,0.0981205021678333,1.7782905798177604e-05,,,2.391637147580035,0.0035032092477631505,SMC,180393.42110537158,-2.3410603619647135,99.999,9.999,99.999,9.999,99.999,9.999,99.999,9.999,99.999,9.999,Surveyphotometry.dat crossmatch,99.999,99.999,15.524,0.008,14.843,0.008,14.33,0.007,Surveyphotometry.dat crossmatch,13.1,0.025,12.67,0.026,9.705,0.042,7.153,0.105,Surveyphotometry.dat crossmatch
spec-5991-56076-0240.fits,SDSS J130426.73+241251.0,196.1113983149688,24.214208416804816,3.9571239659058304e+18,18.874399185180664,QSO,QSO,xPCA,23935.477747384746,2.859407580048037,0.000546649526960038,,,0.23083079598592662,0.001282079156739141,SMC,40654.485170879,-1.920124652172756,20.038,0.043,18.85,0.009,18.57,0.009,18.411,0.009,18.416,0.02,Surveyphotometry.dat crossmatch,99.999,99.999,17.666,0.032,17.139,0.036,16.814,0.048,Surveyphotometry.dat crossmatch,15.896,0.054,14.739,0.066,10.917,0.118,99.999,99.999,Surveyphotometry.dat crossmatch
spec-5994-56101-0998.fits,SDSS J131542.62+270505.3,198.92762088247076,27.084774190250048,1.4599013715108608e+18,18.75743293762207,QSO,QSO,xPCA,10884.367466143833,2.0918444697928447,0.0006979318024455534,,,0.3949902754254292,0.0015834343334736045,SMC,20254.04968047047,-1.1494281638876735,19.527,0.031,19.179,0.01,18.908,0.01,18.701,0.011,18.446,0.03,Surveyphotometry.dat crossmatch,99.999,99.999,17.456,0.027,16.872,0.024,16.246,0.028,Surveyphotometry.dat crossmatch,15.413,0.037,14.224,0.04,10.637,0.084,8.942,0.461,Surveyphotometry.dat crossmatch
spec-2246-53767-0325.fits,SDSS J133751.24+271420.7,204.4634927296224,27.239092924349094,1.4486919578406938e+18,18.596464157104492,QSO,QSO-MIDZ,xPCA,7174.6222960523355,1.7086040842403252,0.0013313974222360322,,,0.5397349879997825,0.0027230899324003355,SMC,12090.676971210547,-1.4091897667246025,19.851,0.038,18.953,0.009,18.52,0.009,18.252,0.01,18.241,0.02,Surveyphotometry.dat crossmatch,99.999,99.999,17.332,0.027,17.008,0.036,16.51,0.056,Surveyphotometry.dat crossmatch,15.268,0.035,13.765,0.034,10.601,0.07,8.192,0.2,Surveyphotometry.dat crossmatch
spec-2661-54505-0497.fits,spec-2661-54505-0497,193.23755254850883,25.417775441750155,3.958388133695666e+18,18.38397216796875,QSO,QSO,xPCA,4502.234945322741,0.295895554371884,2.519681927153877e-05,,,0.4343612661677586,0.00336160450159248,SMC,19859.162455280377,-1.333450597570931,18.536,0.016,18.344,0.007,18.086,0.007,18.093,0.009,17.787,0.01,Surveyphotometry.dat crossmatch,99.999,99.999,16.799,0.018,16.087,0.016,15.13,0.011,Surveyphotometry.dat crossmatch,13.829,0.026,12.787,0.025,9.854,0.044,7.577,0.13,Surveyphotometry.dat crossmatch
spec-2245-54208-0409.fits,SDSS J133054.33+273454.4,202.726378753502,27.581791488545733,1.4496082289839954e+18,18.211122512817383,QSO,QSO-MIDZ,xPCA,3473.245488684306,1.3290027428601605,0.00035284964523675283,,,1.6145649170385377e-09,3.0781749843101906e-05,MW,8983.383630791475,-1.028359720808182,18.535,0.017,18.501,0.008,18.384,0.008,18.313,0.01,18.395,0.03,Surveyphotometry.dat crossmatch,99.999,99.999,17.676,0.028,16.94,0.029,16.52,0.036,Surveyphotometry.dat crossmatch,15.03,0.034,13.548,0.032,10.681,0.078,8.467,0.298,Surveyphotometry.dat crossmatch
spec-6493-56338-0085.fits,SDSS J134756.55+283520.9,206.985652531011,28.589150712249975,1.4522197709627177e+18,18.806764602661133,QSO,QSO,xPCA,11410.017559830301,2.4496464796633015,0.0009307758335063497,,,0.0733906665514008,0.0029791009304899266,LMC,28741.648387951827,-1.402485449360332,19.349,0.029,18.771,0.008,18.637,0.009,18.654,0.011,18.533,0.03,Surveyphotometry.dat crossmatch,99.999,99.999,17.936,0.052,17.5,0.051,16.835,0.056,Surveyphotometry.dat crossmatch,16.175,0.053,14.883,0.06,11.572,0.189,8.609,0.317,Surveyphotometry.dat crossmatch
spec-2022-53827-0127.fits,SDSS J124422.27+351911.0,191.09282495126448,35.31973714482611,1.515447324556575e+18,18.882061004638672,QSO,QSO,xPCA,4130.851313555356,2.185747204389031,0.0013927240296276368,,,0.32295343678627325,0.004130579369231863,SMC,5182.287521369638,-1.436890723912693,19.886,0.037,19.336,0.011,18.954,0.011,18.789,0.012,18.639,0.02,Surveyphotometry.dat crossmatch,99.999,99.999,17.907,0.06,17.319,0.081,16.693,0.057,Surveyphotometry.dat crossmatch,15.739,0.044,14.676,0.053,11.374,0.167,99.999,99.999,Surveyphotometry.dat crossmatch
spec-5851-56075-0754.fits,SDSS J134235.72+222253.1,205.6488663475949,22.381421709370983,1.4434391741820964e+18,18.57003402709961,QSO,QSO,xPCA,17875.727985090878,1.8354193360320257,0.00015061030532559513,,,0.03425727421534353,0.002900600039319228,MW,21276.519324470642,-1.0461022586189264,18.936,0.021,18.877,0.008,18.857,0.01,18.545,0.01,18.418,0.02,Surveyphotometry.dat crossmatch,99.999,99.999,17.733,0.038,17.323,0.036,16.621,0.037,Surveyphotometry.dat crossmatch,15.489,0.037,14.387,0.046,11.355,0.141,9.066,0.493,Surveyphotometry.dat crossmatch
spec-5993-56070-0504.fits,spec-5993-56070-0504,198.2936846309969,23.476085798244885,1.4467850224256507e+18,18.958250045776367,GALAXY,GALAXY-PASS,xPCA,3685.561289739353,0.2927468950031207,8.432682508747278e-05,,,1.6600733165368164,0.011738610051173826,SMC,31577.743787851192,-2.6828990491043916,20.106,0.037,18.868,0.009,19.008,0.011,19.194,0.016,19.133,0.04,Surveyphotometry.dat crossmatch,99.999,99.999,18.409,0.065,99.999,9.999,99.999,9.999,Surveyphotometry.dat crossmatch,15.004,0.033,14.51,0.05,12.267,0.361,99.999,99.999,Surveyphotometry.dat crossmatch
spec-1993-53762-0421.fits,SDSS J133009.65+351048.9,202.540233622105,35.18027641475948,1.470396862833103e+18,18.08651351928711,QSO,QSO,xPCA,4671.188235705001,1.184430052218529,0.00016750754586153437,,,0.021810224702797965,0.003194615361490731,LMC,6400.558514320908,-1.0824458467065041,18.721,0.016,18.655,0.008,18.271,0.007,18.288,0.009,18.447,0.02,Surveyphotometry.dat crossmatch,99.999,99.999,17.339,0.033,16.657,0.04,16.056,0.041,Surveyphotometry.dat crossmatch,14.892,0.032,13.754,0.034,10.837,0.098,7.998,0.148,Surveyphotometry.dat crossmatch
spec-2112-53534-0452.fits,SDSS J132345.53+333954.7,200.9397284210454,33.665210824018935,1.4698092425875773e+18,18.9490909576416,QSO,QSO-MIDZ,xPCA,4902.861669834207,1.5106634148919187,0.00046325510846554463,,,6.525284246316002e-11,0.0005508853660213422,SMC,6031.004648070086,-1.3253046121646106,19.68,0.03,19.252,0.01,19.07,0.011,18.946,0.013,19.027,0.04,Surveyphotometry.dat crossmatch,99.999,99.999,17.989,0.057,17.61,0.064,17.062,0.065,Surveyphotometry.dat crossmatch,15.741,0.043,14.361,0.042,11.251,0.131,9.179,0.539,Surveyphotometry.dat crossmatch
spec-2648-54485-0518.fits,SDSS J124557.77+223205.3,191.49071886011097,22.53482972425128,3.955890829255863e+18,17.278470993041992,QSO,QSO-MIDZ,xPCA,8587.59198453639,1.4809490618252397,0.00039246209106375435,,,0.8511136952154003,0.0015078908072646002,SMC,21132.70866284679,-1.122612319302477,19.349,0.029,18.124,0.006,17.313,0.005,16.907,0.005,16.755,0.01,Surveyphotometry.dat crossmatch,99.999,99.999,15.675,0.006,14.975,0.006,14.732,0.009,Surveyphotometry.dat crossmatch,13.534,0.025,12.192,0.023,9.255,0.038,7.17,0.095,Surveyphotometry.dat crossmatch
spec-2094-53851-0250.fits,SDSS J133756.34+293839.7,204.484755155223,29.644362108892032,1.4559503108360827e+18,18.45627212524414,QSO,QSO-MIDZ,xPCA,3293.9237509272016,1.2191873386710699,0.0005455450057898087,,,0.023972742254648863,0.003241507618282362,SMC,3714.034458153567,-2.7136427041231146,18.716,0.02,18.834,0.009,18.483,0.008,18.427,0.011,18.45,0.03,Surveyphotometry.dat crossmatch,99.999,99.999,17.496,0.024,16.802,0.03,16.453,0.038,Surveyphotometry.dat crossmatch,15.247,0.039,14.21,0.042,11.68,0.202,99.999,99.999,Surveyphotometry.dat crossmatch
spec-3377-54950-0540.fits,SDSS J132101.41+340657.9,200.25590087291468,34.11609100610664,1.4728975989512837e+18,18.244781494140625,QSO,QSO,xPCA,8045.156025414641,0.3344121880392785,2.1887816422975695e-05,,,0.3741613768318143,0.003527898330502155,LMC,9300.90245050463,-1.5643350963282403,19.012,0.022,18.849,0.008,18.583,0.009,18.551,0.01,18.043,0.02,Surveyphotometry.dat crossmatch,99.999,99.999,17.058,0.028,16.302,0.021,15.279,0.015,Surveyphotometry.dat crossmatch,14.013,0.026,13.155,0.026,10.674,0.066,8.325,0.213,Surveyphotometry.dat crossmatch
spec-10257-58526-0272.fits,SDSS J132639.44+323514.8,201.66432837723065,32.58742767942943,1.4694720060521354e+18,18.632347106933594,QSO,QSO-MIDZ,xPCA,4893.111829931464,0.808797712064792,0.00019402262158304441,,,0.9158037976905211,0.0033067721630123947,SMC,5445.103240293724,-1.0343218911298002,19.747,0.034,18.948,0.009,18.48,0.008,18.289,0.009,18.079,0.02,Surveyphotometry.dat crossmatch,99.999,99.999,17.169,0.026,16.616,0.021,15.567,0.016,Surveyphotometry.dat crossmatch,13.791,0.026,12.583,0.024,10.086,0.055,7.737,0.179,Surveyphotometry.dat crossmatch
spec-2006-53476-0636.fits,SDSS J130627.02+340439.1,196.61258224919771,34.07756211942748,1.4679311392885924e+18,18.204160690307617,QSO,QSO-MIDZ,xPCA,4719.4942963180765,0.6581736137336789,0.00020079551824250694,,,5.780936683128998e-11,9.171930827914378e-05,SMC,6480.700540584861,-1.2747765935771656,19.263,0.024,18.829,0.008,18.895,0.01,18.836,0.012,18.804,0.03,Surveyphotometry.dat crossmatch,99.999,99.999,17.538,0.035,17.001,0.032,16.126,0.027,Surveyphotometry.dat crossmatch,14.641,0.03,13.55,0.03,10.637,0.082,8.406,0.285,Surveyphotometry.dat crossmatch
spec-2016-53799-0284.fits,SDSS J130608.36+342042.9,196.53483460018165,34.34527659607678,1.467955264120919e+18,17.272512435913086,QSO,QSO-MIDZ,xPCA,4136.344743228416,0.775946996389363,0.0002228086269146427,,,8.019927075415302e-10,1.4256697424602831e-05,MW,10078.85858969907,-1.0076674039161544,17.584,0.01,17.275,0.005,17.267,0.005,17.357,0.006,17.288,0.01,Surveyphotometry.dat crossmatch,99.999,99.999,16.3,0.012,15.967,0.014,15.105,0.012,Surveyphotometry.dat crossmatch,13.447,0.026,12.352,0.024,9.771,0.039,7.361,0.105,Surveyphotometry.dat crossmatch
SDSS_J1240_2736_combined.dat,SDSS_J1240_2736_combined,190.0489646890551,27.599240583240032,3.9624761522872817e+18,,QSO,QSO,xPCA,653.5903283958046,4.569455919483083,0.0023163477478644486,,,0.41171667873450724,0.01901011142703518,MW,2758.729739476282,-50.548277616005336,19.434,0.028,19.069,0.009,18.805,0.01,18.488,0.011,18.561,0.03,Surveyphotometry.dat crossmatch,99.999,99.999,17.544,0.027,99.999,99.999,16.482,0.038,Surveyphotometry.dat crossmatch,15.334,0.04,13.904,0.037,10.605,0.089,8.836,0.442,Surveyphotometry.dat crossmatch
spec-2020-53431-0576.fits,SDSS J124158.44+350621.9,190.4935016400568,35.10607804497299,1.5184217783875374e+18,18.42112922668457,QSO,QSO,xPCA,3872.644240716026,1.0523740344390935,0.00024329802014809644,,,1.8186938771386912e-11,1.6439350276940628e-05,LMC,14263.068362160962,-1.0913474667182972,18.799,0.02,18.685,0.008,18.453,0.008,18.504,0.01,18.622,0.03,Surveyphotometry.dat crossmatch,99.999,99.999,17.432,0.037,16.967,0.049,16.154,0.035,Surveyphotometry.dat crossmatch,14.686,0.031,13.395,0.031,10.507,0.067,7.964,0.177,Surveyphotometry.dat crossmatch
spec-6493-56338-0108.fits,SDSS J134715.50+292624.1,206.81456617283013,29.44005597851576,1.4553335878925394e+18,18.7255802154541,QSO,QSO-MIDZ,xPCA,7830.587391067882,1.9494772085068006,0.00027835202355427875,,,9.905717386756926e-11,2.4658702012347037e-05,SMC,10295.249086232403,-0.9965225226270669,18.528,0.016,18.435,0.007,18.431,0.008,18.27,0.01,18.171,0.03,Surveyphotometry.dat crossmatch,99.999,99.999,17.569,0.031,17.24,0.046,16.569,0.043,Surveyphotometry.dat crossmatch,15.428,0.039,14.159,0.042,11.115,0.12,99.999,99.999,Surveyphotometry.dat crossmatch
spec-2653-54230-0565.fits,SDSS J133529.07+224629.9,203.87114002226167,22.774987745934272,1.442244142481668e+18,18.721967697143555,QSO,QSO,xPCA,4772.66477599505,1.6308131258230616,0.00020645440714577658,,,0.29293544180971576,0.0029993897918627055,SMC,5697.57293243497,-1.2938777489896083,19.405,0.025,19.22,0.011,18.923,0.011,18.625,0.011,18.44,0.03,Surveyphotometry.dat crossmatch,99.999,99.999,17.228,0.022,16.555,0.017,16.252,0.025,Surveyphotometry.dat crossmatch,15.289,0.038,14.211,0.048,11.238,0.149,8.686,0.348,Surveyphotometry.dat crossmatch
spec-3236-54892-0513.fits,SDSS J125636.20+303203.5,194.1508523938379,30.53435714425418,1.4653889653258972e+18,18.304824829101562,QSO,QSO,xPCA,12163.783777892506,2.0795081453558035,0.00022452442219927308,,,8.085861025338391e-10,5.471005395595892e-05,LMC,12254.85414596351,-1.0227540746810888,18.618,0.019,18.334,0.007,18.224,0.008,18.168,0.009,17.94,0.02,Surveyphotometry.dat crossmatch,99.999,99.999,17.568,0.034,17.053,0.038,16.374,0.038,Surveyphotometry.dat crossmatch,15.26,0.037,13.987,0.04,10.886,0.109,8.425,0.316,Surveyphotometry.dat crossmatch
spec-2244-53795-0445.fits,SDSS J132418.74+273106.1,201.0781242520173,27.5183701709332,1.4494632265919626e+18,18.656326293945312,QSO,QSO,xPCA,3883.8102838292816,0.658721801490154,0.00015371000461989983,,,1.3715690830805836e-09,0.00014479081478551074,LMC,5083.538470450453,-1.2404475391575478,19.568,0.03,18.954,0.009,19.047,0.011,18.944,0.013,18.894,0.03,Surveyphotometry.dat crossmatch,99.999,99.999,17.762,0.031,16.934,0.031,15.858,0.019,Surveyphotometry.dat crossmatch,14.15,0.027,13.015,0.026,10.121,0.055,7.52,0.126,Surveyphotometry.dat crossmatch
spec-2244-53795-0616.fits,SDSS J132730.05+272202.2,201.8752018749443,27.367259314792168,1.4492801922660716e+18,18.570751190185547,QSO,QSO,xPCA,4331.07967716807,1.5593518785840503,0.00023010262741720512,,,0.05852236423437143,0.004923162803406517,MW,4793.916057029482,-1.032294382571441,18.972,0.021,18.787,0.008,18.621,0.009,18.413,0.01,18.41,0.02,Surveyphotometry.dat crossmatch,99.999,99.999,17.489,0.034,16.788,0.033,16.571,0.047,Surveyphotometry.dat crossmatch,15.528,0.04,14.274,0.045,11.15,0.14,8.715,0.391,Surveyphotometry.dat crossmatch
spec-6001-56072-0427.fits,spec-6001-56072-0427,206.2305690107604,23.0055263457542,1.4435569293022817e+18,18.753582000732422,BAL_QSO,QSO,xPCA,74610.72123735958,2.718610108140968,0.00024500695678253686,,,0.5897718818663632,0.00210127150789291,LMC,112138.62784506299,-2.3814198094903927,20.307,0.048,19.188,0.01,18.682,0.009,18.461,0.01,18.42,0.02,Surveyphotometry.dat crossmatch,99.999,99.999,17.398,0.024,17.025,0.038,16.933,0.057,Surveyphotometry.dat crossmatch,15.873,0.045,14.843,0.057,11.093,0.116,9.021,0.415,Surveyphotometry.dat crossmatch
spec-2121-54180-0288.fits,SDSS J135807.79+311843.4,209.53248924121024,31.31206681797719,1.4540991799321334e+18,18.17580795288086,QSO,QSO,xPCA,4364.6432102664985,1.976504904624897,0.0003482981451426253,,,0.22621966795754905,0.0023966821339228422,SMC,5199.29153624701,-1.1060658604624598,18.765,0.018,18.598,0.008,18.392,0.008,18.141,0.009,17.97,0.02,Surveyphotometry.dat crossmatch,99.999,99.999,17.114,0.019,16.674,0.034,16.156,0.032,Surveyphotometry.dat crossmatch,15.097,0.031,13.952,0.034,10.759,0.075,8.491,0.279,Surveyphotometry.dat crossmatch
spec-2245-54208-0562.fits,SDSS J133610.98+271052.4,204.0457754134619,27.181209766757195,1.4487000624435139e+18,18.340316772460938,QSO,QSO-MIDZ,xPCA,8869.721996881985,1.751480909742516,0.0007075389464340903,,,3.723854991727338e-14,2.5217043606499365e-05,SMC,15431.634156903521,-1.1851543810473328,18.624,0.017,18.328,0.007,18.262,0.007,18.013,0.008,18.023,0.02,Surveyphotometry.dat crossmatch,99.999,99.999,17.35,0.033,16.915,0.037,16.288,0.047,Surveyphotometry.dat crossmatch,14.99,0.032,13.492,0.031,10.423,0.074,7.945,0.179,Surveyphotometry.dat crossmatch
spec-2246-53767-0307.fits,spec-2246-53767-0307,204.25868920902167,25.98802038291353,1.4454711790459197e+18,18.394149780273438,QSO,QSO,xPCA,12138.025273762101,1.8811271524353808,0.0004409812594815379,,,5.440894655932456e-10,4.4282872770944255e-05,MW,24708.085918613862,-1.1676538532614922,18.35,0.015,18.196,0.007,18.125,0.007,18.037,0.008,18.024,0.02,Surveyphotometry.dat crossmatch,99.999,99.999,17.378,0.025,17.127,0.04,99.999,99.999,Surveyphotometry.dat crossmatch,15.376,0.041,13.874,0.036,10.639,0.075,8.6,0.327,Surveyphotometry.dat crossmatch
spec-1994-53845-0503.fits,SDSS J125602.43+322637.6,194.01016122539383,32.44379560006111,1.465907148835758e+18,18.97341537475586,QSO,QSO,xPCA,4067.2758388481648,1.5191644068847816,0.0002690689220275688,,,1.894253894366149e-10,0.00046851837583748984,MW,5891.941110017015,-1.3798340403134708,19.293,0.028,19.146,0.01,19.069,0.012,18.846,0.013,19.113,0.04,Surveyphotometry.dat crossmatch,99.999,99.999,18.36,0.054,17.574,0.058,17.142,0.07,Surveyphotometry.dat crossmatch,15.798,0.046,14.409,0.045,11.777,0.215,99.999,99.999,Surveyphotometry.dat crossmatch
spec-1994-53845-0042.fits,SDSS J125833.98+310727.6,194.64159426895884,31.124346623139417,1.4655244157104998e+18,17.987010955810547,QSO,QSO,xPCA,4174.583747427932,1.8538176250013576,0.00040111783521853955,,,3.3317214370959074e-09,0.00011829519096161453,MW,5523.815978090777,-0.9713826186127063,18.223,0.014,18.168,0.007,18.157,0.007,17.919,0.008,17.859,0.01,Surveyphotometry.dat crossmatch,99.999,99.999,17.191,0.021,16.854,0.04,16.365,0.036,Surveyphotometry.dat crossmatch,15.136,0.034,13.877,0.035,10.353,0.075,8.083,0.206,Surveyphotometry.dat crossmatch
spec-2649-54212-0031.fits,spec-2649-54212-0031,194.95346750254149,22.198252643389253,3.944423236512052e+18,18.895471572875977,BAL_QSO,QSO,xPCA,6098.643461523815,1.7626542528231233,0.0006240458489737271,,,0.16827229955317247,0.004051361404156184,SMC,7658.368934950031,-1.7115091672476326,19.608,0.033,19.33,0.011,19.256,0.013,18.988,0.015,19.011,0.04,Surveyphotometry.dat crossmatch,99.999,99.999,18.01,0.034,17.511,0.044,16.905,0.048,Surveyphotometry.dat crossmatch,15.733,0.048,14.355,0.053,10.875,0.121,8.852,0.471,Surveyphotometry.dat crossmatch
spec-2661-54505-0550.fits,SDSS J125409.18+255524.7,193.53822823300447,25.9235281490594,3.9584374742799913e+18,18.439937591552734,QSO,QSO,xPCA,7389.941280194404,0.19583152972670903,1.8821371911612504e-05,,,0.6242710920867225,0.00325322447660481,SMC,15418.383266129405,-1.6837221324440996,18.274,0.016,18.047,0.006,17.649,0.006,17.244,0.006,17.205,0.01,Surveyphotometry.dat crossmatch,99.999,99.999,16.082,0.008,15.356,0.007,99.999,99.999,Surveyphotometry.dat crossmatch,13.281,0.024,12.252,0.024,8.98,0.03,6.15,0.05,Surveyphotometry.dat crossmatch
spec-2649-54212-0142.fits,SDSS J125619.33+221929.5,194.08053952855616,22.3248625390211,3.9564209656593833e+18,18.758501052856445,BAL_QSO,QSO,xPCA,8198.259802732216,1.684272092585806,0.0003083755445331993,,,0.005549212453466461,0.002610317663286948,SMC,10488.082928650852,-1.0291205476651895,19.192,0.026,18.881,0.009,18.871,0.01,18.672,0.011,18.607,0.03,Surveyphotometry.dat crossmatch,99.999,99.999,17.691,0.033,17.094,0.033,16.743,0.046,Surveyphotometry.dat crossmatch,15.162,0.034,13.835,0.037,11.056,0.12,8.79,0.362,Surveyphotometry.dat crossmatch
spec-3303-54950-0363.fits,spec-3303-54950-0363,199.581300716742,25.806491007331644,1.4474825981294838e+18,17.740205764770508,QSO,QSO-MIDZ,xPCA,11332.935684490245,1.451602186443191,0.00016608349063556343,,,0.2267804133615257,0.0021208608753962993,LMC,20020.682660126888,-1.0262103680263508,18.457,0.015,18.254,0.007,18.019,0.007,17.868,0.008,18.002,0.02,Surveyphotometry.dat crossmatch,99.999,99.999,17.165,0.018,99.999,99.999,16.19,0.027,Surveyphotometry.dat crossmatch,14.726,0.03,13.184,0.029,9.87,0.047,7.44,0.118,Surveyphotometry.dat crossmatch
spec-2093-53818-0614.fits,SDSS J131743.24+334629.8,199.4302209891254,33.774953681499575,1.4728016708578255e+18,18.392715454101562,QSO,QSO,xPCA,4975.156252408374,0.3027167583150925,2.6236793924890708e-05,,,0.05274284906124775,0.0038203499250463596,LMC,6558.444053822443,-1.2876681452471148,18.389,0.016,18.297,0.007,17.962,0.007,17.929,0.008,17.453,0.01,Surveyphotometry.dat crossmatch,99.999,99.999,16.603,0.017,15.874,0.013,14.953,0.01,Surveyphotometry.dat crossmatch,13.622,0.025,12.636,0.024,9.511,0.03,6.759,0.057,Surveyphotometry.dat crossmatch
spec-5996-56096-0608.fits,SDSS J132015.62+254019.8,200.06511172734767,25.672156319437285,1.4475560592498386e+18,17.84324073791504,QSO,QSO,xPCA,9527.38776321106,1.900387956915979,0.00025617963573738297,,,2.0529885869655443e-10,2.0464242652241087e-05,LMC,12816.976560214025,-0.9914585510671666,17.754,0.011,17.758,0.006,17.778,0.006,17.593,0.007,17.516,0.01,Surveyphotometry.dat crossmatch,99.999,99.999,16.869,0.015,99.999,99.999,15.893,0.02,Surveyphotometry.dat crossmatch,14.789,0.032,13.528,0.03,10.386,0.073,8.127,0.206,Surveyphotometry.dat crossmatch
spec-1994-53845-0569.fits,SDSS J125858.02+320629.9,194.7417898460372,32.10831534005701,1.4658279109831265e+18,18.98513412475586,QSO,QSO,xPCA,4046.1010450111467,1.4632931160542508,0.00038408764025422585,,,3.3818826835089674e-10,7.019955202608317e-05,MW,5650.726121591099,-1.0564039709353052,18.849,0.02,18.734,0.008,18.589,0.009,18.456,0.01,18.447,0.02,Surveyphotometry.dat crossmatch,99.999,99.999,17.802,0.037,17.122,0.046,16.61,0.044,Surveyphotometry.dat crossmatch,15.207,0.036,13.667,0.033,10.48,0.08,7.853,0.189,Surveyphotometry.dat crossmatch
spec-2104-53852-0228.fits,SDSS J131542.63+310129.0,198.92768533178617,31.024723157091792,1.463408817899913e+18,18.4178466796875,QSO,QSO-MIDZ,xPCA,3577.0692766482,1.136904160342565,0.00040067680008427426,,,0.099047877372584,0.003930658654203174,SMC,3893.0174902769318,-1.0770366895299475,19.348,0.029,19.088,0.01,18.747,0.01,18.785,0.015,18.761,0.05,Surveyphotometry.dat crossmatch,99.999,99.999,17.969,0.032,17.433,0.044,16.52,0.039,Surveyphotometry.dat crossmatch,14.995,0.033,13.621,0.03,10.503,0.056,7.992,0.182,Surveyphotometry.dat crossmatch
sdssJ134447+251607_combined.dat,sdssJ134447+251607_combined,206.1962252072668,25.26866831246505,1.4444789728803333e+18,18.866811752319336,QSO,QSO-MIDZ,xPCA,74.80127810738031,0.8797928786556182,0.0001268909791004239,,,1.4864925029821688e-09,0.000937629926059149,LMC,677.2674472304818,-1.2913774297401346,19.23,0.025,19.101,0.01,19.083,0.011,19.159,0.018,19.07,0.04,Surveyphotometry.dat crossmatch,99.999,99.999,17.643,0.035,17.627,0.069,16.698,0.055,Surveyphotometry.dat crossmatch,15.21,0.032,14.003,0.034,11.132,0.097,8.089,0.175,Surveyphotometry.dat crossmatch
spec-2654-54231-0524.fits,SDSS J134235.72+222253.1,205.6488663475949,22.381421709370983,1.4434391741820964e+18,18.57003402709961,QSO,QSO,xPCA,6515.238599104245,1.8364147021494834,0.00030941782963604707,,,2.8760357539524967e-11,0.0001443302918364087,SMC,6722.1992385093345,-1.123097295049667,18.936,0.021,18.877,0.008,18.857,0.01,18.545,0.01,18.418,0.02,Surveyphotometry.dat crossmatch,99.999,99.999,17.733,0.038,17.323,0.036,16.621,0.037,Surveyphotometry.dat crossmatch,15.489,0.037,14.387,0.046,11.355,0.141,9.066,0.493,Surveyphotometry.dat crossmatch
spec-2093-53818-0082.fits,SDSS J131520.94+315921.7,198.83728163516628,31.9893965973884,1.466529438058199e+18,17.483440399169922,QSO,QSO-MIDZ,xPCA,3485.6764783241097,0.8372573776637473,0.00015636129370261823,,,1.3115413364183336e-09,2.841329139729925e-05,LMC,22360.333611005455,-1.0472415559110204,17.965,0.013,17.693,0.005,17.652,0.006,17.733,0.007,17.644,0.01,Surveyphotometry.dat crossmatch,99.999,99.999,16.377,0.009,16.239,0.014,15.484,0.014,Surveyphotometry.dat crossmatch,13.758,0.025,12.669,0.024,9.861,0.04,7.458,0.103,Surveyphotometry.dat crossmatch
spec-2002-53471-0596.fits,spec-2002-53471-0596,201.2766554956952,29.61752992811713,1.4620972379666168e+18,18.747814178466797,QSO,QSO-MIDZ,xPCA,3814.496894358615,1.2213711924726014,0.001058053237238041,,,1.8590566830097369e-10,0.00015478038713196565,LMC,4260.2938454064915,-1.3246747632982396,19.242,0.027,19.055,0.01,18.77,0.01,18.707,0.013,18.758,0.04,Surveyphotometry.dat crossmatch,99.999,99.999,17.869,0.036,17.253,0.044,16.48,0.037,Surveyphotometry.dat crossmatch,14.811,0.031,13.61,0.03,11.05,0.108,8.59,0.329,Surveyphotometry.dat crossmatch
spec-10252-58485-0382.fits,SDSS J125757.23+322929.2,194.4884660430872,32.491479536200124,1.467353006626702e+18,18.14527130126953,QSO,QSO-MIDZ,xPCA,4399.3754660544655,0.8054688504824541,0.0002848686542319741,,,0.6118569963087056,0.0012519159604406638,SMC,49561.22750761153,-0.9929646083137521,19.46,0.03,18.937,0.009,18.789,0.01,18.677,0.011,18.388,0.02,Surveyphotometry.dat crossmatch,99.999,99.999,16.315,0.011,15.51,0.012,14.648,0.009,Surveyphotometry.dat crossmatch,12.187,0.023,11.134,0.02,8.405,0.021,6.139,0.049,Surveyphotometry.dat crossmatch
spec-2651-54507-0375.fits,spec-2651-54507-0375,197.9043894422736,22.915503094364333,3.9439913346003246e+18,18.725605010986328,GALAXY,GALAXY,xPCA,7510.245851109065,0.00871853273492107,7.290709053977552e-06,,,2.0999861480439272,0.0013136622234535267,SMC,75059.85529521477,-1.0895800126589483,16.03,0.008,14.394,0.002,13.699,0.002,13.165,0.002,12.721,0.0,Surveyphotometry.dat crossmatch,99.999,99.999,13.432,0.002,12.731,0.002,12.461,0.002,Surveyphotometry.dat crossmatch,10.354,0.021,10.366,0.021,7.411,0.016,5.174,0.033,Surveyphotometry.dat crossmatch
spec-2245-54208-0297.fits,SDSS J132903.20+253110.2,202.2633708425712,25.519496657876694,1.4480317998919997e+18,17.619487762451172,QSO,QSO-MIDZ,xPCA,4519.415969060952,0.9874215744939467,0.00024336378664794247,,,4.229784599830977e-11,1.6978659927774413e-05,LMC,13990.649896152006,-1.0715905080778778,18.15,0.013,18.018,0.006,17.855,0.006,17.992,0.008,18.048,0.02,Surveyphotometry.dat crossmatch,99.999,99.999,16.713,0.016,16.659,0.037,15.764,0.025,Surveyphotometry.dat crossmatch,14.343,0.029,13.153,0.029,10.382,0.067,7.953,0.219,Surveyphotometry.dat crossmatch
spec-1993-53762-0044.fits,spec-1993-53762-0044,203.9118374555281,33.66868795284968,1.4692662942989187e+18,18.600269317626953,GALAXY,QSO-GAL,xPCA,5076.634103451464,0.0261156745822273,1.0667415276972252e-05,,,2.2967429665875225,0.0037195125509037474,MW,570035.2613696842,-1.0301369129349045,17.513,0.017,15.886,0.003,15.177,0.003,14.823,0.003,14.579,0.0,Surveyphotometry.dat crossmatch,99.999,99.999,14.74,0.004,14.085,0.003,13.76,0.004,Surveyphotometry.dat crossmatch,12.893,0.035,12.927,0.039,11.918,0.284,99.999,99.999,Surveyphotometry.dat crossmatch
spec-5996-56096-0124.fits,SDSS J132540.14+235406.1,201.4172661516428,23.901703566093047,1.4462615518114388e+18,18.52889633178711,QSO,QSO,xPCA,4650.188623371701,2.0937635217099473,0.0003322994042009934,,,0.18853837875877943,0.0018898545354609497,SMC,7385.252547897799,-1.0433471155865086,18.851,0.019,18.75,0.008,18.642,0.009,18.572,0.011,18.33,0.03,Surveyphotometry.dat crossmatch,99.999,99.999,17.767,0.031,17.265,0.039,16.665,0.042,Surveyphotometry.dat crossmatch,15.773,0.046,14.549,0.053,11.279,0.149,99.999,99.999,Surveyphotometry.dat crossmatch
spec-2024-53503-0162.fits,spec-2024-53503-0162,206.504005444146,31.43020834696884,1.4565431924179052e+18,18.8261775970459,GALAXY,GALAXY-PASS,xPCA,4261.894907862225,0.06158838911031109,1.3286205503756313e-05,,,2.5777656030564753,0.008175359591308773,SMC,90475.47508061104,-1.1511931733302498,18.054,0.018,16.478,0.004,15.744,0.003,15.383,0.003,15.12,0.0,Surveyphotometry.dat crossmatch,99.999,99.999,14.914,0.003,14.285,0.004,13.896,0.005,Surveyphotometry.dat crossmatch,13.01,0.023,12.946,0.026,11.943,0.302,99.999,99.999,Surveyphotometry.dat crossmatch
spec-2104-53852-0587.fits,spec-2104-53852-0587,200.3282093721642,31.38803478885747,1.463329893581369e+18,17.976802825927734,GALAXY,GALAXY-PASS,xPCA,8664.772727776688,0.023347331624376095,7.0552140186048345e-06,,,2.5765479765189254,0.0021171335546994463,MW,1060664.0308099757,-0.983841119194038,16.169,0.007,14.426,0.002,13.717,0.002,13.385,0.002,13.132,0.0,Surveyphotometry.dat crossmatch,99.999,99.999,13.454,0.002,12.824,0.002,12.482,0.002,Surveyphotometry.dat crossmatch,11.179,0.024,11.236,0.022,10.268,0.074,9.019,0.538,Surveyphotometry.dat crossmatch
spec-2094-53851-0348.fits,SDSS J133733.44+302452.0,204.38937661204773,30.414435775757504,1.4560602662947154e+18,18.38040542602539,QSO,QSO-MIDZ,xPCA,8825.42861848419,0.3920345035119712,5.483002045412592e-05,,,0.06935951339777902,0.003812882676148585,LMC,11407.66954870215,-1.3950017191487676,18.033,0.013,17.941,0.006,17.866,0.006,17.794,0.007,17.51,0.01,Surveyphotometry.dat crossmatch,99.999,99.999,16.533,0.015,15.686,0.012,14.646,0.008,Surveyphotometry.dat crossmatch,13.237,0.024,12.234,0.023,9.41,0.032,7.152,0.102,Surveyphotometry.dat crossmatch
spec-6485-56342-0162.fits,SDSS J125344.93+305820.4,193.43725289848567,30.97235102106728,1.4656534665916892e+18,18.957515716552734,QSO,QSO,xPCA,31921.020805565407,2.0491493020158003,0.00020173399186046093,,,0.09807192991399254,0.001396006419980625,SMC,39241.569912978266,-1.5262937372974243,19.051,0.023,18.703,0.009,18.592,0.009,18.437,0.011,18.255,0.03,Surveyphotometry.dat crossmatch,99.999,99.999,17.868,0.038,17.317,0.07,16.95,0.064,Surveyphotometry.dat crossmatch,15.658,0.042,14.272,0.044,10.989,0.102,8.172,0.229,Surveyphotometry.dat crossmatch
spec-2241-54156-0615.fits,SDSS J130313.02+281107.7,195.80426433570983,28.185487674716114,1.4607830466942228e+18,16.654735565185547,QSO,QSO-MIDZ,xPCA,4437.456592733245,1.3126504742086555,0.00025888889624967786,,,1.4225363806829802e-10,8.762055947255531e-06,SMC,12802.660830216144,-1.0536427598839055,16.914,0.008,16.804,0.004,16.662,0.005,16.647,0.005,16.689,0.0,Surveyphotometry.dat crossmatch,99.999,99.999,15.927,0.008,15.229,0.008,14.794,0.009,Surveyphotometry.dat crossmatch,13.268,0.024,11.895,0.022,9.131,0.029,7.27,0.098,Surveyphotometry.dat crossmatch
spec-10258-58492-0028.fits,SDSS J134433.33+324418.5,206.1389113293862,32.73850250923123,1.4583762114441047e+18,18.913055419921875,QSO,QSO-MIDZ,xPCA,3629.5054198050175,0.8695195025169749,0.00019547092930113027,,,1.5413690289400872e-11,4.994988890772586e-05,MW,4992.030149524128,-1.1272961324074013,19.33,0.025,19.181,0.01,19.113,0.011,19.219,0.015,19.158,0.04,Surveyphotometry.dat crossmatch,99.999,99.999,17.785,0.041,17.48,0.045,16.615,0.043,Surveyphotometry.dat crossmatch,15.002,0.031,13.805,0.035,11.192,0.13,99.999,99.999,Surveyphotometry.dat crossmatch
spec-1993-53762-0004.fits,spec-1993-53762-0004,204.1358600885366,33.87596747095849,1.4692764991412475e+18,18.504030227661133,GALAXY,GALAXY-PASS,xPCA,7536.631613489132,0.04064913164593246,1.36926999159456e-05,,,4.504233676796255,0.006380130195052125,LMC,109908.59581939876,-1.0715777713013674,17.587,0.016,15.71,0.003,14.807,0.002,14.246,0.002,13.998,0.0,Surveyphotometry.dat crossmatch,99.999,99.999,13.986,0.002,13.296,0.002,12.901,0.002,Surveyphotometry.dat crossmatch,11.788,0.023,11.767,0.022,9.896,0.043,7.969,0.212,Surveyphotometry.dat crossmatch
spec-2666-54230-0477.fits,spec-2666-54230-0477,205.57824095854716,24.10066156992103,1.4438922803482885e+18,18.350704193115234,QSO,QSO,xPCA,6473.423499781104,1.8917789087323746,0.00013490533773274113,,,0.039160175563421315,0.00516667941380454,MW,10135.49480619532,-1.4120639920904583,18.438,0.016,18.514,0.007,18.555,0.009,18.297,0.009,18.195,0.02,Surveyphotometry.dat crossmatch,99.999,99.999,17.525,0.026,17.093,0.035,16.407,0.033,Surveyphotometry.dat crossmatch,15.656,0.041,14.6,0.05,11.056,0.1,8.569,0.276,Surveyphotometry.dat crossmatch
spec-2110-53467-0188.fits,SDSS J132827.98+305614.9,202.11658676178945,30.937461505212667,1.468277966487653e+18,18.44921112060547,QSO,QSO,xPCA,4952.237226412962,1.8668898150177864,0.00029866404896032475,,,0.007057339288345762,0.002433722323610245,SMC,5157.635726742211,-1.1044535287320614,18.686,0.019,18.633,0.008,18.565,0.009,18.328,0.01,18.205,0.03,Surveyphotometry.dat crossmatch,99.999,99.999,17.489,0.021,17.208,0.04,16.49,0.039,Surveyphotometry.dat crossmatch,15.404,0.036,14.14,0.037,10.996,0.115,9.214,0.52,Surveyphotometry.dat crossmatch
spec-5988-56072-0997.fits,spec-5988-56072-0997,193.63864070923267,22.184347170464207,3.954931028619469e+18,17.483516693115234,GALAXY,GALAXY-PASS,xPCA,2921.0538042333733,0.5087509246711139,0.0002723708099574199,,,0.6830169083252764,0.0015276367958993453,SMC,72214.29836129458,-0.9911786092561566,18.064,0.013,17.63,0.005,17.277,0.006,16.967,0.006,16.731,0.01,Surveyphotometry.dat crossmatch,99.999,99.999,15.719,0.006,15.059,0.006,14.221,0.006,Surveyphotometry.dat crossmatch,13.067,0.024,12.282,0.024,10.114,0.056,8.083,0.191,Surveyphotometry.dat crossmatch
spec-2243-53794-0437.fits,SDSS J131253.83+272830.0,198.22432425092785,27.475010956782302,1.460156870525371e+18,18.62665367126465,QSO,QSO,xPCA,4255.790483523498,1.4845744136430796,0.00032176799631183505,,,0.19504057723862447,0.0029849331171371146,SMC,4551.598762937816,-1.1319828530667342,19.169,0.021,18.864,0.009,18.612,0.009,18.386,0.01,18.294,0.02,Surveyphotometry.dat crossmatch,99.999,99.999,99.999,9.999,17.106,0.031,16.608,0.038,Surveyphotometry.dat crossmatch,15.346,0.039,14.036,0.041,11.087,0.161,8.565,0.473,Surveyphotometry.dat crossmatch
spec-2245-54208-0165.fits,SDSS J133338.61+254952.5,203.41090836490147,25.83125301731737,1.4481010390605783e+18,16.95720863342285,QSO,QSO-MIDZ,xPCA,12709.693741615238,0.3873626550325724,2.978993373918549e-05,,,2.9605620282787196e-10,1.0528310325756023e-05,MW,42151.48336290735,-1.4580059818454516,17.117,0.008,17.104,0.005,17.187,0.005,17.233,0.006,16.672,0.0,Surveyphotometry.dat crossmatch,99.999,99.999,16.074,0.008,15.08,0.006,13.832,0.004,Surveyphotometry.dat crossmatch,12.149,0.022,11.029,0.02,8.179,0.021,5.554,0.035,Surveyphotometry.dat crossmatch
spec-2660-54504-0183.fits,SDSS J124055.15+250058.4,190.22980632971093,25.016245130812933,3.9596850420203935e+18,18.362035751342773,QSO,QSO-MIDZ,xPCA,5622.627030910424,0.5866093160820793,0.00011834016176698496,,,7.962570625639001e-10,6.292552232933928e-05,MW,13674.702851899854,-1.5064665711044338,19.101,0.027,18.738,0.008,18.944,0.01,18.841,0.012,18.894,0.04,Surveyphotometry.dat crossmatch,99.999,99.999,17.898,0.039,17.247,0.03,16.429,0.032,Surveyphotometry.dat crossmatch,14.929,0.034,13.754,0.036,10.903,0.107,8.196,0.273,Surveyphotometry.dat crossmatch
spec-6492-56362-0204.fits,SDSS J133004.45+303328.1,202.51856288036583,30.55781815919235,1.4682066013107994e+18,18.401330947875977,QSO,QSO,xPCA,9621.070684715938,2.0692339962645296,0.00022889770639859791,,,0.030864265004514745,0.0013811829930263416,SMC,17640.036895750924,-0.993861748074655,18.763,0.02,18.646,0.008,18.353,0.008,18.155,0.009,18.041,0.02,Surveyphotometry.dat crossmatch,99.999,99.999,17.442,0.021,16.905,0.023,16.261,0.03,Surveyphotometry.dat crossmatch,15.187,0.034,14.052,0.038,10.45,0.062,8.01,0.196,Surveyphotometry.dat crossmatch
spec-2237-53828-0454.fits,SDSS J124034.18+303746.5,190.1424747788649,30.629593762031615,4.0114839925819167e+18,18.863651275634766,QSO,QSO,xPCA,6007.019834140951,1.6446433620175154,0.0001710532806519939,,,0.15233555275191488,0.005090757913770769,MW,13166.720569891711,-1.1980480027689697,18.819,0.018,18.731,0.008,18.668,0.009,18.431,0.01,18.53,0.03,Surveyphotometry.dat crossmatch,99.999,99.999,17.548,0.029,16.791,0.036,16.637,0.047,Surveyphotometry.dat crossmatch,15.39,0.037,14.283,0.045,11.18,0.138,8.201,0.213,Surveyphotometry.dat crossmatch
spec-2119-53792-0090.fits,SDSS J135927.53+242654.2,209.8647253231724,24.448409477019126,1.2578463874172083e+18,18.738380432128906,QSO,QSO-MIDZ,xPCA,3852.148644829428,1.3556458566084904,0.00038972401955764975,,,0.2554618184519828,0.003727752004275664,SMC,4721.732031067866,-1.046185657175954,18.668,0.02,18.785,0.009,18.386,0.008,18.315,0.009,18.302,0.02,Surveyphotometry.dat crossmatch,99.999,99.999,17.558,0.025,16.648,0.02,16.399,0.034,Surveyphotometry.dat crossmatch,15.573,0.042,14.475,0.046,11.52,0.15,8.617,0.329,Surveyphotometry.dat crossmatch
spec-6494-56363-0440.fits,SDSS J135056.35+300212.5,207.7347964310103,30.036841588962904,1.4554224078161838e+18,18.544126510620117,QSO,QSO,xPCA,11032.197564623068,2.1561848102127787,0.00021119786226255396,,,0.09044370653897138,0.001591077298973266,SMC,17281.840443018522,-1.166389750005971,19.195,0.025,18.977,0.009,18.699,0.01,18.495,0.011,18.252,0.03,Surveyphotometry.dat crossmatch,99.999,99.999,17.393,0.035,16.777,0.032,16.024,0.024,Surveyphotometry.dat crossmatch,15.248,0.035,14.164,0.04,10.939,0.105,8.487,0.285,Surveyphotometry.dat crossmatch
spec-2246-53767-0417.fits,SDSS J134208.36+270930.5,205.5349028952052,27.158504702082155,1.4516549698788618e+18,17.801279067993164,QSO,QSO,xPCA,8111.55916627544,1.189914274333016,0.00016423198124815888,,,0.32146868949105367,0.0027910752702388075,SMC,19570.847519165953,-1.2427246683064472,18.2,0.015,18.03,0.006,17.685,0.006,17.687,0.007,17.885,0.02,Surveyphotometry.dat crossmatch,99.999,99.999,17.354,0.027,16.732,0.028,15.971,0.023,Surveyphotometry.dat crossmatch,14.146,0.028,12.954,0.026,10.055,0.054,7.804,0.14,Surveyphotometry.dat crossmatch
spec-2652-54508-0371.fits,SDSS J132119.98+223343.7,200.33325776393255,22.562137433403983,1.4426989666341494e+18,18.742719650268555,QSO,QSO,xPCA,4526.871373275173,1.595176705978958,0.0003399316447124057,,,3.407437965141126e-09,0.00015550713177661104,LMC,5340.793491827687,-1.1936055220232595,19.391,0.024,19.111,0.01,19.028,0.011,18.796,0.013,18.957,0.03,Surveyphotometry.dat crossmatch,99.999,99.999,17.564,0.033,17.083,0.028,16.716,0.043,Surveyphotometry.dat crossmatch,15.375,0.038,14.205,0.043,11.072,0.127,8.619,0.374,Surveyphotometry.dat crossmatch
spec-2649-54212-0337.fits,SDSS J125020.53+225746.1,192.58553224879853,22.962822653270425,3.9552712200936253e+18,18.575401306152344,QSO,QSO,xPCA,4337.37749692842,1.519280421364296,0.0002498830224835673,,,0.004882903861097762,0.002398212878483969,SMC,4924.005266002592,-1.0885583769567218,19.041,0.02,18.852,0.009,18.736,0.009,18.556,0.011,18.537,0.02,Surveyphotometry.dat crossmatch,99.999,99.999,17.441,0.028,16.837,0.026,16.431,0.037,Surveyphotometry.dat crossmatch,15.202,0.036,13.841,0.037,10.758,0.09,8.645,0.346,Surveyphotometry.dat crossmatch
spec-2110-53467-0314.fits,SDSS J132500.34+310055.0,201.2514606174903,31.015255868395784,1.4625197210138004e+18,18.599422454833984,QSO,QSO,xPCA,4336.513778454954,1.277036540694494,0.00023984412010611794,,,0.03052289524566346,0.004077108924260504,SMC,5755.232512590716,-1.2307931235592169,18.893,0.021,18.907,0.009,18.639,0.009,18.598,0.011,18.688,0.03,Surveyphotometry.dat crossmatch,99.999,99.999,18.135,0.039,17.153,0.037,16.978,0.061,Surveyphotometry.dat crossmatch,15.661,0.039,14.358,0.04,11.092,0.124,99.999,99.999,Surveyphotometry.dat crossmatch
spec-2649-54212-0378.fits,SDSS J125234.05+231114.0,193.14188902673396,23.18722560352759,3.95676738054128e+18,18.41370964050293,QSO,QSO,xPCA,4023.2032686870198,0.7645338740591969,9.362724273409116e-05,,,1.2914624068511432e-11,8.140188532285825e-05,MW,4790.188890634612,-1.1597453674255602,18.943,0.021,18.547,0.008,18.502,0.008,18.591,0.011,18.387,0.02,Surveyphotometry.dat crossmatch,99.999,99.999,17.241,0.024,16.806,0.035,16.159,0.032,Surveyphotometry.dat crossmatch,14.7,0.029,13.581,0.032,10.652,0.077,8.233,0.251,Surveyphotometry.dat crossmatch
spec-2093-53818-0400.fits,SDSS J130941.60+334038.3,197.42333757344144,33.67731486346902,1.4677570384937897e+18,18.760887145996094,QSO,QSO,xPCA,3375.051210108249,0.7734134584330257,0.00015021347831949326,,,6.498028173483258e-10,4.845278995009995e-05,MW,6571.5574500835955,-1.403866512029901,18.963,0.021,18.736,0.008,18.739,0.009,18.903,0.013,18.804,0.03,Surveyphotometry.dat crossmatch,99.999,99.999,17.96,0.054,17.427,0.049,16.848,0.052,Surveyphotometry.dat crossmatch,15.114,0.036,14.179,0.041,11.102,0.112,8.465,0.239,Surveyphotometry.dat crossmatch
spec-2661-54505-0569.fits,SDSS J125634.47+253023.6,194.1436779594632,25.506556264933096,3.9582110092448543e+18,18.997119903564453,QSO,,Composite model - MW,7835.630493439418,1.8616281641051629,0.00016982685547783927,0.08984350158810568,0.0070798784311637344,0.08984350158810568,0.0070798784311637344,MW,7835.630493439418,-1.35577215298219,19.232,0.022,19.162,0.01,19.2,0.012,18.871,0.013,18.887,0.03,Surveyphotometry.dat crossmatch,99.999,99.999,18.333,0.078,17.753,0.065,17.133,0.07,Surveyphotometry.dat crossmatch,15.702,0.043,14.559,0.048,11.228,0.149,99.999,99.999,Surveyphotometry.dat crossmatch
spec-2029-53819-0387.fits,SDSS J130257.30+315548.8,195.7387803996691,31.930247805744195,1.4670888446624563e+18,18.249614715576172,QSO,QSO,xPCA,3809.1005316024552,1.5694329946262287,0.0003963217327757804,,,0.0294917586567086,0.002574550199346279,SMC,3905.5170671267497,-1.0835269452648895,19.126,0.023,18.874,0.009,18.699,0.009,18.445,0.01,18.433,0.02,Surveyphotometry.dat crossmatch,99.999,99.999,17.304,0.019,16.656,0.02,16.365,0.03,Surveyphotometry.dat crossmatch,15.257,0.037,14.014,0.039,10.951,0.111,99.999,99.999,Surveyphotometry.dat crossmatch
spec-2238-54205-0001.fits,SDSS J124943.75+261629.6,192.4323051570758,26.27491161057795,3.961501671451833e+18,18.68939781188965,QSO,QSO,xPCA,5050.003301900399,1.8432329610733285,0.0004235859323148664,,,0.0800600103507094,0.0030455758788098114,SMC,6505.378978518437,-1.2535715965376555,18.939,0.02,18.89,0.009,18.712,0.009,18.477,0.011,18.561,0.03,Surveyphotometry.dat crossmatch,99.999,99.999,17.704,0.034,17.389,0.044,16.796,0.053,Surveyphotometry.dat crossmatch,16.225,0.06,15.882,0.133,99.999,99.999,99.999,99.999,Surveyphotometry.dat crossmatch
spec-2011-53499-0117.fits,SDSS J130120.12+282137.1,195.3338502565693,28.3603438947048,1.4608447868471025e+18,18.67807388305664,QSO,QSO,xPCA,4237.822408243679,1.3701181715251822,0.00020815093445588175,,,0.2008387600030494,0.005499031181199016,LMC,6686.860850139933,-1.5105384333079235,18.993,0.023,19.246,0.01,18.78,0.01,18.838,0.013,18.767,0.04,Surveyphotometry.dat crossmatch,99.999,99.999,17.854,0.034,16.91,0.031,16.813,0.044,Surveyphotometry.dat crossmatch,15.721,0.044,14.446,0.048,11.702,0.221,99.999,99.999,Surveyphotometry.dat crossmatch
spec-2011-53499-0041.fits,SDSS J130205.16+285214.7,195.52149489542117,28.87076300511848,1.4642400143310106e+18,18.713176727294922,QSO,QSO,xPCA,6210.910078312919,1.897276874688036,0.0006201801227116063,,,0.3935729835982068,0.00998975534473287,LMC,6503.67280521877,-2.235382849259425,19.632,0.034,19.486,0.013,19.394,0.015,18.936,0.015,18.806,0.04,Surveyphotometry.dat crossmatch,99.999,99.999,17.982,0.037,17.492,0.057,16.867,0.048,Surveyphotometry.dat crossmatch,15.454,0.039,14.171,0.043,10.571,0.078,8.469,0.256,Surveyphotometry.dat crossmatch
spec-2002-53471-0638.fits,SDSS J132646.02+291818.0,201.6917677319128,29.305003088337056,1.4620284454748897e+18,18.609529495239258,QSO,QSO,xPCA,4750.641192550927,1.5201529745185798,0.0004702748770822226,,,3.559068524378213e-09,0.00013096227830982092,MW,5843.293863074776,-1.2732590936892627,18.844,0.021,18.732,0.008,18.67,0.009,18.536,0.01,18.649,0.03,Surveyphotometry.dat crossmatch,99.999,99.999,17.931,0.04,17.309,0.048,16.865,0.05,Surveyphotometry.dat crossmatch,15.315,0.036,13.942,0.036,11.2,0.146,8.819,0.463,Surveyphotometry.dat crossmatch
spec-1978-53473-0458.fits,SDSS J133338.70+292631.3,203.41129100788925,29.44200485734255,1.4558849586142198e+18,18.007965087890625,QSO,QSO,xPCA,4602.020967970421,1.8253353284874878,0.0002886171798209926,,,0.07130446758788336,0.004536612934697946,MW,4744.449032492418,-1.001754688533556,18.508,0.016,18.507,0.008,18.44,0.008,18.053,0.009,18.039,0.02,Surveyphotometry.dat crossmatch,99.999,99.999,17.178,0.022,16.872,0.03,16.274,0.03,Surveyphotometry.dat crossmatch,15.183,0.036,13.945,0.037,10.807,0.104,99.999,99.999,Surveyphotometry.dat crossmatch
spec-2116-53854-0259.fits,spec-2116-53854-0259,207.9282268538102,29.331961135147143,1.4523544997926538e+18,18.768903732299805,GALAXY,GALAXY-PASS,xPCA,9036.797289106918,0.03497533492044047,1.079920510939641e-05,,,2.8739912837678436,0.0023290124585537697,SMC,985780.8428275636,-1.0488366760826475,16.805,0.011,14.86,0.002,13.986,0.002,13.572,0.002,13.236,0.0,Surveyphotometry.dat crossmatch,99.999,99.999,13.863,0.002,13.182,0.002,12.782,0.002,Surveyphotometry.dat crossmatch,11.406,0.022,11.453,0.02,10.069,0.053,8.101,0.154,Surveyphotometry.dat crossmatch
spec-5996-56096-0784.fits,SDSS J132406.07+262921.2,201.02531694293032,26.48924149971032,1.4490658605134592e+18,17.524690628051758,QSO,QSO,xPCA,16596.546443706295,1.6866883781348068,0.0001228072293844508,,,0.24251589875729784,0.0009283583170357906,SMC,18180.86595640539,-1.0271462059371106,17.87,0.012,17.751,0.006,17.62,0.006,17.267,0.006,17.213,0.01,Surveyphotometry.dat crossmatch,99.999,99.999,16.004,0.008,15.387,0.007,15.04,0.011,Surveyphotometry.dat crossmatch,13.997,0.027,12.802,0.026,9.787,0.046,7.686,0.179,Surveyphotometry.dat crossmatch
spec-2665-54232-0142.fits,SDSS J133351.07+232201.6,203.46281147320744,23.367103899214708,1.4430385052734426e+18,18.963136672973633,QSO,QSO,xPCA,5377.4496092687705,0.6491873693326728,5.750187261662753e-05,,,0.07374841063852053,0.006538570371723451,MW,7162.5262070722765,-1.519568506919786,19.607,0.029,19.092,0.01,19.095,0.012,19.043,0.015,19.014,0.04,Surveyphotometry.dat crossmatch,99.999,99.999,17.922,0.038,17.282,0.035,16.371,0.031,Surveyphotometry.dat crossmatch,15.085,0.035,14.039,0.04,11.173,0.141,99.999,99.999,Surveyphotometry.dat crossmatch
spec-5968-56356-0900.fits,SDSS J124516.21+274952.6,191.3175355251877,27.831309403632908,3.9626353366599526e+18,18.840492248535156,QSO,QSO,xPCA,11412.235231870822,2.3539180375317916,0.00025983313282664313,,,0.06003648427093841,0.0012578480076979384,SMC,17047.283621024933,-1.1265617234210763,19.763,0.03,19.003,0.009,18.934,0.01,18.891,0.013,18.657,0.03,Surveyphotometry.dat crossmatch,99.999,99.999,18.033,0.04,17.531,0.056,16.795,0.048,Surveyphotometry.dat crossmatch,15.904,0.05,14.802,0.065,11.363,0.187,99.999,99.999,Surveyphotometry.dat crossmatch
spec-2117-54115-0559.fits,SDSS J135559.35+334658.3,208.99733620411905,33.78287790212284,1.4587541385033866e+18,18.262378692626953,QSO,QSO-MIDZ,xPCA,4068.939054041879,0.8329473906631399,0.00023821263392645881,,,2.104042607460263e-11,2.2503772036272475e-05,SMC,9530.417282702787,-1.0345769676011658,18.305,0.015,18.087,0.006,18.078,0.007,18.262,0.009,18.16,0.02,Surveyphotometry.dat crossmatch,99.999,99.999,16.739,0.018,16.574,0.022,15.768,0.022,Surveyphotometry.dat crossmatch,14.246,0.027,13.169,0.028,10.707,0.088,8.989,0.476,Surveyphotometry.dat crossmatch
spec-3303-54950-0524.fits,SDSS J132053.01+255939.5,200.2208865486556,25.99431627354289,1.4475712419590067e+18,18.90763282775879,QSO,QSO-MIDZ,xPCA,3896.893213167025,1.0389846951025268,0.00029502494811641645,,,1.4869476906275575e-11,2.0140796546014078e-05,MW,8775.752287095096,-1.0857061368301393,19.098,0.021,19.048,0.009,18.897,0.01,19.0,0.014,19.004,0.04,Surveyphotometry.dat crossmatch,99.999,99.999,18.07,0.038,17.637,0.044,16.846,0.042,Surveyphotometry.dat crossmatch,15.377,0.037,14.176,0.04,11.29,0.149,8.48,0.294,Surveyphotometry.dat crossmatch
spec-2246-53767-0311.fits,spec-2246-53767-0311,204.22978434312773,26.118405651498367,1.445475950753328e+18,18.206186294555664,QSO,QSO-MIDZ,xPCA,5929.650332957736,0.16393840958550854,9.515652862009377e-05,,,1.0913373878669537,0.0036475513859965947,SMC,47120.457423409294,-1.7111514513428137,18.094,0.02,17.486,0.006,16.886,0.005,16.511,0.005,16.313,0.01,Surveyphotometry.dat crossmatch,99.999,99.999,16.047,0.008,15.289,0.008,14.59,0.008,Surveyphotometry.dat crossmatch,13.358,0.027,12.688,0.024,9.539,0.036,7.186,0.11,Surveyphotometry.dat crossmatch
spec-2244-53795-0407.fits,SDSS J132244.50+274836.2,200.68542728499253,27.810081967203452,1.4495311901545196e+18,18.753028869628906,QSO,QSO,xPCA,3708.338953507382,1.0991815469290689,0.00035253479217433383,,,0.4978966569808805,0.006822630501109039,LMC,3881.4383356727003,-1.3912887337296385,20.165,0.048,19.646,0.015,19.116,0.013,18.934,0.015,18.819,0.04,Surveyphotometry.dat crossmatch,99.999,99.999,17.903,0.038,17.251,0.033,16.278,0.03,Surveyphotometry.dat crossmatch,14.623,0.028,13.289,0.028,10.64,0.084,8.335,0.252,Surveyphotometry.dat crossmatch
spec-2244-53795-0466.fits,spec-2244-53795-0466,200.83622766923477,27.043349354456566,1.449352077134057e+18,18.744550704956055,GALAXY,GALAXY-PASS,xPCA,4361.04694512372,0.07194427499418908,1.2861320361871137e-05,,,1.9014756883683874,0.002642345364571197,SMC,570777.2636382416,-1.2119539715816077,18.602,0.02,16.856,0.004,16.054,0.003,15.707,0.004,15.436,0.0,Surveyphotometry.dat crossmatch,99.999,99.999,14.95,0.005,14.331,0.004,13.88,0.005,Surveyphotometry.dat crossmatch,13.416,0.036,13.36,0.042,12.489,0.532,99.999,99.999,Surveyphotometry.dat crossmatch
spec-2665-54232-0261.fits,SDSS J132927.91+234224.9,202.3663097835729,23.706935745287097,1.4432877851751337e+18,18.183246612548828,QSO,QSO-MIDZ,xPCA,3996.910571987971,1.4358469664306202,0.0003174656359196065,,,0.11495819411573341,9.77506490911842e-05,SMC,4458.444912401059,-1.211026393096596,18.818,0.02,18.496,0.007,18.188,0.007,18.071,0.008,18.037,0.01,Surveyphotometry.dat crossmatch,99.999,99.999,16.851,0.015,16.179,0.013,15.909,0.02,Surveyphotometry.dat crossmatch,14.628,0.029,13.221,0.031,10.055,0.052,7.833,0.199,Surveyphotometry.dat crossmatch
spec-10251-58173-0063.fits,SDSS J130749.63+350140.3,196.95678340882705,35.02787962253386,1.4680920459433795e+18,17.609115600585938,QSO,QSO,xPCA,22481.64056560604,0.30037915750139565,1.7257792635133392e-05,,,3.709821024596577e-11,2.3733314938551513e-05,SMC,40509.69315079665,-1.4172454590545869,16.768,0.007,16.917,0.004,16.949,0.005,17.002,0.006,16.417,0.0,Surveyphotometry.dat crossmatch,99.999,99.999,16.192,0.009,15.305,0.009,14.103,0.007,Surveyphotometry.dat crossmatch,12.586,0.024,11.471,0.021,8.916,0.028,7.08,0.087,Surveyphotometry.dat crossmatch
spec-5994-56101-0827.fits,SDSS J131057.89+273920.3,197.741234036831,27.65566928294077,1.4601319640110408e+18,18.970638275146484,BAL_QSO,QSO,xPCA,50485.55232972663,3.057794040718126,0.0003762191053439035,,,0.019067031178247,0.0013940412695295952,SMC,146577.55137378245,-1.6951887288503693,20.244,0.046,19.638,0.013,19.269,0.013,19.155,0.023,18.975,0.04,Surveyphotometry.dat crossmatch,99.999,99.999,99.999,99.999,99.999,99.999,16.81,0.045,Surveyphotometry.dat crossmatch,16.215,0.062,15.085,0.077,11.953,0.389,99.999,99.999,Surveyphotometry.dat crossmatch
spec-5997-56309-0420.fits,SDSS J131524.31+261117.4,198.85130022643463,26.18816901238293,1.4477496033604268e+18,18.77305793762207,QSO,QSO,xPCA,9460.65152157436,2.2885420739649103,0.00012849779831426882,,,5.733277351135935e-13,7.475357880410913e-05,MW,16420.149872038433,-1.095219831491693,19.123,0.023,18.612,0.008,18.669,0.009,18.672,0.012,18.436,0.02,Surveyphotometry.dat crossmatch,99.999,99.999,17.787,0.028,17.215,0.031,16.411,0.03,Surveyphotometry.dat crossmatch,15.701,0.044,14.661,0.053,11.297,0.149,8.559,0.265,Surveyphotometry.dat crossmatch
spec-2664-54524-0488.fits,SDSS J132411.01+242540.9,201.04588818970183,24.428067228244547,1.4463553238328259e+18,18.42866325378418,QSO,QSO-MIDZ,xPCA,3814.750886066969,0.9270367631077552,0.0003381503195944744,,,1.8061797446133204e-10,0.00012957703714023744,SMC,4373.790604532458,-1.214775406382151,19.033,0.022,18.92,0.009,18.799,0.01,18.863,0.012,18.734,0.04,Surveyphotometry.dat crossmatch,99.999,99.999,17.497,0.023,17.283,0.039,16.606,0.04,Surveyphotometry.dat crossmatch,15.053,0.034,14.028,0.04,11.26,0.136,8.53,0.331,Surveyphotometry.dat crossmatch
spec-1978-53473-0544.fits,SDSS J133542.56+285330.4,203.92737293636316,28.891779996679407,1.4557961043305667e+18,18.091142654418945,QSO,QSO-MIDZ,xPCA,4300.782922363044,0.6506310106367268,0.0002047489090661778,,,1.549323443790409e-09,0.0002145140231224627,MW,5170.9595285867035,-1.1351991225302611,18.421,0.016,17.991,0.006,17.998,0.007,17.93,0.008,18.013,0.02,Surveyphotometry.dat crossmatch,99.999,99.999,17.144,0.02,16.389,0.019,15.512,0.018,Surveyphotometry.dat crossmatch,13.844,0.026,12.759,0.025,10.147,0.05,7.939,0.176,Surveyphotometry.dat crossmatch
spec-5984-56337-0010.fits,SDSS J124537.35+252353.8,191.40564948189348,25.39825395671803,3.9609771700456827e+18,18.513731002807617,QSO,QSO-MIDZ,xPCA,15446.742754909199,1.9440826642645446,0.00014727724025030247,,,0.14140851659960613,0.001668772139332475,SMC,19738.312073402918,-1.4036594468891388,18.708,0.018,18.586,0.008,18.479,0.008,18.145,0.009,17.915,0.01,Surveyphotometry.dat crossmatch,99.999,99.999,17.248,0.025,16.792,0.023,16.103,0.027,Surveyphotometry.dat crossmatch,15.092,0.033,13.991,0.039,10.784,0.093,99.999,99.999,Surveyphotometry.dat crossmatch
spec-5987-56339-0264.fits,SDSS J124941.89+252838.9,192.4245650758362,25.477469978375428,3.958060371855842e+18,18.803499221801758,QSO,QSO-MIDZ,xPCA,5023.9866724231515,1.9105160598159827,0.0003269733469052094,,,7.964424828194386e-10,4.193894539478439e-05,SMC,5569.142339469369,-1.0589467173371614,19.318,0.023,19.206,0.01,19.189,0.012,18.979,0.014,18.883,0.03,Surveyphotometry.dat crossmatch,99.999,99.999,17.889,0.037,17.529,0.057,16.895,0.051,Surveyphotometry.dat crossmatch,15.717,0.046,14.942,0.075,11.955,0.317,99.999,99.999,Surveyphotometry.dat crossmatch
spec-2242-54153-0490.fits,SDSS J130446.36+271951.8,196.1931807812413,27.331073157033025,1.4605387102980122e+18,18.805849075317383,QSO,QSO,xPCA,3377.7359427357837,1.5265622328553832,0.0005160132632098746,,,0.019205680508090434,0.003757968599146842,SMC,3623.8770736690667,-1.157495044245541,19.444,0.029,19.242,0.01,19.173,0.012,18.973,0.014,19.101,0.05,Surveyphotometry.dat crossmatch,99.999,99.999,18.196,0.041,17.62,0.048,17.246,0.068,Surveyphotometry.dat crossmatch,15.688,0.04,14.297,0.04,11.252,0.12,8.393,0.234,Surveyphotometry.dat crossmatch
spec-5968-56356-0052.fits,SDSS J124658.18+265609.8,191.74240658823047,26.93606423650273,3.9617830476451144e+18,17.473644256591797,QSO,QSO,xPCA,10252.37526343884,1.9773822214684735,0.00022988503505460222,,,0.007060459301498395,0.0007712560720321625,SMC,23632.263070306977,-1.0005653914059789,17.719,0.01,17.697,0.005,17.596,0.006,17.43,0.006,17.352,0.01,Surveyphotometry.dat crossmatch,99.999,99.999,16.476,0.012,16.121,0.019,15.592,0.02,Surveyphotometry.dat crossmatch,14.582,0.029,13.318,0.029,9.853,0.053,7.757,0.191,Surveyphotometry.dat crossmatch
spec-2240-53823-0313.fits,SDSS J124955.47+272339.1,192.48112004095452,27.39421704043421,3.961812627084177e+18,18.99903678894043,QSO,QSO,xPCA,8730.847103166892,2.025032187016649,0.00015559357561230976,,,0.10080293942207254,0.006371188113572443,MW,15381.720199194368,-1.8245485718850945,18.876,0.02,18.939,0.009,19.025,0.011,18.753,0.012,18.596,0.03,Surveyphotometry.dat crossmatch,99.999,99.999,17.93,0.038,17.412,0.053,16.789,0.05,Surveyphotometry.dat crossmatch,15.662,0.044,14.746,0.059,11.681,0.21,8.721,0.366,Surveyphotometry.dat crossmatch
spec-2022-53827-0034.fits,SDSS J125217.93+355911.6,193.0747158134512,35.98658439530344,1.5168557302326226e+18,18.54352378845215,QSO,QSO,xPCA,14202.650812680708,3.0264997557652507,0.00020439072801493066,,,0.13251535443536802,0.00443341190786517,MW,17900.396424168972,-1.8992060162529014,20.15,0.049,18.642,0.008,18.462,0.008,18.472,0.01,18.468,0.02,Surveyphotometry.dat crossmatch,99.999,99.999,17.158,0.032,99.999,99.999,16.109,0.038,Surveyphotometry.dat crossmatch,15.235,0.037,14.382,0.047,11.232,0.134,8.597,0.355,Surveyphotometry.dat crossmatch
spec-2093-53818-0608.fits,spec-2093-53818-0608,199.44245811642216,33.83757030131233,1.4728048663138724e+18,18.975467681884766,GALAXY,GALAXY-PASS,xPCA,4326.510683205246,0.037265659374694504,1.0954922289301937e-05,,,2.5819666819179883,0.0033291401978916557,MW,648688.3332091068,-1.0345847443908567,17.554,0.015,15.828,0.003,15.012,0.003,14.628,0.003,14.318,0.0,Surveyphotometry.dat crossmatch,99.999,99.999,14.585,0.004,13.936,0.003,13.609,0.004,Surveyphotometry.dat crossmatch,12.325,0.023,12.303,0.022,10.676,0.067,99.999,99.999,Surveyphotometry.dat crossmatch
spec-2241-54169-0510.fits,spec-2241-54169-0510,194.9262610857969,27.924744323589533,1.4608043840916426e+18,17.915313720703125,GALAXY,GALAXY-PASS,xPCA,5801.430893126544,0.02308095452515868,1.0008275831605005e-05,,,2.553212177208602,0.0025656799165976185,LMC,849945.1201601686,-1.008830168060496,17.86,0.015,16.061,0.003,15.26,0.003,14.906,0.003,14.613,0.0,Surveyphotometry.dat crossmatch,99.999,99.999,14.25,0.003,13.601,0.003,13.313,0.003,Surveyphotometry.dat crossmatch,12.542,0.024,12.573,0.025,12.035,0.328,99.999,99.999,Surveyphotometry.dat crossmatch
spec-2666-54230-0320.fits,SDSS J133712.59+231127.7,204.30248568375904,23.191033129158185,1.4437593382242355e+18,18.9285831451416,QSO,QSO-MIDZ,xPCA,5785.972852889508,1.2841782928498375,0.0004270676394337635,,,0.24445014282199135,0.0042965987373281,SMC,8364.443978249534,-1.4154412000996213,18.906,0.02,19.088,0.01,18.573,0.009,18.568,0.011,18.631,0.03,Surveyphotometry.dat crossmatch,99.999,99.999,18.033,0.043,16.889,0.025,16.588,0.038,Surveyphotometry.dat crossmatch,15.196,0.035,13.863,0.036,10.864,0.114,99.999,99.999,Surveyphotometry.dat crossmatch
spec-2238-54205-0617.fits,SDSS J125017.94+281555.4,192.57476069861772,28.265414560235417,3.9620268299889705e+18,18.98334503173828,QSO,QSO,xPCA,8560.992364112491,2.4990255556197822,0.00018681287496599239,,,1.3677210405904638e-15,8.087332307572158e-05,LMC,11834.176975907369,-1.2962961275057823,19.824,0.034,19.147,0.01,19.124,0.011,19.077,0.015,18.87,0.03,Surveyphotometry.dat crossmatch,99.999,99.999,17.956,0.036,17.449,0.052,16.604,0.041,Surveyphotometry.dat crossmatch,16.166,0.054,15.323,0.085,12.122,0.294,99.999,99.999,Surveyphotometry.dat crossmatch
spec-2114-53848-0080.fits,SDSS J135036.43+271745.1,207.65179984892484,27.295871252828093,1.4514822391784146e+18,18.78536605834961,QSO,QSO,xPCA,7994.690664878679,2.0987746892894843,0.0004541527564441354,,,0.49196815293614643,0.0028610075268091784,SMC,10467.493314837693,-1.3001692031522645,19.437,0.032,19.12,0.01,18.743,0.01,18.313,0.01,17.922,0.02,Surveyphotometry.dat crossmatch,99.999,99.999,16.801,0.021,16.146,0.021,15.363,0.017,Surveyphotometry.dat crossmatch,14.386,0.027,13.051,0.025,9.706,0.035,7.583,0.115,Surveyphotometry.dat crossmatch
spec-5988-56072-0518.fits,SDSS J124232.29+220255.0,190.6345117327264,22.048608028115325,3.9554860414743204e+18,17.850671768188477,QSO,QSO,xPCA,20839.23955019137,1.894853944747603,9.686208507064543e-05,,,0.17216371616696202,0.0009698534730076119,SMC,27611.85905306971,-1.184469048469282,18.299,0.015,18.4,0.007,18.277,0.008,17.874,0.007,17.876,0.01,Surveyphotometry.dat crossmatch,99.999,99.999,99.999,99.999,99.999,99.999,99.999,99.999,Surveyphotometry.dat crossmatch,14.729,0.032,13.67,0.034,10.497,0.075,8.381,0.278,Surveyphotometry.dat crossmatch
spec-2651-54507-0381.fits,SDSS J131157.41+222017.0,197.98921366516888,22.33805924463039,3.9439098676603295e+18,18.66069984436035,QSO,QSO,xPCA,9505.854454969158,2.3827507577879286,0.0002626230947543648,,,0.16228027543434578,0.0038931625639971046,LMC,15768.534238797662,-1.1334663558297435,19.299,0.024,18.788,0.008,18.743,0.009,18.719,0.011,18.516,0.02,Surveyphotometry.dat crossmatch,99.999,99.999,17.649,0.027,17.116,0.029,16.344,0.028,Surveyphotometry.dat crossmatch,15.904,0.049,14.936,0.066,11.221,0.147,9.011,0.495,Surveyphotometry.dat crossmatch
spec-2011-53499-0294.fits,SDSS J125446.91+291604.9,193.69546312344045,29.26801942388821,1.4641710156801362e+18,18.724084854125977,QSO,QSO-MIDZ,xPCA,4347.948227270875,1.2190648793970214,0.0007328824089215776,,,0.2027328838842193,0.005642455498249391,SMC,4982.859662522296,-1.298112087903182,19.887,0.038,19.57,0.013,19.115,0.012,19.092,0.015,19.083,0.04,Surveyphotometry.dat crossmatch,99.999,99.999,17.962,0.043,17.389,0.057,16.801,0.053,Surveyphotometry.dat crossmatch,15.544,0.042,14.398,0.049,11.705,0.237,99.999,99.999,Surveyphotometry.dat crossmatch
spec-11397-58522-0154.fits,SDSS J124600.26+303453.6,191.50110342072009,30.581585823316413,1.5132511875192453e+18,18.95988655090332,QSO,QSO,xPCA,5429.824036515579,1.7890564004938698,0.0002714876962432415,,,0.18057517252965014,0.0019975899225840726,SMC,6417.915909920723,-1.103924758881021,19.796,0.033,19.712,0.013,19.508,0.015,19.142,0.02,19.065,0.04,Surveyphotometry.dat crossmatch,99.999,99.999,17.938,0.055,17.515,0.061,16.744,0.054,Surveyphotometry.dat crossmatch,15.449,0.04,14.351,0.045,11.626,0.194,8.088,0.204,Surveyphotometry.dat crossmatch
spec-2093-53818-0382.fits,spec-2093-53818-0382,197.73728936533936,33.81974211940451,1.4677620249524716e+18,18.8494815826416,GALAXY,GALAXY-PASS,xPCA,4194.842030083679,0.05214072846405599,1.417342775287568e-05,,,1.882509024907936,0.003198873469816732,SMC,385579.4095878759,-1.2025653497146955,18.55,0.024,16.816,0.004,16.033,0.003,15.652,0.003,15.354,0.0,Surveyphotometry.dat crossmatch,99.999,99.999,15.119,0.005,14.441,0.004,14.134,0.006,Surveyphotometry.dat crossmatch,13.573,0.046,13.492,0.049,99.999,99.999,99.999,99.999,Surveyphotometry.dat crossmatch
spec-2652-54508-0329.fits,SDSS J131840.40+222757.3,199.6683815512983,22.465944943195268,1.4456838314659707e+18,18.367565155029297,QSO,QSO-MIDZ,xPCA,4423.723913306738,1.5073545184815598,0.0003717736499738845,,,8.258929944018195e-11,6.511417958115538e-05,LMC,7021.504492835742,-1.192481950476719,18.781,0.018,18.576,0.008,18.508,0.008,18.359,0.01,18.562,0.02,Surveyphotometry.dat crossmatch,99.999,99.999,17.821,0.036,17.156,0.028,16.779,0.041,Surveyphotometry.dat crossmatch,15.297,0.039,13.88,0.039,11.111,0.122,9.058,0.461,Surveyphotometry.dat crossmatch
spec-2009-53857-0321.fits,SDSS J130456.85+293332.2,196.23688587599705,29.55894305839791,1.464380850602527e+18,18.501110076904297,QSO,QSO,xPCA,27693.90400963973,2.989121798603037,0.00020262509575989703,,,0.03674992850565962,0.0032908044830211383,MW,31902.17514050144,-2.1593169009042508,20.224,0.053,18.501,0.007,18.37,0.008,18.326,0.01,18.229,0.03,Surveyphotometry.dat crossmatch,99.999,99.999,17.113,0.017,16.633,0.025,16.128,0.027,Surveyphotometry.dat crossmatch,15.234,0.035,14.465,0.047,11.039,0.116,8.934,0.469,Surveyphotometry.dat crossmatch
spec-5991-56076-0431.fits,SDSS J130045.53+240758.6,195.1897248254675,24.132958741126007,3.957075449955301e+18,18.537412643432617,QSO,QSO,xPCA,16757.275314346916,2.285583018358092,0.0001540188567757871,,,2.2238125268114403e-10,1.5489200369979682e-05,LMC,24550.08338418158,-1.113172752283893,19.052,0.021,18.525,0.007,18.529,0.009,18.492,0.01,18.313,0.02,Surveyphotometry.dat crossmatch,99.999,99.999,17.597,0.029,17.128,0.039,16.37,0.031,Surveyphotometry.dat crossmatch,15.606,0.042,14.402,0.047,10.952,0.141,99.999,99.999,Surveyphotometry.dat crossmatch
spec-2112-53534-0630.fits,SDSS J133050.25+331843.1,202.7093955862665,33.311983974545825,1.4699030790330657e+18,18.444149017333984,QSO,QSO-MIDZ,xPCA,6319.50064245848,0.6310602356919706,0.00021018019414727855,,,1.0808097608084113e-10,6.650444229022978e-05,SMC,9246.97452007793,-1.2511713876913968,18.191,0.014,17.931,0.006,18.078,0.007,18.059,0.008,18.2,0.02,Surveyphotometry.dat crossmatch,99.999,99.999,17.422,0.033,16.664,0.041,15.689,0.024,Surveyphotometry.dat crossmatch,14.079,0.026,12.959,0.025,10.313,0.067,8.238,0.245,Surveyphotometry.dat crossmatch
spec-2663-54234-0056.fits,SDSS J131443.80+234826.7,198.6825257146216,23.807439286662717,1.4468200736540237e+18,16.736051559448242,QSO,QSO-MIDZ,xPCA,2271.0979302691767,1.8148157834068603,0.007097952703164408,,,0.22641505826389763,0.0015792367537642155,MW,63672.59134877721,-0.9767997010884506,17.548,0.01,17.125,0.005,16.798,0.005,16.538,0.006,16.321,0.0,Surveyphotometry.dat crossmatch,99.999,99.999,14.203,0.002,13.457,0.002,12.6,0.002,Surveyphotometry.dat crossmatch,11.367,0.023,10.503,0.02,8.047,0.02,6.093,0.057,Surveyphotometry.dat crossmatch
spec-2654-54231-0327.fits,SDSS J133801.80+221502.4,204.5075193076535,22.25069275180693,1.4419676539628943e+18,18.703996658325195,QSO,QSO,xPCA,4581.750244195253,2.1982921319178748,0.000290643398395921,,,0.007411850126956934,0.01017252406470646,MW,4793.378175718395,-1.4145641350046814,19.28,0.027,19.0,0.009,18.975,0.011,18.895,0.013,18.654,0.03,Surveyphotometry.dat crossmatch,99.999,99.999,17.661,0.036,17.137,0.03,16.445,0.032,Surveyphotometry.dat crossmatch,15.723,0.041,14.726,0.053,11.218,0.132,8.909,0.419,Surveyphotometry.dat crossmatch
spec-2109-53468-0097.fits,SDSS J133553.55+315120.6,203.97313075607912,31.85572694402325,1.4687652949539666e+18,18.633790969848633,QSO,QSO,xPCA,3723.944899901916,1.6617455471498854,0.0009283873293718634,,,2.9833750037457432e-09,0.0003245889205465012,LMC,4852.407305104744,-1.2979024180074779,18.671,0.018,18.485,0.007,18.486,0.009,18.354,0.01,18.325,0.02,Surveyphotometry.dat crossmatch,99.999,99.999,17.942,0.042,17.348,0.034,17.01,0.05,Surveyphotometry.dat crossmatch,15.608,0.043,14.424,0.05,11.637,0.193,8.782,0.337,Surveyphotometry.dat crossmatch
spec-2109-53468-0032.fits,SDSS J134103.71+321429.8,205.2654708820275,32.24162175727076,1.45688431160433e+18,18.290483474731445,QSO,QSO,xPCA,4161.594599432701,2.13091524068187,0.0011923113125347565,,,0.30923544637937345,0.003791619936994478,SMC,4641.225424778742,-1.474079578719949,19.733,0.031,19.287,0.011,18.958,0.01,18.693,0.011,18.425,0.02,Surveyphotometry.dat crossmatch,99.999,99.999,17.256,0.024,16.669,0.034,15.919,0.026,Surveyphotometry.dat crossmatch,15.171,0.036,14.187,0.043,10.894,0.102,8.544,0.306,Surveyphotometry.dat crossmatch
spec-2009-53904-0110.fits,spec-2009-53904-0110,197.754670230424,29.1568241916008,1.462631944216326e+18,18.771900177001953,QSO,QSO-MIDZ,xPCA,4056.3125903704854,0.7491618636205337,0.0003441247460914813,,,0.012561977959703288,0.007430554859264851,SMC,4579.47706207506,-1.5202700982046677,19.161,0.026,18.844,0.009,18.851,0.01,18.838,0.013,18.691,0.04,Surveyphotometry.dat crossmatch,99.999,99.999,17.92,0.035,17.269,0.047,16.263,0.033,Surveyphotometry.dat crossmatch,14.687,0.03,13.588,0.032,10.867,0.087,8.355,0.234,Surveyphotometry.dat crossmatch
spec-2648-54485-0421.fits,SDSS J124106.77+230231.7,190.27817914078005,23.042178480261047,3.956154853781052e+18,18.981990814208984,QSO,QSO-MIDZ,xPCA,4071.434183165863,1.3573064860439241,0.0007004318084648523,,,3.59376847399763e-10,6.775017981321038e-05,SMC,5431.904440906588,-1.1972785829298205,19.238,0.023,19.04,0.01,18.979,0.011,18.963,0.014,19.087,0.03,Surveyphotometry.dat crossmatch,99.999,99.999,18.045,0.046,17.564,0.07,17.066,0.071,Surveyphotometry.dat crossmatch,15.609,0.043,14.118,0.04,10.939,0.128,99.999,99.999,Surveyphotometry.dat crossmatch
spec-1994-53845-0485.fits,SDSS J125544.29+315123.1,193.93456140653345,31.856418579009432,1.465806199924447e+18,18.016128540039062,QSO,,Composite model - SMC,5750.784444698868,0.7182644306968414,5.379129988991593e-05,0.1976028789858897,0.0036162111681597164,0.1976028789858897,0.0036162111681597164,SMC,5750.784444698868,-1.3018358920680513,18.728,0.02,18.447,0.007,18.34,0.008,18.298,0.01,18.185,0.02,Surveyphotometry.dat crossmatch,99.999,99.999,17.415,0.026,16.846,0.033,15.871,0.024,Surveyphotometry.dat crossmatch,14.147,0.027,12.963,0.026,10.57,0.078,8.194,0.232,Surveyphotometry.dat crossmatch
spec-2110-53467-0333.fits,SDSS J132458.94+314118.7,201.24559484664297,31.688551738146653,1.46931009866831e+18,18.60408592224121,QSO,QSO,xPCA,5489.865458909351,0.3930605704095209,2.6883288749171363e-05,,,0.060501233534171486,0.005285375943508159,LMC,7846.962993018512,-1.6886699513454664,18.727,0.02,18.396,0.007,18.313,0.008,18.232,0.009,17.834,0.02,Surveyphotometry.dat crossmatch,99.999,99.999,17.228,0.017,16.469,0.019,15.351,0.014,Surveyphotometry.dat crossmatch,13.715,0.026,12.505,0.023,9.602,0.04,7.346,0.146,Surveyphotometry.dat crossmatch
spec-2119-53792-0207.fits,SDSS J135640.37+243100.2,209.16824975684008,24.51672546173909,1.2579539333985009e+18,17.869871139526367,QSO,QSO,xPCA,4424.8762160974,1.0479174434442236,0.00023807879313235078,,,6.532006381100575e-13,2.4327456704618526e-05,SMC,8511.467584592798,-1.0663533487673553,17.896,0.011,17.877,0.006,17.755,0.006,17.813,0.007,17.807,0.01,Surveyphotometry.dat crossmatch,99.999,99.999,17.106,0.017,16.651,0.02,15.821,0.02,Surveyphotometry.dat crossmatch,14.352,0.029,12.977,0.027,10.127,0.057,7.751,0.137,Surveyphotometry.dat crossmatch
spec-5987-56339-0974.fits,SDSS J125422.84+262005.1,193.59518018378716,26.33475610986049,3.9585041321716485e+18,17.603435516357422,QSO,QSO,xPCA,7059.749846427361,2.0363827224778372,0.00014709482434898606,,,1.1036141862571028e-10,4.041961269950613e-06,SMC,22120.71301306141,-1.0219889734813132,17.405,0.009,17.381,0.005,17.382,0.006,17.258,0.006,17.08,0.01,Surveyphotometry.dat crossmatch,99.999,99.999,16.379,0.011,15.947,0.012,99.999,99.999,Surveyphotometry.dat crossmatch,14.174,0.027,12.762,0.025,9.384,0.035,7.19,0.099,Surveyphotometry.dat crossmatch
spec-2242-54153-0600.fits,SDSS J130848.57+272029.8,197.2024190037244,27.34164107982362,1.460108599388907e+18,18.637012481689453,QSO,QSO,xPCA,4094.332640985834,1.0847659091601776,0.0002672455781891055,,,6.652648267338468e-13,8.908419578356952e-05,MW,6266.56925300276,-1.0682007577342765,18.908,0.022,18.75,0.008,18.498,0.009,18.51,0.01,18.512,0.03,Surveyphotometry.dat crossmatch,99.999,99.999,17.878,0.033,17.333,0.038,16.433,0.032,Surveyphotometry.dat crossmatch,14.833,0.032,13.453,0.03,10.391,0.075,7.76,0.181,Surveyphotometry.dat crossmatch
spec-3236-54892-0354.fits,spec-3236-54892-0354,192.9496360414041,30.78391392396277,1.465280972667863e+18,17.321664810180664,STAR,K2_-1.5_Dwarf.fits,Stellar-templates,11878.021040453925,,,,,1.4965186617752828,0.0018048536004460214,LMC,45496.35973024472,-1.0075739144000528,19.501,0.034,17.973,0.006,17.322,0.005,17.026,0.005,16.89,0.01,Surveyphotometry.dat crossmatch,99.999,99.999,99.999,99.999,15.338,0.009,15.256,0.013,Surveyphotometry.dat crossmatch,15.274,0.036,15.354,0.091,99.999,99.999,99.999,99.999,Surveyphotometry.dat crossmatch
spec-6483-56341-0874.fits,SDSS J130548.92+290228.0,196.45387094275247,29.04113962893117,1.4613490890237537e+18,18.82772445678711,QSO,QSO,xPCA,18503.384452470516,2.5857198157580257,0.00020301549846018013,,,0.10161164166665546,0.002099811613571416,LMC,27442.120645310035,-1.2737017555465924,19.393,0.028,18.803,0.009,18.763,0.01,18.792,0.012,18.604,0.03,Surveyphotometry.dat crossmatch,99.999,99.999,17.769,0.031,17.256,0.035,16.426,0.033,Surveyphotometry.dat crossmatch,15.887,0.046,14.965,0.061,11.477,0.143,8.942,0.377,Surveyphotometry.dat crossmatch
spec-2241-54156-0186.fits,SDSS J125708.44+271330.6,194.28515184804527,27.225161241327616,1.460662680233964e+18,18.292367935180664,QSO,QSO,xPCA,5561.760486736763,1.6644458809554332,0.000531368771524502,,,0.3223970093295764,0.003100058541466999,SMC,6003.483331833381,-1.21818460805804,19.264,0.025,18.826,0.008,18.589,0.009,18.199,0.008,18.251,0.02,Surveyphotometry.dat crossmatch,99.999,99.999,17.034,0.015,16.441,0.018,16.035,0.023,Surveyphotometry.dat crossmatch,14.798,0.031,13.426,0.03,10.289,0.064,8.001,0.207,Surveyphotometry.dat crossmatch
spec-2009-53904-0048.fits,SDSS J131233.54+282146.5,198.13978269765516,28.36292270111058,1.4602818025339077e+18,18.51847267150879,QSO,QSO-MIDZ,xPCA,3812.581756574491,1.3195834423282267,0.0006003605897954716,,,0.12447848496037987,0.00421279599379825,SMC,4213.279137332246,-1.2601327887004365,19.037,0.021,18.831,0.009,18.524,0.008,18.372,0.01,18.307,0.02,Surveyphotometry.dat crossmatch,99.999,99.999,17.45,0.026,16.749,0.026,16.49,0.035,Surveyphotometry.dat crossmatch,15.824,0.052,14.966,0.072,12.412,0.523,99.999,99.999,Surveyphotometry.dat crossmatch
spec-2648-54485-0556.fits,SDSS J124620.00+223500.3,191.58337723383409,22.583408779034187,3.9558923410843576e+18,18.614234924316406,QSO,QSO,xPCA,7446.016263985364,2.4700420368391494,0.0004638761423927342,,,0.11590168386002304,0.0029840893284706,LMC,11024.82571900753,-1.0757677947856186,19.327,0.027,18.718,0.008,18.576,0.009,18.586,0.01,18.353,0.02,Surveyphotometry.dat crossmatch,99.999,99.999,17.89,0.036,17.447,0.038,16.651,0.041,Surveyphotometry.dat crossmatch,16.011,0.053,14.823,0.066,10.981,0.111,8.222,0.251,Surveyphotometry.dat crossmatch
spec-2122-54178-0303.fits,SDSS J135839.22+292342.1,209.6634395018648,29.395040197902635,1.4535973559531044e+18,18.2688045501709,QSO,QSO-MIDZ,xPCA,4664.323852979936,0.9781145227336929,0.00032373729859225454,,,1.501752823658553e-13,0.0001486180586800799,SMC,5112.976477332542,-1.1236179415237832,18.832,0.02,18.634,0.008,18.434,0.008,18.406,0.011,18.301,0.02,Surveyphotometry.dat crossmatch,99.999,99.999,16.91,0.019,16.814,0.021,16.176,0.031,Surveyphotometry.dat crossmatch,14.687,0.029,13.464,0.029,10.655,0.072,8.026,0.181,Surveyphotometry.dat crossmatch
spec-2664-54524-0245.fits,SDSS J132034.68+231618.9,200.1445455617129,23.27192521264838,1.4458799181973427e+18,18.64668083190918,QSO,QSO,xPCA,3359.2104676833505,1.1210448055723936,0.0004208072942298528,,,1.7489243722950548e-10,9.768635947714376e-05,SMC,4025.498463427928,-1.1144613915476225,18.432,0.014,18.351,0.007,18.173,0.007,18.147,0.009,18.186,0.02,Surveyphotometry.dat crossmatch,99.999,99.999,17.691,0.03,17.264,0.033,16.506,0.033,Surveyphotometry.dat crossmatch,14.869,0.033,13.353,0.032,10.533,0.097,8.509,0.365,Surveyphotometry.dat crossmatch
spec-2237-53828-0037.fits,SDSS J124554.10+294801.4,191.4754095124645,29.80036468565591,1.4651531200814336e+18,18.07187271118164,QSO,QSO-MIDZ,xPCA,4668.257957517237,0.9071726058242677,0.00028027859326429404,,,0.08195496917217027,0.0036767444651600104,SMC,5119.118397475753,-1.2171434313811347,18.217,0.014,17.981,0.006,17.775,0.006,17.799,0.007,17.71,0.02,Surveyphotometry.dat crossmatch,99.999,99.999,16.686,0.015,16.611,0.029,15.785,0.021,Surveyphotometry.dat crossmatch,13.957,0.026,12.61,0.025,9.907,0.05,7.49,0.128,Surveyphotometry.dat crossmatch
spec-2009-53857-0348.fits,SDSS J130410.20+300033.0,196.0425091628161,30.009179045736403,1.4644564420266724e+18,18.707347869873047,QSO,QSO,xPCA,6406.873206509778,2.4271538123443297,0.00020942156958250605,,,5.8506418085897335e-09,0.00021590002033915627,MW,8642.667394238379,-1.0853834525018464,19.544,0.031,18.882,0.009,19.009,0.011,18.987,0.016,18.741,0.04,Surveyphotometry.dat crossmatch,99.999,99.999,17.677,0.032,17.163,0.046,16.286,0.037,Surveyphotometry.dat crossmatch,99.999,99.999,99.999,99.999,99.999,99.999,99.999,99.999,Surveyphotometry.dat crossmatch
spec-2115-53535-0609.fits,SDSS J135310.74+263645.6,208.29477229180995,26.612688800174062,1.450639188638079e+18,18.539186477661133,QSO,QSO,xPCA,4499.220716066247,3.20551470764593,0.0009719131450089376,,,6.01970389957655e-09,1.8139628742706225e-05,MW,45104.80526724645,-1.1127342078486357,18.916,0.023,18.709,0.008,18.688,0.01,18.862,0.015,18.694,0.03,Surveyphotometry.dat crossmatch,99.999,99.999,17.485,0.036,17.307,0.059,16.454,0.041,Surveyphotometry.dat crossmatch,14.728,0.03,13.581,0.03,10.553,0.069,7.94,0.15,Surveyphotometry.dat crossmatch
spec-2783-54524-0541.fits,SDSS J135531.15+233838.4,208.87982215455256,23.64398668908245,1.2516985368704195e+18,18.882280349731445,QSO,QSO,xPCA,3439.6585392692937,1.6143112795479428,0.0002748110955144439,,,0.008912683922217349,0.006023682497494997,MW,4105.235642320732,-1.1415644692990907,19.315,0.027,19.151,0.01,19.056,0.011,18.842,0.012,18.882,0.03,Surveyphotometry.dat crossmatch,99.999,99.999,17.761,0.031,17.236,0.043,16.93,0.057,Surveyphotometry.dat crossmatch,15.726,0.045,14.625,0.055,11.756,0.216,99.999,99.999,Surveyphotometry.dat crossmatch
spec-5999-56089-0864.fits,SDSS J133511.22+255637.3,203.7967746723193,25.94371343741378,1.4480954341269458e+18,18.788564682006836,QSO,QSO,xPCA,33254.93247140655,2.498363233821241,0.00021224903664148812,,,0.28814122673096465,0.001954798595657309,LMC,90142.42372715185,-1.2217426809870964,19.571,0.029,18.849,0.008,18.772,0.01,18.787,0.012,18.63,0.03,Surveyphotometry.dat crossmatch,99.999,99.999,17.703,0.032,17.317,0.046,99.999,99.999,Surveyphotometry.dat crossmatch,15.829,0.048,14.949,0.07,11.14,0.129,99.999,99.999,Surveyphotometry.dat crossmatch
spec-2109-53468-0251.fits,SDSS J133234.20+315219.0,203.1425097903565,31.871972929714588,1.4684507272518794e+18,18.38486671447754,QSO,QSO,xPCA,3483.144688276962,0.6985173990647058,9.543328082822251e-05,,,8.818402426466129e-10,4.430154592861336e-05,LMC,8362.605354742005,-1.1079917164192221,99.999,9.999,99.999,9.999,99.999,9.999,99.999,9.999,99.999,9.999,Surveyphotometry.dat crossmatch,99.999,99.999,17.321,0.024,16.634,0.019,15.586,0.014,Surveyphotometry.dat crossmatch,13.811,0.025,12.642,0.024,9.717,0.04,7.195,0.093,Surveyphotometry.dat crossmatch
spec-1975-53734-0581.fits,SDSS J124841.42+320651.0,192.17258711475105,32.11418252559565,1.5138642039069686e+18,18.555639266967773,QSO,QSO,xPCA,27486.40876944478,0.4112399097707607,2.6332246125823604e-05,,,0.7512354872132068,0.007673510682133677,LMC,46839.15231940426,-4.8301424161165665,19.228,0.025,18.815,0.009,18.731,0.01,18.391,0.009,17.931,0.01,Surveyphotometry.dat crossmatch,99.999,99.999,17.395,0.025,16.712,0.029,15.956,0.025,Surveyphotometry.dat crossmatch,14.504,0.03,13.318,0.029,10.321,0.069,7.682,0.163,Surveyphotometry.dat crossmatch
spec-2648-54485-0078.fits,SDSS J124859.54+221509.3,192.24811834063263,22.252613528132187,3.955074235713624e+18,18.799177169799805,QSO,QSO,xPCA,3766.6019556548117,1.6013916582692855,0.0005095082740786159,,,1.3177201089184867e-09,0.00016604339861117987,LMC,4891.363366379379,-1.5058230143715157,18.978,0.02,18.752,0.008,18.855,0.01,18.798,0.012,19.016,0.03,Surveyphotometry.dat crossmatch,99.999,99.999,18.558,0.069,17.864,0.062,17.586,0.097,Surveyphotometry.dat crossmatch,99.999,99.999,99.999,99.999,99.999,99.999,99.999,99.999,Surveyphotometry.dat crossmatch
spec-2663-54234-0019.fits,SDSS J131617.40+235258.1,199.0725428794129,23.88282124407652,1.4460732604449644e+18,18.81158447265625,QSO,QSO,xPCA,5050.536094051861,1.5525949836543365,0.00038548774458626445,,,3.8193194266955555e-11,6.255748169933505e-05,LMC,7654.386384136731,-1.1833523194802489,19.175,0.022,18.964,0.009,18.916,0.01,18.721,0.012,19.018,0.03,Surveyphotometry.dat crossmatch,99.999,99.999,18.057,0.043,17.586,0.055,17.156,0.065,Surveyphotometry.dat crossmatch,15.655,0.044,14.195,0.042,11.12,0.126,8.341,0.329,Surveyphotometry.dat crossmatch
spec-2117-54115-0160.fits,SDSS J135519.37+322237.3,208.83072097542856,32.37703865300359,1.4577671850817034e+18,18.6148681640625,QSO,QSO,xPCA,4529.084289807647,1.7965976186442958,0.0003400070550440768,,,0.04740864605137675,0.0021338052005399413,SMC,7219.883951474934,-1.1055906188845148,19.026,0.022,19.019,0.009,18.867,0.01,18.647,0.011,18.748,0.03,Surveyphotometry.dat crossmatch,99.999,99.999,17.771,0.034,17.361,0.054,16.812,0.051,Surveyphotometry.dat crossmatch,15.864,0.047,14.697,0.056,11.829,0.224,99.999,99.999,Surveyphotometry.dat crossmatch
spec-1978-53473-0038.fits,SDSS J133759.86+281704.8,204.49945601641383,28.284692386414587,1.4549651827776978e+18,18.756540298461914,QSO,QSO-MIDZ,xPCA,3698.093414414988,0.8910804286071152,0.00040414965122508435,,,0.0691286024510979,0.00631625191010169,LMC,3816.8783450801825,-2.0224644563030205,19.339,0.029,19.081,0.01,18.889,0.011,18.883,0.014,18.775,0.04,Surveyphotometry.dat crossmatch,99.999,99.999,17.547,0.036,17.199,0.037,16.4,0.036,Surveyphotometry.dat crossmatch,14.741,0.031,13.546,0.031,10.817,0.094,8.666,0.378,Surveyphotometry.dat crossmatch
spec-6009-56313-0297.fits,SDSS J135947.90+270828.3,209.9496108723117,27.14120042747069,1.4509372593678858e+18,18.70149040222168,QSO,QSO,xPCA,5080.999950264238,1.8327783717266033,0.00022425993464442087,,,0.03628780580079868,0.004282909734741047,MW,5417.038288493498,-0.9955962321516199,19.331,0.027,19.283,0.011,19.27,0.013,18.923,0.013,18.997,0.04,Surveyphotometry.dat crossmatch,99.999,99.999,17.912,0.043,17.611,0.068,16.955,0.065,Surveyphotometry.dat crossmatch,15.916,0.047,14.868,0.057,11.568,0.166,99.999,99.999,Surveyphotometry.dat crossmatch
spec-2009-53904-0342.fits,SDSS J130352.85+293709.2,195.97024874763517,29.619222283776796,1.4643931900444498e+18,17.673418045043945,QSO,QSO-MIDZ,xPCA,4742.020074999082,0.5708329409170061,0.00012754511931693387,,,0.7827595477667807,0.004031199186757262,SMC,6897.740611088927,-1.3403756443794104,18.847,0.023,18.065,0.006,17.86,0.006,17.502,0.006,17.37,0.01,Surveyphotometry.dat crossmatch,99.999,99.999,16.211,0.009,15.495,0.011,14.654,0.009,Surveyphotometry.dat crossmatch,13.097,0.023,11.986,0.023,9.085,0.03,6.434,0.063,Surveyphotometry.dat crossmatch
