angDist,source_id,ra,dec,l,b,pmra,pmra_error,pmdec,pmdec_error,parallax,parallax_error,phot_g_mean_mag,phot_g_mean_flux,phot_g_mean_flux_error,phot_bp_mean_mag,phot_rp_mean_mag,bp_rp,ref_epoch,JName,ra,dec,yAperMag3,j_1AperMag3,hAperMag3,kAperMag3,yAperMag3Err,j_1AperMag3Err,hAperMag3Err,kAperMag3Err,sourceID,mode,epoch,mergedClass
0.235099,3961812627084176896,192.48112004095455,27.39421704043421,174.50910475477832,89.57121226393568,0.009883360749010459,0.25118494,-0.21547182972221574,0.27279872,-0.0329139437898036,0.27559903,18.999037,473.5129013334513,1.8930101,19.349358,18.670874,0.67848396,2016.0,J124955.46+272338.9,192.481101,+27.394154,18.158,17.930,17.412,16.789,0.033,0.038,0.053,0.050,433798017632,1,2010.2367,-1
0.439021,3961816612813792384,192.19224481825466,27.28963966651746,197.56463448327406,89.3850433887656,0.03320057637455316,0.26906967,0.015861384807989435,0.23336239,-0.24570231259041064,0.25233403,18.957657,491.9078689223363,1.3944107,19.28057,18.442305,0.83826447,2016.0,J124846.16+271722.9,192.192348,+27.289720,18.239,17.606,16.929,16.539,0.038,0.036,0.038,0.047,433798226873,1,2010.1659,-1
0.033676,3961825374547123584,192.35819347034032,27.44292963213195,177.58227602819514,89.45456351029668,-0.11262062940933792,0.15370266,0.07985631006844035,0.17717198,-0.18773900813109087,0.18057047,18.291658,908.4137726173022,2.4543748,18.427168,18.020786,0.4063816,2016.0,J124925.96+272634.5,192.358204,+27.442931,17.766,17.850,17.232,16.438,0.023,0.034,0.043,0.035,433797988939,1,2010.2367,-1
0.563080,3961943232745599744,193.0086752184355,27.838502740695052,112.41011692949155,89.27752015738534,-0.09122360954451551,0.24144113,0.08806330608743047,0.23094925,0.2708187950899402,0.2426229,18.830465,553.0455653813619,3.3429816,19.016724,18.497908,0.518816,2016.0,J125202.11+275018.9,193.008805,+27.838609,18.111,17.895,17.331,16.579,0.035,0.042,0.052,0.046,433797527422,1,2010.2367,-1
0.139227,3961953403228165376,193.2045067403104,28.065665589079853,104.94596699220533,89.01397722992519,0.17774694875770805,0.23135513,-0.01541635265338113,0.28027463,-0.3287562905598157,0.24554487,18.914669,511.7749179152201,1.8278944,19.017519,18.642462,0.37505722,2016.0,J125249.07+280356.3,193.204465,+28.065654,18.517,17.918,17.646,16.761,0.049,0.043,0.068,0.051,433797269345,1,2010.2367,1
0.148147,3961955121215050496,192.80109750698728,27.872884893267305,126.89669858950111,89.25356660848887,0.21069963447524215,0.21191916,-0.19311186528642002,0.18466066,-0.02303506427605964,0.19263923,18.779465,579.6436764487613,1.2988763,18.959818,18.479593,0.4802246,2016.0,J125112.26+275222.5,192.801115,+27.872923,18.035,17.839,17.379,16.679,0.031,0.039,0.054,0.048,433797500822,2,2010.2367,-1
0.162515,3961955121215050496,192.80109750698728,27.872884893267305,126.89669858950111,89.25356660848887,0.21069963447524215,0.21191916,-0.19311186528642002,0.18466066,-0.02303506427605964,0.19263923,18.779465,579.6436764487613,1.2988763,18.959818,18.479593,0.4802246,2016.0,J125112.27+275222.5,192.801131,+27.872919,18.033,17.820,17.336,16.704,0.027,0.031,0.046,0.044,433797554308,1,2010.2367,-1
0.116940,3961971265996658816,193.01430524252257,28.259513040860785,116.05824503354128,88.86046134992577,-0.11130896952314874,0.24125515,0.33062021588943313,0.22369264,0.1998977301618584,0.24060594,18.92032,509.11801572606566,1.7203153,19.078703,18.59476,0.48394203,2016.0,J125203.43+281534.3,193.014324,+28.259541,18.625,18.289,17.541,17.248,0.055,0.061,0.063,0.081,433797269773,1,2010.2367,-2
0.265164,3961994080863232000,192.11271800208098,27.940211420243806,161.95825665772637,88.95226488891284,0.17020798709957904,0.22293267,0.04991630066482394,0.216458,0.007777129549632746,0.22105636,18.834103,551.1953630573264,2.7731004,18.918863,18.590479,0.3283844,2016.0,J124827.06+275624.9,192.112762,+27.940274,18.419,17.900,17.464,16.476,0.043,0.041,0.057,0.039,433797514464,1,2010.2367,-2
0.259479,3962003224848695936,192.25699551316006,28.145237559715884,150.48450652179577,88.85146484377195,-0.2634053762645877,0.2850581,-0.2887513910676987,0.32619625,0.22047776119688414,0.3398895,17.630808,1669.6443273228992,18.897467,16.20776,15.09155,1.11621,2016.0,J124901.69+280842.9,192.257066,+28.145274,14.710,14.219,13.616,13.193,0.003,0.003,0.003,0.003,433797286259,1,2010.2367,1
0.141999,3962026829988970496,192.57476069861775,28.265414560235417,135.36561987609707,88.83522887367154,-0.21453136735561545,0.21828035,-0.10477925869051191,0.21743697,0.12536277624956388,0.22244015,18.983345,480.40665896842427,1.6372684,19.14342,18.680904,0.46251488,2016.0,J125017.95+281555.5,192.574802,+28.265430,18.174,17.956,17.449,16.604,0.030,0.036,0.052,0.041,433797325678,1,2010.2367,1
0.176734,3962026829988970496,192.57476069861775,28.265414560235417,135.36561987609707,88.83522887367154,-0.21453136735561545,0.21828035,-0.10477925869051191,0.21743697,0.12536277624956388,0.22244015,18.983345,480.40665896842427,1.6372684,19.14342,18.680904,0.46251488,2016.0,J125017.95+281555.6,192.574798,+28.265451,,,17.538,16.724,,,0.045,0.048,433797081130,2,2010.2476,-1
0.370471,3962030055509187840,192.32670532338662,28.295448586388574,144.8121204516561,88.7411095635911,-0.04021649406255187,0.14732558,0.29748150792811107,0.16956219,-0.005792778424864117,0.14751525,18.204914,983.9677239137532,4.5827456,18.315119,17.81761,0.497509,2016.0,J124918.43+281743.4,192.326803,+28.295392,17.922,17.561,17.099,16.637,0.029,0.034,0.030,0.042,433797011622,1,2010.2369,-2
0.063683,3962252367311419776,190.91423620129905,27.55107334806104,198.73666713260866,88.22108530279652,0.032879961603519185,0.14245564,-0.0973808208821501,0.13845329,-0.21042645838087937,0.13682094,18.135443,1048.9854342799197,7.4677753,18.110298,17.509462,0.6008358,2016.0,J124339.42+273303.8,190.914256,+27.551072,17.239,16.787,15.991,15.059,0.016,0.015,0.016,0.011,433798011875,1,2010.2367,1
0.237776,3962255008715515648,190.17766293724276,27.094101990329886,213.14016133686096,87.61265154842678,0.058321841522630785,0.17500463,-0.17508009246356476,0.19164202,0.1838776109147211,0.17943664,18.49765,751.4271969060025,3.1916585,18.638775,18.231548,0.40722656,2016.0,J124042.63+270539.0,190.177659,+27.094168,17.933,17.237,17.156,16.315,0.028,0.026,0.043,0.038,433798454044,1,2010.1659,-1
0.110553,3962263495571199744,190.4062878703625,27.243653964172072,209.34466199619382,87.81480187529243,0.16374482902614934,0.22277705,-0.32219088896502257,0.20776607,-0.13620825577942333,0.24030337,18.825691,555.4827667932593,3.1311557,18.78431,18.47187,0.31243896,2016.0,J124137.51+271437.2,190.406312,+27.243676,17.809,17.840,17.163,16.144,0.026,0.044,0.040,0.032,433798221782,1,2010.1659,1
0.126910,3962281912391047680,190.29763847314703,27.427058531553154,204.86973359323093,87.70356662389837,0.04976251099821517,0.16318093,0.07974601713896576,0.18676604,-0.09730622336325442,0.20170869,18.437654,794.1175153798338,2.9769528,18.699415,18.05289,0.6465244,2016.0,J124111.44+272537.4,190.297678,+27.427062,17.740,17.551,16.925,16.405,0.023,0.027,0.035,0.034,433797982052,1,2010.2367,-1
0.060432,3962475671250959616,190.17583997901104,27.604642978932446,201.01330219851516,87.56961126297979,0.21358109547886506,0.19078144,0.09142477805902473,0.17952095,-0.1170932593805768,0.17762248,18.449186,785.7278963656648,1.4667413,18.645552,18.05641,0.58914185,2016.0,J124042.19+273616.7,190.175821,+27.604642,17.735,17.455,16.872,16.345,0.023,0.025,0.035,0.032,433797750651,2,2010.2367,-1
0.120819,3962475671250959616,190.17583997901104,27.604642978932446,201.01330219851516,87.56961126297979,0.21358109547886506,0.19078144,0.09142477805902473,0.17952095,-0.1170932593805768,0.17762248,18.449186,785.7278963656648,1.4667413,18.645552,18.05641,0.58914185,2016.0,J124042.19+273616.6,190.175803,+27.604636,17.709,17.282,,16.414,0.022,0.021,,0.035,433797984376,1,2010.2367,-1
0.049012,3962476152287281664,190.0489646890551,27.599240583240032,201.60222042835522,87.45997955946304,0.09827692325736358,0.24499547,0.029290192820945315,0.2353204,0.13909292607425477,0.23283976,18.712246,616.6636415467855,1.756248,19.003225,18.222427,0.78079796,2016.0,J124011.75+273557.3,190.048973,+27.599252,18.086,17.544,,16.482,0.030,0.027,,0.038,433797984664,1,2010.2367,-1
0.058868,3962635336659952384,191.31753552518774,27.831309403632908,185.3771324116089,88.46195738879938,0.13685856441235092,0.21299517,0.18906111101858608,0.26615563,-0.18257851259720903,0.2754244,18.840492,547.9613078758108,1.5840664,19.017399,18.470764,0.5466347,2016.0,J124516.20+274952.7,191.317541,+27.831325,18.156,18.033,17.531,16.795,0.033,0.040,0.056,0.048,433797735151,2,2010.2367,-2
0.120596,3962635336659952384,191.31753552518774,27.831309403632908,185.3771324116089,88.46195738879938,0.13685856441235092,0.21299517,0.18906111101858608,0.26615563,-0.18257851259720903,0.2754244,18.840492,547.9613078758108,1.5840664,19.017399,18.470764,0.5466347,2016.0,J124516.21+274952.7,191.317569,+27.831325,18.199,18.062,17.802,16.843,0.037,0.047,0.077,0.053,433797513688,1,2010.2367,-2
0.128719,3962661797953737984,191.52801692965318,28.014561889813827,175.72057809068895,88.52403021626594,0.1803054620592977,0.22636437,0.02131884595700466,0.17791472,-0.06415287400852442,0.19487616,18.581806,695.3832663057121,4.599595,18.623392,18.260948,0.36244392,2016.0,J124606.72+280052.3,191.528001,+28.014529,17.431,17.715,17.158,16.412,0.018,0.029,0.040,0.034,433797541623,1,2010.2367,-1
0.057215,3962679660722395904,190.83290235964077,27.742178656022073,193.6207658155985,88.09949101903419,0.1426872161268329,0.16732232,-0.08621192844660003,0.15892026,-0.043751979114547666,0.18433383,18.498423,750.8923464824186,3.2509716,18.535973,18.102604,0.43336868,2016.0,J124319.89+274431.7,190.832905,+27.742163,17.466,17.554,16.935,15.937,0.019,0.027,0.037,0.023,433797797115,1,2010.2367,-2
0.163521,3962714089179959936,191.29556396375006,28.162071336231612,175.83942203080346,88.27143588283349,-0.1313656400471822,0.16018136,0.07733641053167638,0.13967165,-0.002421279583344052,0.15500858,18.112965,1070.929075707206,2.2507896,18.424837,17.647438,0.77739906,2016.0,J124510.94+280943.5,191.295596,+28.162107,17.308,16.818,16.083,15.823,0.018,0.016,0.017,0.023,433797266978,1,2010.2367,-1
0.083960,3962736564744365184,191.08922448407455,28.43429022338938,172.69781290612008,87.96076007144156,0.025538516397410317,0.13138063,-0.16181450752439408,0.15884794,-0.06327696482287974,0.15471554,18.12011,1063.9059337822832,4.5789876,18.296793,17.787712,0.5090809,2016.0,J124421.41+282603.5,191.089219,+28.434313,17.041,16.962,16.480,15.938,0.014,0.020,0.018,0.022,433797054376,1,2010.2369,-1
0.140291,3962778410610155648,191.87051346379621,28.535382689846298,154.56420213107222,88.34325284785452,0.13189376138288905,0.26617137,0.2923665331065223,0.21462029,-0.03953383438462773,0.23552376,18.893202,521.9942393397712,1.8121908,19.104597,18.56545,0.5391464,2016.0,J124728.92+283207.4,191.870540,+28.535414,18.198,17.929,17.633,17.321,0.037,0.048,0.071,0.084,433796808949,1,2010.2369,-1
0.116403,3962813633637592320,192.30173138994502,28.806015606537233,139.1646956650615,88.25141986502727,-0.02350770006281797,0.16970907,-0.15959533807105325,0.1872229,-0.17809673246722124,0.18453501,18.562485,707.869329329706,1.5201303,18.882427,18.086498,0.79592896,2016.0,J124912.42+284821.6,192.301768,+28.806012,17.737,17.416,16.954,16.452,0.026,0.035,0.029,0.041,433796480618,1,2010.2369,-1
0.045091,3962842014781417216,191.39731764386897,28.761884224157004,160.92419094030564,87.91746680005889,-0.40053756657757233,0.48094985,0.5094028391755923,0.46447292,-0.3089756336987398,0.4959125,18.319273,885.5992395646575,4.431742,16.682001,15.54203,1.1399708,2016.0,J124535.35+284542.8,191.397325,+28.761895,15.120,14.579,14.060,13.713,0.004,0.004,0.003,0.004,433796485507,1,2010.2369,1
0.188168,3962845446459824768,191.72028299801815,28.826392604392183,153.31099796110425,88.02624554922627,-0.10376063849026533,0.1846149,0.04460606098146913,0.19387844,-0.059100610818143814,0.21840136,18.840807,547.802190157817,2.3117437,18.9981,18.532623,0.465477,2016.0,J124652.87+284935.1,191.720299,+28.826443,18.065,17.982,17.637,16.900,0.030,0.047,0.047,0.053,433796532835,1,2010.2369,-1
0.103986,3962874342999850368,191.67444646155465,28.985125135117606,152.04286491377914,87.86893512522853,0.017486742343423043,0.17485529,0.15587604722608087,0.16684645,-0.054497854036582034,0.18796517,18.725357,609.2612594692755,1.9698632,18.785717,18.367447,0.4182701,2016.0,J124641.87+285906.5,191.674468,+28.985147,18.068,17.422,17.091,16.142,0.029,0.026,0.029,0.027,433796252249,1,2010.2369,-1
0.155360,3962880669487104512,192.09369550006608,29.17374220566088,141.01997314090724,87.84597147800575,-0.022476699831548465,0.12399939,0.29502615381932545,0.1591375,-0.1057079920795658,0.12763536,18.040459,1144.8893527703153,2.529504,18.22432,17.627274,0.5970459,2016.0,J124822.49+291025.5,192.093740,+29.173761,17.287,16.914,16.533,15.944,0.017,0.016,0.029,0.022,433795972350,1,2010.2036,-1
0.054107,3962961341857166208,190.08803328822896,28.42756096938772,184.37270387819996,87.22509168498586,0.004728825766234025,0.12186648,0.023135649178312328,0.11878034,0.15573901823710917,0.11321998,17.947172,1247.607714907014,2.6573048,18.189177,17.522358,0.6668186,2016.0,J124021.13+282539.2,190.088045,+28.427572,17.338,16.906,16.333,15.927,0.017,0.018,0.015,0.022,433797038334,1,2010.2369,-1
0.134377,3962984431601401344,190.13234616748412,28.730060545039965,178.68337008823588,87.1068118528675,-0.08343046738861208,0.17102489,-0.19207517530903176,0.16389611,0.033182830020624984,0.15845565,18.416943,809.4120021139393,1.7457561,18.621214,18.08773,0.5334835,2016.0,J124031.75+284348.1,190.132308,+28.730044,17.655,17.415,16.816,16.059,0.023,0.031,0.024,0.028,433796486893,1,2010.2369,-1
0.064770,3962985050076702336,190.2129969530925,28.778990614636797,177.08995233590753,87.13837014591559,0.2282553968303447,0.26591074,0.08471556073841505,0.23847999,-0.2389511661113906,0.22637072,18.99449,475.50018393043143,1.1856142,19.352636,18.505535,0.8471012,2016.0,J124051.11+284644.3,190.212985,+28.778976,18.660,18.285,17.703,16.945,0.053,0.067,0.053,0.060,433796486986,1,2010.2369,-1
0.173489,3963009862103590656,190.37353263286423,28.869995596516166,173.92123292700717,87.19807946468256,0.06739911213969105,0.084281,0.015595196042903523,0.08185305,-0.010678014967512167,0.074808605,17.250868,2369.189419843364,14.947486,17.36858,17.013687,0.35489273,2016.0,J124129.65+285212.0,190.373577,+28.870024,16.410,16.677,16.092,15.228,0.009,0.017,0.014,0.014,433796506668,1,2010.2369,-1
0.104422,3963046008548774656,191.0143440001167,28.900999246337193,165.08128357190333,87.59258762591404,0.16579990061880012,0.5649197,-0.056850916699898134,0.54698384,-0.537875885275187,0.61018795,18.24629,947.1766334373795,8.274112,16.223677,14.976165,1.2475119,2016.0,J124403.44+285403.6,191.014366,+28.901021,14.632,14.115,13.474,13.237,0.003,0.002,0.002,0.003,433796541264,2,2010.2369,1
0.138646,3963046008548774656,191.0143440001167,28.900999246337193,165.08128357190333,87.59258762591404,0.16579990061880012,0.5649197,-0.056850916699898134,0.54698384,-0.537875885275187,0.61018795,18.24629,947.1766334373795,8.274112,16.223677,14.976165,1.2475119,2016.0,J124403.45+285403.5,191.014379,+28.900976,14.565,14.077,13.439,13.142,0.003,0.003,0.002,0.003,433796494650,1,2010.2369,1
0.230204,3963111150316640384,191.02423386982994,29.300853525955134,159.1643154317619,87.29170339405403,0.1906805867583569,0.15996307,-0.08147581226917967,0.17418244,-0.05406926052654144,0.16531903,18.400423,821.821934339377,1.4801093,18.60926,18.003136,0.6061249,2016.0,J124405.83+291803.1,191.024303,+29.300875,17.658,17.257,16.737,16.373,0.022,0.022,0.029,0.033,433795958057,1,2010.2036,-1
0.297021,3963111150316640384,191.02423386982994,29.300853525955134,159.1643154317619,87.29170339405403,0.1906805867583569,0.15996307,-0.08147581226917967,0.17418244,-0.05406926052654144,0.16531903,18.400423,821.821934339377,1.4801093,18.60926,18.003136,0.6061249,2016.0,J124405.83+291803.1,191.024326,+29.300872,18.063,,17.471,17.039,0.031,,0.061,0.063,433795977998,2,2010.2036,0
0.256157,3960977170045682688,191.40564948189348,25.39825395671803,265.60543508643605,87.83380176636528,0.10222064247748337,0.18753321,-0.07594374716302035,0.16494504,0.24383910283710025,0.1826516,18.513731,740.3793000531003,1.1971347,18.77811,18.048098,0.7300129,2016.0,J124537.37+252353.6,191.405724,+25.398231,17.546,17.248,16.792,16.103,0.021,0.025,0.023,0.027,433800469749,1,2010.1633,-1
0.122611,3960978406996535040,191.64789890659503,25.379151382201687,270.8120032686389,87.94090381623761,0.14950887939762783,0.24972898,-0.19393168077854636,0.28908992,-0.1497634110654785,0.25874156,18.936874,501.41434933513375,2.894894,19.122747,18.60942,0.51332664,2016.0,J124635.50+252245.0,191.647928,+25.379173,17.990,17.274,17.125,16.487,0.027,0.021,0.027,0.033,433800497747,1,2010.1633,1
0.154162,3961009158962082560,190.6589612032435,25.300621791551052,255.23339710012775,87.30983588350468,-0.04514943830819179,0.11393154,-0.07920386783287489,0.12607573,-0.04491757197109014,0.105799094,17.58128,1747.5701331200066,3.5791764,17.769985,17.277044,0.4929409,2016.0,J124238.15+251802.3,190.658991,+25.300655,17.046,16.072,16.119,15.478,0.013,0.008,0.012,0.014,433800521038,1,2010.1633,-1
0.240039,3961034344650625536,191.4960382065054,25.64518725388533,263.1532873404693,88.07877299165045,0.12194067339698082,0.19155897,0.07724053291547224,0.18598428,-0.17848135484393446,0.19220798,18.68974,629.5804916402782,2.0947044,18.98105,18.165617,0.8154335,2016.0,J124559.06+253842.8,191.496096,+25.645229,18.113,17.829,17.279,16.646,0.029,0.033,0.039,0.041,433799972252,2,2010.1656,-1
0.353149,3961034344650625536,191.4960382065054,25.64518725388533,263.1532873404693,88.07877299165045,0.12194067339698082,0.19155897,0.07724053291547224,0.18598428,-0.17848135484393446,0.19220798,18.68974,629.5804916402782,2.0947044,18.98105,18.165617,0.8154335,2016.0,J124559.07+253842.8,191.496130,+25.645240,18.165,17.833,17.329,16.780,0.032,0.036,0.039,0.051,433800010782,1,2010.1656,-1
0.122221,3961044652571862400,190.96808770736024,25.601918694474072,254.5169907513205,87.7193872219104,0.13570482278010068,0.16506782,-0.07672676428094886,0.14728256,-0.0961501842682585,0.1811354,18.360884,852.3014154412447,2.594161,18.603909,17.945591,0.65831757,2016.0,J124352.34+253607.0,190.968110,+25.601946,17.818,17.530,17.073,16.474,0.026,0.033,0.029,0.036,433800232628,1,2010.1633,-1
0.252680,3961087499165723648,191.86996133501452,25.729696236208714,270.3527190571158,88.34438660878789,-0.03147916591552567,0.1616342,-0.09203059640386346,0.15019271,0.08256962068448943,0.16130644,18.243427,949.6765827463709,1.5472498,18.470882,17.883486,0.5873966,2016.0,J124728.80+254346.9,191.870039,+25.729702,17.405,17.133,16.852,16.415,0.016,0.018,0.025,0.033,433799997635,2,2010.1656,-1
0.345794,3961087499165723648,191.86996133501452,25.729696236208714,270.3527190571158,88.34438660878789,-0.03147916591552567,0.1616342,-0.09203059640386346,0.15019271,0.08256962068448943,0.16130644,18.243427,949.6765827463709,1.5472498,18.470882,17.883486,0.5873966,2016.0,J124728.81+254347.0,191.870063,+25.729725,17.423,17.159,16.889,16.445,0.017,0.020,0.028,0.036,433800011903,1,2010.1656,-1
0.174274,3961136049475852544,191.75944539354273,25.814068792305964,265.84134800928615,88.35785581315204,-0.04258336394913924,0.1997777,0.15864528653405124,0.20670988,0.31751933185114434,0.19163923,18.413206,812.2028004974641,4.733319,18.477524,18.128342,0.34918213,2016.0,J124702.27+254850.7,191.759489,+25.814097,17.352,17.336,16.762,15.792,0.016,0.022,0.024,0.020,433799997823,1,2010.1656,-2
0.228424,3961136049475852544,191.75944539354273,25.814068792305964,265.84134800928615,88.35785581315204,-0.04258336394913924,0.1997777,0.15864528653405124,0.20670988,0.31751933185114434,0.19163923,18.413206,812.2028004974641,4.733319,18.477524,18.128342,0.34918213,2016.0,J124702.28+254850.7,191.759514,+25.814083,17.400,17.372,16.783,15.817,0.017,0.023,0.025,0.020,433800011755,2,2010.1656,-1
0.160316,3961189444509588096,191.96405882963845,26.36649089230651,256.34089795071264,88.89562911432293,-0.11804906016394276,0.15461083,0.09746890456654064,0.13507006,0.05260699951902759,0.15202636,18.138384,1046.1489705549168,1.6548427,18.372301,17.745813,0.62648773,2016.0,J124751.38+262159.4,191.964100,+26.366516,17.883,17.530,16.750,16.397,0.022,0.025,0.022,0.032,433799228469,1,2010.1656,-1
0.214035,3961189444509588096,191.96405882963845,26.36649089230651,256.34089795071264,88.89562911432293,-0.11804906016394276,0.15461083,0.09746890456654064,0.13507006,0.05260699951902759,0.15202636,18.138384,1046.1489705549168,1.6548427,18.372301,17.745813,0.62648773,2016.0,J124751.38+262159.5,191.964102,+26.366536,17.922,17.570,16.741,16.601,0.023,0.025,0.021,0.039,433799233335,2,2010.1656,-2
0.185131,3961207625107052672,190.65421351538373,25.538465451685795,251.25067885187931,87.46363839241637,0.07176971697688132,0.24918114,-0.050026601965777254,0.26525667,0.23262753471552003,0.25699198,18.943003,498.59205359227445,2.420958,19.150827,18.556698,0.59412956,2016.0,J124237.01+253218.6,190.654240,+25.538511,18.399,18.138,17.694,17.155,0.035,0.046,0.043,0.066,433800274568,1,2010.1633,-1
0.191735,3961214424039096832,190.73885436523088,25.71751246098423,249.06293019895332,87.63434270218781,-0.04121192209295847,0.19590776,-0.16650546583715087,0.1972691,-0.0017257688309631107,0.19202079,18.673935,638.8118457804158,4.4198284,18.739708,18.395063,0.34464455,2016.0,J124257.33+254303.0,190.738911,+25.717528,18.413,17.355,17.199,16.240,0.037,0.024,0.032,0.030,433800029742,1,2010.1656,1
0.324543,3961214424039096832,190.73885436523088,25.71751246098423,249.06293019895332,87.63434270218781,-0.04121192209295847,0.19590776,-0.16650546583715087,0.1972691,-0.0017257688309631107,0.19202079,18.673935,638.8118457804158,4.4198284,18.739708,18.395063,0.34464455,2016.0,J124257.30+254303.1,190.738765,+25.717553,18.716,17.467,17.118,16.372,0.048,0.028,0.032,0.034,433800005824,2,2010.1656,1
0.203884,3961219273058336896,190.44982113162433,25.68347162350899,246.19057815857533,87.40291255795842,0.06750741423789607,0.2133033,-0.0361366502559185,0.21182494,-0.2541495179813522,0.2005569,18.41829,808.4090922228827,3.6300545,18.200682,17.131102,1.0695801,2016.0,J124147.94+254100.3,190.449769,+25.683440,16.758,16.152,15.365,14.477,0.010,0.009,0.007,0.007,433799996826,1,2010.1656,1
0.122977,3961219474920607104,190.30838948265546,25.558672913773076,246.83229728239735,87.22703005786934,-0.20908842905558464,0.19884129,0.09464576734265664,0.16073985,0.1820263524379085,0.15639612,18.423895,804.2459614086317,3.8486624,18.535978,18.150843,0.38513565,2016.0,J124114.02+253331.2,190.308427,+25.558669,18.067,17.797,17.460,16.917,0.032,0.040,0.039,0.054,433800239161,1,2010.1633,-1
0.157457,3961269816233444864,190.20565752884448,25.750376738868187,242.4433300013614,87.2532885802843,-0.12168246754020871,0.48734593,-0.042929164660996645,0.45125657,0.011521401577294588,0.44857842,18.423471,804.5588671066711,5.7491407,16.690739,15.395757,1.294982,2016.0,J124049.36+254501.2,190.205668,+25.750334,14.975,14.461,13.812,13.428,0.004,0.003,0.003,0.003,433799972710,1,2010.1656,1
0.089154,3961277547174583680,190.39996231808027,25.880816085413734,241.92126791335107,87.47015843752222,-0.23431315099255537,0.14336628,-0.10324550965310311,0.1481215,-0.11855243086723265,0.1595463,18.12712,1057.0596327776548,2.6814647,18.192257,17.79614,0.39611626,2016.0,J124135.99+255251.0,190.399975,+25.880838,17.645,17.399,16.780,15.855,0.022,0.024,0.023,0.021,433799726318,1,2010.1656,1
0.318967,3961297540246285184,190.26653053373468,26.097116675091648,236.32622591607173,87.46286918346817,-0.3237141375583447,0.2236716,0.2327024524072746,0.17292374,0.10959509070348214,0.18042,18.543434,720.3995788476634,1.7125163,18.835781,18.025438,0.8103428,2016.0,J124103.99+260549.6,190.266627,+26.097135,17.379,17.109,16.509,15.755,0.017,0.021,0.018,0.021,433799473827,1,2010.1656,-1
0.127776,3961302316249937024,190.14652153585442,26.22622949751479,232.72911842956668,87.4135400556442,0.030652735425465243,0.18005371,-0.0967990452953778,0.1645268,0.1922031900529787,0.158041,18.511671,741.7848472509925,1.6005812,18.680449,18.199987,0.48046112,2016.0,J124035.17+261334.5,190.146549,+26.226255,18.288,17.785,17.291,16.870,0.035,0.040,0.038,0.055,433799451915,1,2010.1656,-1
0.295802,3961327884191277824,190.4408215377003,26.374093499283532,231.63294191145343,87.71238536922367,0.05596042614024688,0.15364976,0.25981783353606713,0.15414411,-0.0972530494083154,0.17059305,18.245,948.3022470285729,2.2215536,18.35821,17.996244,0.36196518,2016.0,J124145.81+262226.9,190.440898,+26.374139,18.130,17.725,17.152,16.381,0.035,0.037,0.034,0.036,433799211530,1,2010.1656,-1
0.234491,3961334683123871360,190.51865052158246,26.459033462155944,230.16079001990983,87.80598890028665,-0.047887511654872365,0.14522402,-0.13771819549170322,0.13435696,0.06827736159751809,0.13104446,17.902395,1300.1358882419572,4.6173344,18.047972,17.597654,0.45031738,2016.0,J124204.48+262732.7,190.518680,+26.459093,17.139,16.883,16.520,15.932,0.013,0.015,0.018,0.022,433799246117,1,2010.1656,-1
0.154694,3961363751462043136,191.0091208612654,26.360944029554044,237.4215349375207,88.17816075919296,-0.04220326658671789,0.18858284,0.005410140761491109,0.15809596,0.01150315540669994,0.18046388,18.602737,682.1053101957426,1.4713693,18.903246,18.17651,0.72673607,2016.0,J124402.17+262139.3,191.009073,+26.360941,17.643,17.197,16.756,16.295,0.021,0.022,0.029,0.032,433799209489,1,2010.1656,-1
0.024141,3961376606299940992,191.6544209482712,26.41675269284791,246.136700677579,88.71015128080958,0.07275342418338132,0.08149216,-0.0027617162582965673,0.087807454,-0.06161101727797881,0.08605159,17.255665,2358.7445024107415,2.649944,17.579634,16.767591,0.81204224,2016.0,J124637.05+262500.2,191.654417,+26.416747,16.555,16.160,15.845,15.369,0.009,0.008,0.012,0.014,433799242748,1,2010.1656,-1
0.043771,3961376606299940992,191.6544209482712,26.41675269284791,246.136700677579,88.71015128080958,0.07275342418338132,0.08149216,-0.0027617162582965673,0.087807454,-0.06161101727797881,0.08605159,17.255665,2358.7445024107415,2.649944,17.579634,16.767591,0.81204224,2016.0,J124637.05+262500.3,191.654411,+26.416761,16.551,16.157,15.854,15.352,0.010,0.010,0.012,0.015,433799199326,2,2010.1656,-1
0.026020,3961457209950720640,191.3141222066107,26.90784027967491,221.67619599402494,88.60577501675094,0.04985241925746055,0.1493621,-0.02721409579149127,0.15589657,0.07824491980748535,0.14817676,18.00405,1183.9319560756082,3.935574,18.115232,17.707317,0.40791512,2016.0,J124515.39+265428.2,191.314130,+26.907842,17.646,16.971,16.651,15.702,0.021,0.017,0.028,0.021,433798708891,1,2010.1659,1
0.205129,3961501671451832960,192.4323051570758,26.27491161057795,278.741030212024,89.06521888589718,0.018145463157133168,0.18534118,-0.10923157945177618,0.18146044,0.18871605174455944,0.19273804,18.689398,629.7778786244974,1.4016706,18.890297,18.302933,0.5873642,2016.0,J124943.76+261629.8,192.432350,+26.274952,17.895,17.704,17.389,16.796,0.026,0.034,0.044,0.053,433799467658,2,2010.1656,-1
0.258911,3961501671451832960,192.4323051570758,26.27491161057795,278.741030212024,89.06521888589718,0.018145463157133168,0.18534118,-0.10923157945177618,0.18146044,0.18871605174455944,0.19273804,18.689398,629.7778786244974,1.4016706,18.890297,18.302933,0.5873642,2016.0,J124943.73+261629.8,192.432249,+26.274963,17.912,17.803,17.309,17.053,0.023,0.032,0.038,0.060,433799513683,1,2010.1656,1
0.239023,3961528957380041344,193.09592562832697,26.645272884976315,326.5734042707288,89.4729900738025,-0.22253929193135677,0.30970725,-0.030577327539646672,0.29092497,-0.2581881385793203,0.31278437,18.520008,736.1115277589753,3.4115481,17.496729,16.345291,1.1514378,2016.0,J125223.02+263843.1,193.095957,+26.645333,15.960,15.431,14.730,14.268,0.006,0.005,0.005,0.006,433798966924,1,2010.0865,1
0.229831,3961535618873400064,192.9610400689058,26.650021819469668,313.68008626495475,89.51326927850802,0.06137810183815692,0.13617995,0.07209488825833082,0.12954147,-0.00816641777050733,0.14879026,18.11908,1064.915739591403,1.7021496,18.644087,17.444954,1.1991329,2016.0,J125150.65+263900.2,192.961076,+26.650077,16.564,16.222,15.856,15.297,0.008,0.008,0.011,0.012,433798967234,1,2010.0865,-1
0.249494,3961558644193943552,192.52381124611318,26.518777547896608,276.68225011859477,89.32089327501347,0.01063874471436439,0.034524467,0.05127741360180667,0.03982363,-0.016622836562809044,0.036400117,15.378849,13286.392618042082,9.335961,15.55672,14.982681,0.5740385,2016.0,J125005.73+263107.5,192.523888,+26.518769,14.633,14.298,13.864,13.320,0.003,0.003,0.003,0.003,433799005270,1,2010.1659,-1
0.099633,3961576232084364544,192.3588460745389,26.683715796814365,257.69580491634963,89.3699859559649,0.26647518361508415,0.23373345,-0.15720861935158503,0.22309151,-0.2303966869210739,0.2375064,18.904175,516.7459863853825,2.4492455,18.979227,18.608545,0.37068176,2016.0,J124926.13+264101.4,192.358876,+26.683723,,17.960,17.445,16.678,,0.056,0.055,0.053,433798976667,1,2010.1659,-1
0.163241,3961588876468104832,192.56658787261142,26.727111954112377,269.8018069614961,89.52135248951582,-0.24988307744351917,0.15373276,0.142716153109623,0.16888942,-0.1843390576302766,0.14889428,18.157295,1028.0840042826671,4.4548893,18.304026,17.859442,0.4445839,2016.0,J125015.98+264337.7,192.566620,+26.727147,17.826,17.600,17.238,16.505,0.026,0.039,0.047,0.043,433799004845,2,2010.1659,-1
0.204577,3961588876468104832,192.56658787261142,26.727111954112377,269.8018069614961,89.52135248951582,-0.24988307744351917,0.15373276,0.142716153109623,0.16888942,-0.1843390576302766,0.14889428,18.157295,1028.0840042826671,4.4548893,18.304026,17.859442,0.4445839,2016.0,J125015.99+264337.5,192.566646,+26.727089,17.860,17.576,17.294,16.534,0.026,0.031,0.052,0.045,433798742714,1,2010.1659,-2
0.049366,3961651003170657664,193.31708063837553,27.09444229286295,28.291527570404956,89.59127895965628,-0.7389943307753158,0.5360606,-0.38012428933974096,0.52042884,0.5641169418362263,0.499295,18.361073,852.1528249952833,5.843172,16.190634,14.792831,1.3978024,2016.0,J125316.09+270540.0,193.317082,+27.094456,,13.792,13.100,12.790,,0.002,0.002,0.002,433798482092,1,2010.0865,1
0.045440,3961699519121640704,193.2504539393724,27.20951298419474,46.17098380121741,89.6427981421638,0.3398945295480572,0.21146643,-0.1675306581395407,0.18623953,-0.16517262204168748,0.21129097,18.711405,617.1420744736548,1.5891167,18.872051,18.347763,0.5242882,2016.0,J125300.10+271234.2,193.250443,+27.209505,18.381,17.997,17.396,16.974,0.029,0.034,0.039,0.053,433798252441,1,2010.0865,-1
0.157143,3961719993229751424,193.0289711996474,27.454863373430545,98.21300304923355,89.64032813864868,0.009704423438722099,0.19576381,-0.11365559809734063,0.18360807,-0.31592441283817346,0.20418476,18.778522,580.1470597670046,1.9921335,18.94794,18.422169,0.5257721,2016.0,J125206.96+272717.5,193.029018,+27.454877,18.025,17.629,17.192,16.792,0.031,0.029,0.042,0.051,433797998294,1,2010.2367,-2
0.286485,3961763423938696704,192.06780591556065,26.78674595484716,238.57695204888068,89.2160566381223,0.05157404541147766,0.12781247,-0.15578132812837128,0.11019651,-0.008870644458554929,0.123881,18.006712,1181.0328821884302,4.328623,18.211483,17.642317,0.5691662,2016.0,J124816.29+264712.4,192.067876,+26.786795,17.438,17.218,16.912,16.276,0.018,0.022,0.035,0.033,433798709347,1,2010.1659,-1
0.383596,3961770776922721280,192.13647130001348,26.8868729270853,233.3092085836245,89.31210063787019,0.1634083083807221,0.12671596,-0.1268468752314648,0.11391749,0.08030237726366689,0.1252033,18.014084,1173.0414146835033,8.685224,18.037556,17.761703,0.2758522,2016.0,J124832.77+265312.9,192.136566,+26.886938,16.636,17.018,16.209,15.103,0.010,0.018,0.019,0.012,433798709213,1,2010.1659,-1
0.073577,3961783047645114368,191.74240658823052,26.936064236502734,223.60948972550196,88.98657920525433,-0.05623384187565879,0.0913726,-0.013983790367820315,0.09277078,-0.038492878566881175,0.09972431,17.473644,1929.6964270425774,8.087193,17.61626,17.126036,0.49022484,2016.0,J124658.17+265609.9,191.742401,+26.936084,16.700,16.476,16.121,15.592,0.011,0.012,0.019,0.020,433798736760,1,2010.1659,-1
0.173139,3961783047645114368,191.74240658823052,26.936064236502734,223.60948972550196,88.98657920525433,-0.05623384187565879,0.0913726,-0.013983790367820315,0.09277078,-0.038492878566881175,0.09972431,17.473644,1929.6964270425774,8.087193,17.61626,17.126036,0.49022484,2016.0,J124658.16+265609.8,191.742353,+26.936059,,,16.171,15.649,,,0.017,0.020,433798734416,2,2010.2393,-1
0.175474,1513210574308297600,191.20116921349165,30.050705816260795,149.02386264388932,86.73501702234717,-0.11097424850794403,0.1466772,0.056839910478493016,0.14798523,-0.09176395771836966,0.15772551,18.441307,791.4511433735972,3.0665574,18.629742,18.15654,0.47320175,2016.0,J124448.29+300302.6,191.201221,+30.050725,17.721,17.515,17.109,16.805,0.021,0.024,0.040,0.047,433795071437,1,2010.2039,-1
0.118895,1513238508775750912,191.3405383215055,30.498749303031595,144.1169209547592,86.37639334927401,-0.3871630200340998,0.20800869,-0.05208535359235462,0.21087173,0.4249715674620534,0.27128214,18.701942,622.5440236729679,3.7980762,18.865181,18.254684,0.6104965,2016.0,J124521.73+302955.6,191.340555,+30.498779,18.023,17.530,16.992,16.565,0.028,0.038,0.038,0.046,433794696423,1,2010.2039,-1
0.098852,1513249916208899456,191.5452987942068,30.521557366074408,141.36037079546136,86.41679059261952,0.02682601021245528,0.049855873,0.03344760163997509,0.06811244,-0.04418898597619887,0.059017275,16.436506,5015.843844237435,4.490049,16.761253,15.903892,0.8573618,2016.0,J124610.87+303117.5,191.545330,+30.521552,15.461,15.258,14.685,13.925,0.005,0.006,0.006,0.005,433794696484,2,2010.2039,-1
0.152345,1513249916208899456,191.5452987942068,30.521557366074408,141.36037079546136,86.41679059261952,0.02682601021245528,0.049855873,0.03344760163997509,0.06811244,-0.04418898597619887,0.059017275,16.436506,5015.843844237435,4.490049,16.761253,15.903892,0.8573618,2016.0,J124610.88+303117.6,191.545346,+30.521569,15.398,15.231,14.673,13.877,0.005,0.004,0.005,0.004,433794745303,1,2010.2039,-1
0.136864,1513251187519245184,191.50110342072006,30.581585823316413,141.61709333267405,86.34758388008746,-0.0949743610535206,0.22280896,0.21976977835030903,0.22931601,-0.06483716653406327,0.21484785,18.959887,490.8986998074452,1.3872492,19.23445,18.491177,0.7432728,2016.0,J124600.27+303453.6,191.501146,+30.581576,18.426,17.938,17.515,16.744,0.039,0.055,0.061,0.054,433794696633,1,2010.2039,-2
0.156966,1513263836198624640,191.36672409865693,30.625608391032635,143.06860627187626,86.26648864919252,-0.09558693920014887,0.5809664,0.7648714599464085,0.59294724,0.7691247126912877,0.52330387,18.39927,822.6955306155236,6.323209,16.407284,15.121147,1.2861366,2016.0,J124528.02+303732.1,191.366772,+30.625594,14.661,14.143,13.504,13.194,0.003,0.003,0.002,0.003,433794696764,1,2010.2039,1
0.043689,1513280255857747584,190.89649492437607,30.40190016107715,150.19299287910104,86.30186866912231,-0.015168127841179154,0.19819295,-0.11022105369155737,0.18391335,-0.09609646887533144,0.18783528,18.430693,799.226778961567,2.935817,18.514353,18.271368,0.24298477,2016.0,J124335.15+302406.8,190.896482,+30.401905,18.007,17.370,17.156,16.273,0.029,0.023,0.044,0.031,433794920406,1,2010.2039,-1
0.117716,1513286135668786432,190.83533473147367,30.57782043303032,149.64960810758126,86.12176472477975,-0.2138466681160521,0.39415315,-0.32274980249966356,0.42331687,-0.3111633699120961,0.38354388,18.529953,729.3996513986909,5.7073503,17.74622,16.640665,1.1055546,2016.0,J124320.48+303440.2,190.835351,+30.577850,16.153,15.584,14.815,14.088,0.007,0.005,0.006,0.005,433794720170,1,2010.2039,1
0.134450,1513295412798487296,191.10998303559197,30.73467613933138,145.5178387267275,86.08219093445246,-0.1940157883427784,0.3694304,0.017248310448736707,0.26660302,-0.4639754532716389,0.24595585,18.94183,499.13154981813517,7.716065,18.59605,17.738733,0.857317,2016.0,J124426.38+304404.7,191.109942,+30.734664,17.383,16.854,16.064,15.159,0.018,0.017,0.017,0.013,433794508421,1,2010.2039,1
0.238193,1513310904744159616,190.78483476562465,30.80571911110732,148.70539719332402,85.89925261584767,-0.11400524353419367,0.2225257,-0.37747574722973837,0.23191047,-0.06768065290592842,0.23759975,18.932787,503.3057768460023,1.1105608,19.410969,18.274258,1.1367111,2016.0,J124308.37+304820.7,190.784897,+30.805758,17.721,17.359,16.807,16.713,0.021,0.021,0.030,0.044,433794542860,1,2010.2039,-1
0.095635,1513311763737629696,190.77666478844392,30.834790577909676,148.61048368891326,85.87013246507357,-0.05529116125140143,0.18697545,0.1316344589012535,0.17097521,-0.1281939505373783,0.18914546,18.584822,693.4542409758507,2.4577055,18.641617,17.675343,0.96627426,2016.0,J124306.40+305005.3,190.776677,+30.834815,17.319,16.820,15.882,14.818,0.015,0.013,0.013,0.009,433794523664,1,2010.2039,1
0.213712,1513311763737629696,190.77666478844392,30.834790577909676,148.61048368891326,85.87013246507357,-0.05529116125140143,0.18697545,0.1316344589012535,0.17097521,-0.1281939505373783,0.18914546,18.584822,693.4542409758507,2.4577055,18.641617,17.675343,0.96627426,2016.0,J124306.41+305005.3,190.776722,+30.834824,17.187,16.728,15.894,14.750,0.014,0.013,0.014,0.009,433794542847,2,2010.2039,1
0.150272,1513319597757971712,191.2023473486793,30.819212581691122,143.97886660379058,86.03471449915395,0.0728310504404614,0.13866504,-0.03299673043793186,0.14020362,0.01587594189950354,0.14912918,18.064125,1120.2025757683946,6.3137217,18.209496,17.719738,0.48975754,2016.0,J124448.56+304909.3,191.202353,+30.819254,17.252,16.975,16.583,16.001,0.016,0.018,0.028,0.026,433794508581,1,2010.2039,-1
0.104778,1513346673231923072,191.1895419971899,31.209366000947544,142.19145094788473,85.66641148732978,0.1213602061624513,0.2548225,0.13099056100213086,0.23215266,0.26084921089172614,0.24819382,18.964182,488.96107026681295,2.209224,19.078785,18.631838,0.4469471,2016.0,J124445.48+311233.8,191.189540,+31.209395,18.197,17.992,17.529,17.099,0.035,0.041,0.046,0.056,433794089499,1,2010.2036,-1
0.105499,1513385950708450432,192.34906793432998,31.09990970953007,129.21511239289174,86.00340469907724,0.15918552048903117,0.23895587,-0.036538461399296285,0.20760855,-0.08118809700550934,0.21016426,18.780014,579.3497582266652,2.2571785,18.88178,18.462528,0.4192524,2016.0,J124923.76+310559.6,192.349034,+31.099914,17.921,17.713,17.087,16.342,0.024,0.032,0.060,0.036,433794316572,1,2010.2802,-1
0.138163,1513414877312493952,192.3968511223742,31.565347866546812,128.01276699566344,85.54463278844875,0.007548065959321452,0.1777101,0.23427043379478626,0.19594727,-0.19735109616566493,0.18936688,18.371433,844.0605359565706,2.410924,18.487001,18.176914,0.3100872,2016.0,J124935.24+313355.3,192.396836,+31.565384,18.159,17.314,17.213,16.619,0.027,0.021,0.058,0.043,433793765105,2,2010.2802,-1
0.140735,1513414877312493952,192.3968511223742,31.565347866546812,128.01276699566344,85.54463278844875,0.007548065959321452,0.1777101,0.23427043379478626,0.19594727,-0.19735109616566493,0.18936688,18.371433,844.0605359565706,2.410924,18.487001,18.176914,0.3100872,2016.0,J124935.25+313355.3,192.396889,+31.565370,18.132,17.230,17.302,16.450,0.027,0.020,0.066,0.039,433793947135,1,2010.2802,-1
0.318761,1513436317789700608,191.74697989698626,31.43879814798887,135.34912996603666,85.58168557549622,-0.08480889665385453,0.21965791,-0.40364815394236214,0.2170794,-0.08835862052832687,0.24684867,18.73778,602.3300759795175,5.3909817,18.74978,18.100286,0.6494942,2016.0,J124659.29+312619.4,191.747063,+31.438745,17.771,17.352,16.643,15.728,0.022,0.023,0.021,0.018,433793967000,1,2010.2036,1
0.291694,1513436592667346176,191.81016891867054,31.44473072400517,134.64890282101123,85.58765274918453,0.10743619430053325,0.10725563,-0.04727599779287718,0.12589422,-0.00961573590767707,0.13052414,17.726196,1529.2136520611998,2.5019572,18.008646,17.336227,0.6724186,2016.0,J124714.45+312640.8,191.810241,+31.444678,16.915,16.518,16.077,15.609,0.012,0.012,0.013,0.015,433793945101,1,2010.2036,-1
0.495030,1513436592667346176,191.81016891867054,31.44473072400517,134.64890282101123,85.58765274918453,0.10743619430053325,0.10725563,-0.04727599779287718,0.12589422,-0.00961573590767707,0.13052414,17.726196,1529.2136520611998,2.5019572,18.008646,17.336227,0.6724186,2016.0,J124714.46+312640.7,191.810291,+31.444641,16.979,16.532,16.063,15.557,0.013,0.013,0.025,0.020,433793919776,2,2010.2802,-1
0.280748,1513461331678998400,191.80824694449456,31.541867170765965,134.40743763677227,85.49233414610988,-0.24052484019997028,0.16931792,-0.035122685927831646,0.1549325,0.1064834034691243,0.20692638,18.400007,822.1361209067262,6.436297,18.663078,17.992323,0.6707554,2016.0,J124713.99+313230.5,191.808316,+31.541816,17.685,17.386,16.782,16.447,0.022,0.025,0.024,0.032,433793945093,1,2010.2036,-1
0.367575,1513461331678998400,191.80824694449456,31.541867170765965,134.40743763677227,85.49233414610988,-0.24052484019997028,0.16931792,-0.035122685927831646,0.1549325,0.1064834034691243,0.20692638,18.400007,822.1361209067262,6.436297,18.663078,17.992323,0.6707554,2016.0,J124714.00+313230.4,191.808341,+31.541804,17.752,17.332,16.788,16.412,0.023,0.025,0.048,0.042,433793919974,2,2010.2802,1
0.245505,1513461812715104512,191.861249947899,31.571860609654937,133.76892733794713,85.47208628400938,-0.2100851337318245,0.23597345,0.3114651404646587,0.23783387,0.2159763377666199,0.23709403,18.818521,559.1625739912535,4.220422,19.113993,18.30608,0.8079128,2016.0,J124726.71+313418.5,191.861316,+31.571822,18.112,17.677,17.004,16.541,0.030,0.035,0.058,0.048,433793920038,2,2010.2802,-1
0.273069,1513461812715104512,191.861249947899,31.571860609654937,133.76892733794713,85.47208628400938,-0.2100851337318245,0.23597345,0.3114651404646587,0.23783387,0.2159763377666199,0.23709403,18.818521,559.1625739912535,4.220422,19.113993,18.30608,0.8079128,2016.0,J124726.71+313418.5,191.861322,+31.571816,18.084,17.602,17.061,16.617,0.030,0.031,0.030,0.037,433793945197,2,2010.2036,-1
0.279138,1513461812715104512,191.861249947899,31.571860609654937,133.76892733794713,85.47208628400938,-0.2100851337318245,0.23597345,0.3114651404646587,0.23783387,0.2159763377666199,0.23709403,18.818521,559.1625739912535,4.220422,19.113993,18.30608,0.8079128,2016.0,J124726.71+313418.5,191.861326,+31.571818,18.052,17.604,16.854,16.556,0.028,0.033,0.047,0.045,433793739851,2,2010.2802,-2
0.384472,1513461812715104512,191.861249947899,31.571860609654937,133.76892733794713,85.47208628400938,-0.2100851337318245,0.23597345,0.3114651404646587,0.23783387,0.2159763377666199,0.23709403,18.818521,559.1625739912535,4.220422,19.113993,18.30608,0.8079128,2016.0,J124726.72+313418.4,191.861336,+31.571783,18.009,17.587,17.098,16.552,0.031,0.028,0.030,0.034,433793762552,1,2010.2036,-1
0.091335,1513469371857595136,192.0451093868552,31.706199020223284,131.54236436875559,85.36747382436721,0.008878349398958804,0.20434913,-0.07498936230713024,0.18674313,-0.2288625809779238,0.18516895,18.786139,576.091222515043,5.3976727,18.861738,18.557974,0.30376434,2016.0,J124810.83+314222.2,192.045135,+31.706186,18.692,18.345,17.877,16.973,0.048,0.064,0.120,0.066,433793740102,1,2010.2802,-1
0.073614,1513490885349669504,191.94065807154806,32.07677483603352,131.8784799611381,84.98748161954478,-0.3059661022851594,0.2121033,-0.15300146538127585,0.18340714,-0.04407008907614905,0.18899788,18.803535,566.9338331476921,2.3177605,18.983217,18.436562,0.54665565,2016.0,J124745.75+320436.4,191.940647,+32.076793,18.049,17.892,17.110,16.774,0.026,0.037,0.040,0.048,433793395296,2,2010.2804,-1
0.083058,1513490885349669504,191.94065807154806,32.07677483603352,131.8784799611381,84.98748161954478,-0.3059661022851594,0.2121033,-0.15300146538127585,0.18340714,-0.04407008907614905,0.18899788,18.803535,566.9338331476921,2.3177605,18.983217,18.436562,0.54665565,2016.0,J124745.76+320436.4,191.940685,+32.076778,18.107,17.841,17.097,16.735,0.029,0.037,0.041,0.052,433793439171,1,2010.2804,-2
0.091038,1513496584770835072,190.42779887000864,30.85315924033873,152.07742437618253,85.71096710482226,0.13158747567772971,0.14471442,-0.08166838149625623,0.19848375,0.0020183665840197255,0.17575954,18.299591,901.7998690343691,3.7209003,18.435163,18.010096,0.4250679,2016.0,J124142.67+305111.4,190.427805,+30.853184,17.419,17.404,16.864,16.003,0.019,0.025,0.036,0.026,433794517292,1,2010.2039,-1
0.103920,1513542558100352384,191.1062489316006,31.499187094211955,141.78538632835244,85.36967956699303,-0.1555822816582015,0.1665923,-0.09391093257936105,0.15698841,-0.251888953050837,0.1519613,18.446459,787.7048406796287,3.2648575,18.624352,18.142046,0.48230553,2016.0,J124425.49+312957.1,191.106249,+31.499216,18.033,17.880,17.033,16.567,0.032,0.044,0.034,0.041,433793930381,1,2010.2036,-1
0.148364,1513559703609682560,190.9551894895136,31.624855494185347,142.72701594708053,85.20726187697245,-0.06219114833503961,0.14922838,0.03684141921064869,0.13938095,0.07070486919626547,0.13382237,18.27778,920.0995170846403,5.091381,18.343622,17.97357,0.37005234,2016.0,J124349.25+313729.5,190.955230,+31.624878,17.651,17.371,16.850,16.023,0.021,0.025,0.025,0.022,433793754604,1,2010.2036,-1
0.103556,1513578056005566592,190.35389077253464,31.48229217319808,148.97569386960544,85.12896625197108,-0.09087723074870406,0.40506825,0.2460517765664472,0.39122146,-0.3375219832974829,0.36590776,18.05556,1129.0750975087394,6.439457,16.43068,15.129124,1.3015556,2016.0,J124124.94+312856.2,190.353924,+31.482297,14.684,14.133,13.484,13.122,0.003,0.003,0.002,0.003,433793909836,1,2010.2036,1
0.258599,1513613721414001664,190.76045281827902,31.866815484001343,143.5063504781087,84.92182029227185,-0.00602509003534989,0.22439319,0.3198435324007539,0.20136072,-0.16043436600172822,0.20530638,18.931402,503.94859089765043,3.9340363,18.848043,18.154373,0.6936703,2016.0,J124302.52+315200.6,190.760532,+31.866841,17.664,17.157,16.396,15.537,0.023,0.021,0.024,0.018,433793594692,1,2010.2804,1
0.208797,1513682853208011776,191.83654301070408,32.150186951249374,132.72185516465578,84.90006538762914,-0.15471069080701516,0.10555106,0.035256452605975167,0.096127614,0.07916633099336473,0.09541934,17.8405,1376.4067736217798,5.0359516,18.007812,17.519798,0.48801422,2016.0,J124720.78+320900.6,191.836609,+32.150171,16.732,15.958,15.903,15.265,0.010,0.007,0.014,0.013,433793373634,1,2010.2804,-1
0.320983,1513682853208011776,191.83654301070408,32.150186951249374,132.72185516465578,84.90006538762914,-0.15471069080701516,0.10555106,0.035256452605975167,0.096127614,0.07916633099336473,0.09541934,17.8405,1376.4067736217798,5.0359516,18.007812,17.519798,0.48801422,2016.0,J124720.79+320900.6,191.836648,+32.150194,16.742,15.999,15.907,15.236,0.010,0.008,0.014,0.014,433793439026,2,2010.2804,-1
0.350969,1513682853208011776,191.83654301070408,32.150186951249374,132.72185516465578,84.90006538762914,-0.15471069080701516,0.10555106,0.035256452605975167,0.096127614,0.07916633099336473,0.09541934,17.8405,1376.4067736217798,5.0359516,18.007812,17.519798,0.48801422,2016.0,J124720.78+320900.3,191.836590,+32.150098,17.916,,15.885,15.448,0.026,,0.015,0.017,433793432496,2,2010.2804,-1
0.143785,1513709997401228800,190.8779576184871,32.016217598113116,141.8713301564218,84.81746082682284,0.13286872324103213,0.14793096,0.023594839691112396,0.13892712,0.0018889961253071123,0.1336013,18.355461,856.5696349107402,3.3702488,18.541851,18.004686,0.5371647,2016.0,J124330.71+320058.4,190.878000,+32.016235,18.037,19.118,17.162,16.431,0.029,0.115,0.045,0.038,433793565381,2,2010.2804,0
0.311778,1513709997401228800,190.8779576184871,32.016217598113116,141.8713301564218,84.81746082682284,0.13286872324103213,0.14793096,0.023594839691112396,0.13892712,0.0018889961253071123,0.1336013,18.355461,856.5696349107402,3.3702488,18.541851,18.004686,0.5371647,2016.0,J124330.73+320058.5,190.878044,+32.016264,17.799,17.419,17.044,16.383,0.023,0.026,0.042,0.039,433793415701,1,2010.2804,-2
0.098049,1513717414809809536,190.98395363008873,32.1648769794526,140.407656477977,84.70650380628578,0.010106946567661862,0.28441757,-0.0184874752432549,0.3124583,-0.17647481808690277,0.28448424,18.46894,771.5608179125128,2.922266,18.039637,17.455072,0.5845642,2016.0,J124356.15+320953.5,190.983983,+32.164888,17.089,16.790,16.371,16.209,0.014,0.015,0.023,0.033,433793415331,1,2010.2804,1
0.164547,1513750331438488448,191.5198581853488,32.513635854046825,134.7817120424425,84.49080966660424,-0.25547120103732446,0.2264068,-0.041667541848759856,0.23011869,0.2181579352910668,0.22929442,18.977234,483.1181650132514,2.2474563,19.183664,18.692099,0.4915657,2016.0,J124604.76+323049.2,191.519844,+32.513680,18.768,18.571,17.917,17.176,0.052,0.079,0.088,0.079,433793061048,1,2010.2804,-2
0.093845,1513791429981150464,192.42753666487306,31.64961302561821,127.5854056636219,85.46301600667545,0.17687478316753166,0.4375669,-0.0256227184818041,0.47253755,-0.4107952663476831,0.40494642,18.571915,701.7479296799594,3.0053253,17.769716,16.688915,1.080801,2016.0,J124942.60+313858.7,192.427539,+31.649639,16.319,15.835,15.238,14.736,0.007,0.007,0.010,0.009,433793765178,1,2010.2802,1
0.112084,1513792250319435776,192.58130082999347,31.665110845382756,125.92226077529938,85.45667682874522,-0.17138748947238433,0.21443267,-0.014453540456006829,0.2696594,-8.276427437618229E-4,0.23020798,18.789246,574.4448024262464,1.7312676,19.063734,18.433481,0.63025284,2016.0,J125019.52+313954.3,192.581337,+31.665106,18.039,17.827,17.386,16.753,0.025,0.033,0.065,0.049,433793766603,1,2010.2802,-1
0.246388,1513833894321918720,192.844641574356,32.24998231644409,123.07249299206852,84.87825148331285,0.25392304086051914,0.17466973,-0.09255194003973802,0.24212398,-0.24937333454120572,0.20329763,18.718557,613.0897472613841,2.156555,18.864223,18.376135,0.4880886,2016.0,J125122.72+321459.7,192.844695,+32.249931,18.347,17.406,17.242,16.536,0.031,0.023,0.044,0.039,433793259971,1,2010.2804,1
0.123100,1513851280349801472,192.32526278189297,32.06323819239408,128.17884210675916,85.04322452016477,0.1091056400588832,0.17914282,0.07220137907610993,0.24598661,-0.2924896103689786,0.21277456,18.699423,623.9904096475011,1.6586629,18.879269,18.314661,0.5646076,2016.0,J124918.07+320347.6,192.325301,+32.063227,17.859,17.609,17.218,16.697,0.022,0.030,0.046,0.048,433793394688,2,2010.2804,-1
0.141150,1513851280349801472,192.32526278189297,32.06323819239408,128.17884210675916,85.04322452016477,0.1091056400588832,0.17914282,0.07220137907610993,0.24598661,-0.2924896103689786,0.21277456,18.699423,623.9904096475011,1.6586629,18.879269,18.314661,0.5646076,2016.0,J124918.07+320347.6,192.325309,+32.063239,17.807,17.600,17.222,16.653,0.023,0.030,0.047,0.046,433793406383,1,2010.2804,-2
0.085938,1513859664125900544,192.4092501579856,32.186532483524886,127.2448003210332,84.92662818793742,-0.005897297044146214,0.17888467,-0.23094062156638168,0.25391033,0.03092428334588801,0.20484972,18.512749,741.0496540315798,6.6444697,18.609772,18.193645,0.41612625,2016.0,J124938.22+321111.5,192.409276,+32.186542,17.807,17.477,16.833,16.138,0.022,0.027,0.032,0.028,433793424330,2,2010.2804,-1
0.158275,1513859664125900544,192.4092501579856,32.186532483524886,127.2448003210332,84.92662818793742,-0.005897297044146214,0.17888467,-0.23094062156638168,0.25391033,0.03092428334588801,0.20484972,18.512749,741.0496540315798,6.6444697,18.609772,18.193645,0.41612625,2016.0,J124938.22+321111.6,192.409285,+32.186565,17.881,17.501,16.857,16.118,0.022,0.027,0.033,0.028,433793394522,1,2010.2804,-2
0.182676,1513864203906968448,192.17258711475102,32.11418252559565,129.59353886050167,84.97848269603341,-0.056436796185907995,0.1891855,0.11001619475984142,0.18086255,-0.19975243739878673,0.18166016,18.55564,712.3464892654761,2.4928694,18.762539,17.833553,0.9289856,2016.0,J124841.43+320651.0,192.172647,+32.114181,17.770,17.395,16.712,15.956,0.022,0.025,0.029,0.025,433793406268,1,2010.2804,-2
0.125435,1513909176509549312,192.57283437697055,32.58137285037331,125.47175658766938,84.54122171916539,-0.11078579176601439,0.24060822,-0.31134828467108067,0.29446885,0.13303969545493857,0.25529182,18.982046,480.9817903374187,2.1643476,19.23559,18.606354,0.6292362,2016.0,J125017.48+323453.0,192.572868,+32.581393,18.300,17.781,17.125,16.805,0.030,0.032,0.039,0.049,433793090526,1,2010.2804,-1
0.215157,1513909176509549312,192.57283437697055,32.58137285037331,125.47175658766938,84.54122171916539,-0.11078579176601439,0.24060822,-0.31134828467108067,0.29446885,0.13303969545493857,0.25529182,18.982046,480.9817903374187,2.1643476,19.23559,18.606354,0.6292362,2016.0,J125017.49+323453.0,192.572902,+32.581391,18.380,17.801,17.062,16.891,0.036,0.040,0.044,0.066,433793058274,2,2010.2804,-1
0.286468,1513909176509549312,192.57283437697055,32.58137285037331,125.47175658766938,84.54122171916539,-0.11078579176601439,0.24060822,-0.31134828467108067,0.29446885,0.13303969545493857,0.25529182,18.982046,480.9817903374187,2.1643476,19.23559,18.606354,0.6292362,2016.0,J125017.49+323452.7,192.572907,+32.581322,18.358,17.833,17.057,16.744,0.035,0.041,0.043,0.055,433793053701,2,2010.2804,-2
0.240708,1513920343423647488,193.40918488397273,32.33496728608442,117.82842693510011,84.77147743594958,-0.07546243644459665,0.12630166,-0.1380564665724457,0.17301525,-0.1499824176065183,0.1428525,18.188133,999.2949635649937,2.140854,18.428772,17.807901,0.6208706,2016.0,J125338.20+322006.1,193.409190,+32.335034,17.489,17.340,16.977,16.285,0.018,0.027,0.039,0.037,433793238317,1,2010.2804,-1
0.134665,1513942097433807744,193.4087578994448,32.58081485093348,118.07369000580273,84.5266952964212,-0.010065698273139224,0.20725459,-0.3300345148169501,0.27980262,-0.006568283474988813,0.21970488,18.8654,535.5332934539457,3.4152186,18.849411,18.499737,0.34967422,2016.0,J125338.11+323450.9,193.408800,+32.580827,17.894,18.068,17.254,16.366,0.026,0.052,0.053,0.041,433793042881,1,2010.2804,-1
0.194895,1513990029268792064,192.93208834102035,32.692664093471414,122.30176268241142,84.43523054354353,0.17571340677100156,0.17300828,0.022467636693061024,0.1972564,-0.08325336319344272,0.16969761,18.453758,782.4269144971423,4.332666,18.48228,17.679747,0.8025341,2016.0,J125143.70+324133.7,192.932110,+32.692715,17.283,16.909,16.246,15.335,0.016,0.016,0.023,0.016,433792897166,1,2010.2037,1
0.415128,1514021876451079296,193.494647157717,32.981288023993685,117.7228457029901,84.12124417601949,0.018873662458965393,0.22765811,-0.36582918530396163,0.3336995,0.030051766436259064,0.32286754,18.96944,486.5982655590256,2.6274652,19.143011,18.633583,0.509428,2016.0,J125358.72+325853.0,193.494680,+32.981400,18.239,18.009,17.596,16.908,0.033,0.045,0.074,0.064,433792776092,1,2010.2037,-2
0.191626,1514079051055203712,191.8225265953579,32.54348936911125,132.1084997067484,84.51067106644732,-0.2231977925447929,0.17481923,-0.1320861365871604,0.15286815,-0.12235502921664299,0.14866537,18.44746,786.9787653810334,3.0770426,18.605719,18.089293,0.5164261,2016.0,J124717.41+323236.7,191.822570,+32.543528,17.774,17.473,17.116,16.517,0.021,0.027,0.040,0.040,433793095758,2,2010.2804,-1
0.273792,1514079051055203712,191.8225265953579,32.54348936911125,132.1084997067484,84.51067106644732,-0.2231977925447929,0.17481923,-0.1320861365871604,0.15286815,-0.12235502921664299,0.14866537,18.44746,786.9787653810334,3.0770426,18.605719,18.089293,0.5164261,2016.0,J124717.41+323236.8,191.822557,+32.543561,17.746,17.539,17.082,16.401,0.022,0.032,0.042,0.039,433793035972,1,2010.2804,-1
0.246765,1514102999793155456,192.47088032130614,32.8067004754721,126.22895885990317,84.31159549500218,-0.4029662164209742,0.2917031,-0.037420771542451506,0.3123901,-0.03285045668503938,0.2896477,18.852997,541.6869595833148,2.1399713,19.106453,18.46281,0.6436424,2016.0,J124953.01+324824.3,192.470879,+32.806769,18.318,18.035,17.285,16.868,0.034,0.041,0.056,0.060,433792899034,1,2010.2037,-1
0.179904,1514110460152094592,192.1606286885204,32.82119348220288,128.82959387853495,84.27501239471648,-0.00858458958651977,0.16615187,-0.07915193267506548,0.17309877,0.21382484548506567,0.18845719,18.437033,794.5728402542644,1.8926742,18.616812,18.04655,0.570261,2016.0,J124838.55+324916.4,192.160665,+32.821233,17.858,17.490,16.893,16.458,0.024,0.025,0.039,0.039,433792879501,1,2010.2037,-1
0.148524,1514124547644794240,191.5763419164992,32.48238704309445,134.36465017849613,84.53148580070528,-0.2974518593756082,0.21454291,-0.04091129419666674,0.18713155,0.019088997103796933,0.19021896,18.706373,620.008020723157,2.5644178,18.94187,18.37293,0.5689392,2016.0,J124618.31+322856.4,191.576311,+32.482355,18.232,17.780,17.226,16.896,0.030,0.035,0.043,0.055,433793095068,1,2010.2804,-1
0.167250,1514124547644794240,191.5763419164992,32.48238704309445,134.36465017849613,84.53148580070528,-0.2974518593756082,0.21454291,-0.04091129419666674,0.18713155,0.019088997103796933,0.19021896,18.706373,620.008020723157,2.5644178,18.94187,18.37293,0.5689392,2016.0,J124618.31+322856.7,191.576321,+32.482430,18.311,,17.382,16.689,0.035,,0.054,0.051,433793060914,2,2010.2804,-1
0.059830,1514156841503071104,191.52523186727242,33.00753433625048,133.71402507270304,84.00859306138489,0.32087506572097707,0.17052259,0.07622023931141644,0.17957112,-0.0398493482167262,0.17483683,18.52576,732.2213278768439,1.3908794,19.146421,17.758375,1.3880463,2016.0,J124606.05+330027.1,191.525232,+33.007551,17.265,,16.260,16.220,0.015,,0.024,0.034,433792781816,1,2010.2037,-1
0.125977,1514159938175323776,191.93913293146593,32.863085788042426,130.61778795073903,84.21012854878317,0.2550389814077784,0.16503769,-0.04573995167183896,0.17962351,-0.008468234040756042,0.16326335,18.450161,785.0224614152327,2.5498483,18.656664,18.093683,0.56298065,2016.0,J124745.38+325147.1,191.939092,+32.863092,17.803,17.518,17.107,16.601,0.022,0.025,0.046,0.045,433792883795,1,2010.2037,-1
0.160316,1514162957536689792,192.00622907674565,32.97796848468131,129.91686899639188,84.10392530513128,-0.29490414149814903,0.23396644,0.17085169183614635,0.24398464,0.05735627666960774,0.21992679,18.850632,542.8675902209148,1.3281424,19.029736,18.496004,0.53373146,2016.0,J124801.48+325840.6,192.006176,+32.977968,18.025,17.823,17.192,16.550,0.027,0.033,0.050,0.042,433792771763,1,2010.2037,-1
0.105079,1514172238961685760,192.23312248812087,33.187604302603845,127.88422271180136,83.91653650480852,-0.03614441416956428,0.12199256,0.1584406897434606,0.18935353,-0.12417145935984983,0.17479269,18.135796,1048.645224552793,6.515031,18.186972,17.828058,0.35891342,2016.0,J124855.95+331115.3,192.233157,+33.187609,17.736,17.296,16.738,15.840,0.023,0.024,0.037,0.025,433792636089,1,2010.2037,-2
0.090767,1514245455268075008,193.19846593414394,33.56769773206981,120.41523322269103,83.55392512436173,-0.18428017090868717,0.1633287,0.003850450016265901,0.19202399,0.19745343273450458,0.17817159,18.250397,943.6009724045791,7.2329273,18.31279,17.712948,0.5998421,2016.0,J125247.62+333403.7,193.198445,+33.567716,17.412,,16.209,15.162,0.025,,0.020,0.013,433792421309,1,2010.3134,1
0.248181,1514253289288804480,192.6742664269441,33.51460958809472,124.31989461299362,83.61164371845854,0.02733271566817266,0.18324108,-0.1242023826438936,0.2367876,-0.06672734895198981,0.21463396,18.664633,644.3082977636209,3.3671472,18.80469,18.359924,0.4447651,2016.0,J125041.83+333052.7,192.674314,+33.514666,18.616,18.409,17.860,17.136,0.040,0.053,0.088,0.070,433792574191,1,2010.2037,-2
0.182735,1514258069587976192,193.018928100551,33.641448915838396,121.76184994156255,83.48535204217609,0.03787855007020588,0.074447796,-0.10167504504155433,0.11396511,-0.02497655065996976,0.09219519,17.395922,2072.900042918261,5.357695,17.5632,17.099735,0.46346474,2016.0,J125204.55+333829.3,193.018978,+33.641478,,16.554,15.942,15.522,,0.019,0.016,0.018,433792426089,1,2010.3134,-1
0.224860,1514524250185678976,191.15284555428008,32.83236770459444,137.0408923495821,84.10774855235927,0.15140533183785207,0.24379312,-0.16888958711477114,0.34283108,0.20370669568737368,0.28722385,18.99182,476.67147374136476,1.7831804,19.277918,18.565836,0.7120819,2016.0,J124436.69+324956.6,191.152914,+32.832392,18.244,17.730,17.119,16.692,0.033,0.030,0.048,0.051,433792892899,1,2010.2037,-1
0.265857,1514565928548440192,190.0324272599593,32.749448808852904,145.786512232402,83.868970997593,0.32228386629678,0.2053754,-0.036355735612007486,0.2618421,-0.13459631414196563,0.24321893,18.669493,641.4309203182098,3.4856222,18.718122,17.73789,0.98023224,2016.0,J124007.78+324457.7,190.032425,+32.749375,17.379,16.849,15.988,14.994,0.017,0.015,0.018,0.012,433792887369,1,2010.2037,1
0.081255,1514580741890671360,190.18619427624515,33.06384985390971,143.56192567232733,83.63046723509966,-0.08544060684223422,0.120238595,-0.05077078708146439,0.11529577,0.10210855872266134,0.10963695,17.731062,1522.377078017049,10.127957,17.805487,17.452265,0.3532219,2016.0,J124044.68+330349.9,190.186182,+33.063870,16.944,16.181,16.087,15.465,0.012,0.009,0.019,0.016,433792748940,1,2010.2037,-1
0.074649,1514610016387783296,190.54418732840355,33.28407288400048,140.36552044566776,83.52775602738672,-0.06439194596785211,0.04126387,-0.033189768981795195,0.038643893,0.005650876996409367,0.037763055,15.433375,12635.622686744466,64.24849,15.720085,14.406765,1.3133202,2016.0,J124210.60+331702.7,190.544197,+33.284092,14.103,13.626,12.818,11.963,0.002,0.002,0.002,0.002,433792655397,1,2010.2037,-1
0.018642,1514799235467231872,190.11801418265352,33.38677006694812,142.9779504253887,83.30934047719907,0.13732869632765105,0.1638871,0.26859419197681433,0.17891693,0.07393857196617183,0.14878753,18.47109,770.0349643718259,9.515683,18.590324,18.217342,0.37298203,2016.0,J124028.32+332312.3,190.118016,+33.386775,18.198,17.478,17.242,16.456,0.033,0.030,0.059,0.042,433792525535,1,2010.2037,1
0.080873,1514907709161423488,191.4808682604696,33.041745747412406,133.9962076104404,83.96759896724454,0.028752392645983265,0.20845449,0.06296390289345459,0.21727829,-0.14417417016409365,0.2085284,18.910515,513.7373415612394,2.3131158,19.021517,18.5878,0.43371773,2016.0,J124555.41+330230.2,191.480895,+33.041745,18.002,,17.501,16.641,0.027,,0.072,0.049,433792781742,1,2010.2037,-1
0.374579,1514963573800244224,191.62353789884725,33.710168833203674,131.82186532032117,83.33253823777389,-0.14119918950315777,0.23633364,-0.06548829102876233,0.2196764,0.3890279705302829,0.25155306,18.94396,498.1529069910834,1.3791182,19.165985,18.409542,0.756443,2016.0,J124629.63+334236.9,191.623500,+33.710268,18.185,17.818,17.093,16.798,0.040,0.054,0.045,0.062,433792470013,1,2010.3134,-2
0.185500,1514969522331070976,190.92301591185466,33.22585236332664,137.80445872475798,83.67720607371747,0.1818785481364443,0.18213359,0.015130110207338447,0.25880364,-0.13838963768392487,0.22858904,18.754465,593.1443685893604,1.8402544,18.834957,18.425768,0.40918922,2016.0,J124341.53+331333.1,190.923075,+33.225867,18.250,18.125,17.523,16.767,0.034,0.055,0.080,0.056,433792628416,1,2010.2037,1
0.306136,1514975393549931392,190.889858517083,33.36461365225563,137.70449598945424,83.53614257134389,0.22156288387203024,0.19357085,-0.2321249554460325,0.2830472,0.31287795459485856,0.2617438,18.812113,562.4729457659638,3.161889,19.041044,18.421762,0.61928177,2016.0,J124333.58+332152.7,190.889954,+33.364643,18.437,,17.400,17.361,0.040,,0.069,0.100,433792539428,1,2010.2037,1
0.233171,1514999995122709120,190.8149591356879,33.68438004292559,137.47683364860197,83.21139723102317,-0.012107913824330997,0.22186288,-0.14340032901876337,0.28332946,0.37462608765310806,0.24967326,18.944473,497.91793664645496,3.6120403,19.122725,18.69565,0.42707443,2016.0,J124315.60+334103.8,190.815036,+33.684390,18.615,18.299,17.665,16.928,0.062,0.075,0.074,0.063,433792455674,1,2010.3134,1
0.103212,1515034183062670336,191.32224514191645,34.07556575099969,133.3299991725576,82.92812188072404,0.09769971666908629,0.23232526,0.1303493443564907,0.20518032,-0.33594318967565784,0.202048,18.68847,630.3159389323163,4.5500093,18.684057,18.172516,0.51154137,2016.0,J124517.34+340432.1,191.322259,+34.075592,17.995,17.365,16.601,15.545,0.038,0.037,0.029,0.022,433792265668,1,2010.3134,1
0.122534,1515093969007361664,192.12275317924735,34.20865987213935,127.86121390510351,82.89136398550934,0.29588444171913836,0.16397044,0.025656025129927887,0.20210993,-0.2203688748704906,0.17761074,18.578665,697.3979406456868,1.9290493,18.711008,18.20174,0.5092678,2016.0,J124829.47+341231.1,192.122794,+34.208655,,17.697,17.299,16.583,,0.052,0.055,0.050,433792288912,1,2010.3134,-1
0.238898,1515111836071222912,191.70786253488401,34.003535083771204,130.85064540212764,83.0537506844935,0.3599235762280291,0.22381552,-0.2040342266148024,0.21594083,0.2381819206272902,0.23531269,18.887318,524.8308274500961,3.3715737,19.08605,18.388798,0.6972523,2016.0,J124649.90+340012.7,191.707942,+34.003543,18.410,17.863,17.514,16.985,0.046,0.048,0.058,0.067,433792292572,1,2010.3134,-1
0.168425,1515112420186799616,191.75856228888938,34.06613494295751,130.43394865916466,82.99785748700981,-0.20690770258722124,0.1599926,-0.06754735599392528,0.18668589,0.13200243192607009,0.18764119,18.61273,675.85729537113,3.86091,19.098625,17.889599,1.2090263,2016.0,J124702.06+340358.1,191.758610,+34.066160,17.121,16.930,16.302,15.470,0.016,0.021,0.020,0.018,433792292639,1,2010.3134,-1
0.246711,1515122178352583040,191.86593772022223,34.252627534478705,129.5208919872619,82.82470998289128,0.16076742793294027,0.084974796,-0.03619434298637924,0.094049476,-0.04986491792729223,0.088170476,17.530369,1831.468825939796,3.4812205,17.68638,17.209135,0.47724533,2016.0,J124727.82+341509.7,191.865940,+34.252696,,16.536,16.049,15.517,,0.019,0.018,0.020,433792201047,2,2010.3134,-1
0.274554,1515122178352583040,191.86593772022223,34.252627534478705,129.5208919872619,82.82470998289128,0.16076742793294027,0.084974796,-0.03619434298637924,0.094049476,-0.04986491792729223,0.088170476,17.530369,1831.468825939796,3.4812205,17.68638,17.209135,0.47724533,2016.0,J124727.84+341509.6,191.866016,+34.252668,16.847,16.581,16.014,15.584,0.014,0.015,0.016,0.019,433792239056,1,2010.3134,-1
0.397935,1515151040532874880,191.84371281139278,34.457482020299985,129.46542866754197,82.61915549979828,0.008705870804030043,0.113660544,-0.029921243725981365,0.14657566,-0.17291472607741745,0.11770597,18.045717,1139.3564182883565,2.576677,18.188622,17.70244,0.48618126,2016.0,J124722.52+342726.8,191.843846,+34.457470,17.212,16.880,16.261,15.512,0.016,0.021,0.027,0.020,433792153980,1,2010.3434,-1
0.152999,1515171484576875776,191.94883884408372,34.65749507418431,128.62740763897565,82.430431725488,0.2663953155262816,0.21231495,-0.4032390869506626,0.29341915,0.07555799692132711,0.259937,18.986422,479.04685022679683,0.9985127,19.359327,18.480429,0.8788986,2016.0,J124747.73+343926.9,191.948890,+34.657489,18.314,18.492,17.388,17.146,0.040,0.090,0.073,0.084,433792153664,2,2010.3434,-1
0.238037,1515171484576875776,191.94883884408372,34.65749507418431,128.62740763897565,82.430431725488,0.2663953155262816,0.21231495,-0.4032390869506626,0.29341915,0.07555799692132711,0.259937,18.986422,479.04685022679683,0.9985127,19.359327,18.480429,0.8788986,2016.0,J124747.74+343926.9,191.948918,+34.657484,18.166,17.917,17.618,17.360,0.035,0.055,0.093,0.102,433792060137,1,2010.3434,-1
0.208616,1515184678716828672,190.44482514577732,33.66817124632196,139.9960474535343,83.13716444279372,0.07597915726166492,0.14432463,0.08438110108948566,0.14210975,-0.05685824316633667,0.15520085,18.208984,980.2869728421795,3.6340888,18.387552,17.834034,0.5535183,2016.0,J124146.76+334005.6,190.444854,+33.668224,17.111,17.286,16.749,15.989,0.017,0.029,0.031,0.026,433792426610,1,2010.3134,-1
0.248267,1515199315965255296,190.35003445776601,33.822101842646084,140.21210934833158,82.96621376038554,0.2637828317147401,0.2629039,-0.1701346361335092,0.2462484,-0.22090790098069787,0.23875116,18.827934,554.3364275840893,2.1825929,19.022842,18.493689,0.5291538,2016.0,J124124.01+334919.7,190.350079,+33.822160,18.012,17.859,17.407,16.956,0.035,0.054,0.057,0.064,433792350742,1,2010.3134,1
0.363864,1515200179254062976,190.51703586214447,33.845865980354006,139.07295014028685,82.98634315751121,-1.017105755381203,0.55905074,-0.24657036150425216,0.5486238,0.2153074618507522,0.49599928,17.386229,2091.486503271612,10.794282,17.738232,16.582998,1.1552334,2016.0,J124204.10+335045.4,190.517107,+33.845948,16.095,15.762,15.243,15.136,0.008,0.009,0.009,0.013,433792384953,1,2010.3134,-1
0.343055,1515238382987558528,190.5791776600253,34.234858333307066,137.78738683113275,82.62846632773116,0.2903348903044667,0.2765948,0.026017279293920934,0.28538653,-0.4464204122076908,0.290386,18.86088,537.7675837481133,5.3228374,18.532667,17.48005,1.052618,2016.0,J124219.02+341405.6,190.579283,+34.234897,16.899,16.331,15.550,14.661,0.013,0.012,0.010,0.009,433792228966,1,2010.3134,1
0.256538,1515280301868230912,190.2475834124288,34.4373120687867,139.3425296356712,82.35518410377325,0.05374678852718075,0.15378326,0.02540381977047329,0.1750733,0.12107804826127544,0.2051882,18.706093,620.1686471245902,2.6030083,18.892267,18.28823,0.60403633,2016.0,J124059.42+342614.5,190.247616,+34.437378,17.706,17.371,16.982,16.618,0.029,0.039,0.042,0.053,433792190084,2,2010.3134,-1
0.518997,1515280301868230912,190.2475834124288,34.4373120687867,139.3425296356712,82.35518410377325,0.05374678852718075,0.15378326,0.02540381977047329,0.1750733,0.12107804826127544,0.2051882,18.706093,620.1686471245902,2.6030083,18.892267,18.28823,0.60403633,2016.0,J124059.43+342614.7,190.247654,+34.437444,17.734,17.353,16.983,16.531,0.024,0.031,0.050,0.046,433792106134,1,2010.3433,-1
0.125795,1515310297920083200,190.4224266154275,34.675279789864646,137.80443319181168,82.16947622330602,-0.25093353923938716,0.14054994,0.11835597776529222,0.2321134,0.26114550699159156,0.21346676,18.943481,498.37275401654296,5.6624427,19.108833,18.373915,0.7349186,2016.0,J124141.38+344031.0,190.422456,+34.675305,17.791,17.439,16.802,16.061,0.025,0.033,0.040,0.030,433792035781,1,2010.3434,-1
0.048350,1515328203639170048,191.30194170081518,34.53524998921997,132.77467584021488,82.47356948710305,-0.047623498786282685,0.15715694,0.11044032005146454,0.14477997,-0.24564089392517072,0.16019367,18.240423,952.3080465417754,1.6561788,18.461103,17.830181,0.6309223,2016.0,J124512.46+343206.9,191.301949,+34.535262,17.271,17.024,16.545,15.805,0.017,0.023,0.032,0.024,433792126286,1,2010.3434,-2
0.210312,1515368984353162496,191.67455528945726,34.880921620792265,130.0953920948969,82.18129617910249,0.003727013414066612,0.0784065,-0.14844317119404138,0.12550533,-0.06729125128682142,0.11644441,18.069618,1114.5507070101899,3.3217492,18.204605,17.803623,0.4009819,2016.0,J124641.90+345251.2,191.674618,+34.880894,17.537,17.124,16.928,16.251,0.019,0.024,0.044,0.034,433791983276,1,2010.3434,-1
0.224254,1515370603556326144,191.69047511308142,34.97642707555845,129.90762339277845,82.08839054635342,-0.2721356161326654,0.21778601,-0.2907010897610488,0.41006932,0.34563805384030555,0.35147086,18.608118,678.7341072804004,4.2089458,17.887516,16.691683,1.1958332,2016.0,J124645.73+345835.1,191.690551,+34.976424,16.177,15.595,14.920,14.382,0.007,0.007,0.008,0.007,433791983307,1,2010.3434,1
0.183280,1515392589493520256,190.91577902377335,34.70535463367597,134.85288302622607,82.24212169440601,-0.028929563758365053,0.095895745,0.05952013365858464,0.14255168,-0.13465877564076428,0.13925928,18.260294,935.0373884344461,3.066889,18.509659,17.843924,0.66573524,2016.0,J124339.78+344219.4,190.915764,+34.705404,17.626,17.467,16.973,16.236,0.022,0.036,0.049,0.037,433792057195,1,2010.3434,-1
0.120575,1515412694235769088,190.78277261523843,34.99528202977254,135.1476122466428,81.93499504394256,-0.010446166827447537,0.048522096,0.05624645816829399,0.0929473,0.053665256273044554,0.07704495,17.340965,2180.522949563865,9.304766,17.404182,17.078815,0.32536697,2016.0,J124307.86+345943.1,190.782788,+34.995313,16.272,16.425,15.771,14.899,0.008,0.013,0.017,0.011,433791981257,1,2010.3433,-2
0.133966,1515447324556574976,191.09282495126448,35.31973714482611,132.93193408224352,81.67085856191962,0.014243611879808072,0.12508336,0.020839877204720275,0.1832083,0.06875819146750088,0.1836035,18.882061,527.3784629528642,1.1507579,19.20143,18.408337,0.7930927,2016.0,J124422.28+351911.1,191.092841,+35.319772,18.157,17.907,17.319,16.693,0.041,0.060,0.081,0.057,433791865157,1,2010.3572,-1
0.211950,1515447324556574976,191.09282495126448,35.31973714482611,132.93193408224352,81.67085856191962,0.014243611879808072,0.12508336,0.020839877204720275,0.1832083,0.06875819146750088,0.1836035,18.882061,527.3784629528642,1.1507579,19.20143,18.408337,0.7930927,2016.0,J124422.27+351911.2,191.092828,+35.319796,18.160,17.863,17.266,16.802,0.040,0.055,0.082,0.064,433791903146,2,2010.3434,-1
0.233121,1515452684675643264,191.266924911407,35.36765781443896,131.90937601155602,81.64926196920563,0.16483945591074348,0.12985484,-0.23690690612850507,0.19589645,0.3162919182146637,0.2041778,18.970232,486.2436936635787,1.4793992,19.179193,18.572924,0.60626984,2016.0,J124504.07+352203.7,191.266990,+35.367695,18.565,18.159,17.774,17.129,0.057,0.073,0.123,0.085,433791856502,1,2010.3572,-1
0.170898,1515518724092919680,194.12741865619648,33.45630673926996,113.43132008758647,83.57812718149876,0.06357194571480695,0.16883536,-0.033295262952731317,0.24543226,-0.10219708436114588,0.18094324,18.5326,727.622794553601,5.472715,18.71947,18.218472,0.50099754,2016.0,J125630.59+332722.6,194.127473,+33.456293,18.337,18.198,17.739,17.088,0.035,0.066,0.077,0.073,433792536569,1,2010.2806,-1
0.076957,1515524329026120832,194.35039471627783,33.616711107407816,112.0898579071934,83.38554084297874,-0.17829756455889292,0.19935629,-0.15282963127496574,0.19698097,0.3250074127196267,0.24976419,18.807613,564.8092022440553,1.8184475,19.14046,18.363781,0.7766781,2016.0,J125724.09+333700.2,194.350413,+33.616726,18.122,17.834,17.073,16.703,0.035,0.047,0.032,0.045,433792444130,1,2010.3134,-1
0.274078,1515592597530751872,193.82525891910842,33.98460170379222,116.25754529767507,83.09351584258349,0.14827344219919306,0.23949744,-0.384424616479658,0.33223587,0.21106766642837646,0.28947985,18.822935,556.8944394780401,3.4831526,18.98607,18.453102,0.5329685,2016.0,J125518.08+335904.6,193.825349,+33.984616,18.062,18.151,17.452,16.898,0.042,0.066,0.061,0.063,433792386138,1,2010.3134,-1
0.137754,1515635341045043840,194.72808310295184,34.099419270616444,110.40964552550717,82.84620666714783,-0.03878239126774052,0.115098275,-0.1190357755462437,0.077562645,-0.06970908718350177,0.1484145,18.099302,1084.4905902745252,2.0969043,18.348135,17.634716,0.71341896,2016.0,J125854.72+340557.9,194.728037,+34.099423,17.158,16.770,16.168,15.508,0.015,0.017,0.014,0.016,433792315758,1,2010.3134,-1
0.110352,1515663485967501952,194.95327173857288,34.389618620403375,109.54132320549151,82.51964308439015,0.00922506879934204,0.038446125,-0.03252932844751886,0.02973357,-0.017802950397837358,0.050226863,16.299763,5689.076496591401,8.234784,16.498066,15.918829,0.579237,2016.0,J125948.78+342322.7,194.953267,+34.389649,15.843,15.524,14.752,14.698,0.007,0.007,0.005,0.009,433792231079,2,2010.3134,-1
0.110550,1515663485967501952,194.95327173857288,34.389618620403375,109.54132320549151,82.51964308439015,0.00922506879934204,0.038446125,-0.03252932844751886,0.02973357,-0.017802950397837358,0.050226863,16.299763,5689.076496591401,8.234784,16.498066,15.918829,0.579237,2016.0,J125948.78+342322.7,194.953286,+34.389647,15.806,15.487,14.748,14.658,0.007,0.007,0.006,0.009,433792202549,1,2010.3134,-1
0.102651,1515714196644661376,194.77831662099948,34.424979068079764,110.68290018601719,82.5198598218575,0.23333208428112587,0.19586873,0.09006526262950137,0.13675965,0.0102260955073978,0.2514416,18.98459,479.8553612381463,1.1616158,19.164413,18.68341,0.4810028,2016.0,J125906.80+342529.8,194.778348,+34.424967,18.349,18.040,17.644,16.990,0.045,0.061,0.054,0.064,433792230830,1,2010.3134,-2
0.108888,1515855728702445312,193.3832193841328,34.481095622799145,119.56287333063813,82.63344528728041,0.07164294430984987,0.18266797,0.13851385347604211,0.27032527,-0.20547505629609847,0.22128864,18.749142,596.0600149893595,3.291392,18.930883,18.469423,0.4614601,2016.0,J125331.98+342851.9,193.383256,+34.481098,17.764,17.668,17.032,16.410,0.025,0.040,0.055,0.039,433792110310,1,2010.3434,-1
0.159277,1515870709548344064,193.10124418787618,34.551493459573805,121.39112612990523,82.57386319348055,0.1894246172471658,0.20454593,-0.4002216515045533,0.2374122,0.3970798057229807,0.19861919,18.869333,533.5970983633704,1.7650704,19.313713,18.266306,1.0474072,2016.0,J125224.31+343305.3,193.101297,+34.551485,17.580,17.255,16.639,16.000,0.023,0.029,0.038,0.029,433792142106,2,2010.3434,-1
0.191408,1515870709548344064,193.10124418787618,34.551493459573805,121.39112612990523,82.57386319348055,0.1894246172471658,0.20454593,-0.4002216515045533,0.2374122,0.3970798057229807,0.19861919,18.869333,533.5970983633704,1.7650704,19.313713,18.266306,1.0474072,2016.0,J125224.31+343305.3,193.101308,+34.551486,17.647,17.240,16.604,15.958,0.023,0.028,0.037,0.026,433792126842,1,2010.3434,-1
0.192237,1515874862781098624,193.40081815581496,34.63382719752402,119.52649886635976,82.48009993588572,-0.041478060570079696,0.20586422,0.07024324262069401,0.29858434,-0.023139220281013104,0.22920424,18.942493,498.8262470153196,2.07586,19.162968,18.437435,0.72553253,2016.0,J125336.21+343801.8,193.400878,+34.633848,18.537,18.082,17.213,17.065,0.047,0.057,0.064,0.070,433792110282,1,2010.3434,-2
0.198548,1515888091280753152,193.98160103600785,34.37003728023484,115.62885187894197,82.69445940348062,0.0280952717002324,0.2215355,-0.21490725659434395,0.19293314,0.32749407519942525,0.2413579,18.808395,564.4020534265753,2.4191382,18.963093,18.484476,0.4786167,2016.0,J125555.59+342212.2,193.981663,+34.370058,18.762,18.592,17.532,17.238,0.068,0.111,0.054,0.083,433792193505,1,2010.3134,-1
0.297449,1515888091280753152,193.98160103600785,34.37003728023484,115.62885187894197,82.69445940348062,0.0280952717002324,0.2215355,-0.21490725659434395,0.19293314,0.32749407519942525,0.2413579,18.808395,564.4020534265753,2.4191382,18.963093,18.484476,0.4786167,2016.0,J125555.59+342212.4,193.981641,+34.370113,18.710,18.564,17.506,17.283,0.064,0.089,0.060,0.085,433792229853,2,2010.3134,1
0.140455,1515938634455626368,194.35947759659473,34.90297890519249,113.92286290860255,82.12004426105118,-0.1200395997392738,0.09580915,-0.07277029343110059,0.073645495,0.08669270742003893,0.13419321,18.161253,1024.3439580087918,1.1058567,18.428616,17.749203,0.67941284,2016.0,J125726.26+345410.7,194.359432,+34.902990,17.460,16.996,,16.075,0.019,0.020,,0.038,433791970970,2,2010.3571,-1
0.179702,1515938634455626368,194.35947759659473,34.90297890519249,113.92286290860255,82.12004426105118,-0.1200395997392738,0.09580915,-0.07277029343110059,0.073645495,0.08669270742003893,0.13419321,18.161253,1024.3439580087918,1.1058567,18.428616,17.749203,0.67941284,2016.0,J125726.28+345410.6,194.359528,+34.902951,17.487,17.043,16.754,16.155,0.020,0.022,0.032,0.040,433791971614,1,2010.3571,-1
0.326839,1515949595212285440,194.35197497387242,35.08560567560825,114.18738574578094,81.94103185916532,-0.10352383395514483,0.11040691,-0.152658203525948,0.096303314,-0.17575097483255547,0.20702933,18.665499,643.7945310954549,1.0417947,18.816387,18.26488,0.55150795,2016.0,J125724.45+350508.3,194.351892,+35.085666,17.887,17.764,,16.279,0.027,0.041,,0.047,433791971369,1,2010.3571,1
0.198547,1515988834033096832,193.681233003651,35.27555958717382,118.21029056806829,81.82253421201358,-0.07923724199369941,0.08132086,0.013016083835705227,0.10869638,-0.033450394359984245,0.13784099,18.412283,812.8937432559965,5.141795,18.450853,18.103567,0.34728622,2016.0,J125443.50+351632.1,193.681263,+35.275609,18.204,17.782,17.091,16.158,0.034,0.043,0.058,0.031,433791941935,1,2010.3434,1
0.288536,1515995057441702400,193.93064467220978,35.16465720249613,116.6962552678562,81.91165147586231,0.04044218219950546,0.04787077,-0.01432705184373335,0.054384157,0.08304184061747229,0.08768434,17.544436,1807.8928204449421,3.094684,17.560823,17.148907,0.41191673,2016.0,J125543.37+350952.8,193.930733,+35.164692,16.697,16.477,15.852,15.038,0.010,0.014,0.018,0.012,433791934990,1,2010.3434,1
0.165454,1515999214970067328,194.17020524535442,35.21658350591151,115.37126678712649,81.83455804601698,-0.1387792816102996,0.40163177,0.2720149002416294,0.41542998,-0.612674420108086,0.67496556,18.896759,520.2873005251604,4.288798,17.055609,15.740293,1.3153162,2016.0,J125640.85+351259.8,194.170213,+35.216629,15.343,14.858,14.186,13.903,0.005,0.004,0.004,0.006,433791916332,1,2010.3571,1
0.171525,1516004987406117632,194.289835395848,35.37315727894384,114.86015339994533,81.66523401697808,-0.08012706234908436,0.07009408,-0.06411887608621195,0.071181744,0.10940052822900236,0.13856289,18.178377,1008.3137724262974,1.3067166,18.39047,17.768744,0.621727,2016.0,J125709.56+352223.5,194.289847,+35.373204,17.668,17.498,,16.379,0.024,0.034,,0.043,433791853703,1,2010.3652,-1
0.165348,1516014432038228224,193.84010318221314,35.395338982704594,117.39218367763208,81.69067782522224,0.10519976340749539,0.08096451,0.1065932884576438,0.101176776,0.006868973528706711,0.15501744,18.389015,830.5023286584867,1.2846444,18.515749,18.109962,0.4057865,2016.0,J125521.63+352343.3,193.840141,+35.395373,18.081,17.983,,16.712,0.042,0.062,,0.061,433791894730,1,2010.3573,-1
0.344850,1516021647583316864,194.00399736495254,35.54144936792328,116.59637877271204,81.53041033393869,0.10177667441555113,0.09898221,0.04293193332723,0.10926918,0.03363811297432825,0.18859707,18.68862,630.2297104300436,1.8341863,18.858997,18.312492,0.546505,2016.0,J125600.98+353229.3,194.004110,+35.541477,18.457,17.817,,16.945,0.060,0.056,,0.076,433791842293,1,2010.3573,-1
0.143494,1516052781803236480,195.47527127604707,34.75866014375339,107.20741712883188,82.04759523442405,0.35203992666862305,0.51832944,0.5626873934217085,0.36919367,-0.29670355760547934,0.55178034,18.941252,499.3970257185916,5.260787,17.666204,16.310059,1.3561459,2016.0,J130154.07+344531.1,195.475315,+34.758643,15.845,15.351,14.688,14.374,0.006,0.005,0.006,0.008,433792050137,1,2010.3571,1
0.122000,1516054980826498304,195.55589108031685,34.85934856164951,106.96752071057747,81.93182708867724,0.008000919114565082,0.12417668,-0.031358171094724295,0.10242022,-0.05242263601681179,0.14319171,18.356422,855.8111293612757,2.3284163,18.669315,18.117718,0.5515976,2016.0,J130213.42+345133.5,195.555924,+34.859328,17.968,17.640,16.961,16.685,0.028,0.033,0.037,0.056,433792050003,1,2010.3571,-2
0.300153,1516054980826498304,195.55589108031685,34.85934856164951,106.96752071057747,81.93182708867724,0.008000919114565082,0.12417668,-0.031358171094724295,0.10242022,-0.05242263601681179,0.14319171,18.356422,855.8111293612757,2.3284163,18.669315,18.117718,0.5515976,2016.0,J130213.42+345133.8,195.555957,+34.859412,,,17.165,16.494,,,0.051,0.050,433792060789,2,2010.3381,-1
0.326251,1516066177804455552,195.84496465941893,34.818559873255566,105.27484341468205,81.89614761335436,0.05518413182091782,0.16040726,-0.012783121663503233,0.114540935,-0.1925449714542548,0.16407704,18.595041,686.9586137139183,2.2377818,18.78983,18.175894,0.6139355,2016.0,J130322.80+344907.0,195.845040,+34.818626,18.126,17.741,17.146,16.781,0.033,0.037,0.046,0.063,433792073382,1,2010.3571,-1
0.234935,1516067930151134976,195.80335254412148,34.897975780864314,105.68553044643224,81.83215652896023,0.08840483297898565,0.14587396,-0.0625916945122342,0.11921153,0.06256194565881258,0.16858739,18.676445,637.3360111853907,1.3185688,18.839796,18.306574,0.5332222,2016.0,J130312.80+345352.9,195.803355,+34.898041,18.127,17.763,17.235,16.799,0.029,0.035,0.047,0.062,433791978606,1,2010.3571,-2
0.289516,1516084422825604736,195.66416184002168,35.035268783799786,106.74400123517486,81.73736301450424,-0.09539235298356255,0.12246655,-0.10868522491732445,0.12030732,-0.1961394473185603,0.17776263,18.574781,699.8974520974818,1.4482036,18.765577,18.203978,0.56159973,2016.0,J130239.41+350207.1,195.664232,+35.035325,17.913,17.788,17.541,16.824,0.025,0.036,0.062,0.064,433791978303,1,2010.3571,-1
0.098823,1516089061390339840,195.9580006784619,35.173541538890454,105.47502180799125,81.53042319234292,0.046670291340550826,0.083858594,-0.05511001603878181,0.08841697,0.16337239106423126,0.12797706,18.2557,939.0024799002412,1.3501678,18.639477,17.630957,1.0085201,2016.0,J130349.92+351024.8,195.958013,+35.173567,17.478,17.186,16.882,16.272,0.018,0.021,0.033,0.039,433791944481,1,2010.3571,-1
0.072664,1516150913215961088,195.36411318381383,35.324553141482326,108.92420055895424,81.52946722297432,0.43433833031882585,0.36448672,-0.4647114216161299,0.4405555,-0.3608420375874312,0.60559314,18.939789,500.0704712992225,2.8810809,17.201359,15.862128,1.3392305,2016.0,J130127.38+351928.3,195.364124,+35.324535,15.451,14.906,14.205,13.890,0.005,0.004,0.005,0.005,433791859404,1,2010.3652,1
0.197859,1516169123877176576,196.25394171132498,35.178043072730325,103.9488423965961,81.44383003912026,-0.44583857414925293,0.32557318,0.36979096320609117,0.34642398,-0.4762693970708508,0.44941387,17.86423,1346.6520949564388,7.441948,15.103014,13.791112,1.311902,2016.0,J130500.94+351041.1,196.253945,+35.178098,13.454,12.945,12.235,11.912,0.002,0.001,0.001,0.002,433791897229,1,2010.3571,1
0.105318,1516197638163268224,196.10410014383888,35.55724440050808,105.55942461100847,81.12885068050142,0.08499118027598024,0.06284434,0.0375620022859574,0.082940824,-0.0584581405141819,0.11215382,18.06332,1121.0344578422598,1.3254184,18.251968,17.717527,0.534441,2016.0,J130424.99+353326.1,196.104128,+35.557263,17.643,17.467,,16.547,0.023,0.032,,0.053,433791838445,1,2010.3652,-1
0.125204,1516244371703712256,196.01142622634137,35.5546636597729,106.0174988624385,81.1556056688364,0.02606216197229935,0.068736464,-0.12864512368828113,0.08364256,0.18040916499671925,0.111241415,18.11383,1070.0763182122585,6.234575,18.195288,17.249794,0.9454937,2016.0,J130402.75+353316.7,196.011468,+35.554656,17.311,16.744,,14.741,0.018,0.017,,0.011,433791838455,1,2010.3652,1
0.093956,1516245123321880320,196.04375015403653,35.614428270904035,105.97947760711662,81.09057930474168,0.02390914342857526,0.0804132,0.0436862214123053,0.100540765,-0.18964175378856793,0.14563257,18.429417,800.1666458445864,2.8724887,18.651104,17.922731,0.7283726,2016.0,J130410.50+353651.9,196.043782,+35.614425,17.738,16.727,,15.633,0.025,0.017,,0.023,433791838341,1,2010.3652,-1
0.074094,1516258489260114688,195.50056558768856,35.661865724928056,108.80787209252851,81.17476100338382,0.09073859969757189,0.10529645,-0.24023347918984722,0.136242,-0.164172697279488,0.20681092,18.787415,575.4146324692077,0.91364986,19.203773,18.212023,0.9917507,2016.0,J130200.13+353942.7,195.500581,+35.661882,17.774,17.516,16.960,16.239,0.025,0.032,0.059,0.038,433791815120,1,2010.3652,-1
0.115442,1516280307694124928,196.4011935391554,35.97491039362881,105.00088115888711,80.654778899115,0.02217621118391014,0.089465655,0.005268375815027371,0.11362512,-0.0038544850382647225,0.16441609,18.507778,744.4501291898556,3.1420698,18.662529,18.147867,0.5146618,2016.0,J130536.29+355829.7,196.401224,+35.974931,18.098,17.804,,16.559,0.035,0.048,,0.055,433791768298,1,2010.3652,-1
0.232919,1516280307694124928,196.4011935391554,35.97491039362881,105.00088115888711,80.654778899115,0.02217621118391014,0.089465655,0.005268375815027371,0.11362512,-0.0038544850382647225,0.16441609,18.507778,744.4501291898556,3.1420698,18.662529,18.147867,0.5146618,2016.0,J130536.29+355829.9,196.401214,+35.974973,18.190,17.844,,16.519,0.037,0.050,,0.054,433791710718,2,2010.3652,-1
0.206023,1516328656142115584,194.53880746341832,35.328615351663096,113.42674969841984,81.67529867785494,-0.02437228373971124,0.027022868,0.007897700475430874,0.02813686,-0.05866293548770014,0.04801178,16.288542,5748.172567439945,45.76339,16.394175,15.8921585,0.50201607,2016.0,J125809.32+351943.1,194.538869,+35.328643,16.838,16.403,15.621,14.725,0.012,0.013,0.018,0.010,433791853025,1,2010.3652,1
0.046936,1516337654097040128,194.62398426387048,35.478793101802054,113.14773738274148,81.51495412978939,0.04798806924191208,0.054950878,-0.013940383567193607,0.056386303,-0.07529016740469831,0.10087108,17.642923,1651.1150605915202,2.2408602,17.93786,17.104622,0.8332386,2016.0,J125829.75+352843.6,194.623969,+35.478789,16.795,16.517,,15.370,0.012,0.015,,0.018,433791874863,1,2010.3652,-1
0.252687,1516418025821600384,194.8011473248279,35.909738086701765,112.75542563029313,81.06452330024563,-0.6397451462319375,0.5428994,0.22559661865790664,0.6141511,0.3598876029217817,0.84904486,18.510458,742.614731904289,4.362738,16.303223,14.910502,1.3927202,2016.0,J125912.29+355434.9,194.801221,+35.909701,14.462,13.921,13.212,12.918,0.003,0.002,0.003,0.003,433791774093,1,2010.3652,1
0.212950,1516447227302926464,195.53650413319136,35.78783717506572,108.84373442910282,81.0455738042514,0.05388257423683181,0.064075574,-7.063321710999787E-4,0.08243215,0.03161919988814141,0.12647049,18.034704,1150.972802770325,1.405895,18.189335,17.669699,0.51963615,2016.0,J130208.77+354716.2,195.536576,+35.787847,17.545,17.282,,16.403,0.021,0.030,,0.048,433791752485,1,2010.3652,-1
0.170176,1516700806467582848,192.59015899796324,35.2490757133495,124.48846986327813,81.87591817971986,-0.28285838597200136,0.31458876,1.0455241565310096,0.6578709,-0.3998945197888677,0.5277589,18.72218,611.0469986471938,5.3801622,17.270987,15.89991,1.3710766,2016.0,J125021.63+351456.8,192.590158,+35.249123,15.406,14.877,14.194,13.812,0.005,0.004,0.005,0.005,433791941096,1,2010.3434,1
0.229614,1516814189308899584,193.18587663695382,35.767480514131535,121.16947273474133,81.35630123581844,0.07157476573639485,0.08562405,0.12794785128105657,0.12031538,-0.23184101045085215,0.15132906,18.409052,815.3164846575417,4.8331504,18.580402,17.968027,0.61237526,2016.0,J125244.62+354602.9,193.185955,+35.767485,17.432,17.242,,16.308,0.025,0.035,,0.046,433791751320,1,2010.3573,-1
0.194871,1516855730232622464,193.07471581345118,35.98658439530344,121.80112621674638,81.13977523044872,-0.06744753793636561,0.090922676,-0.043829964341710534,0.12149131,5.571148187118874E-5,0.17226335,18.543524,720.3395459361068,2.7407663,18.774807,18.172485,0.6023216,2016.0,J125217.94+355911.5,193.074759,+35.986543,17.578,17.158,,16.109,0.028,0.032,,0.038,433791714094,1,2010.3573,-1
0.127044,1516900982007698432,191.8367324369549,35.5266155889603,128.60960142896644,81.55648773359566,-0.013287939612673716,0.13391648,0.008228832558648603,0.25836852,0.20394977327031355,0.20174605,18.784855,576.7726382238625,6.0174103,18.944845,18.381365,0.5634804,2016.0,J124720.82+353135.8,191.836775,+35.526622,18.261,17.956,,16.593,0.046,0.064,,0.055,433791881962,1,2010.3572,1
0.214311,1516906720083981696,192.4566837778857,35.490275585047144,125.18575905801924,81.63092243054852,-0.010481245137553205,0.10291084,0.03282552611899559,0.22971906,-0.015599573252299742,0.18370862,18.762684,588.6720199030984,4.4529443,18.853283,18.496813,0.3564701,2016.0,J124949.60+352924.7,192.456671,+35.490217,18.244,17.574,17.307,16.663,0.045,0.044,0.076,0.056,433791867912,1,2010.3572,-1
0.255562,1516928297999814400,192.10087686266803,35.72447309111586,127.04411699624767,81.37953538038003,-0.1258188047373935,0.1362707,-0.3414825103883127,0.23670113,-0.051834669591710625,0.2512159,18.404516,818.7297937748039,6.6199236,18.339691,17.932854,0.40683746,2016.0,J124824.23+354328.1,192.100960,+35.724495,17.792,17.277,,15.501,0.030,0.032,,0.021,433791811786,1,2010.3573,1
0.186170,1516956610424110208,191.42014400319826,35.51532128031676,130.90487993696652,81.52361646099205,0.07493029573199135,0.12073949,0.28500652024343853,0.23901719,0.3447945868757239,0.22021136,18.926777,506.1000364479583,2.5515106,19.048382,18.619833,0.4285488,2016.0,J124540.84+353055.2,191.420195,+35.515352,18.471,17.662,,16.546,0.056,0.051,,0.053,433791890584,1,2010.3572,-1
0.227188,1516964203926440832,191.47980933057474,35.79020071128362,130.3157523965064,81.25878724374411,-0.04356504779420638,0.095722415,0.15716288328889572,0.14999937,-0.004995940079793898,0.14644851,18.331615,875.5888136660468,3.055089,18.95759,17.554087,1.4035034,2016.0,J124555.16+354724.9,191.479849,+35.790255,17.536,17.198,16.713,16.359,0.022,0.030,0.043,0.041,433791784918,1,2010.3572,-1
0.338974,1516996300217357696,191.6900781972284,35.98958755070206,129.0474547281821,81.08305085295825,0.0912289299113883,0.08484004,0.17121957892884904,0.16797365,-0.22058311981164064,0.1434829,18.136238,1048.2179826843312,1.7724886,18.33157,17.753595,0.5779743,2016.0,J124645.59+355922.4,191.689968,+35.989557,17.505,17.564,16.912,16.144,0.021,0.039,0.051,0.035,433791744651,2,2010.3572,-1
0.413376,1516996300217357696,191.6900781972284,35.98958755070206,129.0474547281821,81.08305085295825,0.0912289299113883,0.08484004,0.17121957892884904,0.16797365,-0.22058311981164064,0.1434829,18.136238,1048.2179826843312,1.7724886,18.33157,17.753595,0.5779743,2016.0,J124645.58+355922.2,191.689957,+35.989528,17.402,17.288,16.938,16.188,0.021,0.032,0.054,0.037,433791720304,1,2010.3572,-1
0.166931,1517018526672745472,192.80152381379122,35.91604679549657,123.23914814479093,81.21206491356963,0.018031362475081754,0.08582513,-0.12508391125979612,0.16879398,-0.05124100560419303,0.14160055,18.199945,988.482332984839,5.8738637,18.395998,17.758572,0.6374264,2016.0,J125112.37+355457.8,192.801576,+35.916066,17.376,17.254,16.891,16.220,0.020,0.032,0.051,0.037,433791790633,1,2010.3572,-1
0.097547,1460281802533907712,198.13978269765514,28.36292270111058,48.951061391745185,85.16696357212473,-0.1707422434947884,0.11786718,0.01344047893147826,0.098792635,-0.09294293387479281,0.18577738,18.518473,737.1529006018221,1.0032649,18.76565,18.105398,0.6602516,2016.0,J131233.54+282146.4,198.139768,+28.362899,17.738,17.450,16.749,16.490,0.020,0.026,0.026,0.035,433797078713,1,2010.1191,-1
0.185951,1460281802533907712,198.13978269765514,28.36292270111058,48.951061391745185,85.16696357212473,-0.1707422434947884,0.11786718,0.01344047893147826,0.098792635,-0.09294293387479281,0.18577738,18.518473,737.1529006018221,1.0032649,18.76565,18.105398,0.6602516,2016.0,J131233.53+282146.5,198.139724,+28.362924,,,17.478,17.126,,,0.046,0.058,433797042454,2,2010.1384,-2
0.040881,1460318159434565376,195.3195172328967,26.386535886797144,14.830700564911986,87.68159454017383,0.04025546565589008,0.215932,0.19610201364517274,0.30463645,-0.09865068993630084,0.2627597,18.987938,478.3787786684462,1.4739294,19.176699,18.63055,0.5461483,2016.0,J130116.68+262311.5,195.319520,+26.386547,18.883,18.358,17.654,17.137,0.053,0.057,0.049,0.065,433799205956,1,2010.0864,1
0.154329,1460318159434565376,195.3195172328967,26.386535886797144,14.830700564911986,87.68159454017383,0.04025546565589008,0.215932,0.19610201364517274,0.30463645,-0.09865068993630084,0.2627597,18.987938,478.3787786684462,1.4739294,19.176699,18.63055,0.5461483,2016.0,J130116.68+262311.6,195.319508,+26.386578,18.903,18.452,17.507,17.103,0.046,0.051,0.037,0.055,433799257915,2,2010.0864,1
0.326228,1460337744485111680,195.941607743357,26.553908412632193,21.834230649981937,87.19068514480246,0.11756235479497089,0.14342488,-0.1259366449643206,0.20182295,-0.22888345499904592,0.13025518,18.088728,1095.1050731108953,5.250677,18.135712,17.680992,0.45471954,2016.0,J130345.97+263314.3,195.941578,+26.553995,17.276,16.852,16.265,15.481,0.014,0.014,0.016,0.015,433798992489,1,2010.0865,1
0.199773,1465907148835758080,194.01016122539383,32.44379560006111,112.57352442808471,84.59158791211874,-0.19993941434275958,0.24651355,-0.17425276900405487,0.2758771,0.17215181001033145,0.2583331,18.973415,484.8203260871441,1.4388266,19.15906,18.64257,0.516489,2016.0,J125602.44+322637.8,194.010199,+32.443841,18.598,18.360,17.574,17.142,0.037,0.054,0.058,0.070,433793277751,1,2010.2804,-1
0.148093,1465923774653155840,196.8877454827607,30.149223418990157,74.39626358434367,85.35037915005597,-0.09885828841077779,0.1647225,-0.040247473896467226,0.11626493,0.0916209454513689,0.2011365,18.968079,487.2089775100042,1.0460848,19.195911,18.634878,0.56103325,2016.0,J130733.06+300857.2,196.887789,+30.149240,18.185,17.867,17.459,16.767,0.030,0.040,0.048,0.045,433795062252,1,2010.1414,-1
0.259046,1471381960828388224,206.01409641268737,35.89978459351546,74.27263551189064,75.78630734437994,0.05943356163282647,0.09028887,-0.23849843879184465,0.1369222,-0.12643659355004178,0.16424884,18.756237,592.1777511365171,1.9640598,18.905317,18.366034,0.53928375,2016.0,J134403.38+355359.4,206.014120,+35.899854,18.177,17.799,17.344,16.632,0.040,0.050,0.065,0.057,433791757165,1,2010.3654,-2
0.077181,1471385121924674688,206.22631669615896,35.99595562114215,74.20201248818583,75.59019404254211,-0.09153254113805877,0.068748385,0.007137752013062835,0.09663669,-0.14925710096551142,0.11973697,18.237627,954.7634078165854,1.3351339,18.497707,17.787804,0.7099037,2016.0,J134454.31+355945.5,206.226325,+35.995976,17.256,17.013,16.495,15.774,0.016,0.020,0.028,0.024,433791743855,1,2010.3654,-1
0.060871,1460386947630329344,194.95287227636223,26.654922877289458,19.181046496452538,88.0739439338617,-0.03123680280190696,0.16803059,-0.11222072186183865,0.23732273,-0.2868750290278622,0.17736495,18.482403,762.0532802499526,0.9969663,18.717623,18.073435,0.6441879,2016.0,J125948.68+263917.6,194.952874,+26.654906,17.945,17.410,16.594,16.512,0.021,0.021,0.020,0.034,433798958141,1,2010.0865,-1
0.174236,1465968373593926272,197.48775360462747,30.674805878213366,75.22695245265416,84.61638980988766,0.19085255661427683,0.119589135,0.09880219917417275,0.09171112,-0.13961978706737857,0.13839413,18.243214,949.862880667842,2.9226959,18.425196,17.848944,0.576252,2016.0,J130957.06+304029.1,197.487790,+30.674769,17.265,17.104,16.730,16.209,0.015,0.020,0.025,0.028,433794738419,1,2010.1414,-1
0.221406,1465972531122306816,197.3779473590776,30.728384654016075,76.31934961292582,84.65316094783122,0.1404354997100376,0.16876876,0.15880950088114093,0.13401663,-0.21419302220194408,0.22171396,18.862635,536.898912813727,1.8694947,18.988047,18.54332,0.44472694,2016.0,J130930.72+304342.2,197.378016,+30.728402,18.340,17.809,17.244,16.293,0.032,0.039,0.039,0.034,433794540032,1,2010.1414,-2
0.187658,1460410720272371840,195.70615580631272,26.98536458062762,30.354219439576752,87.46090743891622,-0.12726688787122015,0.12395416,0.09993384974659661,0.1788062,0.14844993203478352,0.12951049,18.010338,1177.0943979950537,1.9741693,18.219713,17.64577,0.5739441,2016.0,J130249.48+265907.4,195.706180,+26.985412,17.452,17.018,16.382,16.044,0.016,0.018,0.018,0.026,433798448855,1,2010.0865,-1
0.127002,1460414946520219264,195.66951003672816,27.067297476432685,32.17652679402828,87.49773530412682,-0.10692097870424891,0.14395945,-0.08597690622466365,0.19941318,0.08975357359885114,0.16960578,18.112942,1070.9523377711482,1.991852,18.269733,17.786787,0.4829464,2016.0,J130240.69+270402.3,195.669543,+27.067317,18.102,17.907,17.028,16.784,0.027,0.037,0.032,0.049,433798449873,1,2010.0865,-1
0.059957,1465990535625383296,197.29571759132585,30.942591396816372,78.5106433467093,84.56116072139213,-0.21072293760848773,0.16353536,-0.10350868147262196,0.13197348,-0.09225410532526546,0.1816539,18.681202,634.5502899559428,1.2154213,18.93025,18.271349,0.6589012,2016.0,J130910.97+305633.3,197.295716,+30.942608,18.186,17.778,16.951,16.823,0.027,0.029,0.030,0.054,433794318634,1,2010.1439,-1
0.236649,1460454632017959296,196.06236062762005,26.97886013419642,30.66321664745779,87.14374172454635,-0.167882598904108,0.15040311,0.2798648289448944,0.21884029,-0.059671476647615594,0.15882076,18.310083,893.1265710712911,2.1425264,18.377056,17.983381,0.39367485,2016.0,J130414.97+265844.1,196.062378,+26.978924,17.707,17.387,16.714,15.880,0.017,0.020,0.022,0.020,433798480320,1,2010.0865,-1
0.151420,1466020810850943360,196.64273595540132,30.82602290164494,82.00407651852005,85.038244541602,0.06263690611889147,0.1802991,0.06429268055791837,0.123123296,-0.21704699336273778,0.19200794,18.932095,503.62726892794313,4.112688,18.799044,18.056509,0.74253464,2016.0,J130634.25+304933.8,196.642709,+30.826058,17.607,17.090,16.294,15.357,0.018,0.019,0.018,0.014,433794534943,1,2010.1414,1
0.245174,1466052451874125440,196.72872082686948,31.151531755395954,83.82831192233802,84.74663167365645,0.06442486195242864,0.15284689,-0.055702867890492294,0.11253378,0.28492138995982896,0.19657277,18.754816,592.9528363135437,1.248932,19.049294,18.425303,0.623991,2016.0,J130654.89+310905.7,196.728733,+31.151599,18.195,17.669,17.042,16.572,0.027,0.025,0.031,0.041,433794105461,1,2010.1439,-1
0.075435,1460502735652505216,196.52973669170422,27.542299541020263,41.00978669383936,86.71352746844757,0.13848465564284979,0.15807085,-0.21596220814139216,0.20556356,0.08597746391808747,0.15221572,18.3802,837.2723330757958,2.1066313,18.584415,17.94124,0.6431751,2016.0,J130607.13+273232.2,196.529745,+27.542280,17.552,17.227,16.748,16.253,0.017,0.021,0.026,0.028,433798018609,1,2010.1190,-1
0.209866,1466066814244118912,197.48858838517498,30.789152119491135,76.14222807159426,84.54156244843672,-0.02256620955213379,0.14849122,-0.025770694495247354,0.12000288,-0.1233989232211738,0.1967515,18.757355,591.5686693608549,3.23105,18.928465,18.372438,0.55602646,2016.0,J130957.27+304721.0,197.488638,+30.789192,18.217,18.054,17.426,16.737,0.030,0.046,0.047,0.043,433794486699,1,2010.1414,-1
0.123988,1466095057949594112,197.50138763201633,31.266068358287914,79.64283364162351,84.20988938305476,0.17591714471755418,0.12328699,-0.08549881758050694,0.09472298,-0.1891648482829837,0.14151621,18.342676,866.7142570161494,1.8492013,18.548994,17.935707,0.613287,2016.0,J131000.33+311557.9,197.501413,+31.266095,17.800,17.579,17.096,16.479,0.020,0.024,0.034,0.039,433794131847,1,2010.1439,-1
0.236635,1466105297151255680,197.8757679347179,31.268603298017403,77.52848975538613,83.97520387212602,-0.036706962112080806,0.12915593,-0.20455373308294955,0.113668725,0.01575363755123152,0.1807852,18.531252,728.5280333829177,3.1852474,18.595009,18.131674,0.46333504,2016.0,J131130.20+311607.0,197.875837,+31.268632,18.018,17.805,17.443,16.832,0.023,0.028,0.045,0.051,433794098111,1,2010.1439,-1
0.052309,1460538710298012032,196.1931807812413,27.331073157033025,37.60791174359244,87.0289005708278,-0.11378164077069589,0.21809497,-0.14387114274276724,0.3096939,0.07452443413770361,0.28224632,18.80585,565.7272435327054,1.9136642,18.962543,18.499985,0.46255875,2016.0,J130446.36+271951.8,196.193197,+27.331075,18.486,18.196,17.620,17.246,0.036,0.041,0.048,0.068,433798266838,1,2010.0865,-1
0.225983,1466107667972908800,198.088597338304,31.297411819557805,76.59447083669744,83.82010432003787,0.07927620813576619,0.10861817,0.011999777548491115,0.09385996,-0.23815284233490272,0.11964697,18.172531,1013.7587467795225,3.855977,18.327686,17.786879,0.5408077,2016.0,J131221.28+311750.7,198.088670,+31.297421,17.779,17.324,16.615,16.248,0.019,0.018,0.021,0.029,433794097599,1,2010.1439,-2
0.076127,1466125917290592768,197.90312284065527,31.50807281702838,79.02658378006213,83.79511417808222,-0.34471663429292904,0.56411654,0.28138591533287705,0.55387324,-0.0671872157864329,0.68256843,18.610266,677.3923401851908,4.4374194,16.000553,14.669015,1.3315382,2016.0,J131136.75+313029.0,197.903147,+31.508068,14.341,13.835,13.159,12.861,0.003,0.002,0.002,0.002,433793905034,1,2010.1439,1
0.124244,1471575165637304448,203.60435984989746,34.638642813737505,74.7602064205101,78.12053905598833,-0.21839415393814102,0.44363874,0.3123296192725474,0.36487916,-0.14503947338200543,0.5622687,18.979666,482.0374361143364,2.0848942,17.407125,16.092909,1.3142166,2016.0,J133425.03+343819.1,203.604318,+34.638643,15.647,15.185,14.498,14.217,0.005,0.005,0.005,0.008,433792123097,1,2010.3571,1
0.142293,1466138973991106176,197.15679671887492,31.25239030400375,81.66974647421917,84.42599595291536,-0.13375516527909356,0.15409128,-0.14149932392961762,0.13230197,-0.007724617084038944,0.19059472,18.784786,576.8088381763635,2.5215344,18.877209,18.184471,0.6927376,2016.0,J130837.64+311508.6,197.156843,+31.252391,17.797,17.398,16.686,15.938,0.020,0.021,0.024,0.025,433794141954,1,2010.1439,1
0.128235,1460588634997613568,194.86767023855307,26.973174743873802,28.433568899240438,88.20480642792305,-0.136957319616594,0.2481462,-0.4214283597587598,0.29631877,0.19034977060704267,0.23850961,18.907047,515.380165872612,2.9742079,19.015734,18.669054,0.3466797,2016.0,J125928.23+265823.5,194.867640,+26.973198,18.819,18.570,17.744,16.963,0.047,0.067,0.061,0.057,433798447457,1,2010.0865,1
0.123305,1471591211635176832,204.175172837806,34.74625981714838,73.87097521677408,77.67656417768141,-0.04475196543001225,0.48867273,-0.4657958411727071,0.40480548,-1.020745658407754,0.56361073,18.643393,657.0367039616351,4.382821,16.29664,14.910213,1.3864269,2016.0,J133642.04+344446.6,204.175190,+34.746291,14.498,13.969,13.244,12.879,0.003,0.002,0.002,0.003,433792075997,1,2010.3571,1
0.137577,1460596095357170560,194.5131958445918,26.915971989896214,25.10858604903143,88.51161464975453,-0.11778158294906116,0.51816964,-0.2825121993131619,0.6484322,0.008213869024025211,0.57060575,18.275488,922.0440998232859,5.452059,16.461102,15.154342,1.3067598,2016.0,J125803.17+265457.6,194.513213,+26.916007,14.709,14.193,13.550,13.212,0.003,0.002,0.002,0.003,433798714744,1,2010.0865,1
0.144213,1460596095357170560,194.5131958445918,26.915971989896214,25.10858604903143,88.51161464975453,-0.11778158294906116,0.51816964,-0.2825121993131619,0.6484322,0.008213869024025211,0.57060575,18.275488,922.0440998232859,5.452059,16.461102,15.154342,1.3067598,2016.0,J125803.16+265457.6,194.513196,+26.916012,14.693,14.187,13.528,13.265,0.003,0.002,0.002,0.003,433798753974,2,2010.0865,1
0.065420,1466162884073246976,197.2724646784711,31.570247834501476,83.1023956095584,84.12537272401583,-0.20554172021427206,0.16940215,0.05792069654850521,0.13668127,-0.0033843097665059814,0.19840506,18.844576,545.9038147597772,1.2592149,19.052475,18.503643,0.54883194,2016.0,J130905.39+313412.9,197.272478,+31.570262,17.935,17.702,17.207,16.514,0.021,0.025,0.035,0.039,433793943074,2,2010.1439,1
0.080769,1466162884073246976,197.2724646784711,31.570247834501476,83.1023956095584,84.12537272401583,-0.20554172021427206,0.16940215,0.05792069654850521,0.13668127,-0.0033843097665059814,0.19840506,18.844576,545.9038147597772,1.2592149,19.052475,18.503643,0.54883194,2016.0,J130905.39+313412.8,197.272491,+31.570249,17.936,17.671,17.230,16.494,0.021,0.024,0.035,0.038,433793776399,1,2010.1439,-1
0.321574,1466168385927183488,197.5862829763617,31.44392991426113,80.37669941019571,84.03313358034265,0.37282520180300155,0.56272614,-0.2655982989732652,0.48235252,-0.19150705421884762,0.680178,18.836287,550.0876380645452,2.873868,16.503796,15.036882,1.4669132,2016.0,J131020.73+312638.2,197.586386,+31.443946,14.667,14.099,13.379,13.045,0.003,0.002,0.002,0.003,433793946623,1,2010.1439,1
0.299116,1466177486961685888,197.83077904013535,31.655542709367147,80.39466865057604,83.73616810741072,0.15003570615348388,0.13346681,-0.0988968094626234,0.114355005,0.031139725757748288,0.16614261,18.550549,715.6933054102573,1.9601941,18.745434,18.16651,0.5789242,2016.0,J131119.40+313920.0,197.830869,+31.655575,17.923,17.453,16.838,16.398,0.023,0.024,0.028,0.038,433793719741,1,2010.1439,-1
0.301046,1460633302658053248,194.9235746527651,27.307517410445442,38.98146033600071,88.15574375902888,0.2245694344095446,0.13831659,-0.05994771297935492,0.18615301,-0.0089365447068539,0.1633177,18.281849,916.6574551730049,2.3431118,18.458155,17.96628,0.4918747,2016.0,J125941.65+271827.3,194.923571,+27.307601,17.622,17.402,17.076,16.355,0.019,0.025,0.034,0.033,433798206171,1,2010.0865,-1
0.171247,1466211537462194048,196.18658405071082,30.982834363153437,86.69201023608687,85.17197542031211,0.009484431844114075,0.13218261,-0.0111811358011145,0.09021964,0.08748077750768976,0.1580294,18.557674,711.0121078165372,0.8521315,18.723064,18.232624,0.49044037,2016.0,J130444.79+305858.2,196.186634,+30.982855,17.839,17.649,17.046,16.324,0.023,0.032,0.048,0.036,433794312321,1,2010.2802,-1
0.045787,1460646501093329536,194.47859532766725,27.05755542580698,30.493055577734253,88.55682901414329,0.31586158666882586,0.32216936,0.10874190022567601,0.40936106,-0.6719533018299426,0.3472225,18.07881,1105.15378323081,4.2364106,17.300879,16.31215,0.9887295,2016.0,J125754.85+270327.2,194.478583,+27.057562,16.044,15.563,14.948,14.445,0.006,0.006,0.006,0.007,433798451282,2,2010.0865,1
0.053454,1460646501093329536,194.47859532766725,27.05755542580698,30.493055577734253,88.55682901414329,0.31586158666882586,0.32216936,0.10874190022567601,0.40936106,-0.6719533018299426,0.3472225,18.07881,1105.15378323081,4.2364106,17.300879,16.31215,0.9887295,2016.0,J125754.85+270327.2,194.478581,+27.057563,15.995,15.538,14.961,14.481,0.006,0.005,0.006,0.007,433798484400,1,2010.0865,1
0.077269,1471654463617101184,203.45716740692856,35.200300811721654,77.25531813184219,77.87384970212976,-0.024717841742183007,0.10557454,-0.21267374648319132,0.12748356,-0.17380219752450843,0.17868847,18.720392,612.0541794934385,1.0309992,19.12038,18.073368,1.0470123,2016.0,J133349.71+351201.0,203.457144,+35.200291,17.902,17.386,16.893,16.000,0.028,0.032,0.042,0.041,433791916933,1,2010.3571,-1
0.055215,1471666425102445312,204.1019499989906,35.22948970448523,75.84778107920866,77.44042441411864,0.02841055285422486,0.064712,-0.1409802686098356,0.08051184,-0.13103053483065277,0.11226449,18.133282,1051.0760520517115,1.6002789,18.272175,17.812939,0.45923615,2016.0,J133624.47+351346.1,204.101965,+35.229499,17.744,17.590,16.991,16.283,0.022,0.032,0.041,0.047,433791947365,1,2010.3571,-1
0.183643,1460662680233963904,194.28515184804527,27.225161241327616,37.62685217070108,88.72802917193944,0.13895306237090604,0.15839311,-0.11939518433859267,0.150121,0.11215480152347217,0.14816049,18.292368,907.8196934291752,1.8939301,18.620832,17.775452,0.8453808,2016.0,J125708.44+271330.7,194.285169,+27.225210,17.431,17.034,16.441,16.035,0.014,0.015,0.018,0.023,433798252973,1,2010.0865,-1
0.231707,1460662680233963904,194.28515184804527,27.225161241327616,37.62685217070108,88.72802917193944,0.13895306237090604,0.15839311,-0.11939518433859267,0.150121,0.11215480152347217,0.14816049,18.292368,907.8196934291752,1.8939301,18.620832,17.775452,0.8453808,2016.0,J125708.43+271330.8,194.285162,+27.225225,17.520,17.123,16.459,16.143,0.016,0.016,0.018,0.026,433798261635,2,2010.0865,-2
0.178534,1460664192062464768,194.2961083504263,27.249353305978154,38.673518223866985,88.7163927356019,0.05771405033944616,0.23026086,-0.06366740772978641,0.22286844,-0.27611236552070195,0.20746112,18.832317,552.1021332517943,1.8832527,19.078629,18.393167,0.68546104,2016.0,J125711.07+271457.8,194.296127,+27.249400,17.946,17.658,17.316,16.837,0.021,0.026,0.038,0.046,433798253008,1,2010.0865,-1
0.105625,1460666391085723264,194.12395431699088,27.251835266139956,39.49099339589969,88.86849122161014,-0.07546733531830145,0.21940963,0.2919371651302046,0.23658101,-0.09121529780891283,0.23821382,18.934778,502.3832660227504,1.3975204,19.140198,18.663261,0.47693634,2016.0,J125629.74+271506.6,194.123931,+27.251856,18.082,17.864,17.451,16.645,0.025,0.030,0.041,0.040,433798261262,1,2010.0865,-1
0.141613,1466234803301680000,196.1209951165104,31.218965899103118,88.87056916991287,85.01636421462204,0.08900911049101437,0.08586101,-0.09769687445150269,0.061046872,-0.09079148635170053,0.10282619,17.759628,1482.843213347415,4.190544,17.826838,17.553045,0.27379227,2016.0,J130429.04+311308.2,196.121041,+31.218964,17.787,16.973,16.680,15.726,0.022,0.018,0.036,0.021,433794131349,1,2010.2802,1
0.113989,1466238892110589312,196.56947400354605,31.091457304693048,84.54109304751955,84.88095759973086,-0.047516554052179416,0.06647691,0.009664357443733704,0.049286135,-0.06694256170535741,0.08603718,17.266087,2336.211680032596,6.610711,17.408512,16.92781,0.48070145,2016.0,J130616.67+310529.3,196.569473,+31.091489,16.625,16.401,16.009,15.573,0.009,0.011,0.019,0.019,433794335632,1,2010.2802,-1
0.284050,1466238892110589312,196.56947400354605,31.091457304693048,84.54109304751955,84.88095759973086,-0.047516554052179416,0.06647691,0.009664357443733704,0.049286135,-0.06694256170535741,0.08603718,17.266087,2336.211680032596,6.610711,17.408512,16.92781,0.48070145,2016.0,J130616.68+310529.4,196.569537,+31.091515,16.667,16.427,16.038,15.554,0.009,0.009,0.013,0.017,433794277829,2,2010.1439,-1
0.043030,1460678593088954368,194.35766212019706,27.546158703822364,50.70794176625604,88.60507663576882,-0.19205561353752992,0.53149164,-0.3959258329475803,0.64559346,-0.2174678660537678,0.5306684,18.23001,961.4865034175848,9.35657,16.297134,14.9661455,1.3309889,2016.0,J125725.84+273246.1,194.357675,+27.546162,14.522,14.042,13.363,13.007,0.003,0.002,0.002,0.003,433798035488,1,2010.2367,1
0.102753,1466261878775519488,196.2191964477049,31.408537489150675,89.3397438130501,84.81326982316676,0.040645256260905226,0.15660945,-0.11495813212859844,0.10553008,0.01422667665383835,0.20405433,18.680857,634.7523976300113,1.7467043,18.862906,18.337492,0.5254135,2016.0,J130452.61+312430.7,196.219227,+31.408549,17.851,17.659,17.003,16.445,0.022,0.029,0.042,0.038,433793942352,1,2010.2802,-1
0.021755,1460703950575873152,194.6317034028508,27.673522322969323,52.4524333491558,88.33482226608454,-0.6019542315031687,0.58532214,-0.38473906229181115,0.7503631,0.7931054817181962,0.68697995,18.92891,505.1061680644569,5.727623,17.05211,15.75169,1.3004208,2016.0,J125831.60+274024.6,194.631699,+27.673527,15.344,14.847,14.170,13.873,0.005,0.004,0.004,0.005,433797798110,1,2010.2367,1
0.070460,1460713532647418624,194.74698107070927,27.885717489346046,57.71034870956531,88.16252012454551,-0.056672680349586606,0.137179,0.05177851926861704,0.17994078,0.13689794730667457,0.17879252,18.17176,1014.478259437591,5.6242304,18.341125,17.83696,0.50416565,2016.0,J125859.27+275308.6,194.746961,+27.885726,17.470,17.460,16.874,16.066,0.020,0.031,0.035,0.028,433797532045,1,2010.2367,-1
0.121487,1460713532647418624,194.74698107070927,27.885717489346046,57.71034870956531,88.16252012454551,-0.056672680349586606,0.137179,0.05177851926861704,0.17994078,0.13689794730667457,0.17879252,18.17176,1014.478259437591,5.6242304,18.341125,17.83696,0.50416565,2016.0,J125859.28+275308.5,194.747015,+27.885702,17.524,17.467,16.876,16.154,0.018,0.024,0.031,0.028,433797553815,2,2010.2367,-2
0.056629,1466285857576417536,196.06799133730306,31.402266206466237,90.48366435959872,84.89176696972132,0.01375635766982724,0.14876798,0.04019951149280495,0.10310823,-0.21425249626499115,0.20183583,18.615826,673.9331310929603,2.3972793,18.779613,18.239363,0.5402508,2016.0,J130416.31+312408.1,196.067977,+31.402276,18.161,18.006,17.182,16.702,0.027,0.039,0.049,0.047,433793942064,1,2010.2802,-1
0.250568,1471733838909098880,204.9812584673791,35.54011052002684,75.06272893277128,76.67916074970671,0.06766666248272979,0.092626855,-0.09710032278512659,0.1412967,-0.010986704574876237,0.19822727,18.914587,511.81414254732175,0.9418377,19.111364,18.569546,0.5418186,2016.0,J133955.52+353224.4,204.981344,+35.540112,18.573,18.715,17.732,16.747,0.052,0.101,0.088,0.057,433791868711,2,2010.3654,-1
0.253905,1471733838909098880,204.9812584673791,35.54011052002684,75.06272893277128,76.67916074970671,0.06766666248272979,0.092626855,-0.09710032278512659,0.1412967,-0.010986704574876237,0.19822727,18.914587,511.81414254732175,0.9418377,19.111364,18.569546,0.5418186,2016.0,J133955.52+353224.3,204.981344,+35.540099,18.290,18.262,17.480,16.694,0.041,0.066,0.068,0.056,433791799461,2,2010.3654,1
0.281919,1471733838909098880,204.9812584673791,35.54011052002684,75.06272893277128,76.67916074970671,0.06766666248272979,0.092626855,-0.09710032278512659,0.1412967,-0.010986704574876237,0.19822727,18.914587,511.81414254732175,0.9418377,19.111364,18.569546,0.5418186,2016.0,J133955.52+353224.4,204.981353,+35.540125,18.246,18.089,17.448,16.671,0.042,0.061,0.070,0.058,433791837887,1,2010.3654,1
0.227040,1460730510654268800,195.7260612000701,27.69669490998675,46.181500881198,87.39264801861862,0.04804757069100558,0.21403866,-0.12945111596205383,0.28930777,0.030653270261044294,0.25572443,18.89299,522.0963670017412,1.0764983,19.165718,18.461235,0.70448303,2016.0,J130254.26+274147.9,195.726110,+27.696649,18.166,17.651,17.055,16.765,0.033,0.029,0.039,0.048,433797795015,1,2010.2367,-2
0.149786,1460758578263687680,196.00725559897398,27.818192991925052,47.53147658845278,87.1233510159856,-0.31614599705928864,0.21694826,0.4212070104116629,0.3216585,-0.17056303470568732,0.29217708,18.886402,525.2741991063125,0.96599114,19.101812,18.52267,0.5791416,2016.0,J130401.73+274905.6,196.007232,+27.818229,18.137,17.726,17.158,16.857,0.027,0.031,0.037,0.045,433797755443,1,2010.1190,-1
0.058813,1460767894049616000,195.71974585818182,27.866603581415884,49.81496081606364,87.35768474825399,0.48367233802382487,0.5146288,-1.1167971606713438,0.68743014,-0.06442414433470789,0.63595986,18.170717,1015.4532765702136,6.8492475,16.058954,14.734819,1.3241348,2016.0,J130252.74+275159.7,195.719760,+27.866593,14.300,13.756,13.106,12.809,0.003,0.002,0.002,0.002,433797562223,1,2010.2367,1
0.140748,1466335782276746240,196.2393817690449,31.81557213538995,91.63044415137287,84.466518465475,0.13142367334232732,0.18868473,0.0511688062248684,0.124208845,0.3140857059167883,0.23229577,18.774641,582.2242355854769,1.3987756,18.937628,18.410408,0.5272198,2016.0,J130457.46+314856.1,196.239422,+31.815591,18.243,18.044,17.598,16.710,0.027,0.035,0.045,0.039,433793556827,1,2010.1440,-1
0.180992,1466337225385427200,196.16640834082827,31.88929600667668,92.58077660354506,84.43760178593085,0.06542958333943627,0.13225412,0.017374905446477632,0.093035534,0.041561359511923156,0.1857053,18.37794,839.0173455638252,1.4321623,18.572351,18.1605,0.41185188,2016.0,J130439.94+315321.6,196.166437,+31.889340,17.741,17.170,16.927,16.069,0.018,0.016,0.024,0.021,433793555211,1,2010.1440,-2
0.125319,1460783046694222976,195.80426433570983,28.185487674716114,55.67514552274181,87.1856749487661,-0.052270143746982196,0.06049505,-0.04504711706680398,0.08455252,0.025503007103400394,0.08165167,16.654736,4102.536684099967,4.995527,16.786243,16.356787,0.4294567,2016.0,J130313.03+281107.8,195.804298,+28.185506,16.087,15.927,15.229,14.794,0.007,0.008,0.008,0.009,433797295754,1,2010.1190,-1
0.167696,1460787857057509760,195.22550731530183,27.783732672305128,50.81362817674725,87.80057616457582,0.6501099835543821,0.52745265,0.3562251546362283,0.6682689,0.41556406561545545,0.5215299,18.854969,540.7036076087157,3.1276858,17.121748,15.825813,1.2959347,2016.0,J130054.12+274701.2,195.225522,+27.783688,15.469,15.006,14.356,14.093,0.005,0.004,0.004,0.005,433797758241,1,2010.2367,1
0.041547,1460797718302460800,195.36312299177936,27.999199473302934,54.933672336379495,87.61583019942077,-0.14919365225436632,0.4062424,0.11348561245788,0.55785775,-0.05243648683852553,0.4736863,18.368727,846.1665304113401,3.857376,16.833908,15.455034,1.3788738,2016.0,J130127.15+275957.1,195.363136,+27.999199,14.979,14.401,13.739,13.407,0.004,0.003,0.003,0.003,433797569380,1,2010.2367,1
0.229124,1466367324516289408,196.53944614848274,31.733882486073593,88.98650143773732,84.38995783930375,0.058695631553677616,0.20472986,-0.17891336266955526,0.1483982,0.17955089242250896,0.23332462,18.958853,491.3670132028169,1.2414968,19.222223,18.62886,0.5933628,2016.0,J130609.48+314401.9,196.539521,+31.733883,18.073,17.925,17.441,16.903,0.026,0.037,0.066,0.059,433793781603,1,2010.2803,-1
0.075514,1460800673239930112,195.28932362940807,28.033112730788,56.28046906764073,87.66398995521769,-0.14959248114325774,0.4059306,-0.03526805687993535,0.53451717,-0.09837633418034458,0.43780515,18.571941,701.7301467908161,3.716895,17.517942,16.225546,1.2923965,2016.0,J130109.44+280159.1,195.289344,+28.033102,15.768,15.268,14.607,14.345,0.006,0.005,0.005,0.006,433797569156,1,2010.2367,1
0.092917,1460804384091642624,194.92626108579694,27.924744323589533,56.89564327051877,88.00164054473704,-0.43148368523367064,0.3840584,0.39382094878751467,0.5285946,-0.7626326333879854,0.4684883,17.914612,1285.5887672791137,6.1319466,16.61419,15.265422,1.3487673,2016.0,J125942.30+275529.1,194.926258,+27.924770,14.775,14.250,13.601,13.313,0.003,0.003,0.003,0.003,433797532167,1,2010.2367,1
0.080008,1482067251049183232,209.77051576032866,34.36217467366187,63.56535900826601,73.79539850197912,-0.09286944034522956,0.09597211,0.004256826058534427,0.12076898,0.1260472716189494,0.14254686,18.481657,762.5775433687395,1.3441792,18.68251,18.105934,0.57657623,2016.0,J135904.92+342143.7,209.770536,+34.362160,17.720,17.347,16.881,16.423,0.028,0.033,0.031,0.041,433792185672,1,2010.3157,-1
0.246528,1466387360539672448,197.2353667792865,32.01656290250034,86.08822138161074,83.80636497461961,-0.1740679999368905,0.19155434,-0.20204281457864598,0.14731412,-0.1303255770053114,0.22909395,18.925655,506.6230014052625,1.1854631,19.148092,18.580105,0.56798744,2016.0,J130856.50+320059.5,197.235444,+32.016543,18.157,18.118,17.548,16.846,0.025,0.038,0.043,0.045,433793562153,2,2010.1440,-2
0.260554,1466387360539672448,197.2353667792865,32.01656290250034,86.08822138161074,83.80636497461961,-0.1740679999368905,0.19155434,-0.20204281457864598,0.14731412,-0.1303255770053114,0.22909395,18.925655,506.6230014052625,1.1854631,19.148092,18.580105,0.56798744,2016.0,J130856.50+320059.5,197.235445,+32.016534,18.155,18.028,17.505,16.995,0.026,0.035,0.041,0.048,433793403125,1,2010.1440,1
0.433922,1466387360539672448,197.2353667792865,32.01656290250034,86.08822138161074,83.80636497461961,-0.1740679999368905,0.19155434,-0.20204281457864598,0.14731412,-0.1303255770053114,0.22909395,18.925655,506.6230014052625,1.1854631,19.148092,18.580105,0.56798744,2016.0,J130856.52+320059.6,197.235509,+32.016561,19.620,,,,0.084,,,,433793548211,2,2010.1440,-2
0.149487,1460820906829619328,195.51440790919804,28.052006944134984,54.97730159897759,87.47223572531789,0.15358656513249888,0.19501793,0.046535564475773394,0.23423159,-0.3686215098326237,0.20267187,18.70763,619.290547997147,1.2029719,18.758493,18.467207,0.29128647,2016.0,J130203.46+280307.2,195.514453,+28.052019,18.164,17.863,17.096,16.033,0.029,0.032,0.037,0.024,433797319197,1,2010.2367,-2
0.078470,1471849901808955008,203.39998028139692,35.4555505623025,78.33022821353153,77.74805704909424,-0.1485075776095881,0.09083882,-0.04946079221701765,0.120638035,-0.00888762181999296,0.20036872,18.80803,564.5921917174215,1.2116939,18.948956,18.469461,0.4794941,2016.0,J133336.00+352719.9,203.400003,+35.455539,18.376,18.142,17.596,17.091,0.043,0.060,0.104,0.082,433791851248,1,2010.3654,1
0.043225,1460843004437581696,195.25361489076334,28.329094715692975,63.02308884626869,87.5643129205974,-0.01655517640671604,0.066089846,-0.051201173261586255,0.09461103,-0.02996335207156638,0.06996181,16.89445,3289.7810831328648,2.971371,17.090258,16.5173,0.572958,2016.0,J130100.87+281944.7,195.253628,+28.329098,16.231,15.957,15.268,14.882,0.007,0.007,0.008,0.009,433797040692,1,2010.1191,-1
0.082525,1460844786847102464,195.33385025656926,28.360343894704798,62.86689048254669,87.48738675972636,0.07336180247038603,0.19073261,-0.10985537916206257,0.24183482,0.1077667531738967,0.2071251,18.678074,636.3814778235968,2.597428,18.901262,18.245243,0.6560192,2016.0,J130120.12+282137.2,195.333873,+28.360355,18.149,17.854,16.910,16.813,0.025,0.034,0.031,0.044,433797040385,1,2010.1191,-1
0.217737,1460853930834773376,195.5261942212732,28.560341331670735,64.82167524891463,87.24135510848967,-0.20658142148229902,0.23513731,0.18461097469556337,0.29377332,0.13091830663810702,0.26469323,18.932913,503.24718663265963,2.0243504,19.019562,18.609425,0.41013718,2016.0,J130206.30+283337.3,195.526259,+28.560362,18.358,17.752,17.514,16.637,0.032,0.033,0.053,0.041,433796793868,1,2010.1191,1
0.135194,1471886529290074112,203.33814851419046,35.564101705967474,78.87337990056074,77.7164729657005,-0.1369164068072036,0.076780684,-0.05462770096355268,0.103792705,0.1244927225098385,0.16561514,18.576214,698.974820161173,0.8044279,18.729082,18.219927,0.5091553,2016.0,J133321.14+353350.8,203.338123,+35.564133,17.631,17.440,16.966,16.147,0.023,0.032,0.056,0.036,433791831597,1,2010.3654,-1
0.057855,1460864376194927232,197.05876413451057,27.515851177014582,39.82462119688091,86.24929279184168,-0.16107656250038144,0.38783288,-0.4193211060911919,0.4236093,0.5917452660001532,0.5110887,18.325533,880.5079037635439,5.1256847,16.589506,15.355139,1.2343674,2016.0,J130814.09+273057.0,197.058749,+27.515860,14.919,14.440,13.836,13.498,0.003,0.003,0.003,0.003,433797966966,1,2010.1190,1
0.203753,1466430065398757760,196.70571214136098,32.14471431342992,90.18543696112604,83.97290122167881,-0.17614725667856382,0.16678156,-0.08569790703213898,0.12022493,-0.14326478092606387,0.1824513,18.755253,592.7147393359803,1.1359644,19.120842,18.148232,0.9726105,2016.0,J130649.38+320841.1,196.705761,+32.144753,17.817,17.566,17.094,16.332,0.020,0.024,0.030,0.030,433793407000,1,2010.1440,-1
0.220621,1466431164910404480,196.64975404554696,32.19299138069315,90.81657691920432,83.95973783477393,-0.28117681829271984,0.19858208,-0.1606085549489774,0.13897793,-0.07367983013604643,0.21035878,18.924631,507.10079069944015,4.1848454,19.000048,18.569555,0.4304924,2016.0,J130635.95+321134.9,196.649806,+32.193034,18.195,17.544,17.255,16.414,0.027,0.024,0.034,0.032,433793406859,1,2010.1440,1
0.189172,1471895741996603264,203.51743348575286,35.79316966208251,79.24175114020815,77.45683594130088,-0.009530378349329656,0.057113502,0.005029259614939908,0.08307292,0.09340082064292403,0.12293696,18.07627,1107.7429709856656,1.7986888,18.231722,17.73582,0.4959011,2016.0,J133404.16+354735.4,203.517372,+35.793186,17.574,17.397,,16.401,0.023,0.034,,0.047,433791749228,1,2010.3654,-1
0.125476,1471901892389461760,203.60051648926992,35.98676330961957,79.70902049030215,77.27916338076761,-0.013683339884999682,0.077095896,0.06688489813544174,0.102109246,-0.06340598400983294,0.14018542,18.404686,818.6014243070064,2.4061737,18.48712,18.05437,0.4327488,2016.0,J133424.12+355912.4,203.600539,+35.986793,17.615,17.231,,15.820,0.025,0.031,,0.029,433791700123,1,2010.3654,1
0.100560,1460886637008651776,196.87186807471488,27.783183111484295,44.275812386293325,86.37998900996433,-0.22505371550643422,0.16147505,-0.1327077536028005,0.20776924,0.06205802237202966,0.19010247,18.728905,607.2741378933832,2.190138,18.929863,18.31623,0.6136322,2016.0,J130729.25+274659.4,196.871898,+27.783174,17.516,17.407,16.681,15.996,0.018,0.023,0.024,0.022,433797741370,1,2010.1190,-1
0.126108,1460918389704100992,197.24272544841494,28.054431941033815,47.35078231621024,86.0066362205952,-0.5412446854230947,0.45109987,-0.1158704388237388,0.33899832,-0.2606731492032323,0.6624492,18.998594,473.7059550721725,1.9963112,16.76474,15.387397,1.3773432,2016.0,J130858.26+280316.0,197.242758,+28.054452,14.932,14.450,13.780,13.449,0.003,0.003,0.003,0.003,433797304049,1,2010.1190,1
0.106193,1466489576464874624,198.24360484351095,31.532449562991257,77.4002447844905,83.56533144475618,0.06608694065672716,0.14175783,-0.06596189145387218,0.12170856,-0.20725591485394015,0.14979678,18.475016,767.2557595054928,2.881425,18.700268,18.08013,0.62013817,2016.0,J131258.47+313156.7,198.243627,+31.532427,17.582,17.454,16.844,15.787,0.017,0.021,0.027,0.022,433793934712,1,2010.1439,-1
0.190790,1460920309552474240,197.25589247845235,28.11755683265492,48.195033375223986,85.98131644836658,-0.1280635299908538,0.11472549,0.028456982960679153,0.088506386,-0.12762240057292518,0.16874805,18.436642,794.8592713090453,0.8875276,19.367306,17.45958,1.9077263,2016.0,J130901.42+280703.2,197.255948,+28.117577,16.607,16.208,15.555,14.655,0.009,0.009,0.009,0.007,433797304065,1,2010.1190,-1
0.221396,1460923470650614912,197.25241271388083,28.163835406691295,48.846630414590734,85.97345682175636,0.13941416296905065,0.1050859,-0.042871102329477925,0.08186692,0.1688374868226199,0.15093113,18.34416,865.5316911975841,1.3941202,18.465977,17.939232,0.52674484,2016.0,J130900.59+280949.8,197.252481,+28.163848,17.386,17.264,16.782,16.105,0.015,0.020,0.023,0.024,433797304059,1,2010.1190,-1
0.065408,1460926361162881536,196.54616748844592,27.700159310601546,43.689979846060126,86.67786940434029,-0.7009652030497643,0.49943674,-0.4465098615150008,0.7224512,0.6942584400329807,0.48984838,18.61531,674.2528113781242,5.6785707,16.755651,15.445541,1.3101101,2016.0,J130611.07+274200.6,196.546154,+27.700173,15.025,14.535,13.846,13.599,0.004,0.003,0.003,0.004,433797782576,1,2010.1190,1
0.104878,1466526345681676928,198.5268109367819,31.979072256046503,78.83610410763812,83.0861154266281,0.03305904146757058,0.15153395,0.0559349908518685,0.13518724,0.14472785971102198,0.16397795,18.472897,768.7550461209406,4.4326982,18.20402,17.146189,1.0578308,2016.0,J131406.43+315844.7,198.526827,+31.979098,16.537,16.013,15.227,14.452,0.008,0.007,0.007,0.006,433793597713,1,2010.1440,1
0.173131,1460957113128695680,196.45357470366665,28.106522633563053,50.836130902185126,86.66870989412593,0.017897451895465682,0.44577858,0.5107191049451811,0.6217196,-0.11312607385687183,0.46231407,18.525085,732.6771077621711,8.8329115,16.748472,15.398852,1.3496199,2016.0,J130548.86+280623.6,196.453589,+28.106569,14.895,14.383,13.709,13.406,0.003,0.003,0.003,0.003,433797323514,1,2010.1190,1
0.272911,1466529438058199168,198.83728163516628,31.989396597388396,77.44642168152002,82.88447531558616,0.029190753371307186,0.074468665,-9.235587482800462E-4,0.06608121,-0.03198838021471322,0.085993774,17.48344,1912.3645844507107,4.006452,17.583607,17.217358,0.36624908,2016.0,J131520.95+315922.0,198.837308,+31.989469,17.235,16.377,16.239,15.484,0.013,0.009,0.014,0.014,433793553491,1,2010.1440,1
0.279866,1466529438058199168,198.83728163516628,31.989396597388396,77.44642168152002,82.88447531558616,0.029190753371307186,0.074468665,-9.235587482800462E-4,0.06608121,-0.03198838021471322,0.085993774,17.48344,1912.3645844507107,4.006452,17.583607,17.217358,0.36624908,2016.0,J131520.95+315922.0,198.837318,+31.989468,17.234,16.360,16.218,15.468,0.013,0.009,0.014,0.014,433793588057,2,2010.1440,1
0.060799,1460986593784231808,196.6946359972943,28.39846643473611,54.338557607604706,86.37667175734757,-0.12474591350278635,0.124870285,0.09217421453628515,0.14572023,-0.10461098393237378,0.15695769,18.31348,890.3366146345606,2.1643221,18.4613,17.894938,0.5663624,2016.0,J130646.70+282354.5,196.694622,+28.398478,17.816,17.124,16.914,16.057,0.021,0.020,0.028,0.024,433797077128,1,2010.1191,-1
0.033629,1466556273013731712,197.9168560711915,31.821243694885286,80.97849627727545,83.56690801894773,0.7109185896128052,0.5796953,0.6773117035410223,0.46444908,-1.0036850867121798,0.6326987,18.951347,494.7748138586759,4.149435,17.089344,15.712582,1.3767624,2016.0,J131140.04+314916.4,197.916845,+31.821244,15.319,14.779,14.108,13.681,0.004,0.003,0.003,0.004,433793599230,1,2010.1440,1
0.088711,1466556273013731712,197.9168560711915,31.821243694885286,80.97849627727545,83.56690801894773,0.7109185896128052,0.5796953,0.6773117035410223,0.46444908,-1.0036850867121798,0.6326987,18.951347,494.7748138586759,4.149435,17.089344,15.712582,1.3767624,2016.0,J131140.04+314916.3,197.916848,+31.821220,15.318,14.769,14.065,13.656,0.004,0.003,0.003,0.004,433793562954,2,2010.1440,1
0.108447,1466563522918530688,197.90869516041957,32.0297648884258,82.29615508632021,83.42116005760084,-0.23365597230931395,0.19119687,-0.024692283433729208,0.15639298,-0.2077991769731813,0.23613271,18.98015,481.82194042553806,1.7307657,19.104494,18.657936,0.446558,2016.0,J131138.07+320147.1,197.908663,+32.029752,18.341,17.973,17.620,17.135,0.029,0.033,0.044,0.056,433793384256,2,2010.1440,-1
0.162165,1466563522918530688,197.90869516041957,32.0297648884258,82.29615508632021,83.42116005760084,-0.23365597230931395,0.19119687,-0.024692283433729208,0.15639298,-0.2077991769731813,0.23613271,18.98015,481.82194042553806,1.7307657,19.104494,18.657936,0.446558,2016.0,J131138.07+320147.0,197.908663,+32.029729,18.401,18.051,17.612,17.146,0.031,0.037,0.047,0.058,433793438372,1,2010.1440,-2
0.193708,1461017964223642752,197.32098562673485,28.234515481529467,49.60350560637951,85.89749490623993,-0.008943668037534555,0.14428174,-0.12859864228850335,0.11314611,-0.12039069202562361,0.18988878,18.806583,565.3449219563902,1.9731226,19.00852,18.440144,0.56837654,2016.0,J130917.05+281404.2,197.321046,+28.234508,17.934,17.758,17.250,16.403,0.022,0.030,0.035,0.031,433797304173,1,2010.1190,-1
0.049589,1461028061691778944,197.43705384804161,28.45979062322221,52.192131032819795,85.7376232075304,0.08655191299600383,0.12923473,-0.04822660634276002,0.09078805,-0.046656606126951064,0.1765609,18.477589,765.4405877812574,3.823902,18.551107,18.170921,0.38018608,2016.0,J130944.88+282735.2,197.437040,+28.459784,17.719,17.299,16.681,15.728,0.019,0.022,0.023,0.019,433797092078,1,2010.1191,1
0.135256,1461037716778620800,197.92413494498695,28.47909276272216,50.88280012085632,85.32130975684589,0.03851717978967733,0.14528106,-0.05617045501727526,0.111441776,-0.024801702626762453,0.21417627,18.67123,640.404416795649,1.4581203,18.782103,18.337185,0.44491768,2016.0,J131141.78+282844.6,197.924105,+28.479066,18.149,17.423,17.218,16.313,0.029,0.024,0.037,0.029,433797042328,1,2010.1191,-2
0.177971,1461040469854016512,198.13873362960402,28.533561863061617,50.90596597481202,85.12502883280789,-0.21761976466301555,0.16234529,-0.1291533906281553,0.13141786,0.40124901740992214,0.25022295,18.988512,478.12564208216156,1.0907763,19.149914,18.584396,0.5655174,2016.0,J131233.30+283200.8,198.138790,+28.533561,18.793,,17.557,16.569,0.046,,0.054,0.035,433796774129,2,2010.1191,1
0.210898,1461040469854016512,198.13873362960402,28.533561863061617,50.90596597481202,85.12502883280789,-0.21761976466301555,0.16234529,-0.1291533906281553,0.13141786,0.40124901740992214,0.25022295,18.988512,478.12564208216156,1.0907763,19.149914,18.584396,0.5655174,2016.0,J131233.29+283200.6,198.138744,+28.533504,18.389,17.589,17.498,16.554,0.036,0.029,0.050,0.037,433796793124,1,2010.1191,1
0.101775,1461042600157797120,198.24590682377186,28.600188091913395,51.355864608000175,85.01638045240536,0.022320682221640704,0.11561074,-0.07050184002984398,0.086707026,0.05592776281012439,0.15491295,18.28989,909.8937303015834,1.2423149,18.445955,17.990837,0.45511818,2016.0,J131259.02+283600.6,198.245936,+28.600176,17.735,17.609,17.221,16.635,0.021,0.029,0.038,0.039,433796792984,1,2010.1191,-1
0.077883,1472120828346108032,205.31050747837836,35.89435916691824,75.617053953693,76.25474413753683,-0.016996234139518323,0.06500969,0.018236843472616122,0.0986221,-0.05436342585613173,0.12077876,18.261734,933.7986704912572,3.4775279,18.210144,17.632753,0.5773907,2016.0,J134114.51+355339.6,205.310493,+35.894341,17.495,16.982,16.092,14.900,0.020,0.020,0.019,0.011,433791794750,1,2010.3654,1
0.012718,1472132751175329664,205.16076033499917,35.98581951800046,76.23088021451491,76.29784809822638,-0.0017558780197159535,0.093430735,0.1198987595318105,0.12193605,-0.1239137599482812,0.162417,18.746614,597.4493543660536,1.6763073,18.97462,18.31566,0.65896034,2016.0,J134038.58+355908.9,205.160760,+35.985823,18.295,17.822,17.266,16.863,0.038,0.041,0.052,0.062,433791736587,1,2010.3654,-1
0.266684,1466710754397181440,198.76161803662924,32.83978859394487,82.5418127936559,82.33792133051372,-0.0830190712755336,0.13069376,-0.06435676004497756,0.10703185,-0.1621839067952381,0.13034615,18.157118,1028.2529069763248,3.1381378,18.451126,17.622902,0.8282242,2016.0,J131502.80+325023.3,198.761699,+32.839818,17.187,16.988,16.495,15.614,0.014,0.020,0.023,0.018,433792899560,1,2010.2806,-1
0.198790,1461139219741731328,196.2596030297381,28.100268400645994,51.59620777140115,86.83442432573742,-0.2990800074766454,0.25690755,0.18866496578053443,0.33842888,0.18427138823828482,0.26676056,18.774519,582.2894505412754,4.2359385,18.519705,17.532791,0.9869137,2016.0,J130502.30+280601.1,196.259618,+28.100322,17.117,16.614,15.881,15.002,0.013,0.012,0.011,0.010,433797323090,1,2010.1190,1
0.280359,1466715457385450496,198.4510297887651,32.773413923959154,83.65929121200378,82.56376441132224,0.01816223251831333,0.16995826,-0.07423410782468351,0.13571616,0.2756222781162325,0.18580113,18.668407,642.0720458556356,2.1388097,18.806177,18.294333,0.51184464,2016.0,J131348.24+324624.0,198.451031,+32.773336,18.306,17.775,17.457,16.401,0.032,0.039,0.052,0.035,433792869595,1,2010.2806,-2
0.146927,1466715972781526272,198.5566535208911,32.77274428866674,83.15068591988678,82.50443069583672,-0.01873180397693925,0.15575762,0.07414032827549305,0.1360109,-0.10851361754333963,0.1883804,18.601006,683.1947410695424,1.045413,19.055006,17.944769,1.1102371,2016.0,J131413.60+324621.8,198.556702,+32.772741,17.334,16.882,16.117,15.125,0.015,0.018,0.016,0.012,433792892111,1,2010.2806,-1
0.116150,1461160625858681600,195.89168961693315,28.33968852281139,57.925620349814864,87.05553935611309,0.04730192463536027,0.15810813,0.13883451559043877,0.19738553,0.18550470350887135,0.16121078,18.154251,1030.970223654772,6.941659,18.229969,17.94829,0.28167915,2016.0,J130334.01+282022.9,195.891723,+28.339702,17.662,17.486,16.868,16.146,0.018,0.025,0.026,0.025,433797062501,1,2010.1191,-1
0.111447,1466764316933629952,198.98039889053038,33.38845591431686,84.2539968555948,81.80977826120903,0.08548028838386434,0.14089933,0.10550902469071248,0.1157749,-0.20031504295517769,0.1595943,18.542587,720.9607951043279,3.7427144,18.68884,18.25729,0.43155098,2016.0,J131555.30+332318.5,198.980426,+33.388477,18.347,18.055,17.297,16.853,0.031,0.048,0.043,0.054,433792564874,1,2010.2806,-2
0.151905,1461193164530958080,196.38141250270635,28.650268612785116,59.80415107164021,86.53520637161945,-0.07534821189226387,0.18511413,-0.046623380954686856,0.2603434,-0.12748632704787974,0.20611872,18.579552,696.8288839450357,2.6666315,18.37116,17.51073,0.86042976,2016.0,J130531.54+283901.0,196.381448,+28.650297,17.288,16.687,15.822,14.779,0.014,0.013,0.011,0.009,433796799439,1,2010.1191,1
0.114981,1461194573280230016,196.32539371302633,28.63806516480905,59.97073130890791,86.58486531697616,0.02424420082541931,0.08099687,0.06819192666929272,0.11429625,-0.03247752478322984,0.090845406,17.395254,2074.1718028603823,2.6259608,17.675484,16.984058,0.6914253,2016.0,J130518.09+283817.1,196.325378,+28.638094,16.585,16.175,15.721,15.251,0.009,0.009,0.010,0.012,433796799457,1,2010.1191,-1
0.190552,1461194603343733504,196.2872637001692,28.621195937088057,59.95603947963311,86.62233429321387,0.010315912091994638,0.18241905,0.3897039062600155,0.26988968,-0.16797401741308074,0.21815394,18.75017,595.4965104936272,2.7572923,18.973291,18.388823,0.58446884,2016.0,J130508.93+283716.3,196.287210,+28.621220,18.361,17.992,17.297,16.998,0.032,0.040,0.038,0.056,433796799711,2,2010.1191,-1
0.271633,1461194603343733504,196.2872637001692,28.621195937088057,59.95603947963311,86.62233429321387,0.010315912091994638,0.18241905,0.3897039062600155,0.26988968,-0.16797401741308074,0.21815394,18.75017,595.4965104936272,2.7572923,18.973291,18.388823,0.58446884,2016.0,J130508.96+283716.4,196.287343,+28.621225,18.411,17.943,17.313,17.077,0.032,0.037,0.037,0.057,433796766735,1,2010.1191,-1
0.182616,1466776484576634240,197.7019228225363,32.381483553955555,85.4397146005464,83.27371233404757,-0.012385268088166389,0.108588405,-0.11120147458937146,0.086600915,-0.044141244986419276,0.121111155,18.149057,1035.9147412353375,1.3250065,18.485762,17.717697,0.7680645,2016.0,J131048.47+322253.3,197.701981,+32.381496,17.457,17.091,16.802,16.312,0.014,0.015,0.022,0.028,433793267459,1,2010.1440,-1
0.241116,1466783219085358592,197.74751134002094,32.559569326932355,86.14646235761661,83.11191760028697,-0.05026949708455765,0.18095528,-0.029418222865309644,0.15557662,0.16432077822805524,0.18185657,18.794228,571.8155659617776,20.00299,18.954836,17.965443,0.98939323,2016.0,J131059.41+323334.6,197.747562,+32.559621,17.882,17.189,16.385,15.357,0.020,0.017,0.015,0.012,433793062254,1,2010.1440,-1
0.117137,1466800429017988608,197.56066043621172,32.71785034440505,87.99036152818306,83.08504848364524,0.1807617042742,0.1387769,-0.015677024554149935,0.10513779,0.1891166148973217,0.15249023,18.501284,748.916507034817,1.1360927,18.828173,17.984688,0.8434849,2016.0,J131014.56+324304.2,197.560699,+32.717853,17.653,17.207,16.837,16.363,0.019,0.024,0.030,0.034,433792893420,1,2010.2806,-1
0.200406,1461232746949484032,195.59529374367864,28.736482161507887,67.20506552998931,87.09693156947282,-0.02922965851284387,0.22508848,0.5359948543722508,0.33446795,-0.248323034640022,0.36028817,18.985605,479.4075287106124,1.1679916,19.213066,18.644524,0.5685425,2016.0,J130222.87+284411.5,195.595317,+28.736534,18.067,17.763,17.247,16.497,0.023,0.030,0.045,0.034,433796513311,1,2010.1191,-1
0.208663,1466828917537394688,197.9126654263893,32.87751357391906,86.8914096632961,82.77721203805038,0.11059484996917565,0.14665388,-0.01983820442281692,0.114335455,-0.1783902076118746,0.16501287,18.562086,708.1292416039203,6.148571,18.57764,18.272226,0.3054142,2016.0,J131139.04+325239.2,197.912675,+32.877571,17.685,17.400,16.810,15.944,0.020,0.029,0.031,0.025,433792905492,1,2010.2806,1
0.259292,1461268442421784704,196.00710739534847,29.113155614206864,69.23076151860707,86.58758773449831,0.21888961438115584,0.18086678,0.15979629134177464,0.23361397,0.009264217430329041,0.18736868,18.68301,633.4941827949592,1.8386495,18.842072,18.332176,0.5098953,2016.0,J130401.72+290647.5,196.007174,+29.113198,17.811,17.568,17.242,16.368,0.022,0.031,0.038,0.035,433796224481,1,2010.1191,-1
0.213497,1466864097613288192,197.20627507694866,32.86704022485778,90.7326771097194,83.13851697550977,-0.13480692311554907,0.18982244,0.07039609870314116,0.13862914,-0.10489935339839906,0.19925913,18.674395,638.5408026318195,2.5072045,18.798937,18.342442,0.45649529,2016.0,J130849.51+325201.2,197.206331,+32.867004,18.327,18.068,17.730,17.050,0.033,0.050,0.066,0.062,433792877188,1,2010.2806,-2
0.032172,1461301569505614848,196.71229730953215,28.99724663982804,62.62723275609772,86.12065931490955,0.23973439376548408,0.23168233,0.12778771921438153,0.18629208,-0.33186174649417843,0.29147384,18.980682,481.5862218337401,3.3791873,18.672215,17.656502,1.0157127,2016.0,J130650.95+285950.1,196.712301,+28.997255,17.336,16.756,16.062,15.276,0.014,0.013,0.013,0.012,433796246735,1,2010.1191,1
0.267168,1461314381391560448,197.24633836373297,29.099605902454208,60.9520467400974,85.65798719862887,-0.12106994856577463,0.16901658,-0.05392235423946208,0.11360021,0.07213896040288162,0.19394138,18.953882,493.6210360146103,1.0953496,19.17118,18.593554,0.5776272,2016.0,J130859.12+290558.8,197.246344,+29.099680,18.271,17.626,17.255,16.349,0.034,0.028,0.036,0.030,433796234359,1,2010.1191,-1
0.177281,1466884576017857280,197.8171850375127,33.194451425435545,88.90443966407757,82.57467726836254,-0.16023323278702545,0.1584936,-0.02722333089347478,0.11988937,0.2239512074264711,0.17297155,18.673277,639.1986862439909,2.1650672,18.754675,18.398357,0.35631752,2016.0,J131116.13+331140.1,197.817223,+33.194489,18.502,,17.741,16.806,0.035,,0.064,0.050,433792658613,1,2010.2806,-1
0.141819,1461349089023753728,196.45387094275247,29.041139628931166,64.86782251094736,86.29690060633835,-0.19764731940336364,0.17338856,0.09687898117954558,0.18982671,0.17783324406492942,0.22526146,18.827724,554.4431380586535,1.1659024,19.002527,18.547024,0.45550346,2016.0,J130548.93+290228.2,196.453885,+29.041177,18.023,17.769,17.256,16.426,0.023,0.031,0.035,0.033,433796250952,1,2010.1191,-1
0.148150,1461356540790573824,196.7095172908693,29.15801083122392,64.70441172658055,86.04503273776483,0.21346945325497488,0.12250061,-0.055114529435157204,0.093525805,-0.03277887518871358,0.17190607,18.318623,886.1298488036939,1.4487743,18.463282,17.985085,0.4781971,2016.0,J130650.27+290928.9,196.709483,+29.158039,17.919,17.617,16.889,16.442,0.022,0.028,0.037,0.040,433795998209,1,2010.1194,-2
0.149021,1461356540790573824,196.7095172908693,29.15801083122392,64.70441172658055,86.04503273776483,0.21346945325497488,0.12250061,-0.055114529435157204,0.093525805,-0.03277887518871358,0.17190607,18.318623,886.1298488036939,1.4487743,18.463282,17.985085,0.4781971,2016.0,J130650.27+290928.8,196.709470,+29.158014,17.898,17.649,16.847,16.501,0.021,0.028,0.030,0.040,433795954068,2,2010.1194,-2
0.032569,1461367402764298496,196.3552666877128,29.296480002376626,68.8887074499607,86.23331902599975,0.5649673605155581,0.52224547,0.7845937647181493,0.65730315,-0.16454819389345166,0.6386725,18.558744,710.3122568277245,5.4011436,16.235802,14.9019985,1.3338032,2016.0,J130525.26+291747.3,196.355259,+29.296486,14.524,14.012,13.312,13.026,0.003,0.002,0.002,0.003,433795969790,1,2010.1194,1
0.234734,1461387228331838208,196.95568197065907,29.55096354821277,67.79220630584983,85.65688637956804,-0.009774518439728472,0.17902142,0.11783186968844914,0.11801532,-0.03518202835757917,0.2101359,18.95664,492.36861176340943,1.4100084,19.099379,18.647728,0.45165062,2016.0,J130749.37+293303.2,196.955717,+29.550906,18.626,17.852,17.739,16.813,0.039,0.033,0.066,0.056,433795704636,1,2010.1194,-2
0.276666,1461387228331838208,196.95568197065907,29.55096354821277,67.79220630584983,85.65688637956804,-0.009774518439728472,0.17902142,0.11783186968844914,0.11801532,-0.03518202835757917,0.2101359,18.95664,492.36861176340943,1.4100084,19.099379,18.647728,0.45165062,2016.0,J130749.38+293303.5,196.955761,+29.550998,18.516,17.865,17.623,16.840,0.033,0.033,0.060,0.050,433795695508,2,2010.1194,1
0.230308,1461412482741087104,197.01667377406463,29.841059718907747,70.50069258109363,85.44976775423365,0.05931590576928978,0.15719609,-0.014753734572196628,0.105352886,0.13526024987433594,0.18625599,18.737715,602.3665861184223,1.22309,18.93667,18.299622,0.6370487,2016.0,J130804.01+295027.9,197.016727,+29.841104,18.094,17.866,16.874,16.712,0.027,0.038,0.032,0.055,433795251951,1,2010.1194,-1
0.277171,1461421961732983680,199.77854021344024,27.470799035229632,37.70510624059583,83.84284462758639,-0.2493334878797715,0.24368633,-0.18390535558820176,0.15585338,0.1032506901615738,0.2167229,18.574894,699.8250334919018,2.0273223,18.807596,18.225386,0.58221054,2016.0,J131906.85+272815.1,199.778581,+27.470867,17.959,17.789,17.311,16.447,0.023,0.032,0.034,0.031,433797991683,1,2010.1190,-2
0.177577,1461460414575376768,200.07549990528113,27.837726355197066,40.91448657070254,83.56009901806894,0.24367792229755406,0.3052575,0.3342826114556563,0.18457505,0.30898389827809636,0.22122575,18.851255,542.555650968886,3.4176865,18.967424,18.468124,0.4993,2016.0,J132018.13+275015.8,200.075549,+27.837750,18.235,17.960,17.275,16.890,0.031,0.041,0.036,0.048,433797520173,1,2010.1191,-1
0.289367,1467018338478822272,198.16432391771963,33.709460605413355,89.44059227708814,81.98821028363348,0.04469680224007231,0.14628874,-0.05888240237322873,0.11654743,0.05012855598089673,0.16423722,18.445244,788.5857707897915,1.7989553,18.590511,18.114569,0.4759426,2016.0,J131239.45+334234.2,198.164401,+33.709509,17.865,17.488,16.871,16.107,0.030,0.034,0.030,0.027,433792435249,1,2010.3134,-1
0.139455,1467025249082279936,198.56170824614958,33.91070194046213,88.43074181159616,81.62928697208933,0.03118627871449809,0.11540101,-0.14488850441465365,0.08796195,-0.05101752874162941,0.12091041,18.088312,1095.5243955906626,3.9686756,18.158493,17.810747,0.3477459,2016.0,J131414.81+335438.6,198.561728,+33.910737,17.430,17.179,16.679,15.878,0.022,0.029,0.027,0.023,433792383452,1,2010.3134,-3
0.142113,1461474639507036672,199.89771103486396,27.969266956656224,42.22727836690049,83.70429590964426,-0.1969840149700848,0.43967196,0.24112170476016298,0.3000219,0.09963812744384853,0.3463937,18.707417,619.412974401562,5.0381308,18.083447,16.913689,1.1697578,2016.0,J131935.46+275809.4,199.897754,+27.969278,16.447,15.975,15.335,14.919,0.008,0.008,0.007,0.010,433797526822,1,2010.1190,1
0.194183,1461499000561522048,199.51725083102994,27.901486994950517,41.923402385169794,84.04565404292947,-0.3073787805657577,0.44524932,-0.07549018896927048,0.30487135,0.29792256464347167,0.41586217,17.841593,1375.0216853979398,11.678057,16.726221,15.676534,1.0496874,2016.0,J131804.15+275405.4,199.517303,+27.901515,15.246,14.759,14.163,13.742,0.004,0.003,0.003,0.004,433797537241,1,2010.1190,1
0.028407,1467084068658758784,195.780146907235,31.825846437946304,95.21465609697792,84.65914170258068,-0.1043605243227901,0.18185548,-0.20955952124354615,0.12560362,0.39269445139223647,0.20661029,18.955929,492.6918695546692,3.4315825,19.188248,18.552034,0.6362133,2016.0,J130307.23+314933.0,195.780152,+31.825853,18.359,18.044,17.370,17.199,0.030,0.036,0.038,0.063,433793586046,1,2010.1440,1
0.112991,1467088844662456192,195.7387803996691,31.930247805744195,96.07850397601796,84.58445444412001,0.1726196102098792,0.12132395,-0.06765587437442858,0.07749987,-0.06275526046833504,0.14528571,18.249615,944.2800794787361,3.0348728,18.446577,17.82146,0.62511635,2016.0,J130257.31+315548.8,195.738807,+31.930226,17.710,17.304,16.656,16.365,0.018,0.019,0.020,0.030,433793585657,1,2010.1440,-1
0.206861,1467094754537590528,196.13928019945075,32.10989279656858,93.94426280236014,84.26104147487693,-0.059239045479509214,0.1429704,-0.04761705707432588,0.10225198,0.07651693623064812,0.17644978,18.474976,767.2842283984979,3.180461,18.691162,18.065485,0.6256771,2016.0,J130433.43+320635.7,196.139322,+32.109938,17.831,17.511,16.666,16.301,0.020,0.022,0.020,0.028,433793368367,1,2010.1440,-1
0.183190,1467097881273796608,195.87775497957108,32.12473105730775,95.9616020412593,84.3573446474112,0.025860643980592214,0.15104565,0.02258264618741619,0.09400001,-0.047431906701704635,0.18846843,18.633955,662.7723660091978,2.1224494,18.75982,18.35847,0.40135002,2016.0,J130330.67+320729.1,195.877806,+32.124758,18.186,17.806,17.296,16.459,0.026,0.030,0.035,0.032,433793435647,1,2010.1440,1
0.100212,1467116126294300672,195.80371791404136,32.319860858210525,97.42989193058155,84.21371659078729,-0.08048587328838105,0.093975626,0.003009452261446244,0.064608656,-0.048932313562685875,0.12871364,17.884884,1321.274567876497,6.586693,18.081583,17.434023,0.6475601,2016.0,J130312.90+321911.5,195.803750,+32.319867,17.281,17.014,16.495,15.911,0.013,0.014,0.017,0.020,433793264436,1,2010.1440,1
0.196046,1461580738083596800,200.29605985996554,28.351005938919805,45.17413780304324,83.30668667076584,-0.0015430164247475578,0.195179,-0.0635775109222033,0.12890504,0.10864038753713609,0.14745364,18.266924,929.3449400822636,2.7328305,18.46477,17.885586,0.5791836,2016.0,J132111.06+282103.6,200.296121,+28.351015,17.231,17.043,16.728,16.093,0.014,0.021,0.023,0.025,433797092988,1,2010.1193,-1
0.161202,1461591458322135808,200.3169167805916,28.505596216095622,46.45281570763867,83.26332203296057,-0.30444418035269627,0.25070715,0.17960982597480482,0.1548936,0.060060548356156325,0.21128505,18.820957,557.9097044506328,1.1328139,18.968565,18.5149,0.45366478,2016.0,J132116.06+283020.3,200.316918,+28.505641,18.095,17.672,17.136,16.350,0.026,0.030,0.033,0.036,433796812848,1,2010.1193,1
0.166784,1467138013448139392,194.99837803980705,32.03497285029617,102.69106402438372,84.75293961080317,0.32619627515511285,0.23394467,-0.23944950456725386,0.33903393,0.3004689107163405,0.32758558,18.996689,474.538100292624,1.758046,19.177637,18.656548,0.52108955,2016.0,J125959.61+320206.0,194.998403,+32.035014,18.462,18.184,17.464,17.108,0.032,0.039,0.038,0.055,433793392546,2,2010.1440,-1
0.314074,1467138013448139392,194.99837803980705,32.03497285029617,102.69106402438372,84.75293961080317,0.32619627515511285,0.23394467,-0.23944950456725386,0.33903393,0.3004689107163405,0.32758558,18.996689,474.538100292624,1.758046,19.177637,18.656548,0.52108955,2016.0,J125959.62+320206.1,194.998449,+32.035036,18.637,18.266,17.517,17.089,0.046,0.055,0.070,0.069,433793414534,1,2010.2805,-1
0.128740,1461614444986597120,200.70338485383957,28.620661492671662,46.89607377368646,82.90890946067135,-0.0029905405419730115,0.23871773,0.0941119956855071,0.17115851,-0.02157354619364764,0.17940614,18.759296,590.5109327060843,1.380951,18.967674,18.450928,0.5167465,2016.0,J132248.82+283714.4,200.703422,+28.620676,17.891,17.721,17.180,16.506,0.021,0.029,0.033,0.034,433796754650,1,2010.1193,-1
0.192999,1461635404427404544,199.98589780830724,28.495488498673758,46.819142803429365,83.55134809347739,0.04130408190384809,0.23805778,-0.12320815365120869,0.15161347,-0.2872942157590307,0.18896928,18.61554,674.1101333789971,1.967521,18.694975,18.227446,0.4675293,2016.0,J131956.61+282943.9,199.985895,+28.495542,18.212,17.535,17.061,16.195,0.027,0.025,0.030,0.028,433796772877,1,2010.1193,1
0.209364,1461635404427404544,199.98589780830724,28.495488498673758,46.819142803429365,83.55134809347739,0.04130408190384809,0.23805778,-0.12320815365120869,0.15161347,-0.2872942157590307,0.18896928,18.61554,674.1101333789971,1.967521,18.694975,18.227446,0.4675293,2016.0,J131956.62+282943.5,199.985936,+28.495441,,,,16.757,,,,0.043,433797044233,2,2010.1385,-1
0.092037,1461637298508264064,199.99041204980605,28.553072355663865,47.31558277416817,83.53665767493197,0.07848282161259157,0.12712383,-0.04301516283566324,0.08063926,-0.05631998747163571,0.09997841,17.43394,2001.5694549757175,3.251409,17.958376,16.693514,1.2648621,2016.0,J131957.70+283311.1,199.990423,+28.553096,16.062,15.684,14.979,14.352,0.006,0.006,0.006,0.007,433796772871,1,2010.1193,-1
0.126918,1467184369031267840,195.39268940404128,32.60236097461495,101.68677575805498,84.10217840496131,0.13827540431809787,0.112839386,-0.04507880837920372,0.077121735,-0.03740836373995897,0.122564204,18.066032,1118.2377126085385,1.5556988,18.369375,17.622377,0.74699783,2016.0,J130134.25+323608.6,195.392713,+32.602390,17.389,16.956,16.576,16.085,0.015,0.016,0.019,0.024,433793057546,1,2010.1440,-1
0.088950,1461649388840933632,199.9518322213824,28.590203435326817,47.69858542575897,83.56264497095044,-0.026353806078740154,0.28988433,0.031368005424266945,0.18510999,0.10858699997531844,0.20821047,18.734295,604.2664393057787,3.3334632,18.850758,18.494253,0.35650444,2016.0,J131948.44+283524.7,199.951859,+28.590211,18.584,17.785,17.495,16.716,0.037,0.031,0.044,0.045,433796772936,1,2010.1193,1
0.165155,1467199311221320064,196.43145196784633,32.36117383381173,93.14874267756817,83.91823821199071,-0.1286992354560462,0.14874618,0.03154141279211641,0.10558162,-0.040419968202264775,0.16951643,18.614418,674.8067445046588,1.3005228,18.761164,18.285297,0.47586632,2016.0,J130543.55+322140.3,196.431482,+32.361212,17.928,17.573,17.150,16.768,0.022,0.027,0.033,0.045,433793232628,1,2010.1440,-1
0.043655,1461669665381834368,200.31135171537832,28.796937213408608,48.88764637784788,83.21127694824423,-0.0677834691867046,0.10606544,0.022447302717356357,0.06604547,0.12660411528657853,0.09852413,17.311571,2240.3617517902317,3.2859297,17.54831,16.850464,0.69784546,2016.0,J132114.72+284749.0,200.311360,+28.796947,16.533,16.110,15.583,15.194,0.008,0.009,0.009,0.011,433796541780,1,2010.1193,-1
0.043737,1461673475017170048,200.54609077997978,28.842856524900466,48.89324145296564,83.00054999871182,0.06757083442708442,0.27135164,-0.09271166642544973,0.1622769,0.11554292543389494,0.19477506,18.915155,511.5455652294133,3.5313597,19.12179,18.593393,0.5283966,2016.0,J132211.05+285034.3,200.546082,+28.842866,19.235,18.673,18.031,17.643,0.060,0.070,0.068,0.096,433796523367,1,2010.1193,-1
0.140476,1461678422819538560,200.50955486448677,28.978048147025685,50.03333492114436,83.00148484156036,0.4403569352119624,0.2578696,0.12738342322292429,0.1581893,0.12497081455494062,0.19640198,18.729944,606.6932899402916,1.4151407,19.149076,18.154526,0.9945507,2016.0,J132202.29+285841.0,200.509575,+28.978083,17.429,16.961,16.593,16.008,0.014,0.015,0.019,0.024,433796250382,1,2010.1193,-1
0.120094,1482813991242925568,209.5688975698661,34.44265148213836,64.05956900976787,73.91896908235736,-0.017051431694968786,0.114320494,-0.17735678145623038,0.14902239,-0.028956087564899813,0.1712799,18.884523,526.1840759661588,2.0635028,19.094799,18.488653,0.60614586,2016.0,J135816.54+342633.5,209.568938,+34.442651,18.149,17.956,17.698,17.011,0.037,0.058,0.100,0.070,433792108177,1,2010.3491,-1
0.097583,1482823611969696512,209.6440303742126,34.56424359886617,64.3776351784653,73.8150110798841,0.020163869948233777,0.084224515,-0.1535745290077032,0.12882277,0.03986798319438726,0.16097328,18.63025,665.0374812658953,1.396421,18.82013,18.250935,0.5691948,2016.0,J135834.57+343351.2,209.644063,+34.564240,17.839,17.404,16.880,16.534,0.030,0.037,0.050,0.046,433792152542,1,2010.3491,-1
0.135510,1482828731570698752,209.39831698435674,34.50714312420184,64.47197089901293,74.02369347461197,0.02857563719608517,0.08467994,-0.13658100893172687,0.112369314,-0.031805214537490356,0.13467817,18.461672,776.7438763747891,2.871352,18.547413,18.173561,0.37385178,2016.0,J135735.60+343025.8,209.398343,+34.507174,17.962,17.279,17.015,16.145,0.032,0.032,0.056,0.033,433792155012,2,2010.3491,1
0.177896,1482828731570698752,209.39831698435674,34.50714312420184,64.47197089901293,74.02369347461197,0.02857563719608517,0.08467994,-0.13658100893172687,0.112369314,-0.031805214537490356,0.13467817,18.461672,776.7438763747891,2.871352,18.547413,18.173561,0.37385178,2016.0,J135735.61+343025.7,209.398377,+34.507144,17.936,17.290,16.956,16.071,0.031,0.032,0.051,0.030,433792108447,1,2010.3491,1
0.092667,1467248754884518784,196.38730243342707,32.921736178667764,95.9994559596432,83.45192650542826,-0.11564361486974284,0.16382955,-0.05570456485608528,0.10321681,0.07074128784778229,0.15686443,18.45248,783.3471385456899,0.96006674,18.771276,17.93971,0.83156586,2016.0,J130532.96+325518.2,196.387333,+32.921739,17.558,17.269,16.666,15.974,0.019,0.025,0.025,0.024,433792766585,1,2010.2806,-1
0.185642,1467252774973808896,196.67891866505255,32.96755340731262,94.35199334456644,83.29120012959616,-0.20177873479969988,0.21720439,-0.035311190556315444,0.14903922,0.005052606891134458,0.21585599,18.971811,485.5367074762577,1.0463097,19.34681,18.433823,0.91298676,2016.0,J130642.95+325803.2,196.678978,+32.967567,18.435,17.827,16.843,16.912,0.037,0.042,0.032,0.058,433792797696,1,2010.2806,-2
0.113754,1482845945799661952,209.9339322437894,34.651217926919124,64.33588715807556,73.56131820030879,-0.1342327297632856,0.07017648,-0.06228214052545418,0.113431305,-0.028556976562138077,0.13449015,18.438341,793.61551142578,3.5092287,18.54335,18.206543,0.33680725,2016.0,J135944.14+343904.4,209.933957,+34.651242,18.302,17.780,17.043,16.283,0.043,0.052,0.057,0.037,433792064084,2,2010.3492,1
0.160877,1482845945799661952,209.9339322437894,34.651217926919124,64.33588715807556,73.56131820030879,-0.1342327297632856,0.07017648,-0.06228214052545418,0.113431305,-0.028556976562138077,0.13449015,18.438341,793.61551142578,3.5092287,18.54335,18.206543,0.33680725,2016.0,J135944.15+343904.4,209.933982,+34.651236,18.017,16.937,16.956,16.254,0.035,0.024,0.054,0.037,433792141336,1,2010.3491,-1
0.251795,1467260716369469568,195.79453433009897,32.581496187915235,98.62744840500334,83.98272578964468,-0.0053243085579664385,0.10358646,-0.058484252979950156,0.067045316,-0.030325745261099213,0.12317177,17.859018,1353.1306337920198,4.2599044,18.022575,17.499935,0.5226402,2016.0,J130310.70+323453.4,195.794617,+32.581503,17.103,16.893,16.459,15.781,0.011,0.013,0.016,0.017,433793097084,1,2010.1440,-1
0.035578,1472680204886362624,199.79628190955228,32.99220612525181,78.95053053891179,81.61206947440019,-0.007596145234100949,0.09732027,-0.15424559738507754,0.09744117,0.14831629848265457,0.11680233,17.909323,1291.8670138548953,2.93718,18.12937,17.477919,0.6514511,2016.0,J131911.10+325931.9,199.796271,+32.992210,17.196,16.970,16.479,16.046,0.014,0.021,0.032,0.032,433792800603,1,2010.2806,-1
0.199848,1461731822149351680,198.82909092892154,28.473157553262823,48.60125876129368,84.55157302211953,0.2022275815903071,0.44182524,0.5426541959768063,0.36852747,-0.8801146496839425,0.5492952,18.793406,572.2486109639931,3.928564,17.24368,15.878649,1.3650303,2016.0,J131518.98+282823.5,198.829095,+28.473213,15.401,14.875,14.173,13.860,0.004,0.003,0.004,0.004,433797046756,1,2010.1191,1
0.151421,1482870719171154560,209.64734755637505,35.021410964326314,65.86968630692644,73.63026772978766,0.04163215636418692,0.080535196,-0.09754000329573212,0.14925404,-0.3304175168324302,0.17208573,18.882902,526.9696799592695,2.2830102,19.099491,18.42631,0.67318153,2016.0,J135835.36+350117.2,209.647347,+35.021453,18.152,17.939,17.497,16.620,0.035,0.054,0.080,0.048,433791998267,1,2010.3491,-1
0.120006,1467281980751200640,195.5209833168807,32.80147489631911,101.46763746114576,83.8768453125625,0.047403911638945584,0.1951913,-0.1724058479332063,0.117990114,-0.18165545628494284,0.22855388,18.771175,584.0854067653418,1.4718424,18.865953,18.541363,0.32459068,2016.0,J130205.04+324805.3,195.521013,+32.801497,18.730,17.779,17.552,16.704,0.046,0.039,0.055,0.045,433792877662,1,2010.2806,1
0.517028,1461744908913613952,199.4495976400883,28.540590727451935,48.080170156298095,84.00459959626943,0.21365686016087157,0.26957408,0.014514321292335961,0.15824352,-0.17901398190897838,0.20058359,18.71075,617.513785776543,1.5065857,18.811577,18.525232,0.28634453,2016.0,J131747.90+283226.6,199.449608,+28.540734,18.658,17.890,17.559,16.515,0.042,0.036,0.052,0.035,433796791620,1,2010.1191,-1
0.121401,1472694361098715392,199.8808033051576,33.30424134362186,80.16158515120615,81.34714115932881,-0.16446292290433684,0.15948215,-0.11244558714540204,0.13756248,-0.02856132163449177,0.17359494,18.717276,613.8132775465787,1.2138975,18.824272,18.35488,0.46939278,2016.0,J131931.39+331815.3,199.880805,+33.304275,18.239,17.911,17.413,16.625,0.029,0.045,0.066,0.052,433792669778,1,2010.2806,1
0.105970,1461747451534302208,199.59133051891186,28.6596825173523,48.926238978596054,83.85740034317676,0.23821296790990157,0.2687649,-0.15622452619731123,0.18886535,-0.19489047923157637,0.19388875,18.872816,531.8880138707424,5.0224075,19.107698,18.61669,0.49100876,2016.0,J131821.92+283934.8,199.591363,+28.659675,18.716,18.225,17.612,17.216,0.044,0.048,0.054,0.065,433796791471,1,2010.1191,-1
0.187282,1461753155250765952,199.18675150875868,28.53682491512726,48.52629652547333,84.23096981444407,-0.04809663233421011,0.32580972,0.3618795160166215,0.2518064,0.3829147431212542,0.38846868,14.523543,29209.851102678615,47.003105,14.725297,13.828612,0.89668465,2016.0,J131644.80+283212.6,199.186694,+28.536837,13.458,13.179,12.813,12.731,0.002,0.001,0.002,0.002,433796790153,1,2010.1191,-1
0.161923,1472714672000386176,200.13273210422213,33.29156920400084,79.1518199661043,81.20209655593347,-0.47375244929360516,0.5678634,-0.15855610646139773,0.7032736,0.17609812452030288,0.6916088,18.82732,554.6498569064426,5.1364036,16.595387,15.150953,1.4444332,2016.0,J132031.86+331729.7,200.132777,+33.291594,14.648,14.145,13.474,13.110,0.003,0.002,0.003,0.003,433792671751,1,2010.2806,1
0.224002,1482916658141360896,209.55478441298544,35.05896505777683,66.10230460166221,73.68383468224602,-0.06751095019691529,0.08471375,0.06199495193323598,0.15169336,-0.08549050011252722,0.17658797,18.997246,474.29528855091263,1.223712,19.140121,18.715984,0.42413712,2016.0,J135813.16+350332.3,209.554849,+35.058998,18.562,18.230,17.680,16.967,0.057,0.084,0.108,0.074,433791956980,1,2010.3491,-1
0.072786,1472737452506908032,199.91102981895926,33.61985484175708,81.52580888832021,81.10845366127047,0.07098237500524913,0.110173196,-0.0648376253259448,0.098386355,0.03992516668654978,0.11900524,18.198505,989.7941020873297,3.0565813,18.33226,17.914698,0.41756248,2016.0,J131938.65+333711.5,199.911053,+33.619861,,17.469,17.252,16.659,,0.038,0.047,0.046,433792477029,1,2010.3135,-1
0.160910,1467353006626702080,194.48846604308716,32.491479536200124,108.56701573727933,84.45391044412777,-0.111072171692655,0.1608866,0.1548673344899727,0.1432276,0.02611296866264813,0.13617107,18.145271,1039.5323156101947,33.583008,18.206648,17.49115,0.715498,2016.0,J125757.24+322929.3,194.488519,+32.491482,17.011,16.315,15.510,14.648,0.013,0.011,0.012,0.009,433793045084,1,2010.2805,-1
0.115022,1467370392654355584,195.03320166230472,32.65960948597532,104.65167035818546,84.15690980479636,-0.12378654076670545,0.14002196,-0.08856551904688728,0.11085204,-0.12184757251514748,0.18692692,18.481758,762.50620046508,2.6074605,18.6189,18.153782,0.4651184,2016.0,J130007.97+323934.6,195.033221,+32.659637,17.958,17.777,17.432,16.594,0.023,0.032,0.041,0.039,433793048464,1,2010.1440,-1
0.148402,1467370392654355584,195.03320166230472,32.65960948597532,104.65167035818546,84.15690980479636,-0.12378654076670545,0.14002196,-0.08856551904688728,0.11085204,-0.12184757251514748,0.18692692,18.481758,762.50620046508,2.6074605,18.6189,18.153782,0.4651184,2016.0,J130007.97+323934.6,195.033241,+32.659634,17.981,17.783,17.474,16.626,0.024,0.033,0.061,0.043,433793080505,2,2010.2805,1
0.271416,1467386159478029184,195.0119807616811,32.86192523495436,105.45056869969096,83.97136699920144,-0.1256930396364648,0.19348541,-0.17827624889418217,0.13266833,-0.2044005844513589,0.20010763,18.594196,687.49272425002,1.424231,18.818998,18.174097,0.6449013,2016.0,J130002.86+325143.1,195.011931,+32.861988,18.335,17.940,17.154,16.831,0.034,0.047,0.042,0.054,433792913852,1,2010.2806,-1
0.151105,1472793665038857088,199.96027280520957,33.80937199094895,82.19316308803529,80.94486659598654,-0.04551816557098214,0.07929922,-0.07080965811499042,0.074552275,-0.10024815181099953,0.08395048,17.60886,1703.7362373635915,3.9725184,17.806307,17.23501,0.5712967,2016.0,J131950.47+334833.7,199.960320,+33.809387,17.174,16.814,16.411,15.921,0.020,0.021,0.022,0.024,433792375945,1,2010.3135,-1
0.063760,1472800223452847488,199.51445367431126,33.698999942925,83.4375982029542,81.28046768720178,0.05740689385115589,0.1645238,-0.11559973323369918,0.1523733,-0.32409703129950135,0.19498812,18.892513,522.3261721439866,1.2680155,19.0548,18.685984,0.36881638,2016.0,J131803.47+334156.3,199.514472,+33.698991,18.427,17.957,17.795,16.919,0.059,0.056,0.072,0.055,433792429420,1,2010.3135,-1
0.066352,1472801670857825536,199.4302209891254,33.774953681499575,84.11643347074315,81.27181504649,-0.010725575265569331,0.13781305,-0.05902650322851627,0.12513015,-0.0018163188810489395,0.15090604,18.392715,827.6760362207632,3.479098,18.32049,17.533598,0.78689194,2016.0,J131743.25+334629.8,199.430235,+33.774968,17.076,16.603,15.874,14.953,0.018,0.017,0.013,0.010,433792345155,2,2010.3135,1
0.120468,1472801670857825536,199.4302209891254,33.774953681499575,84.11643347074315,81.27181504649,-0.010725575265569331,0.13781305,-0.05902650322851627,0.12513015,-0.0018163188810489395,0.15090604,18.392715,827.6760362207632,3.479098,18.32049,17.533598,0.78689194,2016.0,J131743.25+334629.9,199.430217,+33.774987,17.054,16.604,15.871,14.958,0.019,0.018,0.013,0.010,433792429532,1,2010.3135,1
0.058366,1472802426772088064,199.59906441375298,33.793707471106266,83.52171465316538,81.16318830547927,-0.12169295187032916,0.06317285,7.128049162804174E-4,0.061683085,-0.14309068670444486,0.08250208,17.33739,2187.7132879511596,17.046318,17.264353,16.429054,0.83529854,2016.0,J131823.77+334737.3,199.599081,+33.793716,16.299,15.729,15.011,14.044,0.011,0.009,0.007,0.005,433792375139,1,2010.3135,1
0.018921,1472804866313872256,199.44245811642216,33.83757030131233,84.3423422005824,81.21850533472843,0.24728340072726976,0.56746835,0.3896260898649902,0.53257865,-0.8273817012457749,0.68814826,18.974676,484.25761180814,4.252337,16.82492,15.48464,1.3402805,2016.0,J131746.19+335015.2,199.442464,+33.837572,15.067,14.585,13.936,13.609,0.004,0.004,0.003,0.004,433792345139,1,2010.3135,1
0.221455,1461872800155733760,199.58454330998725,29.16826746479349,53.48368990687328,83.73047186900142,-0.1351399859652481,0.09187587,0.012474527878502489,0.08212867,0.1356387162566659,0.12042343,17.79361,1437.1521888565792,2.2867248,17.81845,17.590157,0.22829437,2016.0,J131820.30+291005.7,199.584613,+29.168276,16.703,16.809,16.084,15.309,0.010,0.017,0.018,0.014,433796000352,1,2010.1414,-1
0.117243,1461880355002458880,199.93929261567433,29.111453103468154,52.20076885784759,83.44987930081854,0.14817060530208107,0.11786038,0.02855125932523936,0.11087778,-0.08410621660120901,0.1638878,18.350368,860.5958318504958,1.4433019,18.552738,17.955091,0.5976467,2016.0,J131945.42+290641.3,199.939265,+29.111475,17.643,17.235,16.953,16.382,0.019,0.023,0.030,0.037,433796222562,1,2010.1193,-1
0.105713,1472832766421069184,200.48587668151384,33.904868624396514,80.70160986055095,80.56770286733244,0.3764028564179102,0.29100317,-0.26581802570998,0.31637084,-0.2865939140253421,0.3570357,18.94912,495.7915529668941,1.351895,18.338985,17.50605,0.83293533,2016.0,J132156.61+335417.4,200.485908,+33.904855,17.101,16.749,16.117,15.623,0.019,0.020,0.016,0.018,433792372169,1,2010.3135,1
0.162099,1472852175377169792,200.32319170377593,34.1313487676578,82.25753804744497,80.50424345715255,-0.02930983937945449,0.17149144,0.1076934711391733,0.1817581,-0.26039730918439075,0.22754513,18.909266,514.3280911783409,1.5786998,19.139153,18.60505,0.5341034,2016.0,J132117.56+340753.0,200.323207,+34.131392,18.747,18.207,17.827,17.260,0.081,0.077,0.081,0.084,433792285915,1,2010.3135,-2
0.155363,1467467252756750592,194.6936610252378,33.37627849102139,109.15744411431848,83.55460775621142,-0.12747655165343055,0.13277653,-0.021799165523124997,0.10813295,0.2723450818011106,0.15562354,18.176477,1010.0799195239254,1.3898047,18.347916,17.858057,0.48985863,2016.0,J125846.48+332234.6,194.693705,+33.376301,17.531,17.304,16.808,16.389,0.016,0.024,0.029,0.034,433792565512,1,2010.2806,-1
0.140460,1467469000807400192,194.71159291170133,33.41766248342371,109.12226683325233,83.51077781127148,-0.19574125735017636,0.20637505,-0.008308050187041996,0.15564679,-0.16747036500922008,0.22989507,18.922615,508.04334038651206,1.35025,19.046978,18.691767,0.35521126,2016.0,J125850.79+332503.6,194.711631,+33.417685,18.306,17.808,17.576,16.630,0.030,0.038,0.058,0.043,433792565553,1,2010.2806,-2
0.172966,1467482852078335616,195.7344869042771,33.211289217335136,101.41669522339934,83.42966153300416,-0.224660903896131,0.19994025,-0.06802643195233725,0.14982039,0.020857227116467227,0.24324492,18.979614,482.05975142613124,1.6469364,19.202675,18.53663,0.66604424,2016.0,J130256.29+331240.6,195.734544,+33.211294,18.179,,17.249,16.661,0.027,,0.043,0.044,433792660374,1,2010.2806,-1
0.199002,1467486356771931264,195.59154887506728,33.21508833115496,102.39854157718577,83.47179122754713,0.49434615218010947,0.6641117,-0.10719429706830261,0.53004515,0.5079371561695116,0.730345,18.743235,599.3117252907468,5.8652797,16.534546,15.225524,1.309022,2016.0,J130221.97+331254.5,195.591559,+33.215143,14.810,,13.639,13.336,0.003,,0.003,0.003,433792660073,1,2010.2806,1
0.111377,1472897598951283712,200.25590087291468,34.11609100610664,82.4346339549081,80.55411050593516,-0.03480652963171538,0.13610575,0.09485145704487272,0.13262527,0.003838179487390396,0.16099097,18.244781,948.4926046735984,5.6606245,18.314013,17.650557,0.66345596,2016.0,J132101.41+340658.0,200.255914,+34.116120,,17.058,16.302,15.279,,0.028,0.021,0.015,433792286657,1,2010.3135,1
0.046487,1472898354866380672,200.14878648718346,34.1373860413255,82.91453952618981,80.60039960290588,-0.13882031585021617,0.22944021,0.06561264155251083,0.21662898,0.07141857761106037,0.28362918,18.8119,562.5840567250157,1.560507,18.106907,17.282337,0.8245697,2016.0,J132035.71+340814.5,200.148802,+34.137387,,16.818,16.312,16.062,,0.023,0.021,0.029,433792286714,1,2010.3135,1
0.277104,1483094817681016960,208.95499878189386,35.15062288437049,67.15286708913948,74.08901570329975,-0.3521373196762746,0.24967988,0.03632735483829684,0.44160137,-0.7125123755559065,0.52353287,18.855991,540.1943054107053,2.738138,17.104986,15.806539,1.2984476,2016.0,J135549.21+350902.3,208.955082,+35.150659,15.337,14.809,14.159,13.821,0.005,0.005,0.004,0.005,433791936293,1,2010.3491,1
0.228772,1461968904343931520,199.47623106729046,29.68572804004796,58.204327051687386,83.64434331055998,0.14451532272648157,0.13323066,-0.03164261146150452,0.12686749,0.09860819305487968,0.17740902,18.546791,718.1753234103692,2.0723665,18.64685,17.996908,0.6499424,2016.0,J131754.30+294108.7,199.476285,+29.685771,17.847,17.820,17.077,16.269,0.021,0.036,0.038,0.031,433795468208,1,2010.1414,1
0.123038,1467527622817378944,195.6052174474663,33.49258719317236,103.18481758472004,83.20944566303282,0.09964896540916127,0.12594715,0.15064675758659177,0.09956583,-0.01143056206521335,0.16244009,18.45297,782.99466270088,2.5699344,18.585642,18.107414,0.47822762,2016.0,J130225.25+332933.4,195.605224,+33.492621,17.886,16.956,16.966,16.321,0.022,0.019,0.033,0.032,433792562548,1,2010.2806,-1
0.162201,1483102686061104128,209.09324528316046,35.24912608467777,67.2957776648191,73.94439190034639,-0.011967945497803048,0.1071552,0.0077181386194350304,0.20369305,-0.2597282664488884,0.21662486,18.740612,600.7617581018866,4.2013135,17.820168,16.452679,1.3674889,2016.0,J135622.38+351457.0,209.093258,+35.249170,16.136,15.524,14.843,14.330,0.008,0.008,0.008,0.007,433791936559,1,2010.3491,1
0.173134,1483102686061104128,209.09324528316046,35.24912608467777,67.2957776648191,73.94439190034639,-0.011967945497803048,0.1071552,0.0077181386194350304,0.20369305,-0.2597282664488884,0.21662486,18.740612,600.7617581018866,4.2013135,17.820168,16.452679,1.3674889,2016.0,J135622.38+351457.0,209.093263,+35.249172,16.128,15.592,14.840,14.326,0.008,0.008,0.009,0.007,433791896636,2,2010.3491,1
0.038345,1461986011197241088,201.0626908254258,28.779772628993932,47.675193921242986,82.56986140007687,0.3210684642011772,0.2788821,0.10852119175523411,0.17344157,-0.2545722360553577,0.201446,18.780016,579.3488474171537,2.653191,18.891808,18.476582,0.41522598,2016.0,J132415.04+284647.1,201.062696,+28.779763,17.761,17.207,17.023,16.366,0.020,0.021,0.031,0.033,433796484684,1,2010.1193,-1
0.051971,1467546692472105344,195.01460391001777,33.39336308356956,106.91861570922805,83.46474042659447,0.09453476580386547,0.1585704,0.07782160606919816,0.11001668,0.19707328643562066,0.19278987,18.786266,576.0233670985556,1.5477128,18.911577,18.489481,0.42209625,2016.0,J130003.50+332336.1,195.014599,+33.393377,18.403,17.658,17.405,16.523,0.032,0.033,0.049,0.038,433792556408,1,2010.2806,-1
0.170016,1483118693402711040,208.87113062359197,35.39226171630076,68.05249317377078,74.04336316303448,0.012925562255509223,0.052023478,0.0993796241636147,0.090000406,0.07651244163242779,0.1026279,17.668056,1613.3326752709545,4.3306127,17.768354,17.143394,0.62495995,2016.0,J135529.08+352332.2,208.871169,+35.392297,16.748,16.411,15.707,14.797,0.012,0.013,0.014,0.010,433791860650,1,2010.3654,-1
0.078970,1472949172918806784,200.17360388979534,34.717956473398914,85.1775734248885,80.15932393667644,0.17745125170897472,0.13367498,-0.1265089292798565,0.11466557,0.12909067255441517,0.14259358,18.393118,827.3699489576647,2.8833783,18.575405,18.073177,0.5022278,2016.0,J132041.66+344304.7,200.173609,+34.717978,18.112,17.725,17.504,16.810,0.032,0.038,0.074,0.071,433792076647,1,2010.3571,-1
0.207468,1472949898769129088,200.41317350542255,34.62875915610112,83.97687730310143,80.09310818377018,0.048913583480959796,0.11608623,0.009512858775338947,0.11809556,-0.18542443939770167,0.1316301,18.267744,928.6440154300656,2.475058,18.369156,17.949223,0.41993332,2016.0,J132139.17+343743.5,200.413243,+34.628766,17.829,17.646,17.143,16.398,0.025,0.033,0.049,0.045,433792111586,1,2010.3571,-2
0.091386,1462028445474889600,201.6917677319128,29.305003088337056,50.61896847069265,81.92111076693175,0.10044794760106042,0.294166,-0.0558368949804316,0.15908736,-0.05314436939171611,0.19411412,18.60953,677.8523406685968,2.6291049,18.732368,18.330004,0.40236473,2016.0,J132646.01+291818.0,201.691746,+29.305020,18.382,17.931,17.309,16.865,0.037,0.040,0.048,0.050,433795941350,1,2010.1414,1
0.031968,1462029338828097280,201.69868278601774,29.384292089201434,51.155924014089614,81.89638583689234,-0.38778389057287094,0.2953882,-0.18137097353876785,0.19985177,0.3184690649701061,0.23367609,18.785248,576.5641366690855,2.070654,19.404411,18.115896,1.2885151,2016.0,J132647.68+292303.4,201.698682,+29.384301,17.572,17.100,16.631,16.144,0.019,0.020,0.025,0.028,433795693358,1,2010.1414,-1
0.297998,1472985731680166528,199.04702960119724,33.97420046168667,86.56941943351491,81.32910961552018,-0.030739210558474974,0.16095547,0.055952962307395354,0.14819984,-0.012608051931881095,0.19311656,18.672031,639.932610428356,2.3725314,18.729216,18.40993,0.31928635,2016.0,J131611.29+335827.4,199.047061,+33.974279,18.102,17.851,17.111,16.197,0.044,0.051,0.039,0.029,433792343626,1,2010.3135,1
0.182422,1467597476165425664,195.22286769876354,33.80995980259629,106.5663252898264,83.01538025228058,-0.03287892683811132,0.09819763,-0.0785840263386777,0.067005366,-0.0355350529016043,0.12421946,17.856443,1356.342147036207,2.4076638,17.95051,17.554857,0.39565277,2016.0,J130053.49+334836.0,195.222905,+33.810000,17.414,17.054,16.500,15.579,0.020,0.024,0.022,0.017,433792361537,1,2010.3134,-2
0.136867,1462055284725668608,200.8356432770216,29.168641438939083,50.969158611446915,82.679065909896,-0.026238674587885934,0.072686754,0.023489856254868692,0.048921764,0.0025211091829957163,0.055838212,16.599327,4317.335958196477,11.05941,16.715912,16.323595,0.39231682,2016.0,J132320.54+291007.0,200.835601,+29.168632,16.195,15.632,15.440,14.697,0.007,0.006,0.010,0.008,433795954412,1,2010.1414,-1
0.084907,1473005557249433728,199.62066466938472,34.20968498489864,85.2166546205728,80.84206082983849,-0.17598623728380533,0.12018267,-0.12044508014886053,0.10192733,0.05988231404298773,0.11910654,18.087055,1096.7937951259548,4.673802,17.997469,17.553871,0.4435978,2016.0,J131828.96+341234.9,199.620671,+34.209708,16.768,16.674,15.810,14.655,0.014,0.018,0.013,0.008,433792304239,1,2010.3135,1
0.283911,1473005557249433728,199.62066466938472,34.20968498489864,85.2166546205728,80.84206082983849,-0.17598623728380533,0.12018267,-0.12044508014886053,0.10192733,0.05988231404298773,0.11910654,18.087055,1096.7937951259548,4.673802,17.997469,17.553871,0.4435978,2016.0,J131828.98+341234.8,199.620760,+34.209682,16.754,16.704,15.810,14.673,0.014,0.018,0.012,0.008,433792214440,2,2010.3135,1
0.133999,1483182709891672704,208.40478064858752,35.68824922557599,69.65665463519225,74.24210379078264,-0.36257582762993257,0.20443004,0.15253967288756426,0.29747152,-0.09382641219503612,0.40300184,18.296597,904.2913971001054,4.392017,16.734657,15.388392,1.3462648,2016.0,J135337.15+354117.7,208.404821,+35.688267,14.901,14.389,13.714,13.326,0.004,0.003,0.003,0.004,433791831963,1,2010.3654,1
0.139821,1483182709891672704,208.40478064858752,35.68824922557599,69.65665463519225,74.24210379078264,-0.36257582762993257,0.20443004,0.15253967288756426,0.29747152,-0.09382641219503612,0.40300184,18.296597,904.2913971001054,4.392017,16.734657,15.388392,1.3462648,2016.0,J135337.15+354117.8,208.404808,+35.688281,14.931,14.422,13.720,13.349,0.004,0.003,0.003,0.004,433791822570,2,2010.3654,1
0.116594,1483188443671717376,208.48584481221147,35.70798210388145,69.60488058944512,74.1748373331063,0.017136118802571976,0.0796358,0.16723748198715144,0.120378286,0.042949120570964255,0.15590855,18.615377,674.2112040732429,2.4078577,18.746456,18.26972,0.47673607,2016.0,J135356.60+354228.8,208.485867,+35.708009,18.479,17.989,17.467,17.251,0.049,0.055,0.065,0.096,433791831905,2,2010.3654,-1
0.160696,1483188443671717376,208.48584481221147,35.70798210388145,69.60488058944512,74.1748373331063,0.017136118802571976,0.0796358,0.16723748198715144,0.120378286,0.042949120570964255,0.15590855,18.615377,674.2112040732429,2.4078577,18.746456,18.26972,0.47673607,2016.0,J135356.60+354228.8,208.485860,+35.708025,18.479,18.106,17.453,17.223,0.046,0.055,0.061,0.088,433791822415,1,2010.3654,-2
0.172380,1467636268309855744,196.67197322866005,33.261821393946434,95.62553984642352,83.03888206068022,0.20547392872198905,0.19490586,0.003152859856820183,0.13048151,-0.25522973825063666,0.200659,18.801361,568.0709343847183,1.1316805,19.03139,18.446026,0.5853634,2016.0,J130641.28+331542.6,196.672007,+33.261860,18.208,18.020,17.526,16.941,0.028,0.046,0.053,0.056,433792661695,1,2010.2806,-1
0.126155,1467636710690121216,196.66590386433253,33.29078165752639,95.77824903516846,83.01606119316072,0.021886792922252,0.23788545,-0.07564308640797467,0.14213255,0.10279893993679308,0.2135463,18.967974,487.2556585763103,1.0810022,19.226116,18.541222,0.68489456,2016.0,J130639.82+331726.9,196.665930,+33.290809,18.293,17.749,17.507,16.773,0.030,0.037,0.053,0.049,433792661602,1,2010.2806,-1
0.082879,1473023664831604608,199.40205919164933,34.42109237537699,86.93672603848272,80.79742686065529,0.06834608732596423,0.12862565,0.11683101748187069,0.10215407,-0.16562166376978757,0.118866235,18.162666,1023.0105333863087,14.72706,18.282204,17.658499,0.6237049,2016.0,J131736.49+342516.0,199.402064,+34.421115,16.851,16.385,15.714,14.752,0.016,0.016,0.013,0.010,433792183207,1,2010.3135,-1
0.183300,1462097237966616832,201.27665549569517,29.617529928117126,53.48087752287228,82.18926423552067,-0.283967621628857,0.19241187,0.14185383688685327,0.16003951,0.11585858821725911,0.18605758,18.745365,598.1373577013035,2.3334258,18.910154,18.420134,0.49002075,2016.0,J132506.38+293703.0,201.276597,+29.617527,18.174,17.869,17.253,16.480,0.029,0.036,0.044,0.037,433795458872,1,2010.1414,1
0.072677,1462105381224199680,200.87730060694332,29.555287837796122,53.78755537693225,82.53972169419447,0.16797915372310668,0.15870719,-0.01906547119622551,0.15049659,-0.4032761653921588,0.20207594,18.756851,591.842566450381,1.7253048,18.894281,18.432981,0.4612999,2016.0,J132330.54+293319.0,200.877278,+29.555283,17.921,17.686,17.093,16.173,0.027,0.035,0.040,0.027,433795702987,1,2010.1414,1
0.233435,1467659800434582016,197.32130120056777,33.51384165955489,92.93801713291613,82.54502128259543,0.20908304216815068,0.18968728,0.11860232434079493,0.12854485,0.16863081923372125,0.19925861,18.818789,559.0250496869456,2.7333264,18.84284,18.301596,0.5412445,2016.0,J130917.13+333049.8,197.321379,+33.513840,17.689,17.441,16.870,16.068,0.021,0.034,0.033,0.029,433792527877,1,2010.2806,1
0.231547,1467666161282572672,197.1826908049084,33.49078168708518,93.60416265304984,82.62565128329535,0.04543742324149183,0.1985399,-0.09446811044460163,0.16761704,-0.08617821620478626,0.22580639,18.884094,526.3913651150807,2.877175,18.931782,18.437548,0.49423409,2016.0,J130843.86+332926.9,197.182751,+33.490822,18.108,17.562,16.870,15.901,0.030,0.037,0.033,0.025,433792527818,1,2010.2806,1
0.015470,1462126198929771904,201.71853353106042,29.42634904980304,51.414787469427445,81.86933239255218,-0.05858757301276306,0.06468125,-0.05710123532873155,0.045587156,0.03755433276698134,0.05137741,16.410332,5138.239601850583,8.002557,16.59179,16.04803,0.5437584,2016.0,J132652.44+292534.8,201.718537,+29.426352,15.819,15.720,15.201,14.581,0.006,0.007,0.008,0.008,433795693323,1,2010.1414,-1
0.146096,1462140733099141888,201.56247237299777,29.55860242118087,52.57219670996275,81.96663041140489,0.13667858746152103,0.2204855,0.04501959502221998,0.1466084,0.29999364956599256,0.18305153,18.65261,651.4815817727784,3.16252,18.829964,17.891119,0.9388447,2016.0,J132614.99+293331.1,201.562471,+29.558643,17.048,16.548,15.859,15.157,0.014,0.014,0.014,0.012,433795730594,1,2010.1414,1
0.167591,1483240498675398016,209.48816627991653,35.96422488928039,69.05464134981925,73.33682917407924,0.09977775582803136,0.09744866,-0.03566863887896601,0.14881898,-0.06804177372276003,0.19945408,18.913666,512.247834269968,3.159558,18.93951,18.338795,0.60071564,2016.0,J135757.15+355751.0,209.488151,+35.964180,18.388,17.822,17.123,16.189,0.049,0.049,0.048,0.035,433791747297,1,2010.3655,1
0.134479,1467702857482781440,196.43256204051434,33.592112263165916,98.31764277350246,82.8399940088588,-0.10293522938846088,0.09426644,-0.10342514448074101,0.07142039,-0.038275604629690194,0.09559874,17.726416,1528.9037891070195,9.987034,17.719196,17.354095,0.36510086,2016.0,J130543.81+333531.4,196.432577,+33.592077,16.903,16.814,16.025,14.998,0.014,0.020,0.015,0.011,433792474012,1,2010.3134,1
0.260914,1467702857482781440,196.43256204051434,33.592112263165916,98.31764277350246,82.8399940088588,-0.10293522938846088,0.09426644,-0.10342514448074101,0.07142039,-0.038275604629690194,0.09559874,17.726416,1528.9037891070195,9.987034,17.719196,17.354095,0.36510086,2016.0,J130543.83+333531.5,196.432649,+33.592108,16.910,16.803,16.105,15.063,0.014,0.019,0.016,0.011,433792428625,2,2010.3134,1
0.070185,1473086165195235072,198.71019858427624,34.51992925893774,90.1885906282579,81.06680382806584,0.23563204903085777,0.15295486,-0.004266780461217915,0.12775362,0.018691606846872374,0.1645202,18.436438,795.0081909101938,2.271435,18.58822,18.061693,0.5265274,2016.0,J131450.45+343111.7,198.710222,+34.519932,18.091,17.993,17.472,16.846,0.030,0.044,0.060,0.062,433792103196,1,2010.3571,-1
0.039519,1462160116288045440,202.28679744214517,29.840048827244814,53.266374676658664,81.28481864662784,-0.24039994737624232,0.31058532,-0.21122984644988999,0.15972832,-0.3532135445135216,0.2575935,18.768543,585.503294163117,3.8517394,17.59973,16.487078,1.1126518,2016.0,J132908.83+295024.1,202.286810,+29.840047,16.152,15.649,14.927,14.346,0.007,0.006,0.006,0.006,433795281917,1,2010.1414,1
0.142245,1473102657869947776,199.7142898976082,34.39123475487396,85.59469843585583,80.65431494235202,-0.02869697187806288,0.14797612,0.08047507811912684,0.11030626,-0.1635194539652472,0.14801389,18.510256,742.7531853981984,2.101586,18.735619,18.147772,0.58784676,2016.0,J131851.43+342328.5,199.714309,+34.391271,17.738,17.529,17.194,16.654,0.030,0.036,0.040,0.043,433792214583,1,2010.3135,-1
0.252509,1467722232079038720,196.78138684254967,33.72049665812199,96.74691366332006,82.59271878548928,0.021108937935371892,0.12810676,0.07695189687123613,0.10832072,0.00255989064377337,0.15456218,18.438269,793.6681639896578,3.2664711,18.576218,18.06743,0.50878716,2016.0,J130707.55+334313.8,196.781471,+33.720501,18.042,17.737,16.924,16.600,0.036,0.044,0.033,0.043,433792462634,1,2010.3134,-1
0.093077,1473110938566938368,199.99365645988803,34.57375076947493,85.26968119899053,80.36540221651163,-0.05106387937252059,0.14334768,0.16751303346001767,0.12708646,-0.0498027446565978,0.16132829,18.59197,688.9043688124126,3.4906993,18.754343,18.217175,0.5371685,2016.0,J131958.48+343425.5,199.993681,+34.573767,18.193,17.874,17.149,16.667,0.034,0.043,0.054,0.063,433792140251,1,2010.3571,-1
0.027925,1462205707364797696,201.5125435946134,29.966172698546032,55.439114339249066,81.88936366729415,-0.022954033070412848,0.17301573,0.3615397976534699,0.19935465,0.04689547932217275,0.19809136,18.904696,516.498037189308,0.9330222,19.486635,18.196388,1.290247,2016.0,J132603.01+295758.1,201.512544,+29.966165,17.970,17.628,17.284,16.841,0.026,0.031,0.046,0.049,433795284123,1,2010.1414,-1
0.071091,1462218420468097792,201.27925151388067,30.143102002049584,57.108500582357,82.02168312325784,0.1263899471594768,0.17883256,-0.09474053541054495,0.18668543,0.15562401489002953,0.2074074,18.991636,476.7519025337287,1.2844728,19.035109,18.432442,0.60266685,2016.0,J132507.01+300835.1,201.279240,+30.143085,18.124,17.812,17.002,16.167,0.027,0.031,0.027,0.029,433795099525,1,2010.1438,1
0.126087,1467757038493789824,197.42333757344144,33.67731486346902,93.05420342971617,82.36140645067492,-0.04862318583405101,0.1585666,0.14364639542846347,0.12559068,-0.14554053628481955,0.1888379,18.760887,589.6471956723249,2.2580304,18.817947,18.532671,0.2852764,2016.0,J130941.61+334038.3,197.423377,+33.677327,18.685,17.960,17.427,16.848,0.062,0.054,0.049,0.052,433792442211,1,2010.3134,-1
0.278743,1467758176661749376,197.56982042060784,33.738811436449666,92.53344997645567,82.2440779225373,-0.10573565991106221,0.100798845,-0.06115499788512888,0.08542216,-0.03488817924903952,0.11925489,18.131285,1053.0100366969102,2.2338603,18.372099,17.678377,0.6937218,2016.0,J131016.77+334419.5,197.569899,+33.738770,16.927,16.706,16.342,15.822,0.015,0.018,0.020,0.022,433792476010,1,2010.3134,-1
0.208516,1467762024952471680,197.73728936533936,33.81974211940451,92.00176253021186,82.10026395212637,-0.11842709458222733,0.46648186,0.6463039609602192,0.4587651,-0.9236526270592583,0.58214307,18.848284,544.0432816329262,4.481268,17.397326,16.096613,1.3007126,2016.0,J131056.96+334911.0,197.737359,+33.819744,15.626,15.119,14.441,14.134,0.006,0.005,0.004,0.006,433792386845,1,2010.3134,1
0.242621,1462256392274551808,201.8670225503812,30.495262356729768,58.16481097270231,81.42305799026929,-0.1061798572958623,0.11569368,-0.024884564737020807,0.12472779,-0.03712432411861741,0.17713967,18.520025,736.0998011232692,2.9885547,18.654127,18.062653,0.59147453,2016.0,J132728.09+302943.1,201.867059,+30.495322,17.202,17.213,16.232,14.949,0.014,0.021,0.016,0.011,433794752175,1,2010.1438,-2
0.266296,1462261576299685888,201.7870829322705,30.61196557495688,59.06280568487217,81.44469332078303,0.05491123666869906,0.15625557,0.1632375179642247,0.15075333,-0.22086799268698862,0.2148984,18.685846,631.841075504285,1.1173418,18.743734,18.300812,0.4429226,2016.0,J132708.91+303643.2,201.787140,+30.612021,17.989,17.351,17.073,16.236,0.026,0.024,0.035,0.034,433794752435,1,2010.1438,1
0.143068,1473179937217579392,199.45120885956254,34.87533418696973,88.47981888174714,80.41718994035865,-0.003675340653175762,0.08618464,-0.018309335874020925,0.07821639,-0.002623525584745899,0.09661952,17.841288,1375.4087257353917,2.5414991,17.952478,17.56452,0.38795853,2016.0,J131748.28+345231.3,199.451173,+34.875361,17.290,16.924,16.369,15.469,0.017,0.020,0.029,0.023,433791964611,2,2010.3571,-1
0.223182,1473179937217579392,199.45120885956254,34.87533418696973,88.47981888174714,80.41718994035865,-0.003675340653175762,0.08618464,-0.018309335874020925,0.07821639,-0.002623525584745899,0.09661952,17.841288,1375.4087257353917,2.5414991,17.952478,17.56452,0.38795853,2016.0,J131748.27+345231.3,199.451150,+34.875373,17.275,16.906,16.406,15.527,0.016,0.018,0.024,0.021,433792046938,1,2010.3571,-1
0.396874,1467773638543986560,197.291428720464,33.83300583500456,94.36335121203783,82.28597697897804,0.05859935440981731,0.10247683,0.15257740004361198,0.08007539,0.008415053724950716,0.10506764,17.729795,1524.152384715878,3.8758929,17.945658,17.307377,0.63828087,2016.0,J130909.96+334959.0,197.291531,+33.833076,17.068,16.567,15.896,15.690,0.017,0.016,0.013,0.019,433792344447,1,2010.3134,-1
0.150615,1473220756586774912,199.8575540111806,35.39781825022406,88.81606935567213,79.80068432501935,0.13148442335029314,0.08443722,-0.09798167343049416,0.12217895,0.15112349452097287,0.15484153,18.417162,809.2492309861647,2.6100764,18.641237,18.02356,0.6176777,2016.0,J131925.81+352352.2,199.857570,+35.397858,17.774,17.448,17.000,16.740,0.026,0.032,0.057,0.059,433791871741,1,2010.3654,-1
0.007268,1462317101636298496,200.59578062669786,29.955653915596873,57.33888606587111,82.64151541812932,-0.1805072299683141,0.15875903,4.983717419100193E-4,0.15154664,0.04996714352259311,0.2428766,18.723001,610.5850338478185,1.0147188,19.164852,18.056725,1.1081276,2016.0,J132222.98+295720.3,200.595780,+29.955652,17.461,17.079,16.426,15.805,0.019,0.022,0.025,0.022,433795240599,2,2010.1414,-1
0.078062,1462317101636298496,200.59578062669786,29.955653915596873,57.33888606587111,82.64151541812932,-0.1805072299683141,0.15875903,4.983717419100193E-4,0.15154664,0.04996714352259311,0.2428766,18.723001,610.5850338478185,1.0147188,19.164852,18.056725,1.1081276,2016.0,J132222.99+295720.4,200.595796,+29.955671,17.484,17.037,16.434,15.815,0.016,0.018,0.021,0.021,433795283550,1,2010.1414,-1
0.452721,1462324665075235200,200.79787935691365,30.062320048989392,57.62832342914316,82.44003738825822,0.07633283761056396,0.09876154,-0.0787100740572186,0.09884711,0.1169781933352223,0.1409096,18.086712,1097.1398186192896,1.92016,18.23949,17.72753,0.511961,2016.0,J132311.47+300344.7,200.797809,+30.062430,18.048,17.827,16.892,16.532,0.025,0.029,0.023,0.038,433795069392,1,2010.1438,-2
0.289932,1467815385626147840,197.98948579584106,34.365247360649086,92.86205721165321,81.52911562005593,0.5403672292483468,0.6948347,-0.20806384753644122,0.57612306,0.12856184966278536,0.7924314,18.483261,761.4519729216911,11.420284,15.939548,14.670459,1.2690887,2016.0,J131157.49+342155.0,197.989567,+34.365292,14.274,13.774,13.098,12.832,0.003,0.002,0.002,0.002,433792212011,2,2010.3134,1
0.338354,1467815385626147840,197.98948579584106,34.365247360649086,92.86205721165321,81.52911562005593,0.5403672292483468,0.6948347,-0.20806384753644122,0.57612306,0.12856184966278536,0.7924314,18.483261,761.4519729216911,11.420284,15.939548,14.670459,1.2690887,2016.0,J131157.50+342155.0,197.989593,+34.365279,14.264,13.741,13.098,12.789,0.003,0.002,0.002,0.002,433792187896,1,2010.3134,1
0.085909,1473259102055288960,200.85518749560597,34.51647461377092,82.01736917357685,79.92141601024896,-0.027734929544401696,0.0487315,-0.010917936873789084,0.04177406,-8.060648992836428E-4,0.058131766,16.860683,3393.697257697846,6.1781464,16.961117,16.489746,0.4713707,2016.0,J132325.24+343059.3,200.855206,+34.516493,16.334,15.940,15.364,14.374,0.008,0.009,0.011,0.009,433792137966,1,2010.3571,-1
0.191587,1462360880239394432,199.98476603485574,30.118987898852637,60.16561301640172,83.06930440547882,0.1946158894608591,0.47684366,0.4135286107075538,0.41798732,-0.5644831314172026,0.6058365,18.444788,788.9169170437051,3.7396083,16.488998,15.133408,1.3555908,2016.0,J131956.35+300708.3,199.984827,+30.118981,14.678,14.175,13.522,13.197,0.003,0.002,0.002,0.003,433795039221,1,2010.1438,1
0.301716,1473278618386769152,201.49200342132684,34.75740076983815,80.94213401197273,79.37802176406231,-0.009059139306387872,0.10596621,0.0750475348920317,0.083968095,0.09074319652073087,0.1359321,18.293087,907.2189913454438,1.4050908,18.502924,17.893055,0.609869,2016.0,J132558.10+344526.7,201.492099,+34.757430,17.573,17.093,16.460,15.969,0.020,0.022,0.029,0.037,433792030947,1,2010.3571,-1
0.250092,1467846373813913088,197.09234090208784,34.2790857622805,97.01513560620234,81.97856607487493,0.12025883764159322,0.1260952,0.08232472202667677,0.11950192,0.12434310029032779,0.16018052,18.516203,738.6952739873695,3.2486165,18.558292,18.303131,0.2551613,2016.0,J130822.17+341644.9,197.092392,+34.279141,18.411,17.565,17.138,16.158,0.054,0.044,0.043,0.032,433792189108,1,2010.3134,1
0.080707,1467857162771756160,197.54026557466963,34.274786475280244,94.71319978747229,81.80086847339592,0.004344943511610722,0.09934313,0.00736392091917663,0.091894485,0.028733040967357695,0.11611493,17.981813,1208.4293641368497,3.2444324,18.01827,17.680847,0.33742332,2016.0,J131009.66+341629.3,197.540273,+34.274808,17.601,17.216,16.547,15.534,0.023,0.026,0.022,0.017,433792227120,1,2010.3134,1
0.345356,1473305453342415616,201.5305253910017,35.14042675643675,82.29399447035489,79.0882956053902,0.10836864378084426,0.11927683,-0.14550440840508067,0.11426064,0.301057166873126,0.17151159,18.581251,695.738459649016,1.1373284,18.790468,18.237324,0.55314445,2016.0,J132607.35+350825.5,201.530642,+35.140437,17.462,17.216,16.694,15.778,0.020,0.027,0.038,0.033,433791903409,1,2010.3571,-1
0.175317,1467868505781639680,197.90329214739413,34.58298708988617,94.04582316877618,81.38238251215719,-0.03161783857851913,0.16826287,-0.275704370091053,0.15335888,0.290657067569045,0.17668478,18.789568,574.274280673194,1.3636863,19.039381,18.301247,0.7381344,2016.0,J131136.79+343458.8,197.903326,+34.583027,17.865,17.646,17.135,16.655,0.027,0.035,0.050,0.058,433792149701,1,2010.3571,-1
0.102650,1473310847821239808,200.7555419444207,34.65439359139054,82.90261115325097,79.88070867203929,-0.10404284001188664,0.0963139,0.046122936663775524,0.09040414,-0.08548899495447804,0.10156363,17.94849,1246.0928426057164,2.8555298,18.253536,17.487381,0.76615524,2016.0,J132301.32+343915.9,200.755529,+34.654420,16.982,16.608,16.175,15.633,0.013,0.015,0.025,0.027,433792054402,1,2010.3571,-1
0.112192,1473310847821239808,200.7555419444207,34.65439359139054,82.90261115325097,79.88070867203929,-0.10404284001188664,0.0963139,0.046122936663775524,0.09040414,-0.08548899495447804,0.10156363,17.94849,1246.0928426057164,2.8555298,18.253536,17.487381,0.76615524,2016.0,J132301.33+343915.9,200.755564,+34.654419,16.855,16.501,16.113,15.626,0.012,0.014,0.022,0.025,433792137632,2,2010.3571,-1
0.118638,1462401493450158976,200.40082229416217,30.588857315907894,62.36947543504786,82.54618860928562,0.6138968850330093,0.682847,0.6463366070499144,0.66303676,0.4694448703344494,0.82813174,18.911697,513.1777301165986,3.5523274,16.915369,15.599902,1.3154669,2016.0,J132136.19+303519.9,200.400797,+30.588882,15.102,14.587,13.935,13.564,0.004,0.003,0.003,0.004,433794717743,1,2010.1438,1
0.059438,1467886265470363904,197.69345552389606,34.77512841874537,95.68267885090282,81.30487746474046,0.3300728930814551,0.1922906,0.061182279893175935,0.15629148,-0.1857400956909929,0.21381131,18.861115,537.6513820180197,1.5921189,19.008743,18.317854,0.69088936,2016.0,J131046.42+344630.5,197.693444,+34.775142,17.720,17.434,16.924,16.222,0.023,0.029,0.037,0.039,433792075329,1,2010.3571,1
0.172294,1467886265470363904,197.69345552389606,34.77512841874537,95.68267885090282,81.30487746474046,0.3300728930814551,0.1922906,0.061182279893175935,0.15629148,-0.1857400956909929,0.21381131,18.861115,537.6513820180197,1.5921189,19.008743,18.317854,0.69088936,2016.0,J131046.44+344630.5,197.693511,+34.775143,18.058,19.088,16.929,16.265,0.030,0.119,0.038,0.040,433792036266,2,2010.3571,-2
0.065544,1467895920556519808,196.2483697760944,33.70832156990224,99.82604199602787,82.80152012869517,-0.09931155925978198,0.14548005,-0.022161732606966956,0.114689596,0.07307559746813673,0.18484786,18.613518,675.3666199060954,1.4867686,18.823195,18.172539,0.65065575,2016.0,J130459.60+334229.9,196.248349,+33.708316,18.445,18.127,17.489,16.962,0.050,0.060,0.052,0.057,433792428921,1,2010.3134,-1
0.066268,1473354209811078400,201.06459040004745,35.28079900850828,84.26998172497017,79.25201095341568,-0.1404699058467496,0.11624722,-0.04394142613956341,0.11126705,0.05235793945623753,0.20847668,18.888275,524.3689635725082,0.88111883,19.47583,18.21127,1.2645607,2016.0,J132415.50+351650.9,201.064595,+35.280817,17.989,17.396,16.883,16.332,0.026,0.026,0.042,0.052,433791922514,1,2010.3571,-1
0.021984,1467924473498891520,196.09685298532443,34.07725588781307,101.89007752722621,82.51448023341966,0.024861093757649517,0.1501105,-0.03225604155101654,0.11805667,-0.022543770738035332,0.16899368,18.587004,692.0626703099567,1.2142562,18.745157,18.244774,0.5003834,2016.0,J130423.24+340438.1,196.096857,+34.077261,17.525,17.219,16.574,15.683,0.024,0.032,0.025,0.020,433792282916,1,2010.3134,-1
0.154460,1467929872274278912,196.60400040901575,34.0266516761073,98.81721838269851,82.3872309474497,-0.012516026066656086,0.17320746,0.017791675249875946,0.13151339,0.06455370759428015,0.19421612,18.669163,641.6254831540998,4.087616,18.634466,18.069965,0.5645008,2016.0,J130624.97+340136.0,196.604043,+34.026676,17.705,17.215,16.406,15.294,0.024,0.026,0.019,0.013,433792315085,1,2010.3134,1
0.218640,1467931139288592512,196.61258224919774,34.077562119427476,98.93684586282023,82.33834669862227,0.031813441362368536,0.105847925,-0.04926106349425805,0.09158966,-0.05562096070589114,0.12893382,18.20416,984.6518085280879,2.6905253,18.273844,17.95298,0.32086372,2016.0,J130627.03+340439.3,196.612633,+34.077606,17.958,17.538,17.001,16.126,0.030,0.035,0.032,0.027,433792315095,1,2010.3134,1
0.172763,1473392383480439552,202.09061051938488,35.29403416420515,81.21302054549012,78.65303815899371,-0.007783501373188412,0.073179394,0.13242622200641596,0.08916685,-0.10503791166464194,0.13746981,18.342098,867.1768741251126,1.5795897,18.398354,17.988764,0.40958977,2016.0,J132821.75+351738.5,202.090665,+35.294052,17.831,17.329,16.436,15.299,0.023,0.025,0.027,0.020,433791926082,1,2010.3571,-2
0.136140,1462479352617386112,200.6343072726066,30.53662561346863,61.355441628198186,82.3865779464627,-0.06001365855970076,0.1227949,0.08291573387722467,0.1086776,-0.030841287686002583,0.14759262,18.14378,1040.9615441941478,2.1296365,18.339037,17.798208,0.5408287,2016.0,J132232.23+303211.9,200.634328,+30.536659,17.309,16.543,16.545,15.858,0.015,0.012,0.019,0.024,433794715201,1,2010.1438,-1
0.139021,1467954710069153792,196.49177686304066,34.299176759225745,100.30868142667904,82.1803481198048,-0.1116398888495161,0.18476756,-0.016596868977937322,0.13920571,-0.3294408734887512,0.19202256,18.895777,520.7580104500092,1.246758,19.131529,18.491413,0.64011574,2016.0,J130558.03+341757.1,196.491815,+34.299199,18.164,18.052,17.593,16.705,0.037,0.054,0.055,0.045,433792236033,1,2010.3134,-1
0.106487,1467955264120918912,196.53483460018165,34.34527659607678,100.2120156193844,82.12364251617682,-0.028860183944309677,0.074338734,0.004756228703870793,0.057843506,-0.06379879996160044,0.08494498,17.272512,2322.4249923573575,4.105284,17.370691,17.014345,0.35634613,2016.0,J130608.36+342043.0,196.534853,+34.345302,16.946,16.300,15.967,15.105,0.014,0.012,0.014,0.012,433792236133,1,2010.3134,-2
0.128392,1473421932855755648,202.00474154299093,35.51443674555015,82.26112886796086,78.55021705216795,0.08565424578272333,0.09865499,0.027994124857783353,0.12946862,-0.20434096323877532,0.20399046,18.936394,501.6363919910443,1.0164627,19.119192,18.646101,0.47309113,2016.0,J132801.13+353052.1,202.004748,+35.514472,18.201,18.146,,17.097,0.038,0.066,,0.089,433791885613,1,2010.3654,-1
0.181255,1467976665941512192,195.86498593857524,34.19086951909481,103.57797841113766,82.48022928682512,0.2759098680430055,0.19437617,-0.056559881667710116,0.13403493,-0.12079771107481296,0.20873573,18.771807,583.7463525141352,1.633249,19.131277,18.210524,0.9207535,2016.0,J130327.60+341127.0,195.865039,+34.190845,17.859,17.614,16.747,16.526,0.028,0.039,0.026,0.038,433792310933,1,2010.3134,-2
0.030475,1473434302361568896,202.02962016535037,35.58777363803892,82.4518025756523,78.48428367132706,-0.10382280140901974,0.05926535,0.0697172091505708,0.08393478,-0.012595693035713491,0.12777896,18.198242,990.034070130822,1.1317401,18.407475,17.725204,0.68227005,2016.0,J132807.10+353516.0,202.029615,+35.587781,18.010,,,16.305,0.031,,,0.043,433791833436,2,2010.3654,-2
0.148579,1473434302361568896,202.02962016535037,35.58777363803892,82.4518025756523,78.48428367132706,-0.10382280140901974,0.05926535,0.0697172091505708,0.08393478,-0.012595693035713491,0.12777896,18.198242,990.034070130822,1.1317401,18.407475,17.725204,0.68227005,2016.0,J132807.09+353516.0,202.029571,+35.587784,17.301,17.023,,15.957,0.019,0.024,,0.033,433791825446,1,2010.3654,-1
0.240728,1462517178392651392,201.11484559868327,30.977900939916005,62.971959561004056,81.82442518435468,0.2699666561096083,0.32906303,-0.12914193569144639,0.3670675,0.19519778124975676,0.44251546,18.357195,855.2026532708735,5.56782,16.205215,14.86063,1.3445854,2016.0,J132427.57+305840.5,201.114909,+30.977940,14.452,13.941,13.277,12.978,0.003,0.002,0.002,0.003,433794271002,1,2010.1439,1
0.187159,1462519721013800448,201.2514606174903,31.015255868395784,62.849050574156294,81.70277313769944,0.14485960789398417,0.12892386,0.0023950579342329036,0.13409021,-0.14863742895410906,0.15762877,18.599422,684.1918425385319,1.3023556,18.808353,18.26062,0.5477333,2016.0,J132500.36+310055.0,201.251515,+31.015279,18.276,18.135,17.153,16.978,0.029,0.039,0.037,0.061,433794321069,1,2010.1439,-2
0.030679,1473443334675773056,202.20797671150117,35.79358623217867,82.6701046220148,78.23648780050588,-2.8919988258619984E-4,0.0831617,0.020926781689121515,0.12788971,0.05042899577201246,0.18016814,18.860561,537.9257697780105,1.6422254,19.042572,18.487246,0.55532646,2016.0,J132849.91+354736.9,202.207969,+35.793592,18.282,17.995,17.514,17.025,0.036,0.051,0.093,0.077,433791781583,1,2010.3654,-1
0.081038,1473484158341503872,201.46157229817942,35.89266279185645,85.18790277397318,78.5830593633159,-0.07141385212283675,0.04831454,0.007068789964645611,0.07686789,0.02648532918521237,0.10297559,17.90703,1294.5979997819397,1.2676215,18.057636,17.611525,0.44611168,2016.0,J132550.77+355333.5,201.461557,+35.892644,17.451,17.149,,16.195,0.021,0.029,,0.042,433791764139,1,2010.3654,-1
0.168351,1468047756240478720,196.99159699435882,34.63050341769254,98.6689225842796,81.70410002502922,-0.03880308081507477,0.17871638,-4.085996875567466E-4,0.13933937,0.08409507791336313,0.19162428,18.76355,588.2023251866437,2.0173965,18.812023,18.465002,0.3470211,2016.0,J130757.99+343749.6,196.991638,+34.630471,17.868,17.934,17.225,16.480,0.027,0.045,0.054,0.051,433792139480,1,2010.3571,1
0.028992,1462584562136698368,198.59637274694677,29.16718660313578,56.221829766904484,84.54701515733443,-0.054402509624295686,0.087794654,-0.12318600442316052,0.075666755,-0.006648827560112938,0.113777615,17.818712,1404.3064823421603,3.524003,17.971827,17.5089,0.46292686,2016.0,J131423.12+291001.8,198.596364,+29.167184,17.399,17.250,16.677,16.001,0.017,0.022,0.030,0.027,433795980219,1,2010.1194,1
0.115442,1462584562136698368,198.59637274694677,29.16718660313578,56.221829766904484,84.54701515733443,-0.054402509624295686,0.087794654,-0.12318600442316052,0.075666755,-0.006648827560112938,0.113777615,17.818712,1404.3064823421603,3.524003,17.971827,17.5089,0.46292686,2016.0,J131423.12+291001.8,198.596339,+29.167174,17.363,17.420,16.677,15.970,0.016,0.026,0.029,0.023,433795952552,2,2010.1414,-2
0.039077,1462593839266064256,198.6569282549579,29.31802723563459,57.488706607012126,84.44320495348124,0.2662439005714581,0.20096482,0.07681375991762468,0.17587507,-0.41384903836154596,0.3085407,18.514624,739.7707266038814,2.3380451,17.687159,16.661974,1.0251846,2016.0,J131437.66+291904.9,198.656930,+29.318038,16.318,15.855,15.216,14.921,0.008,0.007,0.008,0.009,433795952446,1,2010.1414,1
0.071018,1468070609762563712,197.30998987517876,34.75293748551258,97.45624619793867,81.47590153404893,-0.18690517761457492,0.1625847,-0.01510527947613231,0.16317561,-0.21460592201177922,0.20220938,18.437971,793.8869526136255,5.4707246,18.177227,17.188463,0.9887638,2016.0,J130914.40+344510.6,197.310012,+34.752945,16.627,16.030,15.316,14.296,0.010,0.008,0.009,0.007,433792050859,1,2010.3571,1
0.250681,1473551056751684224,200.5124593014072,35.513885659556095,86.92133894814543,79.37541256027217,0.030701586057177304,0.2585938,-0.1768238547573251,0.3204886,-0.6544561837514271,0.453328,18.57042,702.71468531584,6.403843,16.075708,14.735244,1.3404646,2016.0,J132203.00+353050.1,200.512508,+35.513943,14.373,13.855,13.206,12.909,0.003,0.002,0.002,0.003,433791855294,1,2010.3654,1
0.249258,1462631944216325888,197.754670230424,29.1568241916008,59.244258591161234,85.23126323263314,0.16223120346143888,0.15401694,0.1727763915870327,0.12528925,0.3383681197752815,0.2200803,18.77,584.718404712532,3.1012013,18.837055,18.404554,0.43250084,2016.0,J131101.13+290924.6,197.754738,+29.156860,18.342,17.920,17.269,16.263,0.035,0.035,0.047,0.033,433795971625,1,2010.1194,1
0.089451,1468092045943379328,196.95678340882705,35.02787962253386,100.01449584771575,81.35844943976832,-0.06723030581121299,0.10140188,-0.007331800854970917,0.09065802,3.741988032928542E-4,0.09580206,17.609116,1703.3363834865847,25.74811,17.546335,16.912169,0.6341667,2016.0,J130749.62+350140.3,196.956762,+35.027862,16.796,16.192,15.305,14.103,0.011,0.009,0.009,0.007,433791989783,1,2010.3571,1
0.037324,1473570671865913984,200.8945621842003,35.69113812801957,86.27242014105191,79.03899472766088,0.009150647252495406,0.10232539,-0.0724253828275627,0.118821345,0.17790060231623492,0.2063203,18.980448,481.689921499147,1.6520046,19.167473,18.623304,0.5441685,2016.0,J132334.69+354128.1,200.894554,+35.691146,18.247,17.939,17.148,16.770,0.039,0.054,0.071,0.068,433791826451,1,2010.3654,-1
0.237097,1462658087680179584,198.2738213056748,29.61146583412171,61.73023184940508,84.62856985454762,0.1921275144445708,0.17819427,-0.020585040487122983,0.13835613,-0.28949623437355293,0.21869054,18.960735,490.5151033690571,1.8795704,19.166594,18.600721,0.5658722,2016.0,J131305.70+293641.4,198.273775,+29.611518,18.786,18.250,17.681,17.343,0.046,0.044,0.065,0.087,433795470798,1,2010.1194,-1
0.239758,1462665238802362368,198.44867455552924,29.70037870069506,61.86214924959537,84.45296601105007,-0.009713369885794907,0.11501612,-0.01876418592876019,0.09731103,0.12214288066150453,0.16683875,18.191204,996.4725465889711,1.6249441,18.356651,17.836264,0.52038765,2016.0,J131347.68+294201.6,198.448681,+29.700445,17.329,17.139,16.717,16.187,0.015,0.018,0.028,0.030,433795444347,1,2010.1194,-1
0.094079,1462669258891697408,198.0920958987482,29.629931246277824,62.67738579451276,84.76134843842043,0.1013856653242177,0.13928072,-0.09273063797216563,0.119730145,-0.14326162028445355,0.18070409,18.524715,732.9264547387904,5.4665737,18.35658,17.517096,0.83948517,2016.0,J131222.10+293747.8,198.092120,+29.629947,17.154,16.702,15.871,14.750,0.013,0.012,0.014,0.009,433795470560,2,2010.1194,1
0.338680,1462669258891697408,198.0920958987482,29.629931246277824,62.67738579451276,84.76134843842043,0.1013856653242177,0.13928072,-0.09273063797216563,0.119730145,-0.14326162028445355,0.18070409,18.524715,732.9264547387904,5.4665737,18.35658,17.517096,0.83948517,2016.0,J131222.11+293748.0,198.092163,+29.630005,17.262,16.761,15.805,14.773,0.015,0.015,0.014,0.010,433795414453,1,2010.1194,1
0.055254,1468132178117442432,196.59571567307546,35.11768317329246,102.05916803789752,81.39620074716545,-0.04841497776538448,0.13297793,0.058230481700141966,0.13578735,0.09487140893260591,0.18427661,18.829906,553.3301664169153,1.5766522,19.060205,18.477673,0.5825329,2016.0,J130622.96+350703.6,196.595699,+35.117676,18.508,18.346,17.807,17.332,0.047,0.068,0.091,0.113,433791905768,1,2010.3571,-2
0.153269,1468138951282140672,196.920211427712,35.03177443202148,100.20626007692181,81.367542013969,0.20293868674690896,0.17731234,-0.13277341471613233,0.15046987,-0.2617724015149468,0.18215846,18.798994,569.3100138999602,1.689979,19.065943,18.385386,0.68055725,2016.0,J130740.83+350154.3,196.920161,+35.031764,18.336,17.904,17.143,16.903,0.036,0.039,0.046,0.072,433791989698,1,2010.3571,-2
0.252710,1462697532660254336,199.2812105550561,29.688758739111773,58.822256667907816,83.79973940042439,0.07387897786644113,0.09900779,0.07657257757495638,0.091482006,0.12195029113223921,0.12236203,18.209934,979.4297120941304,2.1092496,18.447435,17.722322,0.7251129,2016.0,J131707.50+294119.7,199.281250,+29.688820,17.471,17.252,16.842,16.014,0.016,0.021,0.032,0.024,433795451387,1,2010.1414,-1
0.037245,1473663378736835456,201.06230983274426,35.74936366679029,85.93572830281468,78.90561408572718,-0.12088965294038878,0.091484,0.01946883467164522,0.10894268,0.1319386462850969,0.17265636,18.771324,584.0055148397072,4.0946274,18.75027,18.344595,0.4056759,2016.0,J132414.95+354457.7,201.062322,+35.749367,17.926,17.725,,16.193,0.031,0.046,,0.039,433791842523,1,2010.3654,1
0.085925,1473663378736835456,201.06230983274426,35.74936366679029,85.93572830281468,78.90561408572718,-0.12088965294038878,0.091484,0.01946883467164522,0.10894268,0.1319386462850969,0.17265636,18.771324,584.0055148397072,4.0946274,18.75027,18.344595,0.4056759,2016.0,J132414.96+354457.7,201.062337,+35.749373,17.799,17.762,17.029,16.189,0.024,0.042,0.057,0.035,433791778624,2,2010.3654,1
0.283363,1462733168004978304,199.40776530904535,29.940996623251934,60.52626020372572,83.59795958221483,0.053501832128578945,0.099216506,0.06039854507639387,0.09494225,0.01858723747871473,0.1358282,18.14596,1038.8740016885833,2.7052658,18.351933,17.753366,0.59856606,2016.0,J131737.88+295627.6,199.407850,+29.941025,17.226,16.951,16.696,16.077,0.014,0.017,0.026,0.026,433795261418,1,2010.1414,-1
0.137312,1462750584095932288,199.43322197524475,30.23174503972217,62.7679187930258,83.45257127134856,-0.037366806789964215,0.15221766,-0.0016543326052738338,0.13086008,0.12521217539444607,0.18809448,18.603725,681.4852052123256,5.423824,18.77984,18.234385,0.54545593,2016.0,J131743.98+301354.3,199.433261,+30.231763,18.148,17.746,17.071,16.793,0.029,0.029,0.028,0.049,433795087042,1,2010.1438,-1
0.219949,1462777698225377792,198.4009913757232,29.970899288681366,64.51954204676854,84.36425559795231,-0.08395794618192134,0.089074336,0.006354610153600904,0.081890665,-0.06531393135558941,0.13087444,17.90076,1302.0944102110373,7.7551947,18.03661,17.638235,0.39837456,2016.0,J131336.23+295815.4,198.400999,+29.970960,17.614,16.876,16.711,15.815,0.017,0.014,0.027,0.022,433795270343,1,2010.1194,-1
0.081165,1462789930292250112,198.64648572534938,30.30088642967254,66.30816867816844,84.01609161575678,0.10183428433361813,0.09922092,-0.11814174092153812,0.09476266,0.04518299270012702,0.12812096,18.036924,1148.6213015780056,3.4323328,18.392662,17.453217,0.9394455,2016.0,J131435.15+301803.2,198.646475,+30.300907,16.992,16.777,16.444,15.960,0.012,0.013,0.017,0.023,433794870548,2,2010.1438,-1
0.293402,1462789930292250112,198.64648572534938,30.30088642967254,66.30816867816844,84.01609161575678,0.10183428433361813,0.09922092,-0.11814174092153812,0.09476266,0.04518299270012702,0.12812096,18.036924,1148.6213015780056,3.4323328,18.392662,17.453217,0.9394455,2016.0,J131435.17+301803.1,198.646580,+30.300882,17.066,16.823,16.534,15.998,0.013,0.014,0.017,0.026,433794899534,1,2010.1438,-1
0.268139,1462797592513984128,199.06644527437328,30.264461059719718,64.33933223238174,83.71837617991879,-0.2888695993985102,0.32500014,0.45015649497438237,0.3355641,-0.10739232020133291,0.4164305,18.724926,609.5037085303037,4.346646,16.855507,15.565241,1.290266,2016.0,J131615.94+301552.3,199.066419,+30.264532,15.177,14.648,13.961,13.458,0.004,0.003,0.003,0.003,433794883077,1,2010.1438,1
0.092688,1462804911138215296,198.9852176321748,30.34505622437662,65.29572906481744,83.74078593377442,0.2762275094260897,0.14311028,-0.05499648494181847,0.124418676,-0.17869841350104584,0.16211541,18.522165,734.6502214398101,2.0413365,18.675941,18.10669,0.569252,2016.0,J131556.44+302042.2,198.985196,+30.345074,17.622,17.291,16.692,15.822,0.018,0.019,0.019,0.020,433794883289,1,2010.1438,-1
0.132124,1462819372292267904,199.0708314162841,30.506838465966997,66.23469375343008,83.59620910762112,0.1505853083205559,0.17996071,-0.014503686976857411,0.14225197,0.022743484260360186,0.19199541,18.917307,510.5327814293786,1.2061003,19.130705,18.562395,0.5683098,2016.0,J131616.99+303024.5,199.070796,+30.506818,18.634,18.187,17.473,17.212,0.045,0.047,0.040,0.075,433794703163,1,2010.1438,-1
0.201020,1468243782845317120,202.84479772493162,31.015734539480295,59.316126480647426,80.4514009802549,-1.924709310945124E-4,0.13431652,0.012972401036736596,0.10684771,-0.009589311692738633,0.19229168,18.80967,563.7403626854671,1.7185646,18.77482,18.420826,0.35399437,2016.0,J133122.76+310056.7,202.844840,+31.015777,17.933,17.863,17.111,16.180,0.021,0.028,0.036,0.029,433794270105,1,2010.1440,1
0.121127,1468245393455341696,202.11280584374276,30.459511768584548,57.45123604150725,81.23710559319832,-0.1552710497570377,0.12454034,-0.15885308327887002,0.11947819,0.04529291705137211,0.1613665,18.556938,711.4947083710665,2.6355238,18.511847,18.238207,0.27363968,2016.0,J132827.07+302734.3,202.112827,+30.459540,17.587,17.074,16.408,15.356,0.017,0.015,0.016,0.014,433794897383,1,2010.1438,1
0.098832,1473805559334085120,198.35472084549852,34.37441059457735,91.20912798606231,81.3545515990484,0.0716842879043952,0.16584884,0.24843285678550223,0.14418077,0.2698989016900927,0.2005079,18.837477,549.4853845553126,1.6903065,18.947422,18.633156,0.3142662,2016.0,J131325.13+342227.9,198.354721,+34.374438,18.472,18.074,17.452,16.444,0.056,0.068,0.056,0.042,433792201899,1,2010.3134,-1
0.213242,1462864765802452992,197.99973271843172,29.866591611123226,65.3626682760437,84.71838540424989,0.029902896465428423,0.0793307,-0.06003600046196318,0.066198856,-0.021450943119092063,0.09502352,17.71705,1542.1483882270975,1.7079173,17.94286,17.32916,0.61369896,2016.0,J131159.95+295159.8,197.999795,+29.866616,17.424,17.139,16.537,16.203,0.017,0.020,0.026,0.033,433795233535,1,2010.1194,-1
0.121830,1473813182899598976,198.3959147321143,34.50023511427082,91.49368952619827,81.23154538568856,-0.3234960953367691,0.1929126,0.022458524462180947,0.18147385,-0.013342906470414521,0.21021938,18.957418,492.0163862214079,1.6443002,19.230047,18.441595,0.78845215,2016.0,J131335.01+343000.9,198.395887,+34.500260,18.005,17.683,17.213,16.555,0.028,0.034,0.048,0.049,433792107642,1,2010.3571,-1
0.183444,1468274431731335040,202.20953118770353,30.9055417117205,59.94806449751552,80.99778286287912,0.04668980089609157,0.11689335,-0.06304772037856236,0.09667886,0.09852988108603732,0.1519894,18.53198,728.0386357954166,4.6643248,18.39778,17.855488,0.54229164,2016.0,J132850.30+305420.0,202.209584,+30.905565,17.399,17.014,16.397,15.663,0.015,0.015,0.016,0.018,433794536442,1,2010.1438,1
0.315287,1468274431731335040,202.20953118770353,30.9055417117205,59.94806449751552,80.99778286287912,0.04668980089609157,0.11689335,-0.06304772037856236,0.09667886,0.09852988108603732,0.1519894,18.53198,728.0386357954166,4.6643248,18.39778,17.855488,0.54229164,2016.0,J132850.28+305420.2,202.209539,+30.905629,,,17.116,16.027,,,0.041,0.029,433794325857,2,2010.1552,-2
0.299576,1468277966487653120,202.11658676178942,30.937461505212667,60.334107782643386,81.0590388746597,-0.1400550546211463,0.11278296,0.09547318112403455,0.10380956,-0.06962708612286787,0.15749608,18.449211,785.710588108937,0.9891901,18.653444,18.077171,0.57627296,2016.0,J132827.99+305615.0,202.116663,+30.937513,17.774,17.489,17.208,16.490,0.019,0.021,0.040,0.039,433794297660,1,2010.1440,-1
0.077092,1468289309498103808,202.60092869554643,30.96255349592433,59.48535939167807,80.66532580489284,0.18840974432329316,0.12011222,-0.03616716291557032,0.10372112,-0.003662870183047267,0.18936135,18.660345,646.857264736712,1.3821182,18.823591,18.312588,0.5110035,2016.0,J133024.22+305745.2,202.600953,+30.962558,18.145,17.956,17.273,16.733,0.026,0.033,0.044,0.051,433794336784,1,2010.1440,1
0.289920,1462920802239345152,197.12364718326546,30.094165762273487,72.32708804114696,85.22477303501302,0.04954024221250244,0.046202347,0.010764055916095302,0.034384172,-0.047796992567967274,0.059654206,16.694715,3954.217436273782,4.615877,16.859964,16.362698,0.49726677,2016.0,J130829.69+300539.1,197.123731,+30.094201,16.327,15.419,15.327,14.483,0.008,0.005,0.008,0.007,433795056782,1,2010.1414,-1
0.285766,1468310372017697536,202.45661648108418,31.170989855827184,60.96725371640403,80.69942807911826,-0.08745318084560898,0.07806046,0.08600926890211512,0.06316107,0.09664405906442,0.11178905,17.91099,1289.884602488851,3.221361,18.079853,17.587046,0.4928074,2016.0,J132949.59+311015.8,202.456666,+31.171057,17.228,16.739,16.494,15.815,0.013,0.012,0.023,0.023,433794140674,1,2010.1440,-1
0.086107,1473868094057909504,198.69059757673466,35.14846401532087,92.50703768716922,80.55846330936585,-0.3342848894704728,0.6038236,0.6742423575401497,0.8404565,1.1414083199350766,0.80230516,18.595554,686.6340301854964,5.2456794,16.104233,14.755284,1.3489485,2016.0,J131445.73+350854.5,198.690573,+35.148477,14.345,13.815,,,0.003,0.002,,,433791912379,1,2010.3571,1
0.021338,1462925990560243712,197.2606641440795,30.194447178858763,72.41926741808031,85.0697414613118,0.0837614687299137,0.1532856,-0.0199319741972121,0.11646424,-0.13386554145929908,0.19601363,18.808987,564.0951018479784,2.0536048,18.947155,18.442963,0.50419235,2016.0,J130902.56+301139.9,197.260669,+30.194443,18.367,17.642,17.597,16.806,0.036,0.034,0.056,0.049,433795092399,1,2010.1414,-1
0.035027,1468316586833351680,203.3233013862678,30.820264921555907,57.37936212536386,80.13497025189199,0.05431739569457694,0.069137394,-0.09285789686469825,0.05829844,0.13886309772440275,0.09403774,17.666443,1615.73423373404,2.88596,17.966665,17.22582,0.7408447,2016.0,J133317.58+304912.9,203.323290,+30.820264,17.261,16.780,16.267,15.841,0.015,0.016,0.018,0.020,433794553083,1,2010.2781,-1
0.256240,1462931492414315264,197.56667387360102,30.07134121121457,69.49673561596401,84.9272416315942,0.06348932852303105,0.0882145,0.028983743041596597,0.07520292,0.14346228534430858,0.114281096,17.7764,1460.1148870976047,3.3810663,17.88884,17.463524,0.42531586,2016.0,J131015.99+300417.0,197.566665,+30.071412,17.385,17.310,16.740,16.043,0.017,0.026,0.027,0.025,433795091906,1,2010.1414,-2
0.200044,1462931939090915072,197.5964656390249,30.09276258559659,69.53232649751195,84.89387297614608,-0.29247670493909833,0.52076894,0.22485812725914955,0.43180755,-0.6469121628159622,0.6159195,18.85411,541.1307540697219,5.2576203,16.992374,15.710932,1.2814426,2016.0,J131023.15+300534.1,197.596479,+30.092817,15.285,14.804,14.151,13.841,0.004,0.004,0.004,0.004,433795091864,1,2010.1414,1
0.015749,1468320847440924416,203.21390889740397,30.882081106362982,57.90528901495706,80.2026247782266,-0.007288601653902261,0.11019913,-0.04247033488821793,0.09072534,0.0661554916460139,0.14599495,18.471336,769.8609244954077,1.7495971,18.652393,18.05665,0.5957432,2016.0,J133251.33+305255.4,203.213904,+30.882082,17.598,17.240,16.708,16.257,0.019,0.023,0.027,0.028,433794552811,1,2010.2781,-1
0.157082,1462939566952835584,197.56190432994444,30.29896549321577,71.59686335629428,84.7988638277455,0.09076880513078825,0.15305199,-0.08874557824045959,0.12723953,0.12470670258033861,0.19965321,18.627342,666.8224102503499,1.6304432,19.066704,17.967428,1.0992756,2016.0,J131014.84+301756.3,197.561865,+30.298993,17.649,17.251,16.754,16.110,0.021,0.025,0.029,0.026,433794865345,1,2010.1414,-1
0.130979,1473917159764250752,198.26129801575527,35.275610661919494,94.73860197338185,80.63795200416371,0.08537042844623824,0.12832755,-0.2091894618149075,0.15572385,-0.09908366056811924,0.20456919,18.871016,532.7713639170606,0.99328285,19.108139,18.470463,0.63767624,2016.0,J131302.70+351632.2,198.261262,+35.275632,18.086,17.954,17.611,17.028,0.032,0.049,0.075,0.084,433791913784,1,2010.3571,-1
0.168157,1462981863790955648,198.42778850725034,30.377569309200172,67.89614735116278,84.13714688413066,-0.11069688793614635,0.18051259,-0.2768748927991155,0.17836587,0.0809182458404172,0.2323955,18.90581,515.9686596900519,1.7773892,19.12346,18.491251,0.6322098,2016.0,J131342.67+302239.1,198.427816,+30.377529,17.935,17.505,16.904,16.128,0.024,0.023,0.023,0.029,433794899373,1,2010.1438,-1
0.074074,1468365893057696384,203.6909337760977,31.43752559109663,60.03858128154909,79.62325220720894,0.1428783427938607,0.12100463,-0.014421111162545476,0.11054407,-0.27709847648806607,0.17578357,18.729452,606.9676661447758,2.0470984,19.021479,18.248177,0.7733021,2016.0,J133445.82+312615.1,203.690923,+31.437544,17.694,17.522,16.885,16.170,0.017,0.020,0.029,0.029,433793964212,1,2010.1440,-1
0.096702,1468366034794764800,203.70720054825068,31.47334717606849,60.19426488656243,79.59703322656308,-0.09423815209904111,0.08009119,0.022103822833071274,0.071266785,0.09521303282662366,0.12169444,18.095808,1087.9856357020399,4.3410587,18.318007,17.70923,0.6087761,2016.0,J133449.72+312824.1,203.707199,+31.473374,17.375,17.191,16.309,16.157,0.014,0.015,0.017,0.028,433793964246,1,2010.1440,-1
0.073062,1468372043451351296,203.34141699046612,31.378424560700417,60.360571568450105,79.92193407784343,0.22591256591071673,0.13285305,-0.10149827442087161,0.12244317,0.14745815675803647,0.17399104,18.832523,551.9977940182704,2.7753074,18.968956,18.462782,0.5061741,2016.0,J133321.94+312242.3,203.341424,+31.378444,18.201,17.586,17.313,16.493,0.024,0.021,0.041,0.038,433793935662,1,2010.1440,-1
0.082873,1468381080062111488,203.48492828838823,31.565394684603838,61.07165131881995,79.73706782160725,0.12465097623383165,0.09162113,-0.06261919559338344,0.07666148,-0.09336372670758132,0.14018445,18.139406,1045.163222287824,3.4028924,18.251276,17.75991,0.49136543,2016.0,J133356.37+313355.4,203.484912,+31.565413,17.127,17.134,16.382,15.374,0.012,0.015,0.019,0.014,433793786629,2,2010.1440,1
0.192593,1468381080062111488,203.48492828838823,31.565394684603838,61.07165131881995,79.73706782160725,0.12465097623383165,0.09162113,-0.06261919559338344,0.07666148,-0.09336372670758132,0.14018445,18.139406,1045.163222287824,3.4028924,18.251276,17.75991,0.49136543,2016.0,J133356.39+313355.5,203.484965,+31.565438,17.130,17.145,16.393,15.351,0.012,0.015,0.019,0.014,433793936105,1,2010.1440,1
0.072046,1473958185291545088,199.0547109930987,35.32196379760629,91.60992256681061,80.24831854280643,-0.19416057740825193,0.12997307,-0.051864112224186576,0.1645758,-0.00560844265096808,0.19164284,18.908527,514.6786167334441,2.5549822,18.933737,18.556461,0.37727547,2016.0,J131613.13+351919.1,199.054721,+35.321982,17.762,17.620,16.867,15.911,0.026,0.039,0.053,0.028,433791887864,1,2010.3654,1
0.098667,1473966603427417856,198.72253203797388,35.31962808356006,92.94246393922467,80.40101073859962,-0.035894355092401006,0.1303772,0.050346298630260175,0.165249,0.08599236814624345,0.21974932,18.970758,486.0075884176583,1.1194474,19.230982,18.458775,0.77220726,2016.0,J131453.40+351910.7,198.722521,+35.319654,18.272,17.755,,,0.038,0.041,,,433791912721,2,2010.3571,-1
0.122945,1473966603427417856,198.72253203797388,35.31962808356006,92.94246393922467,80.40101073859962,-0.035894355092401006,0.1303772,0.050346298630260175,0.165249,0.08599236814624345,0.21974932,18.970758,486.0075884176583,1.1194474,19.230982,18.458775,0.77220726,2016.0,J131453.40+351910.7,198.722508,+35.319656,18.341,17.722,16.904,16.721,0.042,0.042,0.054,0.058,433791855924,1,2010.3654,-1
0.290531,1468404861299012992,202.75290109385324,31.362421740794876,61.42131679320204,80.39084950995088,-0.015769276120487306,0.1121382,0.07345818659485254,0.08659965,0.04864180480032001,0.15360627,18.492472,755.0196085409432,1.5030888,18.55364,18.177065,0.37657547,2016.0,J133100.71+312144.8,202.752975,+31.362472,18.127,17.310,16.877,16.068,0.025,0.020,0.031,0.028,433793899108,1,2010.1440,1
0.226628,1468407988032129920,202.52720224399917,31.38807995163182,62.036619173791024,80.55644241012737,0.3065544457636568,0.567941,0.23105713361628946,0.42192528,-0.6592772412196457,0.73900706,18.56695,704.9639642306109,4.002983,16.119013,14.885894,1.233119,2016.0,J133006.54+312317.2,202.527256,+31.388123,14.475,13.978,13.347,13.024,0.003,0.002,0.002,0.003,433793960903,1,2010.1440,1
0.078667,1468411660229741952,202.91628502577828,31.46602884671787,61.65162930825601,80.22151904707745,0.0649308631165789,0.13094766,0.06797616872020784,0.10171506,-0.2419006787181838,0.1795969,18.660006,647.0601054124866,0.9833505,18.885324,18.306976,0.57834816,2016.0,J133139.91+312757.7,202.916295,+31.466049,17.428,17.107,16.697,16.259,0.015,0.017,0.027,0.034,433793899370,1,2010.1440,-1
0.258990,1463073153319517696,198.22788989487503,30.771716881387807,72.00489557367133,84.05658979276986,-0.038286509790498906,0.115093775,0.03669817924023129,0.101827346,-0.04737975028670285,0.15712161,18.237358,955.0010743792885,4.325324,18.318981,17.975834,0.34314728,2016.0,J131254.71+304618.3,198.227963,+30.771752,17.751,16.828,16.758,16.075,0.020,0.013,0.019,0.025,433794542141,1,2010.1438,-1
0.289557,1463073982249496960,198.3852390086598,30.795499821791363,71.42634590753492,83.93339777824691,-0.08864736043055682,0.18980803,-0.08211812138631128,0.16574802,-0.10684335190481213,0.24281487,18.9603,490.7117129754917,1.0777318,19.042843,18.697296,0.34554672,2016.0,J131332.47+304743.9,198.385318,+30.795543,18.132,17.972,17.513,16.629,0.026,0.033,0.037,0.040,433794542479,1,2010.1438,-2
0.138576,1474018654134805504,198.57591280156907,35.45339213568299,93.97540117024148,80.35237899639013,0.10612292668953799,0.08035803,-0.017708621079014508,0.117088415,-0.1431976698020775,0.1408664,18.399607,822.4394801738662,1.1768591,18.645454,17.931631,0.7138233,2016.0,J131418.21+352712.3,198.575883,+35.453422,17.534,17.077,16.274,16.155,0.021,0.023,0.030,0.033,433791866844,1,2010.3654,-1
0.067271,1468450727251879552,203.1425097903565,31.871972929714588,63.325604519735165,79.87768301819618,-0.10364210398039596,0.11592232,-0.09636008560788596,0.09080097,0.20034036956843604,0.1553622,18.384867,833.6812965366965,4.618574,18.366339,18.074772,0.29156685,2016.0,J133234.20+315219.0,203.142523,+31.871958,17.783,17.321,16.634,15.586,0.022,0.024,0.019,0.014,433793539707,1,2010.1467,1
0.126500,1468480173547931648,201.65661998046966,31.154535719374586,62.68225172467449,81.329693599362,-0.010377119769351916,0.10411703,0.03212694990338073,0.11655407,-0.07342711228048146,0.14487292,18.34606,864.0185441567409,3.4668431,18.47295,18.06186,0.41109085,2016.0,J132637.59+310916.4,201.656629,+31.154570,17.942,17.731,17.063,16.517,0.023,0.027,0.033,0.041,433794117779,1,2010.1439,-3
0.312866,1463121119514084096,199.82281945093584,30.36911330596114,62.53805101034383,83.09022712489796,-0.03201189766546188,0.08630335,0.10160354224167512,0.0887298,-0.1567985255817908,0.12506284,17.946577,1248.290933218656,3.1039371,18.041342,17.674574,0.36676788,2016.0,J131917.49+302209.0,199.822884,+30.369180,17.478,17.442,16.917,16.285,0.017,0.021,0.023,0.030,433794892803,1,2010.1438,-1
0.151913,1463149122700870272,200.0375890562959,30.575247019945188,63.36549629726813,82.83239487783162,-0.11889778548996625,0.08339136,-0.06357197656634962,0.08051729,-0.10705247164836901,0.10056363,17.87947,1327.8797577552727,2.6867306,18.04181,17.53268,0.5091286,2016.0,J132009.03+303430.8,200.037636,+30.575235,17.659,17.461,16.903,16.090,0.021,0.025,0.025,0.028,433794687341,1,2010.1438,-2
0.238951,1463172491619312512,200.15001848986458,30.90369219511306,65.29770544671416,82.59329488436799,-0.08499286418513083,0.13288768,-0.05252975252542435,0.11759595,0.09308220217106068,0.15393381,18.16414,1021.621884186876,10.963174,18.139027,17.662298,0.47672844,2016.0,J132036.01+305413.4,200.150072,+30.903740,16.908,16.564,15.953,15.130,0.011,0.010,0.010,0.012,433794537372,1,2010.1438,1
0.143283,1463175858873673216,200.0910761900693,30.948907490656996,65.79563253239529,82.61550105258374,0.21909003167182028,0.3803549,0.29560263535130854,0.4186524,0.20519059314463406,0.5042004,18.772686,583.2738668895295,4.097398,17.13418,15.867874,1.2663059,2016.0,J132021.86+305656.0,200.091121,+30.948897,15.491,14.994,14.335,13.994,0.005,0.004,0.004,0.005,433794296667,1,2010.1439,1
0.082177,1468554528021416320,201.57360876296232,31.538453584199214,65.15349095610327,81.22050051359544,0.04306853504357242,0.15610188,-0.052238037808727766,0.1558306,-0.05332701160862315,0.2097005,18.753841,593.4858389820301,1.4911175,18.899956,18.371027,0.52892876,2016.0,J132617.66+313218.5,201.573614,+31.538476,18.333,18.021,17.278,16.392,0.028,0.032,0.038,0.036,433793933015,1,2010.1439,1
0.260056,1468558067074484096,201.34793361399133,31.606256051743966,66.15262062473879,81.35713428620771,0.06534183738223055,0.12604058,0.0879420203514227,0.12876178,0.2933766852328837,0.17031609,18.58971,690.3390335698937,1.3055536,18.76974,18.240715,0.5290241,2016.0,J132523.52+313622.6,201.348005,+31.606295,17.918,17.636,17.150,16.669,0.020,0.023,0.033,0.043,433793759375,1,2010.1439,-1
0.191651,1468561576064879488,201.8446627620921,31.512243400923957,64.31231167075806,81.02755706313468,0.11657371691998494,0.18192689,0.062327439759465156,0.16843013,0.337448815852675,0.23102967,18.589207,690.6596108288778,1.748174,17.916227,16.918617,0.9976101,2016.0,J132722.72+313044.2,201.844682,+31.512294,16.477,15.991,15.355,14.817,0.008,0.008,0.009,0.010,433793909203,1,2010.1440,1
0.192382,1468568340636803456,201.77940385829604,31.64406313607469,65.22614396582375,81.01615566878279,0.22798184544274386,0.1693785,-0.0038005545934737075,0.1566435,-0.2270851718935628,0.20248269,18.946445,497.01359867602815,1.0290595,19.168589,18.59275,0.5758381,2016.0,J132707.05+313838.7,201.779376,+31.644111,17.800,17.468,17.208,16.680,0.021,0.024,0.044,0.052,433793731975,1,2010.1440,-1
0.054892,1463220419157929728,199.66731270803263,30.96461941338845,67.35707609584868,82.92159591990387,-0.2960118491251816,0.18416283,-0.02660334595719913,0.15693252,0.09241139962260021,0.22295307,18.972792,485.0989859404319,2.768674,18.90107,18.369396,0.53167343,2016.0,J131840.15+305752.6,199.667318,+30.964634,17.461,17.367,16.498,15.449,0.015,0.020,0.020,0.017,433794275747,1,2010.1439,1
0.350133,1474168565673682560,197.35145140203701,35.646689843430615,99.83936062560788,80.66143398617142,0.013220521233519224,0.10423425,0.020886561914572353,0.14814265,-0.06807632438326705,0.20329733,18.96725,487.5803426385547,1.3829458,19.138199,18.60765,0.5305481,2016.0,J130924.37+353848.0,197.351571,+35.646689,18.244,18.095,17.831,17.116,0.038,0.063,0.125,0.084,433791798540,1,2010.3654,-1
0.329564,1463239561828559488,199.75437841650307,31.120456651230416,68.11204230465397,82.7766179709019,0.22073532073615265,0.3944802,0.058499142695766046,0.3935481,-0.23762949330580735,0.47074637,18.731035,606.0835869760864,5.559676,17.250422,15.903327,1.3470945,2016.0,J131901.06+310713.9,199.754420,+31.120541,15.414,14.891,14.251,13.914,0.004,0.003,0.004,0.005,433794275529,1,2010.1439,1
0.141396,1468594488397283840,201.85631169672433,32.01990288359205,67.10855560437135,80.77771860705792,-0.12265348208517753,0.15816174,0.07138424677614123,0.12622982,0.03838101889755538,0.19407853,18.97788,482.8303561195691,4.100297,19.019758,18.683971,0.33578682,2016.0,J132725.51+320111.7,201.856323,+32.019941,18.712,18.371,17.496,16.582,0.049,0.065,0.040,0.035,433793379073,1,2010.1467,1
0.086545,1468604972414910720,202.66475765783332,31.628953113231145,63.057596821411096,80.34883588290458,-0.17699715187001594,0.09311345,0.025151327928575776,0.08018693,-0.04411740390020062,0.13537519,18.256163,938.6025519776151,2.048545,18.359188,18.041304,0.31788445,2016.0,J133039.54+313744.3,202.664754,+31.628977,17.712,17.703,17.081,16.217,0.017,0.024,0.034,0.030,433793784710,1,2010.1440,-1
0.280654,1468619811524808192,202.2342108192921,31.804081376020548,64.98869459473413,80.59923409370768,0.11768212378889409,0.13617092,0.062492633750452824,0.08877052,-0.23231486761347203,0.16696356,18.598103,685.0237178667911,2.1189935,18.832407,18.206005,0.6264019,2016.0,J132856.22+314814.8,202.234275,+31.804137,17.824,17.415,17.163,16.597,0.025,0.030,0.032,0.037,433793596572,1,2010.1467,-1
0.083699,1463300103688259712,200.9283342703327,31.515483021759866,66.81128488624702,81.71304663543792,-0.17081096068630877,0.44288334,-0.40676702995445707,0.60788393,0.13596562066471085,0.5833042,18.59212,688.8099463288032,6.4231086,16.579576,15.277155,1.3024216,2016.0,J132342.80+313055.6,200.928357,+31.515470,14.869,14.350,13.692,13.404,0.003,0.003,0.003,0.004,433793900300,1,2010.1439,1
0.092449,1463300103688259712,200.9283342703327,31.515483021759866,66.81128488624702,81.71304663543792,-0.17081096068630877,0.44288334,-0.40676702995445707,0.60788393,0.13596562066471085,0.5833042,18.59212,688.8099463288032,6.4231086,16.579576,15.277155,1.3024216,2016.0,J132342.80+313055.7,200.928364,+31.515487,14.935,14.426,13.702,13.424,0.003,0.003,0.003,0.004,433793908444,2,2010.1439,1
0.135455,1463300477348452224,200.57743498089573,31.244318801495012,66.192483775202,82.10763024317839,0.15664981559725538,0.16330068,0.004245443690571978,0.16607215,0.08551882405923927,0.20214245,18.784445,576.9909140641373,2.5783222,18.97152,18.45099,0.5205288,2016.0,J132218.59+311439.5,200.577477,+31.244330,18.252,17.956,17.107,16.681,0.028,0.033,0.035,0.048,433794126304,1,2010.1439,-1
0.086457,1468626928288109312,202.4316709872002,31.893533917437278,65.0024315666966,80.40915417468979,0.07690395069706538,0.13383083,-0.009023909835193748,0.11376902,0.11209660894647466,0.18297212,18.223408,967.350259240863,4.149552,17.557743,16.361593,1.1961498,2016.0,J132943.60+315336.8,202.431682,+31.893556,15.999,15.362,14.595,13.914,0.007,0.006,0.004,0.004,433793596385,1,2010.1467,1
0.180794,1468630639139856128,202.48779559343777,32.041972773911795,65.65525754586713,80.29809105417385,-0.07385211083087,0.09489656,0.11548269684381368,0.082772404,0.07911260150585664,0.12916602,18.124317,1059.7897940194532,2.527374,18.288849,17.711065,0.5777836,2016.0,J132957.08+320231.2,202.487839,+32.042007,17.481,17.075,16.457,16.237,0.019,0.021,0.017,0.028,433793411537,1,2010.1467,-1
0.096231,1474225912076573056,198.36429434604986,35.7735768662203,95.82108539184937,80.16631379067819,0.013600955288603125,0.05998505,-0.06536156468824106,0.095047586,-0.11986925851770874,0.12505884,18.188622,998.8455519191939,2.421163,18.324879,17.89418,0.4306984,2016.0,J131327.43+354624.8,198.364327,+35.773573,17.590,17.534,16.949,16.179,0.021,0.033,0.053,0.036,433791783234,1,2010.3652,-2
0.146308,1474225912076573056,198.36429434604986,35.7735768662203,95.82108539184937,80.16631379067819,0.013600955288603125,0.05998505,-0.06536156468824106,0.095047586,-0.11986925851770874,0.12505884,18.188622,998.8455519191939,2.421163,18.324879,17.89418,0.4306984,2016.0,J131327.42+354624.9,198.364262,+35.773608,17.639,17.567,,16.236,0.024,0.040,,0.039,433791764504,2,2010.3654,1
0.054621,1474235601522827904,198.40910698557752,35.996799009943366,96.28081923398194,79.9545357762114,0.08073762255581891,0.06762991,-0.0028267355337769063,0.09722956,-0.025561754871750077,0.12193222,18.264025,931.8303963423056,2.3684812,18.39239,17.958147,0.43424225,2016.0,J131338.18+355948.5,198.409123,+35.996807,17.818,17.546,,16.547,0.027,0.038,,0.055,433791717016,1,2010.3654,-1
0.247999,1463329893581369088,200.3282093721642,31.38803478885747,67.89175285505814,82.21857448942846,-0.1402276691737066,0.401274,0.04252180177760659,0.42208058,-0.903533917399116,0.51463085,17.97506,1215.9706106118517,10.597887,15.596835,14.353578,1.2432575,2016.0,J132118.78+312317.0,200.328278,+31.388071,13.970,13.454,12.824,12.482,0.002,0.002,0.002,0.002,433793938906,1,2010.1439,1
0.178550,1474243645998244352,198.14036732653327,35.956055686752535,97.26487092373324,80.09562036660549,0.09184024281013492,0.12786919,-0.038206358741367165,0.19498985,-0.20713254775991552,0.22842647,18.986427,479.04469050711634,1.2811459,19.243008,18.52907,0.71393776,2016.0,J131233.68+355721.9,198.140374,+35.956105,18.170,17.851,17.374,16.826,0.034,0.045,0.080,0.065,433791782913,1,2010.3652,-2
0.144945,1463338002479592832,199.9902828586236,31.340575667274713,68.73162569995658,82.4888103834599,0.4296003868789979,0.39699814,-0.6674262182089965,0.44426683,-0.5368753425575916,0.48637143,18.918549,509.94931170728626,4.888998,17.907356,16.605927,1.3014297,2016.0,J131957.67+312026.2,199.990303,+31.340612,16.110,15.604,14.940,14.473,0.006,0.005,0.006,0.007,433794088015,1,2010.1439,1
0.176405,1468679464327621632,202.25539552826743,32.04385128955058,66.22425406421067,80.4706531103174,0.02074144453137975,0.11792208,0.11963306012789425,0.08951849,-0.07542658288939783,0.16236515,18.517693,737.6822768372652,1.4483378,18.690582,18.08774,0.60284233,2016.0,J132901.29+320238.0,202.255378,+32.043898,17.901,17.651,17.128,16.365,0.026,0.036,0.031,0.031,433793417314,1,2010.1467,-1
0.153561,1468690283347877248,201.98902352731122,32.11404222338979,67.2687766915187,80.63335546328281,0.03971578393967118,0.17900993,-0.13873879010369805,0.12090287,-0.32021694392920025,0.21510711,18.90768,515.0796286143453,1.5436218,19.403042,18.192566,1.2104759,2016.0,J132757.37+320650.5,201.989073,+32.114050,17.404,17.015,16.418,15.598,0.017,0.019,0.016,0.015,433793374702,1,2010.1467,-1
0.029275,1468697292734420224,202.06909665644895,32.23923646721258,67.72361270069356,80.5120419700804,0.07524524346234324,0.16009215,0.01080824379008666,0.121608414,-0.04854416229898262,0.19418122,18.955902,492.70377428297974,2.1018913,19.054184,18.776339,0.27784538,2016.0,J132816.58+321421.2,202.069093,+32.239244,18.687,18.532,17.698,17.110,0.052,0.090,0.052,0.063,433793220180,1,2010.1467,-1
0.291334,1463379882704118784,200.35951514445466,31.770522652565493,70.13869386999231,81.991024158094,0.05954109221202375,0.15475044,0.09346123476136398,0.15105933,-0.03892684123788051,0.18344095,18.656006,649.448507835085,2.8413472,18.809925,18.290531,0.5193939,2016.0,J132126.30+314613.9,200.359603,+31.770554,18.147,18.089,17.471,16.579,0.024,0.034,0.044,0.042,433793757639,1,2010.1439,1
0.125993,1463405961745041792,199.15653639520457,31.209522133239464,71.01989521310414,83.15468166263777,0.20843118507364738,0.13640574,-0.04439950259643081,0.116390884,-0.04533952673303678,0.16831738,18.533192,727.2266329528056,1.7910422,18.68199,18.169847,0.5121422,2016.0,J131637.55+311234.3,199.156496,+31.209528,17.841,17.439,16.808,15.958,0.020,0.022,0.027,0.025,433794122573,1,2010.1439,-1
0.072301,1463408817899912960,198.92768533178617,31.024723157091792,70.68247185465131,83.42110494308682,-0.12182790853065986,0.11915166,-0.02533139005380329,0.1059849,-0.02858976495696632,0.14789218,18.417847,808.7380854862025,1.3356496,18.605528,18.080597,0.52493095,2016.0,J131542.63+310129.0,198.927662,+31.024723,18.045,17.969,17.433,16.520,0.023,0.032,0.044,0.039,433794279888,1,2010.1439,-1
0.152397,1468743231704419712,203.91629044175602,31.610552357387856,60.52473982397943,79.3803639027595,0.05154438835519926,0.089368135,-0.07313674269553472,0.079109855,-0.05059078456568843,0.13512166,18.227499,963.7112967325875,1.4103714,18.37384,17.757473,0.61636734,2016.0,J133539.91+313638.0,203.916327,+31.610581,17.667,16.866,16.516,15.604,0.018,0.014,0.024,0.019,433793716272,1,2010.1440,-2
0.201431,1463433969228460800,199.4527545745954,31.328324530157868,70.63586254100078,82.87892846000882,-0.05597023629193781,0.0992421,-0.09157413515033777,0.102009594,-0.03342497751574861,0.13041677,18.147427,1037.4704476921584,2.113417,18.337109,17.805624,0.5314846,2016.0,J131748.66+311942.1,199.452791,+31.328371,17.350,17.280,16.894,16.349,0.014,0.018,0.028,0.035,433794146858,1,2010.1439,-1
0.165101,1468765294953966592,203.97313075607912,31.85572694402325,61.64376704628495,79.24118799347266,0.040282447106666605,0.12455846,-0.01856452215751983,0.11401436,0.23225150812651713,0.1562824,18.633791,662.873155218757,1.4587241,18.851845,18.23864,0.61320496,2016.0,J133553.56+315120.6,203.973184,+31.855734,18.237,17.942,17.348,17.010,0.033,0.042,0.034,0.050,433793554130,1,2010.1467,-1
0.177428,1474375617456962432,199.86825813647775,35.963618387649646,90.65281771015658,79.3427135480623,0.04250342911809313,0.06936913,-0.020271575280903436,0.097933844,0.13787453269591798,0.12057342,18.36071,852.4380384663767,1.0357281,18.544027,17.983763,0.5602646,2016.0,J131928.39+355749.0,199.868314,+35.963638,17.441,17.132,16.541,15.758,0.021,0.028,0.041,0.027,433791769440,1,2010.3654,-1
0.114567,1468774224188477312,204.35290233831913,31.881825795317678,61.10894808530888,78.93385353862945,0.10978788006155951,0.116051964,-0.1771115456462683,0.10856261,-0.2876536493857056,0.16596681,18.623848,668.9708337489956,0.72877824,18.933197,18.167084,0.7661133,2016.0,J133724.70+315254.6,204.352928,+31.881849,17.579,17.313,16.833,16.042,0.020,0.026,0.023,0.024,433793587465,1,2010.1467,-1
0.175175,1463477704878836736,198.43407108311578,31.308386132880226,74.933810691586,83.58751193358287,2.1918256141667796E-4,0.17347834,-0.048746211743512124,0.14320849,-0.09423985708610101,0.22296864,18.90403,516.8149955771213,3.68037,18.999643,18.567026,0.4326172,2016.0,J131344.18+311830.2,198.434125,+31.308402,18.464,17.648,17.323,16.505,0.033,0.025,0.041,0.039,433794134873,1,2010.1439,1
0.127438,1463500661480551680,198.9841159412301,31.592024591797166,74.30506803754533,83.04410738453755,-0.2026745048321119,0.19568288,-0.07069990102284449,0.15258354,-0.09389480979115511,0.2021122,18.856703,539.840626407852,4.5897365,18.90724,18.473215,0.4340248,2016.0,J131556.18+313531.4,198.984102,+31.592058,18.236,17.621,17.243,16.379,0.028,0.027,0.040,0.038,433793742697,1,2010.1439,1
0.084321,1468792576586240768,204.11737570657422,32.062486286474055,62.39046854567444,79.04638172236861,-0.08400351256250205,0.070921086,0.05550816667338464,0.06254626,0.16610736465227144,0.094508454,17.718838,1539.6130721063741,6.5103154,17.785698,17.277184,0.5085144,2016.0,J133628.17+320344.9,204.117401,+32.062496,16.883,16.499,15.641,14.444,0.012,0.012,0.009,0.006,433793396517,1,2010.1467,1
0.075781,1468812604016606336,203.4098535527193,31.90787256974954,62.96725944792666,79.6568613555819,0.05007648769642878,0.14446189,0.11641233580341735,0.13220954,-0.172705576959963,0.21079926,18.88952,523.7676393635368,1.9413384,19.170492,18.429312,0.7411804,2016.0,J133338.37+315428.3,203.409878,+31.907876,17.851,17.514,16.945,16.408,0.025,0.030,0.026,0.032,433793579196,1,2010.1467,-1
0.149477,1463529038328914432,199.00046050538933,32.07371403001042,77.22086243597661,82.72495046588735,0.20350868050728504,0.13409722,0.16575829569460954,0.1302569,0.12337821977442373,0.16806775,18.617071,673.1598304561255,2.3722067,18.86913,18.198391,0.6707382,2016.0,J131600.11+320425.4,199.000485,+32.073750,18.170,17.682,17.088,16.844,0.025,0.025,0.027,0.043,433793376154,1,2010.1440,-1
0.186767,1468817178158846336,203.673211725744,32.02556672930087,63.03979620033001,79.40468030018619,-0.050092512250320284,0.26809928,-0.007527925687423307,0.24460235,-0.17160199486615463,0.36976877,18.663593,644.9253565659465,2.3858435,17.384525,16.109324,1.2752018,2016.0,J133441.58+320132.1,203.673263,+32.025595,15.670,15.128,14.424,14.032,0.005,0.005,0.004,0.005,433793436692,1,2010.1467,1
0.042159,1468823362911757184,203.67621724984903,32.161010768910565,63.69928515759533,79.34496767160302,-0.005348991441720851,0.091654114,-0.052752682456932945,0.07817634,0.019266629457322146,0.11108644,17.975838,1215.0981936203523,1.4829825,18.086695,17.700914,0.38578033,2016.0,J133442.29+320939.6,203.676224,+32.161021,17.075,16.955,16.110,14.729,0.013,0.019,0.013,0.008,433793436369,1,2010.1467,-1
0.231461,1463543817312057088,199.71635825588208,31.746418561919246,72.29588383237075,82.4541685219843,0.27641104396215765,0.49336565,-0.6647324552255043,0.49015424,1.073589370653876,0.5858951,18.843758,546.3160239704598,3.1571481,17.249374,15.864185,1.385189,2016.0,J131851.94+314447.1,199.716430,+31.746439,15.378,14.855,14.172,13.830,0.004,0.003,0.003,0.005,433793723286,1,2010.1439,1
0.164224,1468852156372544000,204.00949633401297,32.344440660432205,63.93703729949785,79.01165644869751,-0.24197076053107636,0.28594798,0.08372881931643646,0.24153052,-0.4139060132255956,0.3831066,18.104313,1079.4975137370461,7.3129196,17.366356,16.34554,1.0208168,2016.0,J133602.29+322040.0,204.009542,+32.344465,15.953,15.431,14.811,14.199,0.007,0.006,0.005,0.006,433793210505,1,2010.1467,1
0.196300,1468852156372544000,204.00949633401297,32.344440660432205,63.93703729949785,79.01165644869751,-0.24197076053107636,0.28594798,0.08372881931643646,0.24153052,-0.4139060132255956,0.3831066,18.104313,1079.4975137370461,7.3129196,17.366356,16.34554,1.0208168,2016.0,J133602.29+322040.0,204.009560,+32.344449,15.949,15.431,14.842,14.239,0.006,0.006,0.005,0.006,433793227516,2,2010.1467,1
0.188170,1468857031158683904,204.0118126168902,32.490218598276165,64.61920224110938,78.94647091413202,-0.12507067154909662,0.118889906,0.10609314839219311,0.110745884,-0.03078533868841133,0.15887485,18.485088,760.1716876173799,1.8263705,18.663368,18.117338,0.54603004,2016.0,J133602.84+322924.8,204.011863,+32.490249,18.072,18.387,17.442,16.901,0.031,0.071,0.041,0.051,433793037653,2,2010.1467,1
0.256285,1468857031158683904,204.0118126168902,32.490218598276165,64.61920224110938,78.94647091413202,-0.12507067154909662,0.118889906,0.10609314839219311,0.110745884,-0.03078533868841133,0.15887485,18.485088,760.1716876173799,1.8263705,18.663368,18.117338,0.54603004,2016.0,J133602.85+322924.9,204.011882,+32.490259,18.047,17.874,17.481,16.802,0.031,0.046,0.043,0.046,433793041853,1,2010.1467,-2
0.188306,1468859578075999872,203.7342498220615,32.279861960955394,64.16209291979679,79.24931899337855,0.03340257820113462,0.05237691,0.04446500356849978,0.045370076,-0.007289249073320722,0.06986226,17.047009,2858.5350211119962,5.8380427,17.158998,16.649677,0.5093212,2016.0,J133456.20+321647.5,203.734191,+32.279878,16.595,16.155,15.361,14.264,0.009,0.009,0.007,0.005,433793250831,1,2010.1467,-1
0.153101,1463576282968945536,200.35654123840462,32.101452393889126,72.08468292354283,81.80574982637047,0.1383294152339548,0.10622514,0.10214972191981342,0.09760837,-0.11565308938146093,0.12358354,18.168953,1017.1047706927541,1.6671673,18.387726,17.74363,0.6440964,2016.0,J132125.57+320605.3,200.356552,+32.101494,17.143,16.821,16.316,15.662,0.015,0.017,0.015,0.016,433793408876,1,2010.1467,-1
0.282638,1463576282968945536,200.35654123840462,32.101452393889126,72.08468292354283,81.80574982637047,0.1383294152339548,0.10622514,0.10214972191981342,0.09760837,-0.11565308938146093,0.12358354,18.168953,1017.1047706927541,1.6671673,18.387726,17.74363,0.6440964,2016.0,J132125.58+320605.4,200.356603,+32.101511,17.196,16.910,16.377,15.810,0.015,0.017,0.016,0.019,433793407923,2,2010.1467,-1
0.044914,1463577524215433344,200.12672270429104,32.003928147860584,72.32761467463233,82.02088828654935,-0.5131877380818275,0.6077432,-0.888395418169525,0.69763285,0.5637033714652566,0.9175177,18.49365,754.1995030985273,6.5694795,16.019133,14.67737,1.3417625,2016.0,J132030.41+320014.1,200.126733,+32.003937,14.243,13.741,13.080,12.798,0.003,0.002,0.002,0.002,433793568902,1,2010.1467,1
0.105246,1468889432391216512,204.8617368694267,32.4519215600433,62.90293433178435,78.31304165565784,0.1811889544104241,0.11262489,0.07016339857759071,0.115594715,0.014150375766169333,0.17153,18.626986,667.0407300213028,1.8455588,18.770805,18.216442,0.55436325,2016.0,J133926.81+322707.0,204.861745,+32.451950,18.050,17.465,16.957,15.854,0.026,0.029,0.043,0.025,433793058739,2,2010.2805,-1
0.163099,1468889432391216512,204.8617368694267,32.4519215600433,62.90293433178435,78.31304165565784,0.1811889544104241,0.11262489,0.07016339857759071,0.115594715,0.014150375766169333,0.17153,18.626986,667.0407300213028,1.8455588,18.770805,18.216442,0.55436325,2016.0,J133926.81+322707.0,204.861747,+32.451966,18.049,17.473,17.018,15.895,0.027,0.030,0.050,0.026,433793232037,1,2010.2805,-1
0.138193,1468890016506781824,204.8863971911277,32.495275650046416,63.056276765238,78.27637306289618,0.08870662378847785,0.14669521,-0.07493637449053653,0.14486474,-0.12039201393221591,0.21080224,18.987837,478.42317527840447,1.4777609,19.08712,18.689604,0.39751625,2016.0,J133932.73+322943.1,204.886412,+32.495312,18.405,18.184,17.611,16.806,0.035,0.055,0.079,0.059,433793058766,1,2010.2805,-1
0.072412,1463604561033337856,199.28876602781423,31.89754789988184,74.92500023158135,82.65102938401763,-0.17772966396205978,0.19528013,-0.17048018752294275,0.16318257,0.16663279815837848,0.21517839,18.97928,482.20806895588095,1.3727221,19.057207,18.610243,0.44696426,2016.0,J131709.30+315351.1,199.288786,+31.897537,18.702,18.211,17.472,16.495,0.040,0.042,0.040,0.035,433793595388,1,2010.1440,-2
0.153521,1463607997007251840,199.35831498201912,32.05020499189418,75.55396759941928,82.5089452659406,0.18084191305682598,0.20518169,0.1734221524397937,0.17076877,-0.24488902439968843,0.23160109,18.931952,503.6933689698701,1.5353743,19.01901,18.706245,0.31276512,2016.0,J131726.00+320300.8,199.358360,+32.050224,18.766,17.840,17.694,16.892,0.041,0.030,0.049,0.047,433793418311,1,2010.1440,-1
0.110251,1463618206145534592,199.1160441386608,31.973802104247067,76.11878432793729,82.71574390204084,-0.061344479418101255,0.08960204,0.09221023053378116,0.07899035,-0.0332714457923372,0.10393584,17.753563,1491.1518804411153,2.8300517,17.855766,17.36741,0.48835564,2016.0,J131627.85+315825.7,199.116052,+31.973832,17.057,16.649,15.967,14.885,0.011,0.011,0.011,0.009,433793537398,1,2010.1440,-2
0.098557,1463629269981715968,199.37153895858793,32.2480053192635,76.65208730754624,82.37334898286898,-0.1418452716709735,0.159292,-0.1920840807473783,0.14626099,-0.07770196125017348,0.20332634,18.654493,650.3534730639434,2.1567502,18.896133,18.243534,0.65259933,2016.0,J131729.17+321452.8,199.371567,+32.248019,18.005,17.630,17.222,16.626,0.021,0.023,0.030,0.037,433793274008,1,2010.1440,-2
0.304978,1468916061188494464,204.99547887864017,32.62975451518511,63.470911412917665,78.1372492461343,0.07852794639689738,0.12779626,-0.09793604526115586,0.11101455,-0.07554469435358886,0.16014177,18.640865,658.5681941322316,0.8277303,18.877188,18.197481,0.6797066,2016.0,J133958.93+323747.3,204.995548,+32.629816,17.748,17.443,16.997,16.399,0.021,0.029,0.046,0.041,433793059125,1,2010.2805,-1
0.065842,1463667512370112128,199.57352917447872,32.681386694004225,78.22035402085916,81.95957401817837,0.06522021455164508,0.10413671,-0.0149591405307422,0.10224039,0.1512090668879623,0.13469465,18.110733,1073.1333314177662,2.423373,18.395275,17.631126,0.7641487,2016.0,J131817.65+324053.0,199.573550,+32.681392,17.327,16.882,16.372,16.039,0.016,0.019,0.027,0.031,433792886318,1,2010.2806,-2
0.097355,1468959766775974528,204.50161754550444,32.79466204741638,65.08285818523036,78.4419567277993,0.05428378940454198,0.08848127,0.09455066228102423,0.079442285,-0.009575682384033453,0.11302435,18.022116,1164.3951113925352,2.9056292,18.176615,17.668785,0.50782967,2016.0,J133800.38+324740.8,204.501616,+32.794689,17.590,17.396,16.650,16.373,0.020,0.028,0.020,0.034,433792891221,1,2010.2808,-1
0.179780,1463674380021347584,193.97101800795852,27.401467909193112,48.643447713553805,88.97488056485203,0.1065802215014242,0.1957583,-0.05383594682094123,0.26519364,0.09810968263400022,0.24465829,18.576653,698.6921922945847,6.2279234,18.406961,17.534336,0.87262535,2016.0,J125553.03+272405.2,193.970968,+27.401445,17.152,16.633,15.789,14.784,0.015,0.012,0.013,0.010,433798000281,1,2010.2367,1
0.056618,1463682351480737792,194.2621518453727,27.63367350180621,55.34027042659073,88.65584281640494,0.021845443021533476,0.2018458,-0.19555596568465033,0.2561057,0.3081475960974004,0.1808314,18.665434,643.8334756565165,2.6528018,18.89639,18.400148,0.49624252,2016.0,J125702.91+273801.2,194.262166,+27.633683,18.082,18.003,17.266,16.589,0.031,0.044,0.049,0.043,433797801766,1,2010.2367,1
0.106627,1463686062332515712,194.29988066436277,27.704568820926724,57.52509428573346,88.59751319062022,-0.25158508814753383,0.16068968,0.09318423606695697,0.19055717,-0.2634655024016398,0.15796377,18.318405,886.3078511313346,2.1837692,18.386543,18.012335,0.37420845,2016.0,J125711.97+274216.4,194.299913,+27.704561,18.025,17.164,16.808,15.845,0.030,0.021,0.032,0.022,433797801618,1,2010.2367,1
0.117857,1469001135901091584,204.448463124857,33.05593085243876,66.34199342583119,78.36333247547496,0.013553574169002536,0.14074792,0.01305193281913354,0.11809202,-0.029706305304502613,0.16543819,18.711897,616.8618624361719,0.8674294,18.860792,18.268297,0.59249496,2016.0,J133747.63+330321.4,204.448485,+33.055958,18.027,17.263,16.891,16.070,0.029,0.025,0.025,0.026,433792753307,1,2010.2808,1
0.164135,1463714924513062784,194.63229170877827,27.89174565537368,59.23938177923641,88.2521057887896,0.2155875730812805,0.19698635,-0.21575029074022667,0.24986862,0.2954895896713101,0.24236226,18.746355,597.5917453143231,2.232308,18.912008,18.52708,0.38492775,2016.0,J125831.75+275330.1,194.632331,+27.891716,18.076,17.908,17.437,16.582,0.028,0.035,0.050,0.040,433797553530,1,2010.2367,-1
0.032468,1463720460725563520,194.59097581888975,27.967778484804533,62.002709287814625,88.25028969965776,0.287713920599579,0.5805776,-1.391464065532431,0.8144131,0.19733527270906864,0.73314977,18.453749,782.4328662295131,5.850631,16.226799,14.816736,1.4100628,2016.0,J125821.83+275804.0,194.590986,+27.967778,14.336,13.772,13.076,12.706,0.003,0.002,0.002,0.002,433797553432,1,2010.2367,1
0.174206,1469009249096281088,204.63030372006713,33.178058232524606,66.52695141574414,78.17176912592616,0.5051098725055626,0.41462606,0.4277513815331564,0.35618448,-1.0124379516439281,0.5455677,18.464827,774.4911291868484,5.6215997,16.577457,15.390166,1.1872911,2016.0,J133831.25+331041.0,204.630246,+33.178057,15.015,14.516,13.907,13.491,0.004,0.003,0.003,0.004,433792635173,2,2010.2808,1
0.182939,1469009249096281088,204.63030372006713,33.178058232524606,66.52695141574414,78.17176912592616,0.5051098725055626,0.41462606,0.4277513815331564,0.35618448,-1.0124379516439281,0.5455677,18.464827,774.4911291868484,5.6215997,16.577457,15.390166,1.1872911,2016.0,J133831.28+331041.1,204.630352,+33.178089,15.012,14.516,13.888,13.503,0.004,0.003,0.003,0.004,433792644259,1,2010.2808,1
0.089714,1469046838650202240,203.25196987311128,32.578662135968955,66.6089387620069,79.47519561208,-0.12494449897149143,0.45451573,0.039365410836192764,0.2694425,0.42965515339165894,0.4542449,18.609137,678.0970871845415,6.87472,16.905474,15.52554,1.3799334,2016.0,J133300.46+323443.1,203.251951,+32.578643,15.006,14.467,13.798,13.439,0.004,0.003,0.003,0.003,433793068824,1,2010.1467,1
0.154269,1469053981178285440,203.56530401500288,32.52981363409109,65.70379759748064,79.264810251814,-0.10780309333884341,0.12704319,-0.16965696055441915,0.11993964,0.024296473100972465,0.18416944,18.734066,604.394088669062,1.0841234,19.263176,18.084623,1.1785526,2016.0,J133415.67+323147.4,203.565312,+32.529856,17.567,17.154,16.419,15.942,0.018,0.020,0.015,0.020,433793094031,1,2010.1467,-1
0.143474,1463810620680108928,194.76732881128416,27.95914837564705,59.53049866567948,88.11538081093562,0.07111142533018966,0.6099124,-0.06270490182279082,0.7416912,0.009436554458888247,0.78082126,18.983822,480.1952105268896,5.452339,17.393805,16.058908,1.3348961,2016.0,J125904.14+275733.0,194.767289,+27.959167,15.620,15.082,14.402,14.096,0.005,0.005,0.005,0.006,433797532269,1,2010.2367,1
0.135255,1469108583099992960,202.76232000855404,32.787818490738246,68.74638989174169,79.729792378355,-0.02888501710518547,0.10796934,-0.037103825366336135,0.085325554,-0.10881013251540735,0.14749494,18.371523,843.9909180620359,1.196077,18.851084,17.732635,1.1184483,2016.0,J133102.95+324716.2,202.762323,+32.787856,17.495,16.873,16.328,15.776,0.018,0.018,0.027,0.023,433792870362,1,2010.2806,-1
0.139959,1463840028320034048,194.8790678864247,28.451536983448758,69.92485573581254,87.77673819765549,0.03032245575140964,0.1736268,0.16367495976018095,0.2551922,0.2674590777680735,0.21043374,18.686274,631.5933454013157,1.8485836,18.82653,18.395336,0.4311943,2016.0,J125930.98+282705.6,194.879105,+28.451558,18.501,18.134,17.658,16.597,0.036,0.044,0.070,0.038,433797014375,1,2010.1191,1
0.178048,1463847729197578112,195.09232798241197,28.40073073909934,66.231383952276,87.64999740234323,0.05565912884237798,0.087972715,-0.09092316894327192,0.120388,-0.02432150003740588,0.0992412,17.295937,2272.8577275116536,13.123546,17.048292,16.072844,0.9754486,2016.0,J130022.17+282402.7,195.092377,+28.400755,15.760,15.219,14.464,13.804,0.005,0.004,0.005,0.004,433797014561,1,2010.1191,1
0.007449,1463848004075507328,195.2004538813218,28.389093811685903,64.79957234909844,87.57498984563787,0.04236930299747104,0.087307915,0.041941692014959016,0.11979588,0.017030791070256145,0.090339735,17.402498,2060.3804858445055,1.7649579,17.606655,16.996143,0.6105118,2016.0,J130048.10+282320.7,195.200455,+28.389092,16.728,16.418,16.055,15.408,0.009,0.010,0.015,0.014,433797040654,1,2010.1191,-1
0.022242,1463900746273790848,194.23574353537268,28.623369964838975,84.1166041139315,88.07250240558415,-0.01790855641683682,0.51681435,-0.10992373445737574,0.65614676,-0.03101633347776836,0.58202666,18.652777,651.3827873919707,7.1451426,16.775259,15.477183,1.2980757,2016.0,J125656.57+283724.1,194.235742,+28.623376,15.043,14.538,13.904,13.578,0.004,0.003,0.003,0.004,433796776488,1,2010.2369,1
0.271036,1469179501599817600,203.8644603578234,33.192914871181976,68.12692540465602,78.72715090136303,-0.07661248501347748,0.07511793,-0.01781369712894234,0.063136436,0.04481026212577399,0.09569894,17.679028,1597.112164650937,2.941395,17.797085,17.443659,0.35342598,2016.0,J133527.48+331134.6,203.864523,+33.192969,17.388,16.574,16.554,15.863,0.016,0.013,0.031,0.026,433792665544,1,2010.2806,-1
0.113604,1463926962753038464,194.91577437566903,28.926572835275515,78.14426462482366,87.4449828103814,2.8280568805356954E-4,0.6250638,0.29974866792217114,0.82175094,0.20362447922625315,0.7206445,18.76201,589.0370879058171,4.5276394,16.4833,15.161576,1.321723,2016.0,J125939.79+285535.5,194.915798,+28.926549,14.815,14.322,13.541,13.349,0.003,0.003,0.003,0.003,433796484078,1,2010.1191,1
0.384791,1463926962753038464,194.91577437566903,28.926572835275515,78.14426462482366,87.4449828103814,2.8280568805356954E-4,0.6250638,0.29974866792217114,0.82175094,0.20362447922625315,0.7206445,18.76201,589.0370879058171,4.5276394,16.4833,15.161576,1.321723,2016.0,J125939.81+285535.6,194.915896,+28.926583,14.892,14.379,13.633,13.399,0.003,0.003,0.003,0.003,433796214797,2,2010.1191,1
0.193225,1463948471950813696,194.63394636159472,29.150848995841375,85.62046631644326,87.4428997375357,0.1574967225376669,0.24424456,-0.09331644935642405,0.3021378,0.3830114287234956,0.26424304,18.9495,495.6179676737593,3.3121932,19.346823,18.305563,1.0412598,2016.0,J125832.16+290902.9,194.634003,+29.150828,17.997,17.518,17.206,16.777,0.030,0.032,0.037,0.051,433796259673,2,2010.2369,-2
0.232812,1463948471950813696,194.63394636159472,29.150848995841375,85.62046631644326,87.4428997375357,0.1574967225376669,0.24424456,-0.09331644935642405,0.3021378,0.3830114287234956,0.26424304,18.9495,495.6179676737593,3.3121932,19.346823,18.305563,1.0412598,2016.0,J125832.16+290903.0,194.634019,+29.150836,18.043,17.606,17.320,16.918,0.024,0.028,0.049,0.068,433795993774,1,2010.1194,-1
0.030342,1469214239295347072,204.202536849581,33.489086052050695,68.71220308195021,78.33479065509346,-0.5522540642431467,0.50422627,0.013836879836336831,0.5011695,-0.4589195390708764,0.67244637,18.600462,683.5366417336318,4.616404,16.60631,15.274771,1.3315392,2016.0,J133648.60+332920.7,204.202527,+33.489084,,14.296,13.644,13.320,,0.003,0.003,0.003,433792580973,1,2010.2808,1
0.160701,1469215819843278848,203.99117736597958,33.430016075845515,68.89956898597909,78.51691456824067,-0.48689258881151587,0.56767577,-0.5365392481920377,0.44150558,0.886702197022309,0.72385097,18.340286,868.6249261252642,9.216162,16.000381,14.611992,1.3883896,2016.0,J133557.89+332548.1,203.991219,+33.430044,14.168,13.647,12.977,12.649,0.002,0.002,0.002,0.002,433792555453,1,2010.2806,1
0.058301,1463970599621368960,193.1770450840573,28.213382973267223,108.47519303386954,88.87901467273717,-0.10031480287906748,0.09802988,0.009894144831241153,0.13356471,0.08862619551485279,0.12750289,17.687603,1584.5485413343733,3.6057024,17.854301,17.347502,0.5067997,2016.0,J125242.49+281248.2,193.177056,+28.213396,17.260,17.033,16.561,16.144,0.018,0.020,0.026,0.030,433797269840,1,2010.2367,-1
0.117586,1463978807303806464,193.39902268627344,28.403436708590792,102.5316013796659,88.63837870094301,-0.10137598349174745,0.22168985,-0.023633769042038233,0.29078797,-0.40564655238841707,0.28145307,18.921421,508.6026797969292,2.4417589,19.085363,18.467838,0.6175251,2016.0,J125335.76+282412.4,193.399012,+28.403468,18.135,17.267,16.958,15.997,0.033,0.028,0.026,0.025,433797065458,1,2010.2369,-1
0.094582,1463979189555965824,193.2755772715567,28.37521967262353,106.57634761094666,88.69979982006993,-0.3065766275853473,0.17049964,-0.008343084775690894,0.20846418,-0.05573006922927423,0.19278088,18.347004,863.2667915770202,2.9362304,18.434639,18.081194,0.35344505,2016.0,J125306.13+282230.8,193.275553,+28.375235,17.489,17.140,16.551,15.643,0.020,0.026,0.019,0.019,433797065646,1,2010.2369,1
0.168618,1463985679251547392,193.33159984522933,28.5595483102059,106.78158796209298,88.50907064473768,-0.12372184434358877,0.19494392,-0.06714634023441059,0.24702041,-0.025975829558254233,0.23421071,18.708042,619.0557743717131,1.4143602,19.28037,18.182922,1.0974483,2016.0,J125319.57+283334.4,193.331564,+28.559583,17.516,17.121,16.741,,0.020,0.027,0.022,,433796765443,1,2010.2369,-1
0.023207,1469259319272000512,203.62454090716412,33.71217930660443,70.91901438328719,78.63049743914644,-0.17325393976928816,0.10677673,0.09555709132497472,0.0903913,-0.0013233801776846472,0.13267557,18.147076,1037.8059889541541,2.1782348,18.280436,17.863928,0.41650772,2016.0,J133429.88+334243.8,203.624534,+33.712182,17.439,17.106,16.561,15.725,0.026,0.028,0.023,0.020,433792479420,1,2010.3135,-1
0.118165,1469261277777494912,203.39237722715774,33.70218830659336,71.4110197777954,78.79821725884975,0.06172588390618659,0.08904703,-0.0619982832905628,0.07155509,-0.11895762567064413,0.11225386,17.726572,1528.6855396834621,3.3311388,17.974768,17.218477,0.75629044,2016.0,J133334.17+334207.8,203.392415,+33.702179,16.827,16.608,16.212,15.644,0.015,0.017,0.016,0.018,433792443190,1,2010.3135,-1
0.133227,1469262544790463232,203.60123906891297,33.74361587640877,71.10631669034565,78.62987806298023,0.09175505417036926,0.121284455,-0.04404653886689491,0.10458758,0.16792060803064693,0.15113612,18.40486,818.4701898136127,2.7176988,18.49319,18.140097,0.3530941,2016.0,J133424.28+334437.0,203.601198,+33.743630,17.374,17.585,16.888,15.979,0.024,0.042,0.031,0.025,433792479369,1,2010.3135,-1
0.087060,1469266294298918656,203.91183745552812,33.66868795284968,70.09525150851906,78.45091024500424,-0.2072734784965242,0.2898407,0.14279133687832757,0.24114992,0.2977731282044914,0.37012804,18.59862,684.6978753595766,3.3009076,16.884016,15.630322,1.2536936,2016.0,J133538.84+334007.3,203.911858,+33.668705,15.218,14.740,14.085,13.760,0.005,0.004,0.003,0.004,433792474592,1,2010.3135,1
0.071640,1474938086373961472,202.66829249961276,35.923886883774166,81.86139866639253,77.87849254591909,0.07858008571421564,0.06505318,-0.03337561831325726,0.08204191,-0.004706012468914202,0.119532734,18.270489,926.2986542908295,1.3057817,18.820011,17.610123,1.2098885,2016.0,J133040.39+355525.9,202.668292,+35.923867,17.418,16.882,16.346,15.696,0.020,0.022,0.034,0.027,433791765210,1,2010.3654,-1
0.118206,1464032206632237824,193.1971614519273,28.571961796561776,111.32605628995725,88.52574143214567,0.2447775936544044,0.12776685,-0.07870101882488856,0.17417513,0.09391397504609168,0.16057731,18.00248,1185.6458922506058,3.6502178,18.155018,17.628267,0.52675056,2016.0,J125247.31+283419.1,193.197147,+28.571992,17.466,16.615,16.358,,0.020,0.018,0.016,,433796765685,1,2010.2369,-1
0.291952,1469276499141247360,204.1358600885366,33.87596747095849,70.48347400462596,78.18358395134369,-0.0325821362137214,0.53005093,0.19902641980477104,0.44999874,1.4718624564295224,0.7588993,18.505367,746.1053552182551,3.6896966,16.621315,15.102273,1.519042,2016.0,J133632.62+335233.6,204.135946,+33.876006,14.528,13.986,13.296,12.901,0.003,0.002,0.002,0.002,433792357562,1,2010.3156,1
0.048881,1464037016995998720,193.1030028111217,28.70043991709679,115.19492365285639,88.41315347883517,0.2440836567156967,0.48113105,-0.5884843128959667,0.63737845,0.4712292922624239,0.5999929,18.689434,629.7570862605787,6.5232806,17.112339,15.778163,1.3341761,2016.0,J125224.72+284201.6,193.103010,+28.700452,15.318,14.803,14.130,13.717,0.005,0.004,0.003,0.004,433796777864,1,2010.2369,1
0.038561,1464044713576952064,192.7920547243307,28.651280549279022,125.15696507138772,88.47580411782326,-0.1374704840246938,0.16234104,0.10105957657291824,0.15590994,0.22258855791541235,0.15670751,18.35879,853.9478387621739,3.716713,18.514395,18.036766,0.4776287,2016.0,J125110.09+283904.5,192.792057,+28.651270,18.141,17.845,17.117,16.760,0.035,0.044,0.038,0.051,433796817949,1,2010.2369,-1
0.142066,1469287150660083968,203.68645936880898,33.89039019563071,71.5337825254837,78.49070911101444,0.20184796492763266,0.40837556,0.15381182093000684,0.32333478,-0.8129982232241164,0.4815111,18.551582,715.012437598524,3.598853,16.452768,15.075261,1.3775072,2016.0,J133444.75+335325.5,203.686468,+33.890429,14.594,14.084,13.317,13.026,0.003,0.003,0.002,0.003,433792378586,1,2010.3135,1
0.066662,1464051757323338880,193.01551582616523,28.80176533473908,118.26058046229716,88.32082032602551,-0.1624350230649594,0.18652327,0.12722202729240897,0.25815067,0.2778409604155149,0.26080048,18.653833,650.7493861395998,1.7060825,18.804884,18.347603,0.4572811,2016.0,J125203.71+284806.3,193.015497,+28.801757,18.760,18.504,17.593,17.084,0.053,0.074,0.045,0.064,433796512375,2,2010.2369,1
0.101156,1464051757323338880,193.01551582616523,28.80176533473908,118.26058046229716,88.32082032602551,-0.1624350230649594,0.18652327,0.12722202729240897,0.25815067,0.2778409604155149,0.26080048,18.653833,650.7493861395998,1.7060825,18.804884,18.347603,0.4572811,2016.0,J125203.72+284806.4,193.015510,+28.801793,18.880,18.406,17.596,17.138,0.070,0.097,0.053,0.078,433796487698,1,2010.2369,-1
0.102148,1458321137081744768,207.34885572436391,33.42893595795142,63.19742289001964,76.0094339327453,-0.12112166262606613,0.13434625,0.12300965488443119,0.1372869,-0.06322668741650136,0.18203124,18.85559,540.3939463511894,1.9205362,18.937609,18.47258,0.46502876,2016.0,J134923.73+332544.2,207.348882,+33.428954,18.363,17.875,17.157,16.283,0.034,0.040,0.031,0.030,433792580257,1,2010.2808,1
0.127255,1464055158937439744,193.02176571797597,28.869483132320664,118.26539314744502,88.25288171789722,0.18350975511328507,0.19983041,-0.05375378377291094,0.26613873,-0.15077311116263226,0.2333194,18.771494,583.9140000894142,2.5728202,18.924145,18.51436,0.40978432,2016.0,J125205.23+285210.2,193.021799,+28.869503,18.440,17.873,17.771,17.053,0.040,0.042,0.052,0.062,433796512384,2,2010.2369,-2
0.211827,1464055158937439744,193.02176571797597,28.869483132320664,118.26539314744502,88.25288171789722,0.18350975511328507,0.19983041,-0.05375378377291094,0.26613873,-0.15077311116263226,0.2333194,18.771494,583.9140000894142,2.5728202,18.924145,18.51436,0.40978432,2016.0,J125205.23+285210.2,193.021823,+28.869514,18.574,17.763,17.692,16.911,0.053,0.054,0.057,0.064,433796487885,1,2010.2369,-2
0.223626,1469299550228319232,201.1351467917104,31.43227968098664,65.7160286612915,81.60000620062706,-0.03322281873459462,0.097552285,0.01326880689881134,0.082806766,0.13136435379034356,0.11121395,17.869165,1340.5435817455302,2.234494,18.031641,17.523947,0.50769424,2016.0,J132432.44+312556.3,201.135191,+31.432329,17.606,16.795,16.569,15.699,0.018,0.014,0.023,0.021,433793900079,1,2010.1439,-1
0.168143,1469299790746489984,201.09017863756628,31.447433503003047,65.93394593214374,81.626299900495,0.06334551266559625,0.11166309,0.10952456383729556,0.10212772,-0.050236268314431176,0.13752478,18.268068,928.3661090795243,3.0136888,18.36298,18.09081,0.2721691,2016.0,J132421.64+312650.9,201.090206,+31.447474,18.166,17.134,16.926,15.888,0.028,0.019,0.032,0.026,433793900117,1,2010.1439,-1
0.253137,1458332166557142016,206.14641151376898,32.36388130966607,60.549184684098805,77.3444205697418,-0.12404680504899257,0.13059816,-0.014510505767136177,0.13542885,0.05201590167248595,0.18568484,18.869022,533.7497507965336,1.4355617,18.706661,17.889147,0.8175144,2016.0,J134435.15+322150.0,206.146484,+32.363916,17.536,17.164,16.367,15.418,0.018,0.023,0.025,0.016,433793223179,1,2010.2805,1
0.330209,1469310098668310144,201.24559484664297,31.688551738146653,66.9160987060541,81.39252989924076,-0.12721356992438232,0.13513431,-0.10538072008195519,0.13235043,-0.031967804935248256,0.1681286,18.604086,681.2596472056784,3.0886679,18.634052,17.986053,0.6479988,2016.0,J132458.96+314119.0,201.245673,+31.688615,17.706,17.228,16.469,15.351,0.018,0.017,0.019,0.014,433793759072,1,2010.1439,1
0.047350,1464082096972329088,193.23022585005742,29.077140023055268,113.49290988990344,88.02386587458923,0.07527534501693359,0.19219157,-0.13399721344320653,0.26732293,-0.45724268762303605,0.2604563,18.691473,628.5750974002209,1.5331571,19.02297,18.205256,0.8177147,2016.0,J125255.25+290437.7,193.230216,+29.077150,17.819,17.510,17.004,,0.028,0.044,0.031,,433796214299,1,2010.2369,-1
0.231971,1464084944535314816,193.36395538616364,29.06326186999103,110.0979582555101,88.0144808119725,-0.09094918606000262,0.19153197,-0.12454694991692145,0.2410557,0.24689032049444434,0.19699226,18.609774,677.6998785871547,1.1841846,18.817717,18.205173,0.6125431,2016.0,J125327.33+290347.9,193.363917,+29.063317,18.374,17.883,17.082,,0.045,0.061,0.033,,433796214287,1,2010.2369,-1
0.135520,1458351987828769152,206.06726573889122,32.63521911470243,61.810914347997766,77.30643953383318,0.029595277720846684,0.12585902,0.1555247091125741,0.12133841,-0.12009993391617582,0.18439882,18.885338,525.7894555320407,2.324999,18.978096,18.45006,0.5280361,2016.0,J134416.15+323806.7,206.067300,+32.635195,17.953,17.671,17.087,16.090,0.024,0.035,0.046,0.030,433793035470,1,2010.2805,-2
0.171435,1464097554558992000,194.0236183893431,28.828392107713288,92.04177272974216,88.013223651583,-0.03292337010666982,0.19877802,0.10848351870919726,0.23874432,-0.25637357420364093,0.21432947,18.551838,714.8442729917466,2.1592612,18.666502,18.3324,0.33410263,2016.0,J125605.67+284942.3,194.023664,+28.828418,18.455,18.178,17.610,17.034,0.046,0.073,0.052,0.070,433796491628,1,2010.2369,-1
0.065673,1458364769651220992,206.3350358266167,32.68680743211831,61.64366712946929,77.0781733600415,-0.04672653559137657,0.10592732,-0.030041676620593153,0.10878638,-0.07909026027070022,0.15564477,18.572618,701.2928427437863,0.9153782,18.830711,18.064137,0.76657486,2016.0,J134520.41+324112.4,206.335045,+32.686791,17.202,16.982,16.488,15.674,0.015,0.021,0.019,0.019,433792920578,1,2010.2808,1
0.134569,1469339583620872064,201.38476878434707,31.892540637855852,67.68734616111422,81.18767134688332,0.1626241315168382,0.18514995,-0.23205712168505374,0.20456053,-0.13654030637241427,0.2538258,18.715784,614.6575416007637,1.4683679,17.957514,17.084845,0.8726692,2016.0,J132532.34+315333.2,201.384770,+31.892578,16.811,16.440,15.851,15.493,0.011,0.012,0.010,0.014,433793567532,1,2010.1467,1
0.079405,1469353086998028544,201.29045795269045,32.01443255315494,68.63871374741214,81.19337804481995,0.2331708636611865,0.38317373,-0.3578814375060499,0.4190789,-0.2195751073832854,0.49490544,18.753016,593.9368626061765,3.3479977,17.186787,15.923649,1.2631378,2016.0,J132509.71+320052.0,201.290474,+32.014450,15.564,14.989,14.231,13.784,0.005,0.004,0.003,0.004,433793428678,1,2010.1467,1
0.172194,1469353086998028544,201.29045795269045,32.01443255315494,68.63871374741214,81.19337804481995,0.2331708636611865,0.38317373,-0.3578814375060499,0.4190789,-0.2195751073832854,0.49490544,18.753016,593.9368626061765,3.3479977,17.186787,15.923649,1.2631378,2016.0,J132509.72+320051.9,201.290514,+32.014438,15.567,15.069,14.235,13.770,0.005,0.004,0.003,0.004,433793567281,2,2010.1467,1
0.236630,1458376181382377472,206.15402069023685,32.735533871342916,62.10524821811807,77.20071664611498,0.017708350073621627,0.13657337,0.14528376896332007,0.13734607,-0.06120717169428375,0.19265272,18.931772,503.776079437193,0.8802088,19.147963,18.569674,0.57828903,2016.0,J134436.98+324407.8,206.154091,+32.735505,18.672,18.522,17.741,17.386,0.050,0.080,0.056,0.085,433792920412,1,2010.2808,-1
0.189376,1458376211444104832,206.1389113293862,32.73850250923123,62.13962198766898,77.21131855341424,0.11984087216224357,0.13179831,0.11427361447120989,0.142883,0.1697122241136155,0.19534826,18.913055,512.5362692355146,1.0365403,19.019245,18.612406,0.40683937,2016.0,J134433.35+324418.5,206.138971,+32.738487,18.700,17.785,17.480,16.615,0.052,0.041,0.045,0.043,433792920448,1,2010.2808,-2
0.113959,1469354319651861120,201.26550879485853,32.08467827453096,69.10101601785327,81.17436898156495,-0.04344178073671804,0.14631116,-0.0021040125686706086,0.14254358,0.14676639392068427,0.17692204,18.690693,629.0279423641614,1.2325217,18.880156,18.263382,0.6167736,2016.0,J132503.73+320504.8,201.265544,+32.084689,18.084,17.831,17.435,16.916,0.030,0.039,0.041,0.047,433793428517,1,2010.1467,-1
0.163003,1458377968088371072,206.24633522171925,32.784634577047754,62.17553602839518,77.11019951820684,-0.018066898522292915,0.12658067,0.003146369435492696,0.12747395,-0.066661728251862,0.1716389,18.823448,556.6310746777547,2.32214,18.961666,18.445702,0.5159645,2016.0,J134459.13+324704.6,206.246389,+32.784631,18.392,18.052,17.618,17.041,0.040,0.052,0.050,0.062,433792920342,1,2010.2808,1
0.150468,1469359851569783424,201.22729415452596,32.142792412011076,69.533847634405,81.17075499894128,0.0548381381975684,0.1635584,0.12724738678694278,0.16017325,-0.26216620001795754,0.20967796,18.900604,518.4478295927481,0.943675,19.393696,18.135153,1.258543,2016.0,J132454.56+320834.0,201.227343,+32.142798,17.563,17.090,16.467,15.759,0.020,0.021,0.018,0.017,433793428397,1,2010.1467,-1
0.099213,1464130922160611072,194.4224033993131,29.135201099411926,88.81780042406581,87.56542694692817,-0.13838979603926543,0.2212652,0.005467144823559076,0.27728757,-0.009530573403825654,0.23332523,18.93593,501.8512495358611,1.9213697,19.171537,18.652693,0.5188446,2016.0,J125741.38+290806.8,194.422421,+29.135224,18.485,18.198,17.432,16.811,0.043,0.058,0.040,0.061,433796252825,1,2010.2369,-1
0.161358,1464171015680136320,193.69546312344045,29.26801942388821,104.12846524856955,87.73696660804164,0.1623128002580823,0.20887174,0.12653336473222215,0.25641206,0.18428823558477203,0.22593501,18.724085,609.9757518786932,2.622545,18.92768,18.375677,0.55200195,2016.0,J125446.92+291604.9,193.695506,+29.268044,18.224,17.962,17.389,16.801,0.037,0.043,0.057,0.053,433795974414,1,2010.2036,-1
0.239177,1458447340400072192,205.94160713669436,33.09661930961271,63.92231642442015,77.22059137566116,-0.04260595921060271,0.1518847,-0.05987705297086459,0.14048703,0.057361062922073255,0.2011234,18.964508,488.8141409504238,1.6245388,19.1425,18.615204,0.52729607,2016.0,J134346.00+330547.7,205.941677,+33.096588,18.568,18.225,17.656,17.262,0.045,0.060,0.050,0.078,433792798719,1,2010.2808,-1
0.256088,1458451837228753792,205.85349307075347,33.20896560569587,64.52359583602762,77.24063422487099,0.04292240977522688,0.15271646,-0.16900357716425696,0.14035055,-0.1986459905126931,0.20033342,18.884317,526.2835297735079,1.7058135,19.01609,18.52325,0.4928398,2016.0,J134324.85+331232.2,205.853578,+33.208966,18.200,17.832,17.301,16.270,0.035,0.047,0.039,0.033,433792640216,1,2010.2808,1
0.161750,1469436989181882240,200.9962053856397,32.6234377158612,72.81964468141335,81.0624880737895,-0.1461903349418405,0.09509155,-0.028279238902137384,0.082028,0.0015397299601899554,0.108306155,17.766758,1473.139036003264,3.6567645,17.964771,17.438698,0.52607346,2016.0,J132359.10+323724.4,200.996258,+32.623445,17.291,17.052,16.636,16.201,0.017,0.025,0.021,0.027,433793040699,1,2010.1467,-1
0.107155,1469472006052135424,201.66432837723062,32.58742767942943,70.62729823882181,80.61934457973749,-0.19553509184527992,0.13829006,-0.004218892456234746,0.109011285,-0.21510505047513034,0.18214075,18.632347,663.7547916577021,2.6327567,18.915695,18.01367,0.9020252,2016.0,J132639.44+323514.8,201.664347,+32.587453,17.946,17.169,16.616,15.567,0.028,0.026,0.021,0.016,433793032473,1,2010.1467,1
0.158247,1469472006052135424,201.66432837723062,32.58742767942943,70.62729823882181,80.61934457973749,-0.19553509184527992,0.13829006,-0.004218892456234746,0.109011285,-0.21510505047513034,0.18214075,18.632347,663.7547916577021,2.6327567,18.915695,18.01367,0.9020252,2016.0,J132639.44+323514.8,201.664349,+32.587468,17.946,17.174,16.666,15.668,0.025,0.023,0.019,0.016,433793076034,2,2010.1467,1
0.162145,1464240014331010432,195.52149489542114,28.870763005118476,70.10267825565748,87.0742746880666,0.19637381777225352,0.21877573,-0.054804595971186656,0.25274765,0.4556841952199982,0.2429371,18.713177,616.1353200106771,1.6979632,19.001137,18.245924,0.7552128,2016.0,J130205.17+285214.8,195.521542,+28.870781,18.277,17.982,17.492,16.867,0.028,0.037,0.057,0.048,433796513001,1,2010.1191,-2
0.151728,1469501448051132416,201.96214584480947,32.925594765975646,71.48528608594248,80.22347651668437,-0.20582021221579916,0.15688233,-0.008372204355748975,0.10289208,0.011843452957892716,0.18383779,18.85315,541.6108016188504,1.5862489,18.956848,18.329264,0.62758446,2016.0,J132750.92+325532.2,201.962186,+32.925620,18.148,17.385,17.157,16.239,0.031,0.030,0.060,0.040,433792796373,1,2010.2806,1
0.177891,1464247436034500352,195.50194324574537,28.979752777983073,71.99546015872959,87.02256270119535,-0.137305552849722,0.19714937,-0.3303933695930098,0.2758426,0.03631745801301278,0.2394185,18.63832,660.1135077389371,1.1299876,18.812828,18.2759,0.5369282,2016.0,J130200.47+285847.2,195.501983,+28.979788,17.973,17.588,17.271,16.726,0.021,0.026,0.038,0.042,433796241991,1,2010.1191,-1
0.154493,1469512481823902080,201.41166451686513,32.57783941980325,71.30976884245504,80.80177953683004,-0.12621672456104338,0.29065886,-0.34750321803019835,0.32227877,0.059753976110901524,0.38454762,18.431183,798.8659713116663,4.1669474,16.88876,15.507818,1.3809414,2016.0,J132538.79+323440.3,201.411648,+32.577880,15.005,14.348,13.602,13.002,0.004,0.003,0.002,0.002,433793075470,1,2010.1467,1
0.153172,1469515466824292608,201.40791215187565,32.60433045665446,71.45787600813439,80.78951074585946,-0.09628365895021096,0.14521943,-0.06138574440298644,0.1362028,-0.014041923171382635,0.17632014,18.62674,667.1919192126508,2.0130649,18.80399,18.232906,0.57108307,2016.0,J132537.89+323615.7,201.407914,+32.604373,17.884,17.676,17.281,16.695,0.024,0.037,0.033,0.038,433793075460,1,2010.1467,-1
0.223904,1469518494778119296,201.38902120666157,32.716506941990566,72.08959955898965,80.7389465124511,0.26296164952650136,0.20217662,-0.2135687433673547,0.19475892,-0.48901901210391047,0.2494433,18.117462,1066.5024687065907,6.079339,17.167599,15.998667,1.168932,2016.0,J132533.36+324259.6,201.389007,+32.716568,15.573,15.085,14.389,14.057,0.005,0.005,0.006,0.006,433792888058,1,2010.2806,1
0.153689,1458538771663384064,206.2183042851832,33.3327610337724,64.45155431949118,76.91185021147687,-0.14117675515408185,0.1258999,0.09828914729718809,0.11597556,0.24586812976688888,0.17114931,18.751286,594.8845471761431,2.3454556,18.996136,18.276228,0.71990776,2016.0,J134452.40+331957.9,206.218354,+33.332771,17.765,17.736,17.142,16.259,0.022,0.036,0.031,0.030,433792675359,2,2010.2808,-2
0.403678,1458538771663384064,206.2183042851832,33.3327610337724,64.45155431949118,76.91185021147687,-0.14117675515408185,0.1258999,0.09828914729718809,0.11597556,0.24586812976688888,0.17114931,18.751286,594.8845471761431,2.3454556,18.996136,18.276228,0.71990776,2016.0,J134452.41+331957.6,206.218412,+33.332694,17.724,17.811,17.122,16.216,0.021,0.039,0.031,0.029,433792559547,1,2010.2808,-1
0.179300,1469535812086237056,201.23964674703825,32.86275045496121,73.28368252549086,80.7561824842457,-0.062287974508001075,0.09201382,-0.03515596752328187,0.08799437,0.004311513578706081,0.11075254,17.92306,1275.6238677988322,5.634085,18.249311,17.371614,0.877697,2016.0,J132457.52+325145.9,201.239706,+32.862750,16.892,16.564,16.140,15.641,0.012,0.014,0.024,0.022,433792888381,1,2010.2806,-1
0.219715,1469535812086237056,201.23964674703825,32.86275045496121,73.28368252549086,80.7561824842457,-0.062287974508001075,0.09201382,-0.03515596752328187,0.08799437,0.004311513578706081,0.11075254,17.92306,1275.6238677988322,5.634085,18.249311,17.371614,0.877697,2016.0,J132457.52+325146.1,201.239671,+32.862808,16.901,16.547,16.159,15.710,0.012,0.014,0.024,0.023,433792919449,2,2010.2806,-1
0.158403,1464280520166608512,196.04000459210428,29.328591623889288,71.81460413688684,86.43742768854823,-0.19233874446016966,0.21793011,0.021061867142799805,0.25271174,0.26492059983277266,0.21835722,18.793362,572.2714998500164,2.3776739,19.058867,18.345968,0.71289825,2016.0,J130409.61+291942.9,196.040055,+29.328593,18.427,17.864,17.242,16.805,0.032,0.033,0.044,0.055,433795966762,1,2010.1194,-2
0.226703,1464292649153841792,195.65249732969852,29.37410310286699,75.97649556083338,86.66903984067233,-0.05138657323815139,0.1456283,0.11139063971598454,0.2055186,-0.05696740651489776,0.16572946,18.4723,769.1782993159009,1.3366547,18.65038,18.0905,0.5598793,2016.0,J130236.61+292226.6,195.652565,+29.374081,17.803,17.548,17.191,16.331,0.021,0.026,0.043,0.037,433795727748,1,2010.1194,-2
0.239355,1469559344210353152,201.87736646563658,33.13278015402508,72.72351084946911,80.16426348225089,0.09498821896091826,0.15828729,-0.041757857784260985,0.10326065,-0.059077706681584685,0.17508689,18.678,636.4242341077769,1.7148837,18.848755,18.310995,0.5377598,2016.0,J132730.58+330758.1,201.877424,+33.132826,18.020,17.810,17.327,16.867,0.025,0.040,0.066,0.062,433792673801,1,2010.2806,-1
0.152538,1464303678629597056,195.10119838266175,29.029877603456363,77.32884926014444,87.25639581064989,-0.05965212399453071,0.19559312,-0.2207496696249615,0.24649243,-0.007619005343477807,0.21629764,18.67139,640.3106746098485,1.1637665,19.40116,17.908031,1.4931278,2016.0,J130024.29+290147.6,195.101244,+29.029892,17.615,17.201,16.796,16.191,0.018,0.022,0.029,0.029,433796214767,1,2010.1191,-1
0.110995,1464314261429164416,195.3702979744318,29.251106300063544,77.32781726899393,86.93361817482548,0.03072544872486231,0.22819977,-0.15431378666654233,0.30547512,0.06634443067943899,0.29641435,18.97715,483.15552158521473,1.3647312,19.168953,18.653673,0.51527977,2016.0,J130128.87+291504.0,195.370301,+29.251137,18.708,18.556,18.091,17.653,0.043,0.061,0.089,0.112,433795956575,1,2010.1194,-2
0.133177,1469588657363542016,200.34431379818878,32.341779494989,73.47807241448265,81.67238228140044,0.031283427141424375,0.16070788,-0.11429201190133695,0.1484367,0.0732259064814802,0.19484651,18.703436,621.6883519615052,3.044456,18.946419,18.179888,0.766531,2016.0,J132122.64+322030.4,200.344353,+32.341796,17.966,17.577,16.904,16.705,0.026,0.027,0.022,0.038,433793246165,1,2010.1467,-1
0.131258,1469593536446421120,200.66772881105936,32.465083455228296,73.04758225376847,81.37956615052289,-0.06432161620159539,0.10624103,-0.07556396460361053,0.097829625,-0.02593877189733891,0.12150116,18.151354,1033.725755552727,2.2601564,18.323175,17.80978,0.5133953,2016.0,J132240.25+322754.1,200.667728,+32.465047,17.165,16.981,16.533,15.634,0.015,0.020,0.019,0.016,433793045620,1,2010.1467,-1
0.100573,1464337351173586304,195.05938696012075,29.553613271342687,84.84757185867085,86.8967447730625,-0.23606742011881152,0.15841123,0.02455294440602229,0.22956742,0.1957523719999577,0.23224594,18.370762,844.5823863922182,1.8940939,18.558596,17.965044,0.59355164,2016.0,J130014.26+293313.0,195.059419,+29.553616,17.813,17.537,17.139,16.595,0.020,0.024,0.038,0.043,433795701972,1,2010.1194,-1
0.189049,1458608070958982016,208.00019161169345,32.93412380972163,60.49898395044147,75.6827232074906,-0.1417033639128409,0.11198249,-0.1245688978299427,0.13876253,-0.03397017736747576,0.17259651,18.694431,626.8651920659657,1.1694332,18.804867,18.47958,0.32528687,2016.0,J135200.06+325602.8,208.000254,+32.934119,17.887,17.807,17.266,16.342,0.026,0.042,0.037,0.034,433792786381,1,2010.2808,1
0.009886,1469621466617626240,200.67827575717612,32.64149731041777,73.95035798825778,81.26707640776405,0.05381779230941452,0.14099343,0.022525091940296497,0.13500872,-0.11393677671678801,0.18058258,18.761293,589.4260556913337,2.7658908,18.869007,18.29314,0.5758667,2016.0,J132242.78+323829.3,200.678279,+32.641498,17.233,17.196,16.467,15.529,0.016,0.025,0.018,0.015,433793046006,1,2010.1467,1
0.173482,1464359032167869056,195.41201356120433,29.660037747310017,81.96203902387963,86.61617139780421,-0.2657917133606138,0.20247065,-0.19200224195691618,0.280995,-0.0245578877237317,0.19429283,18.720263,612.1272938230119,1.5234178,18.913792,18.37163,0.54216194,2016.0,J130138.87+293936.3,195.411998,+29.660084,17.870,17.634,17.173,16.369,0.023,0.032,0.043,0.039,433795426172,1,2010.1194,-1
0.115102,1469627891888172928,201.0317829821032,32.800378231191566,73.61906655774122,80.93380470716572,0.05535665274120972,0.101515174,-0.07491379163575976,0.102576315,0.09497300257045967,0.12614107,17.99132,1197.8945179878046,5.477867,18.193058,17.626259,0.56679916,2016.0,J132407.62+324801.4,201.031787,+32.800410,17.708,17.389,16.823,16.534,0.021,0.029,0.043,0.048,433792919653,1,2010.2806,-2
0.114792,1458625697504790400,207.8380687030262,33.12036472399171,61.39851347832716,75.74510423057168,0.17020156198672784,0.0895163,-1.9306718297050553E-4,0.107115425,0.07246710100319526,0.1240659,18.27137,925.548190660785,1.2348031,18.450785,17.890127,0.5606575,2016.0,J135121.14+330713.2,207.838106,+33.120358,17.348,16.947,16.578,15.910,0.017,0.021,0.021,0.024,433792636651,1,2010.2808,-1
0.257115,1458628141343822464,207.98733252422113,33.217391824937195,61.584052352472156,75.59372371684245,0.001909974812837889,0.14274234,0.1589779628520801,0.16807687,0.0564742821743483,0.1837409,18.882526,527.1527368266643,3.366437,18.885607,18.53942,0.3461876,2016.0,J135156.97+331302.7,207.987412,+33.217418,18.575,17.768,17.338,16.410,0.041,0.036,0.038,0.036,433792663963,1,2010.2808,1
0.098510,1469636791061028608,200.70626621521606,32.80742177908019,74.71793998306111,81.14741367764081,-0.06272917759898078,0.1464284,-0.16894044922353973,0.14712022,0.02855789814429246,0.17964624,18.680664,634.8646233213195,2.0936213,18.878662,18.28379,0.5948715,2016.0,J132249.49+324826.7,200.706243,+32.807441,17.926,17.580,16.970,16.639,0.024,0.033,0.047,0.051,433792890186,1,2010.2806,-1
0.090963,1464372883439216640,195.43283494908368,29.926828694497193,84.60510472944904,86.40254547702696,0.18539661982952926,0.22019817,0.30242798527092524,0.333995,-0.23889797423804193,0.24481548,17.907276,1294.3049842755763,4.1304965,16.649206,15.566373,1.0828333,2016.0,J130143.88+295536.6,195.432859,+29.926843,15.181,14.682,14.007,13.600,0.004,0.003,0.003,0.004,433795282714,1,2010.1194,1
0.270597,1464372883439216640,195.43283494908368,29.926828694497193,84.60510472944904,86.40254547702696,0.18539661982952926,0.22019817,0.30242798527092524,0.333995,-0.23889797423804193,0.24481548,17.907276,1294.3049842755763,4.1304965,16.649206,15.566373,1.0828333,2016.0,J130143.86+295536.5,195.432752,+29.926807,15.455,,14.347,13.935,0.004,,0.004,0.005,433795225603,2,2010.1194,1
0.139484,1458630134208128512,208.12849200434883,33.20548775717042,61.371055598948445,75.48760461827348,0.036290359795843455,0.36131203,-0.06721049419596614,0.39131358,0.6237674877558386,0.5031332,18.981726,481.1237118121721,1.9921496,17.262743,15.857547,1.4051962,2016.0,J135230.84+331219.8,208.128534,+33.205504,15.415,14.879,14.193,13.817,0.005,0.004,0.003,0.004,433792664322,1,2010.2808,1
0.149224,1464380850602526976,196.23688587599705,29.55894305839791,72.9974609351758,86.16059558038044,-0.12876195722829603,0.13969086,-0.18427896056297663,0.15100934,0.03373719516670449,0.18288425,18.50111,749.0364885608495,1.1515105,18.721096,18.148678,0.5724182,2016.0,J130456.84+293332.2,196.236844,+29.558963,17.664,17.113,16.633,16.128,0.017,0.017,0.025,0.027,433795701603,1,2010.1194,-1
0.054029,1458640266033589376,208.47492069939145,33.26907335544562,61.20449954767272,75.19396381718792,0.16485327484891463,0.09312597,-0.043542495288660416,0.11066348,4.464689918045883E-4,0.13249491,18.312386,891.2348558953985,1.7162582,18.485167,17.920046,0.5651207,2016.0,J135353.98+331608.7,208.474917,+33.269088,17.421,16.855,16.599,15.899,0.017,0.017,0.019,0.022,433792673048,2,2010.2808,1
0.085154,1458640266033589376,208.47492069939145,33.26907335544562,61.20449954767272,75.19396381718792,0.16485327484891463,0.09312597,-0.043542495288660416,0.11066348,4.464689918045883E-4,0.13249491,18.312386,891.2348558953985,1.7162582,18.485167,17.920046,0.5651207,2016.0,J135353.98+331608.7,208.474919,+33.269097,17.417,16.857,16.574,15.795,0.018,0.020,0.022,0.023,433792623794,1,2010.2808,-1
0.083548,1458642052739992064,208.53892600167,33.33627825511528,61.377419940810626,75.12037056881813,-0.18464042282876558,0.10797003,0.07673473301390174,0.12132198,0.019150511921737407,0.15437281,18.549446,716.4214407035196,1.1339746,18.859928,18.023323,0.8366051,2016.0,J135409.33+332010.6,208.538902,+33.336290,17.458,17.095,16.419,15.970,0.019,0.024,0.019,0.026,433792623976,2,2010.2808,-1
0.151173,1458642052739992064,208.53892600167,33.33627825511528,61.377419940810626,75.12037056881813,-0.18464042282876558,0.10797003,0.07673473301390174,0.12132198,0.019150511921737407,0.15437281,18.549446,716.4214407035196,1.1339746,18.859928,18.023323,0.8366051,2016.0,J135409.33+332010.6,208.538876,+33.336283,17.517,17.033,16.438,15.943,0.019,0.022,0.020,0.025,433792532325,1,2010.2808,-1
0.176559,1469654142728803584,200.20852558678354,32.620735802312836,75.47469548560636,81.59165153654183,0.08467376466019629,0.21752009,-0.11158939149835043,0.16262828,0.04105135268092846,0.246335,18.992083,476.5557851600956,3.518316,19.050074,18.282183,0.76789093,2016.0,J132050.05+323714.8,200.208553,+32.620779,18.041,17.635,16.782,15.851,0.027,0.029,0.021,0.019,433793062857,1,2010.1467,1
0.041907,1464393190044449664,195.97024874763514,29.619222283776793,75.9671508292268,86.29948404035842,0.036066430472141656,0.092735164,0.03348521844896869,0.13101801,-0.0717914230154958,0.11181309,17.673418,1605.386230811085,2.205536,17.94596,17.086521,0.85943794,2016.0,J130352.86+293709.2,195.970254,+29.619233,16.161,16.211,15.495,14.654,0.007,0.009,0.011,0.009,433795432658,1,2010.1194,-1
0.071513,1464412908237741824,196.6093113541688,29.87176305361039,73.5925030572493,85.71259573798422,0.07285693324249568,0.15659264,-0.05400007729621589,0.11202767,0.10329941965008313,0.1898663,18.865341,535.5629123367555,1.4099299,18.924755,18.5939,0.33085442,2016.0,J130626.24+295218.3,196.609334,+29.871760,18.603,17.894,17.459,16.474,0.035,0.032,0.053,0.040,433795254576,1,2010.1194,-2
0.019219,1464414832383074432,196.44756610609303,29.84347500582106,74.50347084516528,85.83899221282337,-0.09281342418712972,0.16060041,0.06287400031333334,0.13269986,0.17089084760431597,0.22589955,18.819239,558.793810225123,1.6892414,18.928226,18.47234,0.45588684,2016.0,J130547.41+295036.5,196.447560,+29.843476,18.464,17.667,17.444,16.577,0.031,0.026,0.051,0.043,433795254262,1,2010.1194,-1
0.070688,1469685964142528768,200.03816497390034,33.090764805903646,78.52135230238913,81.395719184109,-0.19748151594353563,0.60842484,-0.4795888040716874,0.611815,-0.9737646207421168,0.70926565,18.601473,682.9004839139315,6.934069,16.589577,15.302595,1.2869816,2016.0,J132009.16+330526.6,200.038179,+33.090749,14.791,14.296,13.672,13.361,0.003,0.003,0.003,0.004,433792800320,1,2010.2806,1
0.144698,1469685964142528768,200.03816497390034,33.090764805903646,78.52135230238913,81.395719184109,-0.19748151594353563,0.60842484,-0.4795888040716874,0.611815,-0.9737646207421168,0.70926565,18.601473,682.9004839139315,6.934069,16.589577,15.302595,1.2869816,2016.0,J132009.15+330526.8,200.038144,+33.090801,,,13.715,13.364,,,0.003,0.004,433792795680,2,2010.3136,1
0.157603,1469709809800957952,200.07392093142033,33.14473898457216,78.65481998939013,81.3373355227885,-0.3758678698826736,0.7070232,0.4714829285886226,0.6069596,-0.6872389815005532,0.8259651,18.981308,481.30826525954177,2.808319,16.494755,15.162414,1.3323412,2016.0,J132017.74+330841.2,200.073939,+33.144780,14.766,14.271,13.638,13.268,0.003,0.003,0.003,0.003,433792671538,1,2010.2806,1
0.214187,1469710252181855616,200.13840004568345,33.195071462498966,78.66267900610094,81.26354554801102,-0.12264558094850933,0.12771623,-0.054368041642098616,0.114619516,-0.16396517133663913,0.14369154,18.196358,991.7529156180167,8.463132,18.323824,17.883644,0.44017982,2016.0,J132033.22+331142.3,200.138456,+33.195108,17.678,17.090,16.855,16.220,0.019,0.022,0.039,0.036,433792671762,1,2010.2806,-1
0.026505,1464453319586600704,196.04995813990465,29.89691085550198,78.32523777755411,86.06022611639867,0.03812813826412913,0.092202395,-0.02499101700423252,0.12209812,-0.07149904410442037,0.11697618,17.768166,1471.2304294921546,1.8439293,17.943619,17.467539,0.47607994,2016.0,J130411.99+295348.9,196.049960,+29.896918,16.713,16.300,15.785,15.255,0.010,0.010,0.014,0.015,433795224067,1,2010.1194,-1
0.081875,1464456442026672384,196.04250916281612,30.009179045736403,79.54547091190527,85.9861648598502,0.09825190226982457,0.15090078,0.10945743090295204,0.17631584,-0.007266244653845733,0.2049363,18.707348,619.4521517226024,0.93293136,18.81153,18.434713,0.3768158,2016.0,J130410.20+300033.1,196.042528,+30.009195,18.004,17.677,17.163,16.286,0.025,0.032,0.046,0.037,433795224316,1,2010.1194,-1
0.112574,1458712387124543232,208.17479333092638,33.694042742498375,63.115131938507076,75.27217802772486,-0.10226459732772519,0.13157666,-0.0105907086982426,0.14169818,0.1579792318955214,0.18040437,18.881609,527.5982540176142,2.8335392,19.081266,18.444193,0.6370735,2016.0,J135241.95+334138.5,208.174831,+33.694043,18.000,17.528,16.934,16.662,0.034,0.035,0.031,0.046,433792457430,1,2010.3156,-1
0.343677,1469731456436075264,201.3123754740596,33.098785046487876,74.22734946357515,80.56647508135553,-0.00470231239931169,0.10861364,0.0751708837497957,0.10237225,-0.17869764671824032,0.12610656,17.767303,1472.3992997566243,4.8792777,17.792011,17.157995,0.63401604,2016.0,J132514.98+330555.8,201.312449,+33.098858,16.840,16.396,15.548,14.447,0.011,0.012,0.014,0.008,433792764353,1,2010.2806,-2
0.152300,1464483006400559488,196.26977303380295,30.20191101647088,79.50667535691844,85.71086172870103,-0.1932468724550894,0.1070797,0.040350442109348385,0.082350224,0.09099277606273616,0.12893736,18.024553,1161.7844063228158,1.2465236,18.522629,17.395863,1.1267662,2016.0,J130504.75+301206.9,196.269820,+30.201923,17.178,16.744,16.180,15.554,0.014,0.015,0.016,0.018,433795075573,1,2010.1414,-1
0.090845,1458736816898240256,208.09149125256891,33.99105585147492,64.29494777405517,75.21993198573732,0.06011905715553323,0.11899049,0.07265114780182486,0.1215317,0.03347652954865681,0.17395264,18.67221,639.8273854327841,1.4645026,18.785229,18.405598,0.37963104,2016.0,J135221.96+335927.8,208.091518,+33.991068,18.389,18.224,17.277,16.699,0.047,0.068,0.043,0.049,433792387937,1,2010.3156,-2
0.193373,1458736816898240256,208.09149125256891,33.99105585147492,64.29494777405517,75.21993198573732,0.06011905715553323,0.11899049,0.07265114780182486,0.1215317,0.03347652954865681,0.17395264,18.67221,639.8273854327841,1.4645026,18.785229,18.405598,0.37963104,2016.0,J135221.96+335927.6,208.091523,+33.991009,18.375,18.142,17.339,16.802,0.041,0.055,0.040,0.050,433792297190,2,2010.3156,-2
0.058822,1458748705367943552,208.7639534243209,33.66144377089734,62.29132546347912,74.82913608448565,0.2449343499783766,0.12864307,0.039515407873640954,0.15363747,-0.30032436190901696,0.17779396,18.863605,536.4192352730979,1.0197747,19.046097,18.579725,0.46637154,2016.0,J135503.35+333941.2,208.763973,+33.661445,18.371,18.007,17.325,16.925,0.045,0.051,0.040,0.056,433792425182,1,2010.3156,-1
0.229772,1458754138503386624,208.99733620411902,33.78287790212284,62.45342638321665,74.60419013522912,-0.04426429200570693,0.09606409,-0.07402135147526627,0.11585366,0.0256625697948976,0.12700133,18.262379,933.2442341563744,3.9671574,18.341095,18.00353,0.33756447,2016.0,J135559.37+334658.5,208.997393,+33.782921,17.568,16.739,16.574,15.768,0.024,0.018,0.022,0.022,433792395493,1,2010.3156,-1
0.173424,1464504653034208768,195.97350666953136,30.442487756147816,84.20033481138458,85.70716187137323,0.11388474285750012,0.12460318,-0.18169627538321043,0.11239635,-0.1138833431973827,0.17079848,18.203274,985.4555348126753,2.8383448,18.499695,17.712044,0.78765106,2016.0,J130353.65+302633.0,195.973551,+30.442517,17.441,17.125,16.623,16.229,0.017,0.020,0.024,0.028,433794875336,1,2010.1414,-1
0.169639,1458757402678531456,208.9380278938077,33.80850209932519,62.611163536776786,74.64074380045663,-0.5210526238253212,0.36996236,-0.28958498225406387,0.42820853,0.3510389216134564,0.5551775,18.858393,539.0010337950184,4.1333976,17.16944,15.839929,1.3295107,2016.0,J135545.13+334830.7,208.938045,+33.808547,15.371,14.844,14.147,13.739,0.005,0.004,0.003,0.004,433792395454,1,2010.3156,1
0.149290,1458759425606389888,208.92016097597894,33.94833042205459,63.12169716530761,74.60276869695494,0.011263086800196657,0.1461761,-0.19971292125808263,0.17614162,0.07744945961584873,0.21814528,18.890684,523.2060511249483,0.9762832,19.111252,18.417692,0.69355965,2016.0,J135540.84+335654.0,208.920196,+33.948360,17.917,17.510,16.878,16.169,0.031,0.035,0.029,0.031,433792395220,1,2010.3156,-1
0.124074,1458766267490999552,208.5746324746592,33.81661193054181,63.066820595269185,74.9180868415592,0.06628417903269551,0.09729395,-0.10007001401651336,0.12256399,0.030082375382244664,0.13662192,18.250858,943.1984345781494,1.5445875,18.47803,17.827248,0.65078163,2016.0,J135417.92+334859.7,208.574674,+33.816610,17.107,16.886,16.356,15.522,0.016,0.019,0.018,0.017,433792365397,1,2010.3156,-1
0.282587,1469799209544057088,200.7870330608844,33.40683508849035,77.39615219957876,80.71633566366687,0.1639065402876329,0.14488411,0.08500757633323214,0.13646692,-0.05481558178584983,0.1693282,18.525402,732.4632103347462,2.731104,18.471931,17.726492,0.7454395,2016.0,J132308.89+332424.8,200.787057,+33.406911,17.541,17.057,16.235,15.275,0.017,0.020,0.025,0.015,433792553477,1,2010.2806,1
0.127672,1458785989980879744,209.2105360463665,34.08358171898717,63.25404217692468,74.32896821826117,0.16792136989656026,0.13121624,-0.15770794731401586,0.14990246,-0.06539496515127384,0.18576851,18.745354,598.1428663383781,3.4314277,19.0352,18.273243,0.76195717,2016.0,J135650.53+340500.9,209.210578,+34.083589,18.167,17.734,17.104,16.784,0.036,0.038,0.032,0.049,433792290848,1,2010.3156,-1
0.171430,1469809242587577216,200.9397284210454,33.665210824018935,78.08458847349138,80.45124274250985,-0.01795697589558922,0.1965065,0.06467473109817748,0.17016533,0.03523230712101929,0.19645412,18.949091,495.8041846943951,1.2920517,19.152412,18.616447,0.53596497,2016.0,J132345.54+333954.8,200.939779,+33.665233,18.669,17.989,17.610,17.062,0.071,0.057,0.064,0.065,433792478379,1,2010.3135,-1
0.194340,1458798080312107904,208.98954753152037,34.12748289319549,63.662405855253844,74.48180008301526,-0.18028362649385746,0.14290309,-0.01675216899891055,0.15121777,-0.04037816158390851,0.19705994,18.847647,544.3621730066886,1.2414614,19.241781,18.314308,0.92747307,2016.0,J135557.50+340739.0,208.989595,+34.127520,17.962,17.414,16.910,16.309,0.029,0.028,0.028,0.033,433792296493,1,2010.3156,-1
0.146062,1458812687497552128,209.18019260467446,34.47761649088029,64.63091038061086,74.20060867965674,0.011397382846573434,0.098964356,-0.0331678341734869,0.1345901,0.04780803265491295,0.16754197,18.505068,746.3112499502631,3.5665522,18.692333,18.116009,0.57632446,2016.0,J135643.24+342839.2,209.180196,+34.477576,17.726,17.310,16.687,16.418,0.026,0.033,0.040,0.041,433792120172,1,2010.3491,-1
0.199613,1458812687497552128,209.18019260467446,34.47761649088029,64.63091038061086,74.20060867965674,0.011397382846573434,0.098964356,-0.0331678341734869,0.1345901,0.04780803265491295,0.16754197,18.505068,746.3112499502631,3.5665522,18.692333,18.116009,0.57632446,2016.0,J135643.24+342839.2,209.180171,+34.477564,17.727,17.305,16.652,16.415,0.027,0.034,0.041,0.042,433792155064,2,2010.3491,-1
0.136331,1458831306178830848,208.58291583012607,34.32645410378343,64.84878470491763,74.7127631474614,-0.0791505381141611,0.1430268,0.01369377522933298,0.15419403,0.20774574979045882,0.19567278,18.907896,514.9778781737801,1.808299,18.978672,18.298986,0.6796856,2016.0,J135419.90+341935.3,208.582955,+34.326474,17.743,17.294,16.678,15.730,0.029,0.032,0.026,0.022,433792197083,1,2010.3156,1
0.100458,1464601337043236864,194.57807975470647,30.086819906647964,96.31881477565486,86.67906698014846,-0.03684065100786934,0.16230941,-0.2538607585220234,0.20769642,-0.06603463174564723,0.18236172,18.543419,720.408717801407,2.169819,18.631262,18.248804,0.38245773,2016.0,J125818.74+300512.5,194.578111,+30.086827,17.652,17.607,17.039,16.199,0.023,0.033,0.038,0.030,433795091238,1,2010.1414,-2
0.263321,1464609342862647680,194.22540443103514,30.06008670174058,101.00779236641631,86.83243982465817,0.11194666255169602,0.13773665,-0.23324501507307382,0.1851216,0.036392553875343465,0.1547917,18.302092,899.7250976167768,4.235438,18.455397,17.94369,0.5117073,2016.0,J125654.11+300336.3,194.225489,+30.060089,18.164,17.752,17.108,16.796,0.030,0.034,0.036,0.050,433795063869,1,2010.1414,1
0.108348,1469871781608239104,202.71891704802496,33.05859618793282,70.14015058988976,79.6191428589819,-0.1612796247869477,0.111349545,0.018569474295176653,0.080836765,0.030570324533622836,0.13764988,18.194363,993.5772237987816,4.460903,18.485727,17.432873,1.0528545,2016.0,J133052.54+330331.0,202.718946,+33.058614,16.777,16.343,15.701,14.994,0.011,0.011,0.016,0.012,433792757801,1,2010.2806,1
0.067790,1458865631557855488,209.03374578915108,34.66337469886002,65.4345656199534,74.23632301559087,0.0695010899356564,0.07543075,-0.2178367026080094,0.12966952,-0.1636887032118231,0.1620566,18.478916,764.5055203082317,2.502803,18.693907,18.078873,0.6150341,2016.0,J135608.10+343948.1,209.033762,+34.663388,17.473,17.304,16.791,16.018,0.023,0.040,0.046,0.030,433792067911,1,2010.3491,-1
0.293245,1458885839380340352,207.46073472175226,33.62177954266168,63.77569202934092,75.84781325310139,-0.09618857422160021,0.40852445,-0.12948541894473337,0.42963606,-0.0643472689562447,0.5844484,18.229517,961.9221261934173,6.7828693,15.71989,14.313784,1.406106,2016.0,J134950.59+333718.5,207.460826,+33.621809,13.857,13.345,12.680,12.397,0.002,0.002,0.001,0.002,433792430494,1,2010.3156,1
0.098104,1469903079033065728,202.70939558626654,33.311983974545825,71.33817799447479,79.48841805571276,-0.14148976484834025,0.13063668,-0.020104909774505846,0.101560906,-0.04050056416825812,0.13927923,18.444149,789.3825420434797,5.7481394,18.421932,18.114653,0.3072796,2016.0,J133050.26+331843.1,202.709427,+33.311977,17.436,17.422,16.664,15.689,0.019,0.033,0.041,0.024,433792627972,1,2010.2806,1
0.174330,1458886900235600384,207.42655495069988,33.66866747459249,63.99803972685633,75.85517667931566,-0.2600017668491765,0.13755198,-0.020239726950501108,0.1492002,0.23682394404505777,0.171314,18.853924,541.224295786498,1.2426322,19.025816,18.49753,0.528286,2016.0,J134942.37+334007.3,207.426571,+33.668714,18.395,18.229,17.357,16.970,0.044,0.064,0.042,0.058,433792451421,1,2010.3156,-1
0.042759,1458889305417283968,207.33671416673076,33.636211390724476,63.99931453451276,75.93670005583942,0.23869715692855245,0.12839748,0.016205436146189148,0.13645895,0.2945169698395784,0.16308673,18.56539,705.9776226832313,2.2919173,18.610388,18.155916,0.4544716,2016.0,J134920.81+333810.4,207.336711,+33.636223,17.091,17.112,16.415,15.474,0.015,0.024,0.019,0.016,433792451574,1,2010.3156,1
0.037638,1469909783477229312,203.10846284068276,33.512376758581574,71.25594840530997,79.09997453584339,-1.1256084829231303,0.71029353,0.2939619820811876,0.48887914,-0.4441220763978234,0.8955263,18.639833,659.1936464661367,11.736015,16.418627,15.132561,1.286066,2016.0,J133226.03+333044.5,203.108474,+33.512372,14.687,14.203,13.563,13.267,0.003,0.002,0.003,0.003,433792567829,1,2010.2806,1
0.262835,1458901232543107584,207.62405998257194,33.983509637966286,64.89269507002918,75.57709906848369,0.10042419963064035,0.12213643,0.0023317103834379926,0.13336448,-0.07799960936679114,0.17193404,18.626669,667.2355037597243,1.5987182,18.83307,18.293196,0.53987503,2016.0,J135029.79+335900.7,207.624140,+33.983540,18.144,17.775,17.552,17.061,0.036,0.043,0.051,0.063,433792362670,1,2010.3156,-1
0.125646,1469927714965626752,202.89857206360588,33.72549772990052,72.70871609291265,79.12616789832644,0.07680027072128565,0.18462954,0.15082872333624228,0.14294629,-0.17382313399479316,0.21565765,18.961159,490.3236778653598,1.3700522,19.127365,18.73946,0.38790512,2016.0,J133135.66+334331.9,202.898593,+33.725528,19.212,19.253,18.235,17.236,0.122,0.174,0.111,0.076,433792477578,1,2010.3135,1
0.167100,1458915320035840000,207.49692990704372,34.08162327025627,65.4283314507857,75.63180478700399,0.07211782060433612,0.1219554,0.24450491289017878,0.13181771,-0.025183037055007608,0.17352583,18.72564,609.10304382174,0.82670206,19.088991,18.198448,0.890543,2016.0,J134959.27+340453.9,207.496978,+34.081647,17.892,17.532,17.117,16.723,0.032,0.039,0.038,0.053,433792267886,1,2010.3156,-1
0.107594,1458923527716790912,207.82931804250137,34.059850894696915,64.89030470147097,75.39063322195761,0.0011302536987496253,0.09218638,0.039864163681035555,0.10051136,0.005686517875146537,0.13802627,18.313145,890.6124215696262,2.3742015,18.546408,17.866888,0.67951965,2016.0,J135119.04+340335.4,207.829354,+34.059849,17.543,17.013,16.433,15.922,0.020,0.021,0.018,0.023,433792317655,1,2010.3156,-1
0.283883,1469951457544403968,201.92031478674394,33.40539567048977,73.88369694201712,79.9756213191812,-0.25235025470558486,0.15600726,-0.08603427114533696,0.112674296,0.02396739980392772,0.20946573,18.700838,623.1771752026482,0.8871936,19.437384,17.915209,1.5221748,2016.0,J132740.89+332419.6,201.920382,+33.405451,17.338,16.857,16.265,16.132,0.015,0.017,0.024,0.034,433792572205,1,2010.2806,-1
0.153353,1469953008029628672,202.06073342100206,33.48793191469491,73.8671240442962,79.83233325536264,-0.131485377926256,0.16210966,-0.1689251256088261,0.10890057,0.26010126987588966,0.18669857,18.75779,591.3310615749461,0.80321735,19.453182,17.966253,1.4869289,2016.0,J132814.57+332916.7,202.060741,+33.487974,17.323,16.867,16.288,16.189,0.015,0.017,0.027,0.035,433792550291,1,2010.2806,-1
0.184434,1469953965805330176,201.99280006044336,33.527243174649975,74.23735016926356,79.85450847055313,0.16941504795887022,0.17639607,0.007171163891565306,0.11859798,-0.04781302028858928,0.22626515,18.936798,501.4496801315331,0.8040714,19.605719,18.151472,1.4542465,2016.0,J132758.27+333138.2,201.992825,+33.527290,,,16.068,16.129,,,0.022,0.034,433792550745,2,2010.3136,-2
0.406871,1469953965805330176,201.99280006044336,33.527243174649975,74.23735016926356,79.85450847055313,0.16941504795887022,0.17639607,0.007171163891565306,0.11859798,-0.04781302028858928,0.22626515,18.936798,501.4496801315331,0.8040714,19.605719,18.151472,1.4542465,2016.0,J132758.30+333138.2,201.992924,+33.527289,17.529,17.038,16.395,16.351,0.017,0.020,0.027,0.041,433792572337,1,2010.2806,1
0.263870,1469955207052882688,201.88006022054873,33.499778054681165,74.43309036570227,79.94622363349029,-0.14381851812886737,0.1744501,0.058925051914942836,0.1173135,-0.030977299328756217,0.22229472,18.839136,548.646280898309,0.82700163,19.574362,18.02876,1.5456009,2016.0,J132731.22+332959.4,201.880101,+33.499843,17.384,16.956,16.298,16.180,0.016,0.019,0.025,0.035,433792572026,1,2010.2806,-1
0.058595,1469960631594589824,202.11483654236832,33.61199850317074,74.27833627509595,79.72233430338146,-0.0022075652031391044,0.15667602,-0.19268529384990357,0.112122804,-0.08059441525941746,0.1965838,18.850042,543.1620665141944,1.200046,19.565754,18.069508,1.4962463,2016.0,J132827.56+333643.2,202.114856,+33.612000,17.398,16.967,16.394,16.298,0.024,0.024,0.023,0.033,433792470755,2,2010.3135,-2
0.170000,1469960631594589824,202.11483654236832,33.61199850317074,74.27833627509595,79.72233430338146,-0.0022075652031391044,0.15667602,-0.19268529384990357,0.112122804,-0.08059441525941746,0.1965838,18.850042,543.1620665141944,1.200046,19.565754,18.069508,1.4962463,2016.0,J132827.56+333643.3,202.114871,+33.612036,17.419,16.970,16.440,16.253,0.024,0.023,0.022,0.031,433792422039,1,2010.3135,-1
0.344949,1464713491526236416,195.55130146247043,30.689097079758664,90.07919070068583,85.73050610410837,-0.019349091160893245,0.14764634,0.15473174798795558,0.19574082,-0.12445923634966319,0.1498605,18.15623,1029.092538534038,2.2317996,18.22767,17.894163,0.33350754,2016.0,J130212.33+304120.6,195.551409,+30.689072,17.771,16.930,16.794,15.921,0.021,0.016,0.025,0.024,433794730438,1,2010.1414,-2
0.171242,1464744548433319424,194.9106048098975,30.631090409372565,96.27547344769287,86.06380345947902,-0.09476376141432044,0.2191534,-0.08384151139253529,0.29564723,0.24150143586822362,0.2556908,18.652563,651.5104856599926,6.203353,18.214201,17.06865,1.1455517,2016.0,J125938.54+303752.0,194.910606,+30.631138,16.349,15.837,15.107,14.171,0.009,0.008,0.007,0.007,433794691097,1,2010.1414,1
0.266275,1470011625743662592,203.1967019670793,33.82497975081619,72.40426160518436,78.86553201191334,-0.1076866420244313,0.18034212,0.020428719324832638,0.13599046,-0.16961869754958397,0.24767578,18.887154,524.9107227005288,1.86829,18.922138,18.665195,0.25694275,2016.0,J133247.22+334930.0,203.196782,+33.825012,18.300,17.451,17.268,16.515,0.050,0.037,0.049,0.044,433792348396,1,2010.3135,-2
0.181126,1470013098915387520,203.34971053509125,33.76554561120618,71.78379475070393,78.7930623239004,0.20771038984141746,0.1459285,-0.08127386389538455,0.11380535,-0.15694605069420053,0.17459422,18.65498,650.0624841129346,1.4651514,18.995958,18.202898,0.7930603,2016.0,J133323.94+334555.9,203.349769,+33.765533,17.948,17.700,17.064,16.492,0.037,0.045,0.035,0.037,433792443262,1,2010.3135,-1
0.304501,1458999295236388608,207.6286562227236,34.44450212085987,66.54952231889995,75.37727838836338,-0.19871968075077773,0.12395948,-0.08677317602798093,0.12617725,0.2886763524045256,0.17002401,18.620665,670.9360821249852,1.4931527,18.72698,18.298883,0.42809677,2016.0,J135030.90+342640.1,207.628753,+34.444474,18.018,17.669,17.054,16.241,0.035,0.046,0.060,0.039,433792114876,1,2010.3491,-1
0.208018,1464768291011903488,195.42681647698228,30.926477297625944,92.96225574007708,85.58841014934266,-0.38930127555358734,0.22512831,0.11165618778515725,0.33833346,-0.26503520323151875,0.24708667,18.996912,474.4406434556289,0.7549775,19.625006,18.291948,1.3330574,2016.0,J130142.43+305535.5,195.426829,+30.926534,17.687,17.301,16.709,16.579,0.021,0.027,0.039,0.045,433794323478,1,2010.2802,-1
0.201285,1464770764913074432,195.58343882728107,30.939142211233808,91.5800940093764,85.50657322523357,0.2757853722130128,0.19520189,0.059149385896984104,0.22873247,-0.2549748870846296,0.24175529,18.835348,550.563871588899,1.9381509,18.951786,18.215895,0.73589134,2016.0,J130220.04+305620.9,195.583503,+30.939152,17.644,17.224,16.488,15.655,0.020,0.021,0.028,0.019,433794278800,1,2010.2802,1
0.254350,1459016784343194624,207.42820109506658,34.616699425802175,67.45401396907234,75.44821119036811,0.03850888245359619,0.0941054,-0.035144165130007655,0.09120229,0.11014575623043435,0.12142798,18.154598,1030.640687833585,1.7730002,18.367712,17.778801,0.58891106,2016.0,J134942.78+343700.2,207.428261,+34.616750,17.733,17.323,16.876,16.573,0.025,0.030,0.048,0.048,433792112369,1,2010.3491,-1
0.434407,1459016784343194624,207.42820109506658,34.616699425802175,67.45401396907234,75.44821119036811,0.03850888245359619,0.0941054,-0.035144165130007655,0.09120229,0.11014575623043435,0.12142798,18.154598,1030.640687833585,1.7730002,18.367712,17.778801,0.58891106,2016.0,J134942.77+343700.5,207.428234,+34.616817,17.633,17.264,16.994,16.497,0.026,0.034,0.058,0.048,433792128964,2,2010.3491,-1
0.115380,1470030317440980096,203.2268728248835,33.95766215541563,72.89545572825928,78.7698346832555,-0.15620432096219258,0.10038236,-0.016530816058358617,0.07964424,-0.10043472606622587,0.12038267,18.060402,1124.0511794328108,2.6980975,18.201988,17.763653,0.43833542,2016.0,J133254.45+335727.6,203.226901,+33.957684,17.831,17.313,17.065,16.589,0.033,0.032,0.040,0.046,433792348356,1,2010.3135,-1
0.138468,1464794301333606656,195.54055813268982,31.296438024421867,94.26625049641568,85.22036666475168,-0.15203346327867512,0.17090265,-0.15690567903379932,0.16494796,0.1505634883684981,0.24329504,18.469566,771.1164884445786,1.9116633,18.679352,18.159868,0.51948357,2016.0,J130209.74+311747.1,195.540600,+31.296424,17.937,17.696,17.341,16.677,0.024,0.031,0.061,0.047,433794101931,1,2010.2802,-1
0.272648,1464794301333606656,195.54055813268982,31.296438024421867,94.26625049641568,85.22036666475168,-0.15203346327867512,0.17090265,-0.15690567903379932,0.16494796,0.1505634883684981,0.24329504,18.469566,771.1164884445786,1.9116633,18.679352,18.159868,0.51948357,2016.0,J130209.75+311747.1,195.540644,+31.296419,18.670,17.713,17.353,16.821,0.045,0.033,0.064,0.056,433794136431,2,2010.2802,-1
0.068902,1459043962894631680,207.96782121581865,34.48423835093028,66.21304253113261,75.10815276270803,-0.12406178368473147,0.13029094,-0.003027387073971159,0.13730799,0.17068004478274054,0.1787694,18.533499,727.0211377052169,4.080484,18.66777,18.163017,0.5047531,2016.0,J135152.27+342903.3,207.967805,+34.484252,17.823,17.519,,16.174,0.048,0.045,,0.045,433792145727,1,2010.3491,1
0.062502,1470058866086615168,203.4904644610547,34.21316536381472,73.32649729061077,78.44473217134136,0.07606204157487462,0.14249377,-0.17202761793878532,0.1252986,-0.05011544377993018,0.16765647,18.775745,581.6320952536253,1.5591242,18.884102,18.497465,0.38663673,2016.0,J133357.70+341247.4,203.490447,+34.213175,18.453,18.534,17.743,17.026,0.062,0.109,0.067,0.066,433792280347,1,2010.3135,-1
0.129613,1470058866086615168,203.4904644610547,34.21316536381472,73.32649729061077,78.44473217134136,0.07606204157487462,0.14249377,-0.17202761793878532,0.1252986,-0.05011544377993018,0.16765647,18.775745,581.6320952536253,1.5591242,18.884102,18.497465,0.38663673,2016.0,J133357.70+341247.4,203.490434,+34.213191,18.378,18.477,17.824,16.838,0.055,0.112,0.071,0.056,433792184153,2,2010.3135,-2
0.132148,1459055782646356608,208.2127982650141,34.776682939065616,66.8903275381421,74.79953211095516,0.08557810752392901,0.06657735,-0.06505326287014503,0.09199951,-0.014220848869958606,0.110066496,18.181112,1005.777510819922,2.1729803,18.33121,17.841896,0.48931313,2016.0,J135251.08+344636.0,208.212843,+34.776682,17.371,17.213,16.598,15.967,0.020,0.030,0.040,0.029,433792069491,1,2010.3491,-1
0.060371,1459066193647085824,208.43408458023748,34.8038141581586,66.68246283887547,74.62415188695637,-0.06563370811474473,0.18347313,0.1270040063996008,0.2788737,-0.43863865711504685,0.35180584,18.68603,631.7352977816873,2.735957,16.547232,15.148446,1.3987856,2016.0,J135344.17+344813.7,208.434078,+34.803830,14.758,14.233,13.512,13.145,0.003,0.003,0.003,0.003,433792032052,1,2010.3491,1
0.034859,1459067842914528512,208.4833546561719,34.854176731737084,66.78720039574308,74.56585947944978,0.08570647246847136,0.08973246,-0.10920765503981145,0.13805869,0.09024674907904773,0.16950816,18.77713,580.8909896470803,2.623516,18.806442,18.181435,0.6250076,2016.0,J135356.00+345115.0,208.483343,+34.854176,18.054,17.517,16.673,15.815,0.037,0.046,0.040,0.024,433792031966,1,2010.3491,1
0.079453,1464841206672494336,193.10410020538376,29.222570929040874,117.11080797211619,87.89460962728705,0.028840821648062284,0.085533075,-0.16582717921985912,0.115117945,-0.02960132361158322,0.10401345,17.324575,2213.6891791964204,3.7794733,17.447699,17.044853,0.40284538,2016.0,J125224.98+291321.3,193.104102,+29.222593,16.750,16.016,15.833,15.052,0.011,0.008,0.014,0.011,433795945574,1,2010.2036,-1
0.267406,1464853816696437888,192.7821894159975,29.316478921376035,124.69633749466597,87.81071183476399,0.10820913565172124,0.15345171,-0.0821465037021719,0.15096596,-0.09389450143522728,0.15653208,18.45891,778.7228584941066,2.0212302,18.668633,17.925928,0.7427044,2016.0,J125107.74+291859.3,192.782273,+29.316493,17.491,17.143,16.617,15.889,0.019,0.020,0.030,0.022,433795991392,1,2010.2036,-2
0.096341,1459097289210237696,207.7108284407214,34.663290593809236,67.20418317146346,75.21965142350862,0.005518424149801748,0.08843108,-0.21530879497437067,0.11435537,0.025858012071048812,0.15127249,18.362997,850.6438227840811,1.6425146,18.563683,17.859516,0.7041664,2016.0,J135050.60+343947.8,207.710860,+34.663297,17.978,17.443,17.079,16.425,0.034,0.036,0.061,0.042,433792039512,1,2010.3491,1
0.115338,1470106733499050240,202.83818724841183,34.447880695428076,75.89769977546074,78.73913161767187,0.001715594357056413,0.33933654,0.1675514873508673,0.24428095,0.048492662735733924,0.416151,18.714632,615.3097702930692,3.333627,17.535784,16.322466,1.2133179,2016.0,J133121.17+342652.4,202.838214,+34.447904,15.846,15.305,14.568,14.048,0.006,0.005,0.006,0.007,433792131687,1,2010.3571,1
0.223320,1459109757498656896,207.9129472813323,34.94322421683599,67.88284428478472,74.94508541378283,0.11774482528784667,0.06419238,-0.03157615772494794,0.097231194,-0.12725075404568617,0.1168406,18.296188,904.6307591247224,1.8070841,18.487776,17.845572,0.6422043,2016.0,J135139.11+345635.8,207.912985,+34.943278,17.576,17.374,16.913,16.149,0.020,0.030,0.047,0.032,433791991882,1,2010.3491,-1
0.161754,1464898617499991168,192.2270328602869,29.49992007347618,135.99465132017912,87.5638675675652,0.018362051705065014,0.1571687,0.2722332481192157,0.1668146,0.32690930297455667,0.17466363,18.468452,771.9078049413689,2.4214978,18.724607,18.115683,0.60892487,2016.0,J124854.49+292959.8,192.227054,+29.499961,17.597,17.344,16.957,16.499,0.021,0.024,0.037,0.040,433795695265,1,2010.2036,-1
0.180282,1470132430286599552,202.97903809584855,34.63611501139401,76.2881550330904,78.53183062493488,-0.26572859447289127,0.14013474,0.00831959861184886,0.11354212,-0.0864516375350365,0.16041984,18.587202,691.9361378754054,2.8737996,18.75902,18.262764,0.49625587,2016.0,J133154.96+343810.1,202.979014,+34.636161,18.008,17.640,16.961,16.704,0.031,0.037,0.047,0.071,433792143088,1,2010.3571,-1
0.215481,1464919581235615744,192.51895346340257,29.559725507599588,129.87840204610148,87.55012876924651,-0.34597794816848293,0.40896264,0.11940121245410297,0.39831406,0.07299854803374022,0.41900143,18.882755,527.0415719246826,2.2546804,18.14946,17.107313,1.0421467,2016.0,J125004.56+293334.9,192.519022,+29.559720,16.704,16.213,15.643,15.285,0.011,0.011,0.012,0.014,433795714199,1,2010.2036,1
0.124916,1470162185819992832,201.68937904314282,33.792201515261944,76.30843902802516,79.89178487961101,-0.051780418387884115,0.16503088,-0.041525785896883244,0.11351359,-0.19522663508570964,0.19935663,18.669157,641.6292796347808,0.9848305,19.389881,17.864517,1.5253639,2016.0,J132645.45+334732.0,201.689384,+33.792236,17.246,16.911,16.285,16.180,0.022,0.023,0.020,0.030,433792390381,1,2010.3135,-2
0.145294,1459159205458771072,208.1084534368833,35.43116528967342,69.24295881274,74.57653363800391,0.035337674700053945,0.061447416,-0.015286823950125303,0.10848304,-0.040156216463426306,0.12829323,18.195904,992.167773924634,7.861284,18.270363,17.305323,0.9650402,2016.0,J135226.04+352552.1,208.108502,+35.431157,16.722,16.318,15.561,14.578,0.012,0.013,0.013,0.009,433791889109,1,2010.3654,1
0.107251,1459160369393798400,208.28712308829842,35.48946541922399,69.17733225478234,74.4207449206442,-0.07687801448526284,0.09663215,0.18240877081161533,0.16261287,-0.34108630417215985,0.19968142,18.96264,489.65526717997113,1.7146637,19.108175,18.678907,0.42926788,2016.0,J135308.91+352922.1,208.287127,+35.489495,18.406,18.160,17.389,16.875,0.046,0.063,0.066,0.065,433791886857,1,2010.3654,-1
0.204246,1464938990191783552,193.4207805884198,29.435015004397407,110.96949264231473,87.64088301879434,0.0786127766399472,0.21180576,0.3217011572295725,0.24932696,0.017023784510164133,0.19826168,18.807817,564.7024635865426,2.4392312,19.010101,18.462685,0.5474167,2016.0,J125341.00+292606.1,193.420839,+29.435040,18.412,17.950,17.544,16.972,0.039,0.038,0.059,0.060,433795683776,1,2010.2036,-1
0.239035,1459177721061110144,197.15315040853787,24.93906730533135,4.315519676120938,85.56464412060289,-0.15480674068784514,0.19925873,0.08097907602168694,0.16821909,-0.016384942480265813,0.1355418,17.734257,1517.9024435091999,6.1500454,17.882683,17.386328,0.49635506,2016.0,J130836.76+245620.8,197.153167,+24.939132,16.808,16.779,16.116,15.001,0.014,0.015,0.015,0.010,433800997643,1,2010.1654,-1
0.226391,1470186929128689792,202.11974033746054,34.14978226364714,76.60894928084099,79.38946292602522,-0.14598806427633265,0.19468057,-0.13679719645988378,0.14248745,-0.02247761906217761,0.208467,18.974499,484.33637455362674,1.538826,19.145058,18.644445,0.50061226,2016.0,J132828.75+340859.3,202.119802,+34.149819,18.515,18.414,17.920,16.956,0.066,0.094,0.092,0.064,433792262728,1,2010.3135,-1
0.369083,1470186929128689792,202.11974033746054,34.14978226364714,76.60894928084099,79.38946292602522,-0.14598806427633265,0.19468057,-0.13679719645988378,0.14248745,-0.02247761906217761,0.208467,18.974499,484.33637455362674,1.538826,19.145058,18.644445,0.50061226,2016.0,J132828.76+340859.3,202.119848,+34.149833,18.615,18.332,17.630,16.997,0.060,0.072,0.061,0.060,433792313672,2,2010.3135,-2
0.170182,1459178236457193600,197.18168235337902,24.96557388223882,4.779703732370299,85.55566768726379,0.25665731751620835,0.3462952,0.28359446758009094,0.32109937,-0.10957864863621017,0.23987228,18.708088,619.0298841383648,1.7433449,18.875673,18.337467,0.5382061,2016.0,J130843.61+245756.2,197.181710,+24.965614,18.289,17.808,17.218,16.851,0.038,0.038,0.037,0.049,433800751837,2,2010.1654,-2
0.282026,1459178236457193600,197.18168235337902,24.96557388223882,4.779703732370299,85.55566768726379,0.25665731751620835,0.3462952,0.28359446758009094,0.32109937,-0.10957864863621017,0.23987228,18.708088,619.0298841383648,1.7433449,18.875673,18.337467,0.5382061,2016.0,J130843.60+245756.3,197.181689,+24.965652,18.159,17.754,17.139,16.821,0.042,0.036,0.036,0.047,433800997587,1,2010.1654,-1
0.140546,1470205036710410240,201.9871664024773,34.36642166567659,77.8915829419636,79.33575992737605,0.454017042330586,0.6547739,0.5138994439714223,0.35785276,0.9952705743343062,0.6887244,18.474993,767.2723249897697,7.0603313,16.385767,15.029983,1.3557844,2016.0,J132756.92+342159.1,201.987206,+34.366443,14.509,14.003,13.335,12.982,0.003,0.002,0.002,0.003,433792241887,1,2010.3135,1
0.035104,1470221013988673408,201.46249336778922,34.09933779944764,78.3334789793615,79.83887077700346,-0.29379957499558074,0.14791529,-0.027148674605593767,0.116377436,-0.20559639980142252,0.19559638,18.674372,638.5543604313856,3.2393658,18.669638,17.986242,0.6833954,2016.0,J132551.00+340557.6,201.462505,+34.099337,17.730,17.135,16.408,15.437,0.034,0.030,0.024,0.017,433792277402,1,2010.3135,1
0.019704,1470222938134024960,201.44866785463995,34.22242858420702,78.89854375196258,79.76624491511721,0.06584199414361368,0.08661219,0.01243671874656041,0.07000089,-0.0030367624611428723,0.11899145,17.959028,1234.0571599278264,1.60805,18.164688,17.52119,0.64349747,2016.0,J132547.68+341320.7,201.448673,+34.222432,17.339,17.000,16.488,16.083,0.024,0.026,0.026,0.029,433792207461,1,2010.3135,-1
0.122516,1459203387785874176,197.20927948453547,25.0658320328415,6.06923378841871,85.58312361290244,-0.3508720477164391,0.27859795,0.07488955040901382,0.25319707,0.13349107839797517,0.20956373,18.566547,705.2251216735435,1.9917184,18.694534,18.244541,0.44999313,2016.0,J130850.23+250357.1,197.209295,+25.065863,18.072,17.882,17.348,16.721,0.032,0.040,0.042,0.044,433800751663,1,2010.1654,-1
0.067111,1459212218238659968,197.39164282000573,25.24452581259872,9.09254575821611,85.51841277055496,0.13792948654686682,0.27573305,0.1210549544039213,0.23339452,0.14007027251253276,0.20764586,18.52839,730.4493228547367,4.310237,18.6354,18.218365,0.41703606,2016.0,J130933.99+251440.3,197.391651,+25.244543,18.700,18.415,17.656,16.917,0.050,0.055,0.052,0.048,433800511157,1,2010.1654,1
0.270218,1465015307466710528,193.04346893797276,29.954871831838283,119.7028910250111,87.16876265998494,0.1471573954112639,0.1457827,-0.1315951613172461,0.2139559,-0.05463630908875069,0.1700057,18.39734,824.158035482971,3.0120227,18.478706,18.12702,0.35168648,2016.0,J125210.45+295717.6,193.043551,+29.954896,17.643,17.294,16.677,15.738,0.024,0.026,0.031,0.022,433795238031,1,2010.2036,-2
0.038784,1459229844784481792,197.19048500979048,25.404932438271782,9.973889546216704,85.7514246034179,-0.04263616982074915,0.25648832,0.06282197331828036,0.2266106,-0.15518578565914265,0.19217633,18.613806,675.188143608575,2.53002,18.784586,18.237566,0.54701996,2016.0,J130845.71+252417.7,197.190497,+25.404933,17.568,17.444,17.032,16.422,0.019,0.025,0.029,0.031,433800251374,1,2010.1654,-1
0.062884,1459229844784481792,197.19048500979048,25.404932438271782,9.973889546216704,85.7514246034179,-0.04263616982074915,0.25648832,0.06282197331828036,0.2266106,-0.15518578565914265,0.19217633,18.613806,675.188143608575,2.53002,18.784586,18.237566,0.54701996,2016.0,J130845.71+252417.6,197.190494,+25.404917,17.534,,17.026,16.409,0.023,,0.030,0.032,433800503051,2,2010.1654,-1
0.250990,1459230325820815872,197.2968965245264,25.395345502418955,10.393775474184451,85.66008146352765,-0.42351496114388654,0.31129852,0.2079220026706729,0.24055555,0.26358538166368356,0.23419593,18.862171,537.1285738755873,2.02487,19.237043,18.28837,0.94867325,2016.0,J130911.26+252343.4,197.296946,+25.395399,18.366,,17.083,16.769,0.045,,0.032,0.044,433800503253,1,2010.1654,-1
0.089741,1459242424744245760,196.3716545723633,25.108835488681745,1.0806760481605981,86.25561663352858,-0.14428236897374191,0.17172757,-0.15427558104284433,0.17563407,0.0456743298541797,0.11827093,17.822908,1398.888317503645,2.530395,17.988209,17.48287,0.50533867,2016.0,J130529.20+250631.8,196.371680,+25.108845,17.347,16.945,16.597,16.001,0.018,0.025,0.023,0.024,433800779795,2,2010.1633,-1
0.143880,1459242424744245760,196.3716545723633,25.108835488681745,1.0806760481605981,86.25561663352858,-0.14428236897374191,0.17172757,-0.15427558104284433,0.17563407,0.0456743298541797,0.11827093,17.822908,1398.888317503645,2.530395,17.988209,17.48287,0.50533867,2016.0,J130529.19+250631.9,196.371661,+25.108875,17.216,16.953,16.541,15.957,0.016,0.027,0.021,0.023,433800777107,1,2010.1633,-1
0.164330,1459257130712273024,196.49833166069527,25.267606016767953,4.06744173844506,86.24231191280015,-0.6470475447862198,0.5304881,-0.415948478328396,0.56513745,-0.09039371310843983,0.3829406,18.796928,570.3942084512136,3.7288415,17.947853,16.545944,1.4019089,2016.0,J130559.60+251603.5,196.498356,+25.267646,16.097,15.519,14.890,14.266,0.007,0.007,0.005,0.006,433800496160,1,2010.1633,1
0.221523,1470314438117955968,202.55879017198075,34.772606916876924,77.9291609872471,78.71407825729982,0.004052728330371326,0.15636104,-0.20316903812954634,0.12773158,0.006591695830942167,0.21539932,18.740921,600.5905178672308,1.1985655,18.922632,18.301407,0.62122536,2016.0,J133014.11+344621.5,202.558826,+34.772661,18.064,17.639,17.274,16.786,0.031,0.037,0.062,0.068,433792032826,1,2010.3571,-1
0.201297,1465098423673696000,191.79945269292486,29.652911876061832,142.95459829425187,87.30866793095903,0.1182921062780626,0.10872128,-0.17062116685861323,0.12972008,0.20343216001747402,0.10451551,17.5131,1860.8311345746868,9.459364,17.527555,16.880978,0.64657784,2016.0,J124711.88+293910.4,191.799515,+29.652898,16.820,16.337,15.703,14.749,0.011,0.010,0.012,0.008,433795446117,1,2010.2036,1
0.155890,1465105153886789504,191.91629807610883,29.751605799009894,140.25306863230765,87.24870989099114,0.1007355152232453,0.19318274,-0.04651504857754666,0.1810132,0.02929710245995996,0.14796486,18.331533,875.6558020881896,2.4725537,18.56714,17.877829,0.689312,2016.0,J124739.91+294505.9,191.916295,+29.751649,17.744,17.367,16.987,16.445,0.022,0.023,0.036,0.034,433795446399,1,2010.2036,-1
0.320468,1465153120081433728,191.4754095124645,29.80036468565591,147.08729492048255,87.06398727928762,0.011832350359518868,0.11570542,-0.04513316569891513,0.12757912,-0.18302080178478464,0.15090354,18.071873,1112.237842276001,5.1975307,18.25787,17.74282,0.515049,2016.0,J124554.12+294801.3,191.475512,+29.800368,17.492,16.686,16.611,15.785,0.020,0.015,0.029,0.021,433795422670,1,2010.2036,-1
0.106461,1459326189490561792,197.34608441951994,25.558634551374166,12.613418900620996,85.68420223474233,0.10673403092603917,0.1927296,-0.12557609796074448,0.14852063,-0.04933546244814281,0.113338605,17.687,1585.4274827157342,5.369167,17.855938,17.32071,0.5352287,2016.0,J130923.05+253331.1,197.346081,+25.558664,17.082,16.910,16.464,15.978,0.014,0.016,0.018,0.022,433800251650,1,2010.1654,-1
0.400567,1459326189490561792,197.34608441951994,25.558634551374166,12.613418900620996,85.68420223474233,0.10673403092603917,0.1927296,-0.12557609796074448,0.14852063,-0.04933546244814281,0.113338605,17.687,1585.4274827157342,5.369167,17.855938,17.32071,0.5352287,2016.0,J130923.03+253331.0,197.345961,+25.558633,17.021,16.875,16.492,15.845,0.013,0.015,0.019,0.019,433800249321,2,2010.1654,-1
0.467908,1459332997014470272,197.4321621042864,25.726693960495304,15.06498520872418,85.67232501249175,0.02161091037407205,0.109169655,0.007262443797928973,0.08444146,-0.03490698264926462,0.07431257,17.095568,2733.5021922292085,2.19233,17.272884,16.737999,0.5348854,2016.0,J130943.68+254336.1,197.432018,+25.726701,16.536,16.288,15.686,15.420,0.009,0.009,0.009,0.013,433799984337,1,2010.0865,-1
0.169507,1470396862833103104,202.540233622105,35.180276414759476,79.5392975304527,78.45927572465378,-0.020337874031164445,0.06941184,0.12200019078298492,0.081793435,0.02826919186669485,0.114372805,18.086514,1097.339416793216,2.5286715,18.241335,17.766783,0.47455215,2016.0,J133009.65+351049.1,202.540242,+35.180323,17.491,17.339,16.657,16.056,0.021,0.033,0.040,0.041,433791908915,1,2010.3571,-1
0.094390,1470399512829786240,202.70975182587526,35.20051496753041,79.15972913777064,78.34189703817134,-0.11262038023391041,0.074548535,0.07312283367601771,0.09143446,-0.0010522442988814436,0.13315418,18.372858,842.9537646128601,3.1577125,18.452772,17.99625,0.456522,2016.0,J133050.34+351201.9,202.709778,+35.200530,17.743,17.050,16.712,15.936,0.022,0.021,0.038,0.035,433791937023,1,2010.3571,-2
0.167617,1470402158527713280,202.80939101299884,35.34764656187934,79.44030606128187,78.18376014124831,-0.028984958078585546,0.10210257,-0.20107133656442117,0.13783592,0.2821235851378311,0.19454661,18.887953,524.5247220925887,1.4016606,18.971397,18.620556,0.35084152,2016.0,J133114.26+352051.3,202.809419,+35.347606,18.242,18.048,17.437,16.893,0.037,0.054,0.086,0.070,433791865701,1,2010.3654,-1
0.128314,1459364157001328512,197.84478737750192,26.01325340633904,20.0163144052633,85.40432143245404,-0.03629440572945357,0.27924535,-0.11608869861159389,0.16747868,0.36188101812872847,0.23313221,18.89658,520.3735627626911,2.1100135,19.246515,18.53596,0.71055603,2016.0,J131122.75+260047.7,197.844827,+26.013256,18.188,17.781,17.433,17.040,0.031,0.031,0.038,0.051,433799761836,1,2010.0865,-1
0.144978,1465193905091209728,192.22375509627267,30.28765690226697,132.78918377229394,86.79179202137729,-0.06072952695310624,0.15598866,0.20402784506159022,0.1573424,0.05273894186652642,0.1675049,18.502346,748.1842543782303,1.6854348,18.752808,18.166002,0.58680534,2016.0,J124853.70+301715.6,192.223780,+30.287691,17.561,17.271,16.789,15.914,0.018,0.021,0.031,0.022,433794886171,1,2010.2039,-1
0.077086,1465195043258005632,192.1910595279431,30.33932361442607,133.11687455284277,86.73589976268731,-0.09397115560899624,0.16108358,0.15633917483131443,0.17473486,-0.11975179504540681,0.187256,18.66208,645.8244741204144,1.92355,18.791037,18.356684,0.43435287,2016.0,J124845.85+302021.6,192.191079,+30.339337,18.091,17.864,17.323,16.600,0.028,0.035,0.049,0.039,433794886249,1,2010.2039,-2
0.097447,1465198749814357376,192.1726614880797,30.409180342536654,133.16607463668385,86.66431843312226,0.18793114822286844,0.15025339,-0.2116108871029375,0.15430959,0.22453414674254568,0.19214681,18.518307,737.2659005475845,2.7891667,18.710312,18.113844,0.596468,2016.0,J124841.44+302433.1,192.172667,+30.409207,17.665,17.453,17.115,16.562,0.020,0.025,0.041,0.038,433794886297,1,2010.2039,-1
0.087818,1470417238158012544,202.55574986765805,35.40200140977432,80.31595134084259,78.30162335298411,-0.050333251041058354,0.069450594,0.0015029018611251428,0.09236459,-0.1165557520835298,0.12885487,18.246881,946.6598911582148,2.595755,18.45513,17.872282,0.5828476,2016.0,J133013.38+352407.1,202.555772,+35.401985,17.703,17.024,16.827,16.042,0.024,0.022,0.051,0.033,433791864464,1,2010.3654,-1
0.045179,1465211772155212800,192.01408787156916,30.481848952300066,135.18632157415985,86.56560194720491,0.18933824493593804,0.19378935,-0.11091455943644556,0.19011344,-0.2327235023879704,0.19462723,18.65925,647.5101716869611,1.6378678,18.85937,18.282366,0.5770035,2016.0,J124803.38+302854.6,192.014102,+30.481852,17.944,17.426,16.849,16.502,0.023,0.029,0.030,0.039,433794721264,1,2010.2039,-1
0.239411,1470433151013613824,205.29995588699705,33.06010741617341,64.81763926133299,77.72328739819017,0.026321296803608354,0.104388475,-0.05676313504226897,0.09859443,0.17446933916010007,0.13282642,18.431784,798.4236165500886,3.463572,18.617449,18.065952,0.5514965,2016.0,J134112.00+330336.4,205.300028,+33.060135,17.994,17.776,16.902,16.588,0.028,0.041,0.027,0.043,433792796774,1,2010.2808,-1
0.020695,1465226168885545600,192.60645032237588,30.2777259741534,126.9025111651099,86.84271767765118,0.27106454496087523,0.14893378,0.011981966887844786,0.13234009,-0.125101004142505,0.13828999,18.068247,1115.958802802301,4.5281825,18.287228,17.727402,0.5598259,2016.0,J125025.54+301639.8,192.606455,+30.277730,17.264,17.045,16.567,15.852,0.015,0.018,0.027,0.021,433794908508,1,2010.2039,1
0.074857,1459399551827643648,197.0031632975954,25.902577584451414,15.573011779838167,86.09511286072912,-0.0146166832068286,0.17257123,-0.1372798878098735,0.16686668,-0.05026755153632957,0.13843386,17.897457,1306.0627469100016,10.050846,17.754305,16.818586,0.93571854,2016.0,J130800.75+255409.3,197.003159,+25.902598,16.535,15.980,15.157,14.231,0.009,0.007,0.007,0.006,433799743593,1,2010.0865,1
0.208502,1459405629205558784,197.22934151105687,26.069739102899838,18.760138746217535,85.9520749107765,-0.02318084151110044,0.27777776,-0.21419623458391895,0.19235556,-0.04444879296232271,0.16791792,18.496553,752.1861429205278,2.866917,18.730783,18.085485,0.645298,2016.0,J130855.05+260411.2,197.229386,+26.069781,17.932,17.681,17.098,16.382,0.024,0.030,0.029,0.031,433799448506,1,2010.0865,1
0.427086,1459405629205558784,197.22934151105687,26.069739102899838,18.760138746217535,85.9520749107765,-0.02318084151110044,0.27777776,-0.21419623458391895,0.19235556,-0.04444879296232271,0.16791792,18.496553,752.1861429205278,2.866917,18.730783,18.085485,0.645298,2016.0,J130855.06+260411.3,197.229438,+26.069820,17.899,17.640,17.090,16.384,0.024,0.026,0.027,0.028,433799724001,2,2010.0865,1
0.151826,1465244035949571328,192.4957625028843,30.480282616103562,128.276466329934,86.63285780138311,-0.06547168741482537,0.16283418,-0.05563018977009192,0.17582548,0.11583682531439161,0.17596003,18.32129,883.9568338033671,2.458782,18.562653,17.806625,0.7560272,2016.0,J124958.99+302849.0,192.495806,+30.480302,17.754,17.320,16.616,16.470,0.022,0.025,0.030,0.038,433794702410,1,2010.2039,-1
0.202526,1465247987319489792,192.68642827594297,30.51271844691944,125.45557191399556,86.61213909814923,-0.056516297781932595,0.1654183,-0.28557024484326987,0.20756282,0.2625663712702672,0.1813129,18.367004,847.5103983408193,3.294103,18.569693,17.964067,0.60562515,2016.0,J125044.75+303045.8,192.686491,+30.512734,17.844,17.368,16.856,16.414,0.021,0.021,0.031,0.034,433794719572,1,2010.2039,-1
0.178021,1465251599387842560,192.68607652446303,30.581144074176702,125.40896142524211,86.54376937999976,-0.08582049354149102,0.60548997,-0.13524296365104255,0.87801456,0.18656611638958492,0.78493893,18.96821,487.14956345198686,3.934731,17.440075,15.995938,1.4441366,2016.0,J125044.67+303452.1,192.686129,+30.581164,15.437,14.886,14.196,13.787,0.005,0.003,0.004,0.004,433794719576,1,2010.2039,1
0.172784,1465258952371549312,192.8555072664361,30.50854397574302,122.98996858634193,86.61970423318643,-0.14829931498128224,0.17772505,0.2907460704862911,0.21303993,-0.14489008392249844,0.18458608,18.731056,606.0719484169701,2.9922717,18.788067,18.20915,0.57891655,2016.0,J125125.33+303030.7,192.855563,+30.508546,17.666,17.454,16.876,15.804,0.018,0.024,0.032,0.019,433794725989,1,2010.2039,1
0.364314,1459426696020988160,197.69132793444777,26.29219476583805,23.06239187666439,85.6038465177438,-0.07877616105155809,0.33409142,0.11584693834758107,0.1693527,0.29800544042316135,0.22674832,18.717382,613.7527794429902,1.5662816,18.836584,18.356411,0.4801731,2016.0,J131045.90+261732.2,197.691269,+26.292281,17.994,17.345,17.259,16.416,0.024,0.019,0.030,0.028,433799243235,1,2010.0865,-1
0.237904,1459428100475013632,197.7677158831923,26.307978344672453,23.44487782277156,85.54007566057541,0.19649361074458138,0.23875713,0.07990709979486595,0.12280608,-0.14341276760810892,0.18800521,18.446005,788.0335519709118,1.4515907,18.715872,17.98769,0.72818184,2016.0,J131104.24+261828.9,197.767670,+26.308030,17.546,17.244,16.839,16.253,0.017,0.017,0.021,0.025,433799243375,1,2010.0865,-1
0.202976,1465280972667863168,192.9496360414041,30.783913923962775,121.71734898884498,86.34348558974968,0.06057191036118273,0.081169054,-0.1511157492075643,0.10470154,-0.1786300766859297,0.09753068,17.321665,2219.631945567402,1.795117,17.771406,16.689672,1.0817337,2016.0,J125147.92+304702.2,192.949674,+30.783960,16.174,,15.338,15.256,0.007,,0.009,0.013,433794525170,1,2010.2039,-1
0.098263,1459454183812291968,196.0677484992646,25.502500746037924,4.1700297204192855,86.69669436156077,-1.367868524640957E-4,0.2808811,-0.2275376173011171,0.29567122,0.10705105424942243,0.225784,18.781683,578.4605474844027,2.0575745,18.95414,18.405193,0.5489464,2016.0,J130416.25+253009.0,196.067731,+25.502523,17.730,17.457,17.050,16.542,0.025,0.046,0.035,0.041,433800239862,1,2010.1633,-1
0.153993,1470491901869204864,205.61808548167775,33.676344265558704,66.81250894083179,77.21042042274087,-0.04576801418979337,0.14213538,-0.02856054838300308,0.14790908,-0.05457088597343357,0.21560101,18.76091,589.6340060259422,2.6115983,18.879541,18.408766,0.4707756,2016.0,J134228.35+334034.8,205.618137,+33.676344,18.187,17.952,17.319,16.771,0.036,0.049,0.040,0.047,433792449895,1,2010.3156,-2
0.243001,1459460639147123712,196.45752034361595,25.67061988031692,9.40327562929537,86.46310543742723,-0.029167268785079213,0.20531447,0.2819945741125538,0.21767794,-0.12176231358450579,0.15765423,18.241533,951.3355314597108,1.5919775,18.449955,17.824263,0.62569237,2016.0,J130549.79+254014.4,196.457491,+25.670682,17.814,17.305,16.627,16.391,0.021,0.020,0.019,0.029,433799995618,1,2010.0864,-1
0.228787,1465309216373482496,192.2643392141194,30.722818553154593,131.03478206280377,86.36790900086356,0.20182849160823618,0.17121476,-0.15147408736468218,0.17065792,-0.060618646335080066,0.2111668,18.488,758.135303368508,2.782953,18.709412,18.081345,0.628067,2016.0,J124903.45+304322.1,192.264413,+30.722817,17.507,17.567,16.934,16.071,0.018,0.031,0.038,0.027,433794509083,1,2010.2039,-1
0.074240,1459485756115545216,196.64425108451334,25.763493688800978,11.8462934478422,86.34703154277057,4.528312620405636E-4,0.30629694,-0.24401925231654642,0.3076696,0.3932492532378532,0.21691474,18.544222,719.8766394957436,2.6351864,18.681814,18.192503,0.48931122,2016.0,J130634.62+254548.6,196.644271,+25.763504,17.809,17.541,17.104,16.493,0.020,0.023,0.027,0.031,433799995184,1,2010.0864,-1
0.213357,1470519458379699328,204.7259638257881,33.560385158962795,67.96855839560851,77.91995643094434,-0.0908647659200935,0.19628592,0.02723107722672951,0.15926394,0.31181120355399133,0.23514244,18.947119,496.70576207911205,2.0842772,18.946568,18.576233,0.37033463,2016.0,J133854.23+333337.5,204.725979,+33.560443,18.552,17.799,17.423,16.537,0.053,0.045,0.048,0.041,433792458554,1,2010.3156,1
0.153691,1459491975228198400,196.7254440588619,25.831898228972904,13.26438561273752,86.30500486614588,-0.013063391694724029,0.23526475,0.4793829078172599,0.25691044,-0.3007052657921594,0.18372956,18.152079,1033.0359706338438,2.6027737,18.230907,17.934324,0.29658318,2016.0,J130654.11+254954.8,196.725491,+25.831904,17.683,17.567,17.082,16.329,0.019,0.025,0.028,0.028,433800013138,1,2010.0864,-1
0.212301,1470535057700987136,205.37783973290507,33.753422957483544,67.54569979060949,77.35119866617649,0.06557579773263758,0.09374807,0.03490881083257106,0.08778977,-0.07935924722989583,0.12847318,18.143631,1041.1052346201059,1.7693046,18.38787,17.686554,0.70131683,2016.0,J134130.68+334512.5,205.377858,+33.753480,17.409,16.972,16.337,16.067,0.019,0.021,0.017,0.025,433792439152,1,2010.3156,-1
0.068022,1465354674306907392,192.5402927203154,31.175595745223756,126.79491340822166,85.94307381618377,-0.022115652034283985,0.17376731,-0.07691565124353725,0.2081603,0.047653731979085984,0.18055461,18.523653,733.6448459490326,1.8148483,18.715004,18.222227,0.49277687,2016.0,J125009.66+311032.2,192.540287,+31.175614,17.913,17.612,17.172,16.618,0.025,0.031,0.062,0.046,433794130075,1,2010.2802,-1
0.402075,1459517332715000576,196.46863678090781,26.1901198097743,17.5299960152696,86.64103355879826,0.003137631570917919,0.3072683,-0.16431730897622066,0.33342096,0.04346260986616689,0.2442603,18.581104,695.8333432979437,3.1829245,18.754047,18.32002,0.43402672,2016.0,J130552.47+261124.8,196.468649,+26.190231,17.578,17.367,16.897,16.164,0.018,0.024,0.025,0.027,433799469036,1,2010.0864,-1
0.218367,1465367971525312256,194.24783235252676,30.244189886401628,101.91255442964477,86.65458993320277,0.1515625639915924,0.20314243,-0.3527700496388908,0.24557786,-0.1973835613873566,0.2127633,18.731972,605.5612424445678,1.3323505,19.08368,18.224035,0.85964394,2016.0,J125659.49+301439.2,194.247885,+30.244230,17.712,17.246,16.644,16.147,0.021,0.022,0.024,0.028,433795063809,1,2010.1414,-1
0.290913,1470562893385994624,205.2151567941605,34.055341552422824,69.04888476077032,77.32279765016321,0.02455046187999968,0.15109329,0.0798817760102527,0.12859789,-0.30212679104185813,0.18504198,18.740665,600.7319795084857,1.6070449,18.768589,18.017195,0.7513943,2016.0,J134051.65+340319.4,205.215231,+34.055394,17.393,16.842,15.820,14.496,0.020,0.021,0.013,0.008,433792272627,1,2010.3156,1
0.254640,1465388965325897216,194.1508523938379,30.53435714425418,104.86689217002036,86.41103508042052,-0.002437869323575967,0.13891466,0.15146929660973732,0.19052307,-0.11873665358672134,0.15749872,18.304825,897.4629907923305,1.5961908,18.514853,17.915686,0.59916687,2016.0,J125636.22+303203.6,194.150932,+30.534340,17.641,17.568,17.053,16.374,0.021,0.034,0.038,0.038,433794709757,1,2010.1414,-1
0.182056,1465400716356049536,194.4289900140072,30.55899361031232,101.46912383930214,86.30419702925326,0.03808039080977302,0.1358507,-0.030414172174773407,0.19144978,-0.022937730505160084,0.16888303,18.226534,964.5681998157607,1.4718548,18.433033,17.815563,0.6174698,2016.0,J125742.96+303332.5,194.429033,+30.559028,17.623,17.296,16.840,16.022,0.020,0.023,0.029,0.024,433794736854,1,2010.1414,-1
0.180664,1459563653938409344,196.3201496297672,26.217762834429536,17.30786610578704,86.77649926797669,-0.04345103631451301,0.17349,0.27623097087392745,0.16354886,-0.06434468716036373,0.11837563,17.701109,1564.9598808384364,6.697634,17.752632,17.005482,0.7471504,2016.0,J130516.83+261304.1,196.320149,+26.217813,16.763,16.216,15.407,14.331,0.010,0.009,0.008,0.006,433799454648,1,2010.0864,1
0.211849,1459575095731261568,196.05458799224533,26.311767665859815,17.689056069939298,87.03169853580991,0.09777240318806443,0.18321541,-0.20799643756608294,0.21402952,-0.2631205469090937,0.15831769,18.162182,1023.4679736669373,3.4601977,18.36594,17.814447,0.5514927,2016.0,J130413.09+261842.5,196.054558,+26.311820,17.482,17.146,16.561,16.233,0.015,0.016,0.017,0.026,433799256519,1,2010.0864,-1
0.052154,1470605735682494592,206.3063265821967,33.99410029567992,66.9040345910116,76.55669639058385,-0.0802244927344687,0.09824008,0.12656012301140399,0.09750267,-0.16797155880759213,0.12199133,18.322655,882.8456880409746,4.2150044,18.383139,17.97757,0.40556908,2016.0,J134513.52+335938.7,206.306344,+33.994101,17.644,17.707,16.940,15.838,0.024,0.043,0.030,0.021,433792369799,1,2010.3156,-3
0.095248,1470605735682494592,206.3063265821967,33.99410029567992,66.9040345910116,76.55669639058385,-0.0802244927344687,0.09824008,0.12656012301140399,0.09750267,-0.16797155880759213,0.12199133,18.322655,882.8456880409746,4.2150044,18.383139,17.97757,0.40556908,2016.0,J134513.51+335938.6,206.306330,+33.994074,17.663,17.760,16.922,15.810,0.025,0.048,0.033,0.028,433792267037,2,2010.3156,1
0.349964,1470613058603518080,206.6655220434482,34.22454856208401,67.1985662368126,76.18691366794238,-0.6341384735922908,0.54613113,-0.17035910783203656,0.51827246,-0.003913011436142769,0.7649628,18.89953,518.9612829949247,3.0871446,16.659607,15.311975,1.3476324,2016.0,J134639.74+341328.1,206.665603,+34.224478,14.842,14.361,13.708,13.374,0.004,0.003,0.003,0.003,433792191900,1,2010.3156,1
0.193835,1470613500983464960,206.59437303408978,34.234680413130945,67.34945575718643,76.23455409110038,-0.019464045912987223,0.07881289,0.022297372982895892,0.08500783,-0.08734053498506417,0.120653726,17.986807,1202.8851542747864,4.0529184,18.27359,17.44416,0.8294296,2016.0,J134622.66+341404.7,206.594422,+34.234645,17.303,17.085,16.643,16.008,0.019,0.026,0.024,0.028,433792191922,1,2010.3156,-1
0.270102,1465460261783202560,193.59641889859438,30.838490873981947,113.25213933276198,86.23421002147467,-0.14914211582599565,0.1636213,0.11273840916589739,0.1987607,0.22905092873267313,0.17580253,18.32729,879.0847386407994,1.8344514,18.504944,18.040771,0.46417236,2016.0,J125423.15+305018.6,193.596500,+30.838519,17.838,17.683,17.287,16.806,0.023,0.033,0.042,0.049,433794535560,1,2010.1414,-1
0.125356,1465476655673689088,194.2596131041377,31.02522672593643,105.83577898999924,85.91555701154482,-0.0033719836209074564,0.22908857,0.004925490583500675,0.23050542,0.11209483235391643,0.22268283,18.567348,704.7048152679172,2.7233596,18.912243,18.05606,0.8561821,2016.0,J125702.30+310130.9,194.259593,+31.025257,17.882,17.817,17.090,16.232,0.024,0.037,0.055,0.033,433794335084,1,2010.2802,-1
0.058631,1465524415710499968,194.64159426895884,31.124346623139417,102.07597604553669,85.71160191974397,-0.06344204785164749,0.12662658,0.041079183950391354,0.17727852,0.06652793769154348,0.16094275,17.987011,1202.6578600390878,5.9647174,18.20165,17.606936,0.5947151,2016.0,J125833.98+310727.7,194.641588,+31.124362,17.482,17.191,16.854,16.365,0.017,0.021,0.040,0.036,433794295942,1,2010.2802,-1
0.132654,1470670538149248768,205.61216000253606,34.48410639132289,69.97015155253729,76.82378026782983,0.012245023484027713,0.0638951,0.07504539772896333,0.06112254,-0.07534623340397834,0.08196906,17.568504,1768.2551682054575,4.0614476,17.750021,17.181635,0.5683861,2016.0,J134226.92+342902.7,205.612200,+34.484090,16.935,16.578,16.333,15.716,0.013,0.017,0.029,0.022,433792099445,1,2010.3491,-1
0.496415,1459651374350484096,197.19631480098343,26.69531431042039,27.529058876209923,86.10887083240958,-0.4865006243990757,0.33721393,-0.14229286904820787,0.2446079,0.11489742314599537,0.21506044,18.867264,534.6154285098659,1.4201564,19.067404,18.454666,0.61273766,2016.0,J130847.15+264143.2,197.196465,+26.695346,18.075,17.816,17.277,16.536,0.026,0.034,0.038,0.035,433799009101,1,2010.0865,-1
0.119252,1465533791622856320,194.74844924396274,31.312601394179627,101.88325112534439,85.5028610530845,-0.28818521980196987,0.27541587,-0.1974661175321708,0.27289754,0.10058606901541009,0.20612217,18.898615,519.3985865084422,2.7029538,19.165579,18.546225,0.61935425,2016.0,J125859.63+311845.3,194.748486,+31.312591,17.989,17.748,17.384,16.773,0.024,0.033,0.059,0.049,433794104414,1,2010.2802,-1
0.312272,1459661437458080768,196.58192997355204,26.41040414794984,21.586581169888294,86.60000899500949,-0.12270140371731095,0.34554508,0.35052320520595553,0.40723756,-0.5094291052297842,0.3140464,18.971355,485.7410784151326,1.917942,19.106764,18.640123,0.46664047,2016.0,J130619.67+262437.7,196.581965,+26.410485,18.041,17.847,17.261,16.633,0.028,0.035,0.039,0.044,433799193362,1,2010.0865,-1
0.170277,1470686584147106432,206.1329939242804,34.63563764700202,69.60597908643496,76.37677164576067,-0.0839674216809269,0.13573265,-0.016134598969034287,0.13705726,-0.029844732179483607,0.17423572,18.861393,537.514099104737,1.5310991,19.119255,18.370981,0.74827385,2016.0,J134431.91+343808.4,206.132974,+34.635682,18.736,18.289,17.482,17.050,0.059,0.081,0.085,0.076,433792130653,1,2010.3491,-1
0.155555,1465556782584372480,194.87446910201538,31.335630630172645,100.7362215009768,85.44026522807351,0.5330944935995139,0.3513611,-0.42083547841584323,0.44557792,0.3847342078628092,0.3554996,18.019428,1167.280396336057,4.386825,16.314116,15.149927,1.1641884,2016.0,J125929.87+312008.4,194.874459,+31.335673,14.753,14.253,13.620,13.318,0.003,0.002,0.003,0.003,433794107392,1,2010.2802,1
0.088761,1470705658098701184,205.9783924058601,34.82570902760045,70.57540534521384,76.3904211608858,-0.3791634513796563,0.35410884,0.008453786950915485,0.37364087,-0.7091384831960605,0.5021536,18.334595,873.1902765610398,1.8945627,19.185213,16.933273,2.2519398,2016.0,J134354.81+344932.4,205.978408,+34.825688,15.982,15.517,14.993,14.760,0.007,0.007,0.009,0.010,433792066460,1,2010.3491,-2
0.101834,1470717580927899264,204.77125420181883,33.83506541732906,69.0148811915594,77.75183678711997,0.5408806892946607,0.6004103,-0.03214519942061173,0.5168324,0.0827129411235885,0.7681782,18.970102,486.3017685945102,3.6023486,16.934145,15.503078,1.4310665,2016.0,J133905.10+335006.2,204.771284,+33.835079,15.035,14.480,13.776,13.384,0.004,0.003,0.003,0.003,433792381412,1,2010.3156,1
0.164134,1470722524433524608,204.7635512809818,33.91682692890136,69.36268175299905,77.71625424303903,0.10219193671242617,0.15308511,0.0407293465003636,0.1282199,-0.09496936665237563,0.17855273,18.792894,572.5182991787703,1.7224987,18.875206,18.528856,0.34634972,2016.0,J133903.26+335500.6,204.763605,+33.916836,18.491,18.219,17.661,16.644,0.050,0.066,0.059,0.045,433792381210,1,2010.3156,-1
0.308319,1470724963974735232,204.4601619248057,33.760396036347665,69.32809550392494,78.01276839901645,-0.10901890864399474,0.092929155,-0.06393839914893089,0.076194845,0.14937118597320528,0.12996829,17.993769,1195.19585128801,1.0147462,18.22632,17.509262,0.7170582,2016.0,J133750.43+334537.7,204.460142,+33.760480,17.325,16.897,16.157,15.947,0.019,0.020,0.015,0.024,433792440379,1,2010.3156,-1
0.154786,1465598392227170176,194.4092419070117,31.55777827807096,106.34618011391284,85.36924039196313,0.19002558527544292,0.39169702,0.3735302708153394,0.5378149,-0.7586570825116974,0.48515156,18.319998,885.008156037992,5.358677,16.806498,15.791443,1.0150547,2016.0,J125738.23+313327.9,194.409292,+31.557773,15.445,,14.354,13.969,0.005,,0.005,0.005,433793947960,1,2010.2802,1
0.282823,1470753173319877632,205.2550172162375,34.19671345160312,69.52956042339103,77.22349316412831,-0.11243917598169784,0.11937929,-0.07526790593780068,0.1049537,0.07533874785403562,0.1635158,18.595333,686.7737552100648,2.652141,18.745703,18.260715,0.48498726,2016.0,J134101.22+341148.3,205.255100,+34.196752,18.042,17.650,17.013,16.739,0.035,0.044,0.035,0.053,433792272887,1,2010.3156,-1
0.187792,1470767196390547328,204.82698337094334,34.35730578189292,70.98950440133923,77.44353678004725,-0.007558238284002157,0.11156906,0.01628106855663581,0.10643228,-0.0736437837983391,0.1345635,18.391068,828.9335640993147,1.7934173,18.581728,17.948751,0.63297653,2016.0,J133918.48+342126.4,204.827034,+34.357337,17.550,17.203,16.771,16.254,0.021,0.025,0.025,0.031,433792213715,1,2010.3156,-1
0.152701,1459727236357358080,196.87915927558794,27.14986841529377,34.19513177954835,86.42296659371286,-0.08355827466455748,0.22449544,0.0943799812894372,0.29238927,-0.33229430172098096,0.21269383,18.671473,640.2622576035448,1.7110121,18.92581,18.133492,0.79231834,2016.0,J130730.99+270859.3,196.879149,+27.149827,17.704,17.470,16.948,16.390,0.020,0.028,0.030,0.034,433798466653,1,2010.0865,-2
0.086512,1465653466591689216,193.43725289848567,30.97235102106728,115.58547770370676,86.12288262269763,-0.05919407139836654,0.2789262,0.3621330204058302,0.35322902,0.23650520836443936,0.30674723,18.957516,491.97242216897774,1.4464988,19.179886,18.476727,0.70315933,2016.0,J125344.94+305820.5,193.437254,+30.972375,17.985,17.868,17.317,16.950,0.026,0.038,0.070,0.064,433794322053,2,2010.2802,-2
0.215141,1465653466591689216,193.43725289848567,30.97235102106728,115.58547770370676,86.12288262269763,-0.05919407139836654,0.2789262,0.3621330204058302,0.35322902,0.23650520836443936,0.30674723,18.957516,491.97242216897774,1.4464988,19.179886,18.476727,0.70315933,2016.0,J125344.95+305820.5,193.437321,+30.972364,18.008,17.781,17.343,16.758,0.027,0.035,0.076,0.054,433794315304,1,2010.2802,-1
0.010535,1459733214951327360,198.39226378326555,26.136383588283653,22.841375296470098,84.95624284699457,-0.051953855534870724,0.1852217,-0.033847997611937936,0.08758329,0.0337917578165087,0.14049125,18.271528,925.4127057898978,2.400153,18.48035,17.864027,0.6163235,2016.0,J131334.14+260810.9,198.392267,+26.136383,17.541,17.301,16.971,16.296,0.018,0.021,0.028,0.029,433799470600,1,2010.0865,-1
0.189392,1459758606798054144,198.4354819712368,26.458221156117865,26.528704510417413,84.97819278191277,-0.27793410347454667,0.25385135,0.18837063353700412,0.119108215,0.09379874118025441,0.17983183,18.67528,638.0209788853027,1.2486303,18.919971,18.289934,0.6300373,2016.0,J131344.50+262729.5,198.435431,+26.458195,17.880,17.468,16.925,,0.022,0.023,0.031,,433799235129,1,2010.0865,-1
0.157965,1465696798517372544,193.57474161767092,31.42711871383496,114.84725429938965,85.65613538533108,-0.13489844177065097,0.10948518,0.07441549695845116,0.15964606,0.14596837269822466,0.12116477,17.923836,1274.7131730348183,5.1432033,18.120974,17.538195,0.58277893,2016.0,J125417.94+312537.7,193.574786,+31.427141,17.192,16.777,16.202,15.900,0.013,0.014,0.025,0.024,433793943798,1,2010.2802,-1
0.202355,1465696798517372544,193.57474161767092,31.42711871383496,114.84725429938965,85.65613538533108,-0.13489844177065097,0.10948518,0.07441549695845116,0.15964606,0.14596837269822466,0.12116477,17.923836,1274.7131730348183,5.1432033,18.120974,17.538195,0.58277893,2016.0,J125417.95+312537.7,193.574792,+31.427155,17.258,16.774,16.161,15.864,0.015,0.016,0.025,0.026,433793929531,2,2010.2802,-1
0.155241,1465699886598526720,193.5194180234514,31.43652371606586,115.48158405479988,85.6534788621605,0.3112547078621489,0.21497364,-0.32414171927783436,0.3021087,-0.30272468339857556,0.24014233,18.95211,494.4275811725238,1.6078489,19.093048,18.588556,0.5044918,2016.0,J125404.67+312611.5,193.519459,+31.436549,18.496,18.125,17.557,17.054,0.036,0.043,0.084,0.065,433793943659,1,2010.2802,-1
0.227628,1459772763010298112,198.62631306562872,26.559156509709993,27.928766988631377,84.82369325318227,-0.16909050652273655,0.3132688,0.24312593001785843,0.15659034,-0.04002705451190414,0.23245984,18.981575,481.1904144663391,1.3942963,19.065321,18.62534,0.43998146,2016.0,J131430.32+263333.0,198.626375,+26.559187,,18.114,17.742,16.884,,0.078,0.056,0.048,433798982675,1,2010.1190,1
0.107271,1470825569288567296,204.68971337007676,34.51914546276563,71.89739636691164,77.45243014410997,-0.0046956806961884565,0.13093375,-0.07451447862442791,0.12177272,-0.1005978318034553,0.1751594,18.627201,666.9081192111263,1.1631628,18.802574,18.282207,0.52036667,2016.0,J133845.53+343109.0,204.689730,+34.519172,17.856,17.712,17.288,16.492,0.026,0.046,0.065,0.046,433792097879,1,2010.3491,-2
0.001592,1465724080149574912,193.0849448226908,31.333971449200572,120.30792675185904,85.78968277883334,-0.09524025971821201,0.14542653,0.11364030022325375,0.19290395,0.21924779469354144,0.16560416,18.014988,1172.0643392688032,6.3857803,18.223953,17.701988,0.521965,2016.0,J125220.38+312002.2,193.084945,+31.333971,17.546,17.191,16.639,16.287,0.018,0.020,0.034,0.033,433794114985,1,2010.2802,-1
0.137076,1470846807903841536,204.56154835485597,34.88045097259746,73.5427563638145,77.33952324893916,0.13297590621304545,0.10832311,0.03351519381017353,0.0877076,-0.059479006899404746,0.12968609,18.190334,997.2697341240022,1.6274067,18.46432,17.727648,0.73667145,2016.0,J133814.78+345249.6,204.561587,+34.880472,17.501,16.923,16.269,15.938,0.020,0.025,0.028,0.030,433791948535,1,2010.3491,-3
0.198363,1470846807903841536,204.56154835485597,34.88045097259746,73.5427563638145,77.33952324893916,0.13297590621304545,0.10832311,0.03351519381017353,0.0877076,-0.059479006899404746,0.12968609,18.190334,997.2697341240022,1.6274067,18.46432,17.727648,0.73667145,2016.0,J133814.78+345249.5,204.561615,+34.880444,,,16.718,15.990,,,0.039,0.029,433792038491,2,2010.3406,-2
0.047675,1465736243496941056,192.77027352360952,31.486545428128558,123.9328471302722,85.64101107757867,-0.2560167698528746,0.22807351,0.11284488744932855,0.25250527,0.03685679757399085,0.19968751,18.747408,597.0123319204116,2.2719924,18.890427,18.371384,0.51904297,2016.0,J125104.86+312911.5,192.770289,+31.486547,18.012,17.672,17.447,16.798,0.024,0.030,0.073,0.052,433793932320,2,2010.2802,-1
0.053884,1465736243496941056,192.77027352360952,31.486545428128558,123.9328471302722,85.64101107757867,-0.2560167698528746,0.22807351,0.11284488744932855,0.25250527,0.03685679757399085,0.19968751,18.747408,597.0123319204116,2.2719924,18.890427,18.371384,0.51904297,2016.0,J125104.86+312911.5,192.770287,+31.486555,18.065,17.780,17.298,16.771,0.029,0.039,0.072,0.058,433793922627,1,2010.2802,-1
0.151529,1470863438016850048,205.5341459267148,34.65176663943465,70.74518384347266,76.79288510010261,0.02133350145831858,0.06686486,0.05074154334710823,0.05817347,-0.02575002023139536,0.082881995,17.522963,1844.001951984809,7.5364943,17.559814,17.218452,0.341362,2016.0,J134208.20+343906.3,205.534197,+34.651767,16.844,16.856,16.161,15.391,0.013,0.023,0.024,0.017,433792109439,1,2010.3491,-1
0.204457,1470863438016850048,205.5341459267148,34.65176663943465,70.74518384347266,76.79288510010261,0.02133350145831858,0.06686486,0.05074154334710823,0.05817347,-0.02575002023139536,0.082881995,17.522963,1844.001951984809,7.5364943,17.559814,17.218452,0.341362,2016.0,J134208.20+343906.4,205.534201,+34.651801,16.848,16.844,16.203,15.406,0.013,0.022,0.026,0.017,433792031155,2,2010.3491,1
0.120480,1459811417715978880,198.20945788479702,26.601049794740337,27.84240887416091,85.19876213105374,-0.16454264901154272,0.2583689,0.023501300802915286,0.11844891,0.11119741327788596,0.19130768,18.729649,606.8578449020509,1.4879209,18.975313,18.305193,0.67012024,2016.0,J131250.27+263603.7,198.209495,+26.601046,18.229,17.794,17.002,16.711,0.034,0.037,0.028,0.042,433798952906,1,2010.1189,-1
0.080716,1459821038442733696,197.84609368083292,26.62310715587897,27.584588700282886,85.52371184801929,0.17542490353230508,0.21846223,0.021417882473289344,0.10860816,-0.024307668403334134,0.17401338,18.343147,866.3393526098622,1.8624566,18.72631,17.813873,0.91243744,2016.0,J131123.05+263723.2,197.846082,+26.623127,17.397,17.260,16.653,15.671,0.018,0.023,0.021,0.018,433798986350,1,2010.1189,-1
0.292305,1470876494717406208,205.40326259849263,34.74165764318438,71.32803256238864,76.83745276278506,-0.43441430306830603,0.6385663,0.06628947362615364,0.5303832,1.4770244736376992,0.7767027,18.998674,473.6709818760481,4.3426237,17.266663,15.895121,1.371542,2016.0,J134136.80+344430.0,205.403356,+34.741684,15.400,14.837,14.180,13.815,0.005,0.004,0.005,0.005,433792031371,1,2010.3491,1
0.255749,1470876803955077632,205.48135538250708,34.76622426081744,71.27105468344219,76.76999133799924,-0.10613609316309794,0.13377556,-0.06772799222189269,0.11691848,0.01448414811289669,0.1648828,18.704458,621.1022620454804,1.0798244,18.8597,18.29901,0.5606899,2016.0,J134155.54+344558.4,205.481439,+34.766242,17.929,17.680,17.107,16.200,0.029,0.045,0.057,0.034,433792031249,1,2010.3491,-1
0.076387,1459823306185468032,197.65005673610233,26.626337539914644,27.319972642823476,85.69781759209509,-0.22174772614551852,0.29959217,0.11559645585699094,0.17438218,-0.3655197705462612,0.2754855,18.98322,480.46164830881276,3.0547502,19.223145,18.54787,0.6752739,2016.0,J131036.00+263734.8,197.650036,+26.626348,18.367,18.126,17.760,17.088,0.035,0.046,0.052,0.058,433798971881,1,2010.1189,-1
0.065984,1459840108097266176,198.21867045170367,26.785398782877003,30.045099212964516,85.21117620850548,0.15737398625530402,0.32892215,-0.12110828957519543,0.15300971,0.2718770462810768,0.2330544,18.943953,498.1562873960781,1.473674,19.172935,18.543732,0.6292038,2016.0,J131252.48+264707.4,198.218680,+26.785415,17.846,17.564,17.154,16.230,0.024,0.029,0.033,0.027,433798724272,1,2010.1189,-1
0.186633,1465806199924446976,193.93456140653345,31.856418579009432,111.99836651678724,85.180220879455,-0.017572086376730234,0.12465185,-0.16770559211269281,0.17686497,-0.23751894911885052,0.16660188,18.016129,1170.834929112121,2.767298,18.122053,17.69441,0.42764282,2016.0,J125544.30+315123.2,193.934593,+31.856463,17.771,17.415,16.846,15.871,0.021,0.026,0.033,0.024,433793589966,1,2010.2804,-2
0.175928,1470926037163809024,204.90749726530717,34.893022250380106,72.87015916418906,77.09755714969695,0.08282387678781285,0.13882558,0.2067065614893178,0.12656164,-0.2957933725174198,0.19157426,18.767086,586.290091087384,2.3777943,18.91001,18.419874,0.4901352,2016.0,J133937.81+345334.9,204.907555,+34.893034,18.638,18.077,17.555,17.156,0.048,0.060,0.078,0.080,433791980318,1,2010.3491,-2
0.225037,1459871031861711232,199.03724997827777,26.724153386901843,30.139866381359703,84.4777217718561,0.04018292357987997,0.33508855,-0.03666379257264774,0.16525617,0.034241070003978226,0.2901554,18.901644,517.9516760911962,2.5076678,18.998802,18.568808,0.42999458,2016.0,J131608.94+264327.1,199.037271,+26.724213,18.249,18.024,17.446,16.545,0.033,0.041,0.039,0.036,433798727892,2,2010.1190,-2
0.252055,1459871031861711232,199.03724997827777,26.724153386901843,30.139866381359703,84.4777217718561,0.04018292357987997,0.33508855,-0.03666379257264774,0.16525617,0.034241070003978226,0.2901554,18.901644,517.9516760911962,2.5076678,18.998802,18.568808,0.42999458,2016.0,J131608.93+264327.1,199.037234,+26.724222,18.173,17.978,17.417,16.504,0.031,0.042,0.040,0.036,433798980903,1,2010.1189,-2
0.252536,1459871031861711232,199.03724997827777,26.724153386901843,30.139866381359703,84.4777217718561,0.04018292357987997,0.33508855,-0.03666379257264774,0.16525617,0.034241070003978226,0.2901554,18.901644,517.9516760911962,2.5076678,18.998802,18.568808,0.42999458,2016.0,J131608.94+264327.1,199.037283,+26.724217,,,17.394,16.450,,,0.043,0.035,433799014916,2,2010.1274,1
0.332625,1459871031861711232,199.03724997827777,26.724153386901843,30.139866381359703,84.4777217718561,0.04018292357987997,0.33508855,-0.03666379257264774,0.16525617,0.034241070003978226,0.2901554,18.901644,517.9516760911962,2.5076678,18.998802,18.568808,0.42999458,2016.0,J131608.94+264327.2,199.037289,+26.724239,,,17.412,16.531,,,0.043,0.037,433798737861,2,2010.1274,-2
0.209531,1465827910983126656,194.74178984603716,32.10831534005701,105.20103354653425,84.7583064461897,0.006931646511089491,0.25074905,0.03335178215325294,0.3153164,0.24361117032065313,0.28139478,18.985134,479.6156999973143,1.5744774,19.160475,18.579777,0.580698,2016.0,J125858.04+320630.0,194.741849,+32.108345,18.179,17.802,17.122,16.610,0.030,0.037,0.046,0.044,433793426083,1,2010.2805,-1
0.095388,1465855437429502464,193.77800617778928,31.951817721881206,113.74878691094746,85.11076003868244,0.20239639067810028,0.2259573,-0.2661927887068417,0.32386333,-0.4950057824109508,0.27705014,18.860914,537.7506615395846,3.4777474,18.894983,18.59781,0.29717255,2016.0,J125506.72+315706.6,193.778023,+31.951840,18.167,17.948,17.370,16.596,0.029,0.041,0.054,0.045,433793566758,1,2010.2804,-2
0.205210,1459896217550100608,198.80964229417202,27.078159353609525,33.74698305394745,84.70349884314334,-0.23714144114044594,0.251523,0.09595629912332401,0.13437288,0.28349007125768694,0.19422862,18.533031,727.3349912458464,1.9648097,18.771582,18.109617,0.6619644,2016.0,J131514.31+270441.5,198.809664,+27.078213,17.556,17.290,16.618,16.440,0.019,0.023,0.019,0.034,433798471184,1,2010.1189,-1
0.155578,1459901371510860800,198.92762088247073,27.084774190250048,33.85469411206929,84.59872733743315,0.10541856896936153,0.26048103,0.15089211393019356,0.14598921,-0.36711026507279154,0.22517425,18.757433,591.5256939269412,1.076926,19.067152,18.210741,0.856411,2016.0,J131542.63+270505.3,198.927627,+27.084817,17.653,17.456,16.872,16.246,0.020,0.027,0.024,0.028,433798471391,2,2010.1189,-1
0.203881,1459901371510860800,198.92762088247073,27.084774190250048,33.85469411206929,84.59872733743315,0.10541856896936153,0.26048103,0.15089211393019356,0.14598921,-0.36711026507279154,0.22517425,18.757433,591.5256939269412,1.076926,19.067152,18.210741,0.856411,2016.0,J131542.63+270505.3,198.927644,+27.084827,17.628,17.369,16.861,16.172,0.021,0.028,0.027,0.030,433798467173,1,2010.1189,-1
0.129676,1470980604724625536,205.25051632997415,35.3858112745489,73.97055626117452,76.58882043466889,-0.011247450814018184,0.059397228,0.045688748600852244,0.090701245,-0.09591517353846889,0.122919306,18.351553,859.6572764646362,2.6601691,18.527697,18.008192,0.51950455,2016.0,J134100.12+352308.8,205.250533,+35.385778,17.984,17.132,17.013,16.185,0.032,0.025,0.049,0.036,433791893094,2,2010.3654,-2
0.163147,1470980604724625536,205.25051632997415,35.3858112745489,73.97055626117452,76.58882043466889,-0.011247450814018184,0.059397228,0.045688748600852244,0.090701245,-0.09591517353846889,0.122919306,18.351553,859.6572764646362,2.6601691,18.527697,18.008192,0.51950455,2016.0,J134100.12+352308.7,205.250528,+35.385767,17.979,17.109,16.926,16.165,0.033,0.026,0.045,0.036,433791894223,1,2010.3654,-1
0.045885,1470983594021866624,205.38800258410757,35.54775490712475,74.26804235439658,76.40459393509447,0.014674797602307624,0.11258382,-0.18968812910929914,0.15817346,-0.022365874290874402,0.19117774,18.987885,478.4022687170809,3.6688778,19.080194,18.664669,0.41552544,2016.0,J134133.12+353251.9,205.388017,+35.547760,18.392,17.377,17.158,16.297,0.045,0.030,0.052,0.040,433791827977,1,2010.3654,1
0.038253,1459925114090155392,199.27581371669459,27.237987383310887,35.49904103973346,84.29191350814872,-0.18110972857974159,0.18000223,-0.007891031036125826,0.09413382,-0.08866397942033746,0.11271533,17.85747,1355.0606963788941,3.6211836,18.044676,17.527212,0.5174637,2016.0,J131706.19+271416.7,199.275825,+27.237984,17.091,16.901,16.525,16.040,0.014,0.018,0.019,0.027,433798207750,1,2010.1190,-1
0.142073,1471013207820101120,206.60843218364548,34.69543053655747,69.01982734065712,76.00674425367598,-0.05846829759229584,0.1531414,-0.10216585577495121,0.16087441,0.2503594027667845,0.20848574,18.86489,535.7855927015606,2.522465,19.07648,18.537434,0.53904724,2016.0,J134626.03+344143.5,206.608478,+34.695419,18.419,18.122,17.381,17.180,0.046,0.065,0.078,0.084,433792025542,1,2010.3491,-1
0.081886,1459951502369219712,198.92884272391717,27.241221458750726,35.51698089483738,84.60041745898701,-0.2998034824596599,0.23423499,-0.0963955868705602,0.12582414,0.05362489039427312,0.18093301,18.536396,725.0834976766668,2.7051868,18.635622,18.274988,0.36063385,2016.0,J131542.92+271428.4,198.928839,+27.241244,18.311,18.021,17.404,16.602,0.032,0.042,0.040,0.038,433798245448,2,2010.1189,-1
0.149641,1459951502369219712,198.92884272391717,27.241221458750726,35.51698089483738,84.60041745898701,-0.2998034824596599,0.23423499,-0.0963955868705602,0.12582414,0.05362489039427312,0.18093301,18.536396,725.0834976766668,2.7051868,18.635622,18.274988,0.36063385,2016.0,J131542.92+271428.5,198.928865,+27.241258,18.359,17.940,17.380,16.436,0.039,0.045,0.040,0.036,433798229157,1,2010.1190,-1
0.189102,1459952911118523904,198.83837845992414,27.29680173418571,36.11396161751174,84.6807046521834,-0.11118339517253806,0.2144945,0.11254965135600298,0.12129269,-0.00139172735242277,0.17391835,18.384802,833.7309340485132,1.368121,18.621344,17.938955,0.6823883,2016.0,J131521.21+271748.6,198.838412,+27.296845,17.356,17.021,16.554,16.054,0.016,0.018,0.019,0.024,433798245581,1,2010.1189,-1
0.372897,1459954629105978880,198.66746120147272,27.24709580032259,35.57635044133367,84.83281224492637,0.031655581348649056,0.17265281,-0.18634598350916878,0.09818361,-0.0876446108915286,0.17958501,18.133478,1050.8860014043626,1.4514779,18.355364,17.78789,0.56747437,2016.0,J131440.20+271449.8,198.667512,+27.247189,17.631,17.286,16.959,16.668,0.020,0.026,0.029,0.044,433798213846,1,2010.1189,-1
0.210717,1471034957534169856,207.38042275001115,34.923873556153644,68.60589133443212,75.34081833529017,-0.06236111378418231,0.07614961,-0.11024517477454174,0.10558801,-0.054576637714229485,0.14201352,18.47895,764.4806849949459,1.5254399,18.6925,17.707335,0.98516464,2016.0,J134931.31+345525.9,207.380494,+34.923875,17.308,17.003,16.237,15.204,0.017,0.024,0.026,0.014,433791975795,2,2010.3491,1
0.226780,1471034957534169856,207.38042275001115,34.923873556153644,68.60589133443212,75.34081833529017,-0.06236111378418231,0.07614961,-0.11024517477454174,0.10558801,-0.054576637714229485,0.14201352,18.47895,764.4806849949459,1.5254399,18.6925,17.707335,0.98516464,2016.0,J134931.31+345525.9,207.380499,+34.923882,17.478,17.041,16.221,15.186,0.021,0.027,0.030,0.016,433791961467,1,2010.3491,1
0.095884,1471037946831412352,207.14681176918887,34.96489532417595,69.11144372863801,75.48963510316263,-0.007624416256957201,0.092814334,0.026942984354970553,0.13580145,0.026167647303994804,0.15644625,18.72407,609.9844785717623,2.7198913,18.675352,18.315277,0.360075,2016.0,J134835.23+345753.7,207.146811,+34.964922,17.622,17.622,16.925,16.121,0.022,0.040,0.048,0.031,433791985909,1,2010.3491,1
0.060338,1471041348445853824,206.85672324879172,34.81539882275579,69.04580230650807,75.77017318916228,0.05691231716517217,0.086160436,-0.030723034507644038,0.108120814,-0.016334162686208187,0.14338787,18.388018,831.2649128870052,2.3812952,18.59738,17.889238,0.7081413,2016.0,J134725.61+344855.4,206.856742,+34.815392,17.951,17.834,17.006,16.405,0.030,0.050,0.055,0.041,433792042437,1,2010.3491,1
0.154314,1471052446641025280,207.16744234532266,35.10391958432537,69.56292906951798,75.40750280800123,0.08973244587073581,0.05905323,0.0794528756136981,0.094226494,-0.06919368129518275,0.11987684,18.14004,1044.554043735045,1.2553053,18.321363,17.811335,0.51002884,2016.0,J134840.17+350614.1,207.167394,+35.103936,17.226,16.844,16.337,15.839,0.016,0.020,0.029,0.025,433791938388,2,2010.3491,-1
0.214606,1471052446641025280,207.16744234532266,35.10391958432537,69.56292906951798,75.40750280800123,0.08973244587073581,0.05905323,0.0794528756136981,0.094226494,-0.06919368129518275,0.11987684,18.14004,1044.554043735045,1.2553053,18.321363,17.811335,0.51002884,2016.0,J134840.19+350614.3,207.167469,+35.103975,17.262,16.881,16.397,15.934,0.016,0.021,0.031,0.027,433791927615,1,2010.3491,-2
0.054942,1459997200821436032,198.91817907422143,27.663151432462634,40.00032721040528,84.59481863583608,0.33058225217311726,0.23999095,-0.10801967060360221,0.12969218,-0.06843345374220962,0.18737742,18.696665,625.576784270044,2.9370174,18.798714,18.36018,0.43853378,2016.0,J131540.36+273947.3,198.918184,+27.663166,17.970,17.588,16.977,16.199,0.023,0.026,0.028,0.024,433797759852,1,2010.1190,-1
0.003764,1460006825843633920,198.89101188592645,27.769727517903725,41.15088845456271,84.60975828342197,0.02727078383074699,0.23120348,-0.1408094191653786,0.1239074,-0.041787865970910235,0.16723755,18.634031,662.7258969381597,2.0906928,18.878717,18.263298,0.6154194,2016.0,J131533.84+274611.0,198.891013,+27.769727,18.125,17.868,17.491,16.949,0.025,0.033,0.043,0.046,433797760199,1,2010.1190,-1
0.198933,1460023799554704896,197.85206428601668,27.013652158950208,32.59284359378615,85.55320091492266,-0.29614199211675807,0.7610517,0.6611293754788595,0.40445742,0.42926297788874235,0.58046496,18.654722,650.2159118401606,3.0951092,17.568365,16.89743,0.6709347,2016.0,J131124.48+270049.1,197.852004,+27.013639,16.511,16.100,15.472,14.978,0.009,0.008,0.008,0.010,433798472841,1,2010.1189,1
0.030166,1460025410166376832,197.62705874419697,26.952142795722086,31.64269196068707,85.75018166573025,0.12113223825887262,0.3098506,-0.07437794392443156,0.17189045,-0.08642194305848785,0.24569915,18.972044,485.43265415018345,2.6473658,19.243584,18.406893,0.8366909,2016.0,J131030.49+265707.7,197.627068,+26.952144,17.971,17.523,16.886,15.845,0.028,0.031,0.027,0.022,433798459332,1,2010.1189,1
0.110366,1460025410166376832,197.62705874419697,26.952142795722086,31.64269196068707,85.75018166573025,0.12113223825887262,0.3098506,-0.07437794392443156,0.17189045,-0.08642194305848785,0.24569915,18.972044,485.43265415018345,2.6473658,19.243584,18.406893,0.8366909,2016.0,J131030.50+265707.6,197.627090,+26.952130,18.081,18.359,16.969,15.850,0.027,0.058,0.027,0.020,433798722403,2,2010.1189,-1
0.425028,1460025410166376832,197.62705874419697,26.952142795722086,31.64269196068707,85.75018166573025,0.12113223825887262,0.3098506,-0.07437794392443156,0.17189045,-0.08642194305848785,0.24569915,18.972044,485.43265415018345,2.6473658,19.243584,18.406893,0.8366909,2016.0,J131030.52+265707.7,197.627191,+26.952148,,18.602,,,,0.072,,,433798722906,1,2010.1190,0
0.152876,1460031182602410752,197.55514830790923,26.929474542057388,31.28009461418088,85.81272817834125,0.17788677097676264,0.1577435,-0.05257292869606725,0.08715606,-0.09858951872296408,0.12198623,17.922718,1276.0265975364211,1.3965439,18.140394,17.548218,0.59217644,2016.0,J131013.24+265546.0,197.555188,+26.929451,17.443,16.983,16.419,16.065,0.017,0.018,0.017,0.024,433798722487,1,2010.1189,-1
0.107378,1460047056801582080,197.87623479995878,27.006659492569856,32.51581140255626,85.53136584634859,-3.7186726994578416E-4,0.27746195,0.06492252275991928,0.13325606,-0.2456396252897848,0.22717598,18.929897,504.6475281490419,1.677012,19.051924,18.598835,0.45308876,2016.0,J131130.29+270023.8,197.876222,+27.006632,18.617,18.363,17.555,16.924,0.044,0.053,0.043,0.051,433798472829,1,2010.1189,-1
0.078338,1460060976791627392,198.03302380945075,27.33053801016798,36.63231257810277,85.39566507368251,-0.30882437740206525,0.5995385,0.03877270982658558,0.320561,-0.285180667667626,0.49720013,18.065823,1118.4538337631095,5.967452,16.124205,14.7713175,1.3528872,2016.0,J131207.92+271949.8,198.033010,+27.330520,14.327,13.798,13.142,12.842,0.003,0.002,0.002,0.002,433798246913,1,2010.1189,1
0.296069,1471138900039221632,207.56838999043217,35.204135554194835,69.28451801346287,75.07212725461174,-0.014906613721316159,0.08051738,0.09872124326470835,0.12802994,-0.20171772197612914,0.15921465,18.77314,583.029938102049,3.3599644,18.883944,18.284016,0.5999279,2016.0,J135016.43+351215.0,207.568482,+35.204169,18.029,17.350,16.647,15.755,0.035,0.036,0.044,0.026,433791899627,1,2010.3491,-2
0.196403,1460068737796690304,197.69488476690947,27.279122942503783,36.04575528761634,85.69707730880012,0.058928956859424564,0.2911911,-0.27503829169889626,0.1445179,0.020445363916545237,0.2397313,18.707804,619.1919856254693,4.185344,18.786287,18.047234,0.7390537,2016.0,J131046.78+271644.8,197.694946,+27.279126,17.501,17.206,16.606,15.705,0.018,0.024,0.022,0.020,433798224651,1,2010.1189,-1
0.215287,1471146523604893824,207.58965086708434,35.49313393322702,70.2268264852079,74.91625065032062,-0.09043533578613583,0.06747931,-0.010048317066988048,0.109200545,-0.019671664223533794,0.12248919,18.48869,757.6540491076538,1.5005686,18.635475,18.199387,0.43608856,2016.0,J135021.50+352935.4,207.589609,+35.493183,18.031,17.946,17.211,16.683,0.032,0.050,0.051,0.053,433791857772,1,2010.3654,-1
0.134913,1471149134944910336,207.31238456639778,35.29506780960975,69.99091598432638,75.21056319619015,0.08968082608690983,0.31494054,0.3826591027326193,0.49298707,-0.024928250415281315,0.7068974,18.935757,501.9309703909323,2.4281795,16.417055,15.11947,1.2975855,2016.0,J134914.96+351742.3,207.312361,+35.295100,14.785,14.296,13.622,13.372,0.003,0.003,0.003,0.004,433791938640,1,2010.3491,1
0.195325,1471149134944910336,207.31238456639778,35.29506780960975,69.99091598432638,75.21056319619015,0.08968082608690983,0.31494054,0.3826591027326193,0.49298707,-0.024928250415281315,0.7068974,18.935757,501.9309703909323,2.4281795,16.417055,15.11947,1.2975855,2016.0,J134914.97+351742.4,207.312398,+35.295121,14.805,14.301,13.612,13.373,0.003,0.003,0.003,0.004,433791899803,2,2010.3491,1
0.090488,1460108599388906880,197.2024190037244,27.34164107982362,37.08757731547615,86.13283615033079,-0.22186322688615945,0.17183734,-0.04196676329387254,0.13655564,0.11425763560294383,0.19191214,18.637012,660.9087004568823,1.8443003,18.764627,18.290466,0.47416115,2016.0,J130848.57+272029.8,197.202393,+27.341631,18.005,17.878,17.333,16.433,0.023,0.033,0.038,0.032,433798251473,1,2010.0865,-1
0.185928,1460129730628042496,197.64297437612262,27.56688541234847,39.92184660589902,85.72882374211173,-0.20224635639814978,0.20441428,-0.09276653508350625,0.12039644,0.05132465755446263,0.2145288,18.880217,528.2747006105617,1.0214014,19.073956,18.573719,0.5002365,2016.0,J131034.32+273400.6,197.643023,+27.566857,18.496,18.258,17.716,17.163,0.037,0.051,0.055,0.062,433798004491,1,2010.1190,-1
0.342895,1460131964011040896,197.741234036831,27.65566928294077,40.989024022702935,85.63392073241737,-0.09386905630987744,0.22182254,0.048263309258872594,0.123667136,0.11495256646641125,0.23742801,18.970638,486.0617580324943,1.3981378,19.207766,18.55245,0.6553154,2016.0,J131057.91+273920.6,197.741293,+27.655749,18.184,,,16.810,0.029,,,0.045,433797749138,1,2010.1190,-1
0.089765,1460141236844908160,197.46840115216176,27.711270494656592,42.09975503964754,85.86779014599209,-0.0056878284894987955,0.11324936,0.02024685175987058,0.07753874,0.057134834579708374,0.13909124,18.32129,883.9566841824156,7.8757696,18.296923,17.866922,0.4300003,2016.0,J130952.41+274240.4,197.468387,+27.711249,17.827,17.451,16.789,15.871,0.022,0.025,0.025,0.020,433797774197,1,2010.1190,1
0.063927,1460156870525370880,198.22432425092782,27.475010956782302,38.32024556494396,85.22056088195879,-0.006929279442640305,0.23270403,0.07262208166407616,0.12285735,-0.027108153624389522,0.17661242,18.626654,667.2453263259537,2.4644442,18.922392,18.215412,0.70697975,2016.0,J131253.84+272830.0,198.224340,+27.475022,,,17.106,16.608,,,0.031,0.038,433798010253,2,2010.1274,-2
0.186415,1460156870525370880,198.22432425092782,27.475010956782302,38.32024556494396,85.22056088195879,-0.006929279442640305,0.23270403,0.07262208166407616,0.12285735,-0.027108153624389522,0.17661242,18.626654,667.2453263259537,2.4644442,18.922392,18.215412,0.70697975,2016.0,J131253.84+272830.1,198.224355,+27.475055,17.874,17.361,16.719,16.430,0.022,0.021,0.021,0.032,433797974151,1,2010.1190,-1
0.066042,1460170103320702208,198.15207340088634,27.56856288283872,39.49540337472367,85.27875953861299,0.1430130568097449,0.11647853,0.03138413276710207,0.06109632,-0.0687362755278263,0.09788582,17.3914,2081.550240850008,3.1657207,17.711805,16.874346,0.83745956,2016.0,J131236.49+273406.8,198.152070,+27.568581,16.608,16.204,15.831,15.292,0.009,0.008,0.010,0.012,433797973806,1,2010.1190,-1
0.261761,1471232599045638528,207.04841551030609,35.897039072689864,72.43740628304548,75.08688634948075,-0.0748812122147802,0.08429616,0.12813326630084693,0.12545195,-0.08021077365740602,0.18387109,18.73278,605.1103916019056,2.6948812,18.88597,18.094488,0.791481,2016.0,J134811.64+355349.3,207.048505,+35.897044,17.785,17.350,16.614,15.739,0.024,0.029,0.027,0.023,433791795525,1,2010.3654,1
0.106904,1460195628310436224,198.81910125055924,27.82608557960961,41.81961344610273,84.66736524588669,-0.03786764779146878,0.18005884,-0.056493482587605226,0.10283057,0.03278687729987477,0.14630012,18.23139,960.2649261760159,2.1409914,18.566336,17.716293,0.85004234,2016.0,J131516.59+274933.8,198.819134,+27.826079,17.594,17.189,17.010,16.434,0.017,0.019,0.029,0.030,433797760220,1,2010.1190,-1
0.133832,1460195628310436224,198.81910125055924,27.82608557960961,41.81961344610273,84.66736524588669,-0.03786764779146878,0.18005884,-0.056493482587605226,0.10283057,0.03278687729987477,0.14630012,18.23139,960.2649261760159,2.1409914,18.566336,17.716293,0.85004234,2016.0,J131516.58+274933.7,198.819094,+27.826049,17.676,17.261,17.012,16.528,0.019,0.022,0.033,0.036,433797511774,2,2010.1190,-1
0.101867,1471328149181865856,206.08573571117543,35.68143777051283,73.40073011082157,75.86015243785108,-0.02264765709954941,0.090276375,0.04935220070125775,0.14007005,-0.2982695426087718,0.17450392,18.790247,573.9156581810932,1.4987282,18.92092,18.515043,0.40587616,2016.0,J134420.57+354053.2,206.085749,+35.681464,18.865,18.483,17.805,17.753,0.069,0.084,0.100,0.147,433791843769,1,2010.3654,-1
0.106510,4011031479123265664,190.10179755726085,29.02928548308533,174.28814674303862,86.91249531385743,0.08812461681927433,0.19148354,-0.24108247579628847,0.16239837,-0.2205080279131835,0.16660842,18.578959,697.2100241816637,2.0474281,18.778498,18.201498,0.57699966,2016.0,J124024.42+290145.5,190.101777,+29.029309,18.038,17.769,17.255,16.536,0.032,0.045,0.038,0.045,433796217553,1,2010.2369,-1
0.160214,4011069579777741952,190.42259855934526,29.378106360837112,166.0152033428431,86.89060735938259,-0.07757892986208335,0.21358974,0.23650829486898464,0.20899762,-0.08589676375207192,0.22370557,18.997223,474.30524643107407,2.6316879,19.145275,18.660187,0.48508835,2016.0,J124141.42+292241.3,190.422584,+29.378149,18.431,18.228,17.697,17.008,0.041,0.051,0.070,0.058,433795690833,1,2010.2036,-1
0.276385,4011290036154594048,190.33764319667534,30.39980002596895,156.38057958875677,86.0519160065698,0.4359164593540641,0.5777396,0.3408289758008574,0.7176434,0.3576618650883955,0.60811245,18.70426,621.2161384059236,4.8074584,17.12268,15.765904,1.3567762,2016.0,J124121.03+302359.5,190.337656,+30.399876,15.183,14.682,14.011,13.608,0.004,0.003,0.003,0.004,433794895777,1,2010.2039,1
0.224314,4011483992581916672,190.14247477886494,30.629593762031618,156.4802303322973,85.76726746411686,-0.057914712802441086,0.24050772,0.16710012065444715,0.225901,0.4379988328409694,0.2852674,18.863651,536.397064256982,1.8043536,19.105017,18.378834,0.72618294,2016.0,J124034.21+303746.6,190.142544,+30.629612,17.885,17.548,16.791,16.637,0.025,0.029,0.036,0.047,433794693245,1,2010.2039,-1
0.027944,4011487806512904448,190.51502264484213,30.707043995134818,152.2028980375239,85.87491999227066,-0.1429205381969614,0.2599848,0.14240978119082404,0.27183428,-0.024002548102959136,0.24830295,18.984737,479.79095221170536,1.7244316,19.15203,18.661354,0.49067688,2016.0,J124203.60+304225.3,190.515014,+30.707046,18.467,18.229,17.524,17.033,0.043,0.052,0.064,0.064,433794516972,1,2010.2039,1
0.093599,4011487806512904448,190.51502264484213,30.707043995134818,152.2028980375239,85.87491999227066,-0.1429205381969614,0.2599848,0.14240978119082404,0.27183428,-0.024002548102959136,0.24830295,18.984737,479.79095221170536,1.7244316,19.15203,18.661354,0.49067688,2016.0,J124203.60+304225.4,190.515023,+30.707070,18.664,18.174,17.528,17.048,0.042,0.040,0.055,0.059,433794523149,2,2010.2039,-2
0.044831,4011492479437438976,190.3630837486589,30.77620675372916,153.24885518440811,85.74841827028281,-0.0909786089494103,0.20499536,-0.34362307701731065,0.25978953,-0.09708730106497136,0.24722007,18.795511,571.1394427053706,1.8075376,18.916115,18.501392,0.41472244,2016.0,J124127.14+304634.3,190.363094,+30.776198,18.281,18.168,17.496,16.794,0.038,0.050,0.064,0.053,433794517127,1,2010.2039,-2
0.206599,4011509045126782848,190.2161041367753,30.911679904613163,153.7224818685963,85.56678164663067,-0.04890802991058017,0.15190583,0.13408629405592404,0.14240612,-0.08090668279122959,0.14016494,18.317806,886.7970385419777,2.3569512,18.437515,18.045057,0.39245796,2016.0,J124051.88+305442.0,190.216171,+30.911680,17.769,,16.951,16.089,0.024,,0.028,0.023,433794299244,2,2010.2036,-1
0.216199,4011509045126782848,190.2161041367753,30.911679904613163,153.7224818685963,85.56678164663067,-0.04890802991058017,0.15190583,0.13408629405592404,0.14240612,-0.08090668279122959,0.14016494,18.317806,886.7970385419777,2.3569512,18.437515,18.045057,0.39245796,2016.0,J124051.87+305442.2,190.216126,+30.911737,17.687,17.031,16.896,16.064,0.021,0.018,0.036,0.028,433794501693,1,2010.2039,-1
0.093980,1522219289687806464,196.96337272939826,35.83490424200786,102.08059991162888,80.61900428958513,-0.4006732435611612,0.4088508,0.5296867604024074,0.55603486,-0.09509484894147745,0.7356309,18.772625,583.3062155893241,2.6872764,16.801159,15.280477,1.5206823,2016.0,J130751.21+355005.6,196.963405,+35.834903,14.784,14.211,13.483,13.158,0.003,0.003,0.003,0.003,433791793639,1,2010.3652,1
0.028826,1517152254774234624,194.04850268927916,35.85025234369546,116.60595924613814,81.21950264795849,-0.012290559143396235,0.11059108,0.1693903637674917,0.11683454,0.00633282084007946,0.18770313,18.886505,525.22435661687,0.97884727,19.048113,18.573095,0.47501755,2016.0,J125611.64+355100.8,194.048510,+35.850247,18.301,18.117,17.532,17.096,0.045,0.062,0.097,0.082,433791794424,1,2010.3573,-1
0.218825,1517152254774234624,194.04850268927916,35.85025234369546,116.60595924613814,81.21950264795849,-0.012290559143396235,0.11059108,0.1693903637674917,0.11683454,0.00633282084007946,0.18770313,18.886505,525.22435661687,0.97884727,19.048113,18.573095,0.47501755,2016.0,J125611.65+355100.8,194.048576,+35.850240,18.300,17.961,,16.745,0.044,0.058,,0.068,433791753767,2,2010.3652,1
0.284100,1518327396482030592,190.43562985842058,35.06276220932155,136.97706591836646,81.79939912967718,-0.21602096259038672,0.3662248,-1.2883435854966967,0.7297082,-0.7431160624688146,0.6073684,18.477093,765.7902387798381,6.6225557,15.849766,14.594377,1.2553892,2016.0,J124144.56+350346.1,190.435685,+35.062827,14.164,13.699,12.995,12.568,0.002,0.002,0.002,0.002,433791951579,1,2010.3433,1
0.173293,1518336192575029376,190.08809874355288,35.049650868108024,138.90886353661952,81.73185857476642,0.031266837116173285,0.0440301,0.014582189003853666,0.07049834,0.029707775663572036,0.07578957,17.19775,2487.9771453132166,4.694241,17.35146,16.86689,0.48456955,2016.0,J124021.14+350258.9,190.088096,+35.049699,16.737,16.558,15.975,15.556,0.012,0.017,0.023,0.021,433791956413,1,2010.3433,-1
0.205981,1518421778387537280,190.49350164005676,35.10607804497299,136.57817855044345,81.76990153882606,0.04646256977627817,0.096286885,-0.3696111719051557,0.21245731,-0.012063665933363592,0.16785696,18.42113,806.2963662903672,2.9880393,18.581905,18.097462,0.48444366,2016.0,J124158.45+350622.0,190.493558,+35.106112,17.673,17.432,16.967,16.154,0.024,0.037,0.049,0.035,433791904437,1,2010.3434,1
0.258719,1518454042182097792,190.91105379278085,35.47150333681178,133.72004811334818,81.49287381639195,0.10243979663980429,0.09881856,-0.06730802184878892,0.15144931,0.25800790921895944,0.15495014,18.429245,800.2918807572613,2.1965387,18.5482,18.10325,0.4449501,2016.0,J124338.66+352817.6,190.911111,+35.471558,17.865,17.648,17.164,16.525,0.032,0.047,0.070,0.049,433791865379,1,2010.3572,-1
0.274075,1518454042182097792,190.91105379278085,35.47150333681178,133.72004811334818,81.49287381639195,0.10243979663980429,0.09881856,-0.06730802184878892,0.15144931,0.25800790921895944,0.15495014,18.429245,800.2918807572613,2.1965387,18.5482,18.10325,0.4449501,2016.0,J124338.63+352817.4,190.910961,+35.471512,,18.587,17.659,16.367,,0.119,0.111,0.046,433791872669,2,2010.3573,-1
0.214877,1518472119699917952,190.78154662631263,35.65197063820271,134.1566355436966,81.29438008641382,0.020244382013492428,0.05565887,-0.04052162979239353,0.09102009,0.08729297970895858,0.093244895,17.386314,2091.321126077018,4.369643,17.38894,17.018291,0.37064934,2016.0,J124307.58+353907.1,190.781613,+35.651996,16.165,16.242,,14.706,0.009,0.014,,0.011,433791845533,1,2010.3572,1
0.282454,1518484416190951296,190.81691331741152,35.89811251650359,133.6388270598994,81.0596412220084,-0.11248021497707568,0.14608745,-0.33663299757563064,0.22759576,-0.25741522296042413,0.2256102,18.992348,476.4392598224456,1.5057597,18.97843,18.062931,0.91549873,2016.0,J124316.05+355353.4,190.816913,+35.898191,17.846,17.366,16.609,15.700,0.028,0.035,0.038,0.023,433791769868,1,2010.3572,1
0.277021,1518490360425257216,190.3117903966102,35.519882998000696,136.8216971900556,81.33179066213405,-0.11018033838962431,0.13677527,0.33983488796746864,0.26621667,-0.14057521469215808,0.23030885,18.89908,519.1764233200762,2.7200937,19.056818,18.541225,0.5155926,2016.0,J124114.85+353111.6,190.311878,+35.519912,18.476,18.064,17.606,17.101,0.051,0.070,0.100,0.082,433791847904,1,2010.3572,-2
0.018817,1518508296208713216,190.03505242860885,35.6701505986979,137.97177655999565,81.12571459997237,-0.12208883737369278,0.114691064,-0.0879393348546661,0.18393001,0.23338223194186422,0.17751527,18.504526,746.6825144069873,1.6981038,18.653568,18.058237,0.5953312,2016.0,J124008.41+354012.5,190.035058,+35.670148,17.802,17.465,17.124,16.655,0.029,0.042,0.065,0.056,433791808219,1,2010.3572,-1
0.232275,1518533035220767744,190.70622674956934,35.99943093286115,134.06421944204848,80.94188244757726,0.057880407191532104,0.10655867,0.07617008189878918,0.15461972,0.010015093152159602,0.16162953,18.4628,775.9382626755446,1.8576344,18.626097,18.176939,0.4491577,2016.0,J124249.50+355958.1,190.706285,+35.999475,17.690,17.317,17.285,16.320,0.025,0.032,0.073,0.040,433791742375,1,2010.3572,-1
0.087285,1250692792968208640,208.56372754193626,22.171124666986653,17.191522857612515,74.90475966671836,-0.3607364917989037,0.23813705,-0.23246536643020604,0.21201344,-0.017208786007746182,0.26057735,18.978039,482.7596922298417,2.7405305,19.123987,18.647354,0.47663307,2016.0,J135415.29+221015.9,208.563733,+22.171101,18.316,18.637,17.855,17.119,0.038,0.078,0.053,0.060,433803490240,1,2010.1573,-1
0.339691,1250713958567478784,208.94627663990622,22.398981541212308,18.49792504235999,74.66053669957995,0.02547402477157367,0.19278882,-0.12801193534431693,0.14570533,0.2051115477549198,0.17699976,18.71066,617.5649720784245,1.1872425,18.909342,18.331718,0.57762337,2016.0,J135547.12+222356.5,208.946348,+22.399049,18.418,17.827,17.629,17.152,0.046,0.045,0.042,0.060,433803284373,1,2010.1573,-1
0.386571,1250714370884328064,209.00011298705914,22.375665527024072,18.483938568930036,74.6056931042673,0.09920200274536765,0.17971857,-0.0047815964428520735,0.13896318,-0.23349159304915684,0.17457922,18.655106,649.9865727366678,2.4529305,18.762722,18.317686,0.44503593,2016.0,J135600.03+222232.7,209.000140,+22.375770,,,17.257,16.702,,,0.033,0.044,433803341138,2,2010.1442,-2
0.410804,1250714370884328064,209.00011298705914,22.375665527024072,18.483938568930036,74.6056931042673,0.09920200274536765,0.17971857,-0.0047815964428520735,0.13896318,-0.23349159304915684,0.17457922,18.655106,649.9865727366678,2.4529305,18.762722,18.317686,0.44503593,2016.0,J135600.05+222232.6,209.000210,+22.375736,18.195,18.120,17.158,16.819,0.039,0.060,0.028,0.045,433803284250,1,2010.1573,-2
0.102175,1250721517709507584,208.6117788324069,22.33897293954281,17.853519720998342,74.92646327886493,0.10655290977825675,0.22935633,-0.12793117199312923,0.18019652,-0.33277496740455426,0.21941645,18.754147,593.3188292865859,2.1529646,18.935081,18.441593,0.4934883,2016.0,J135426.83+222020.3,208.611809,+22.338978,18.296,18.042,17.168,16.706,0.038,0.045,0.029,0.041,433803305837,1,2010.1573,-2
0.289093,1250799686114750976,209.97854082725632,22.873229557378874,21.350103874565526,73.9277699223551,-0.19667197451401197,0.18896075,0.10537921787916814,0.15952086,-0.06904537857952961,0.1748468,18.657476,648.5687361239005,3.9584904,18.613283,17.742153,0.87113,2016.0,J135954.86+225223.8,209.978597,+22.873291,17.119,16.530,15.650,14.517,0.013,0.012,0.008,0.007,433802921262,1,2010.1573,1
0.132580,1251080817493501824,207.8169268917938,22.186278269694103,16.2011620879733,75.54874762925368,0.18224612600874643,0.20241393,0.17110046796624528,0.15219213,-0.2132173540515932,0.18320084,18.716478,614.2648461347095,2.4330413,18.943727,18.298635,0.645092,2016.0,J135116.06+221110.7,207.816947,+22.186310,18.058,17.482,17.057,16.700,0.031,0.028,0.026,0.040,433803478352,1,2010.1573,-1
0.216042,1251136480270106496,207.59411977752495,22.351702281635717,16.49419876636457,75.80295860033623,0.20251129884223198,0.10649921,-0.040441604974278386,0.09069885,-0.18913521671558592,0.11660707,17.926668,1271.3911013653508,5.6368036,18.126102,17.548023,0.5780792,2016.0,J135022.60+222106.1,207.594181,+22.351722,17.378,16.601,16.571,15.908,0.018,0.013,0.017,0.020,433803281265,2,2010.1573,-2
0.295998,1251136480270106496,207.59411977752495,22.351702281635717,16.49419876636457,75.80295860033623,0.20251129884223198,0.10649921,-0.040441604974278386,0.09069885,-0.18913521671558592,0.11660707,17.926668,1271.3911013653508,5.6368036,18.126102,17.548023,0.5780792,2016.0,J135022.59+222106.3,207.594157,+22.351777,17.463,16.610,16.609,15.888,0.021,0.014,0.018,0.021,433803317161,1,2010.1573,-2
0.138654,1251143936333329664,207.1883968678581,22.34648671171386,15.872800801954785,76.14670564806107,0.0796396969784493,0.16252215,-0.17957130895814638,0.12061696,-0.05935605599856975,0.16535383,18.386583,832.364242855311,1.2360979,18.772259,17.783834,0.9884243,2016.0,J134845.22+222047.4,207.188418,+22.346520,17.489,17.257,16.689,15.951,0.020,0.025,0.020,0.022,433803314813,1,2010.1573,-1
0.097258,1251208193338818560,206.51471914913196,22.118813066319024,13.914741688360854,76.62457395503493,-1.102235499224157,0.72106016,0.3275217142110517,0.48493,0.3270309562781766,0.74227846,18.687037,631.1497026595563,4.217983,16.115599,14.773323,1.3422756,2016.0,J134603.52+220707.8,206.514702,+22.118835,14.381,13.866,13.182,12.849,0.003,0.002,0.002,0.002,433803506420,1,2010.1469,1
0.050843,1251255712857474304,205.7443118315535,22.15933261263278,12.73273548466162,77.28771329674856,0.019188807915358548,0.31017298,-0.2301701837916983,0.20063438,-0.4161263102639954,0.27438307,18.655554,649.7189922109404,1.8384593,17.286589,15.988083,1.2985058,2016.0,J134258.63+220933.5,205.744327,+22.159332,15.619,15.110,14.443,13.997,0.005,0.005,0.004,0.005,433803501810,1,2010.1469,1
0.174970,1251255712857474304,205.7443118315535,22.15933261263278,12.73273548466162,77.28771329674856,0.019188807915358548,0.31017298,-0.2301701837916983,0.20063438,-0.4161263102639954,0.27438307,18.655554,649.7189922109404,1.8384593,17.286589,15.988083,1.2985058,2016.0,J134258.64+220933.7,205.744350,+22.159366,15.613,15.104,14.425,13.990,0.005,0.004,0.004,0.004,433803465351,2,2010.1469,1
0.154996,1251256056454858752,205.78213252242827,22.17578335652054,12.868674830542345,77.26320140199569,0.7070599712864305,0.8038411,0.36121333134068656,0.47603425,-0.6981491663196284,0.71457833,18.93349,502.97926457991,2.2186437,16.967073,15.610432,1.3566418,2016.0,J134307.71+221032.9,205.782157,+22.175820,15.118,14.595,13.932,13.597,0.004,0.003,0.003,0.003,433803465245,1,2010.1469,1
0.063785,1251293126317441024,205.92404418112457,22.498666056400804,14.448946468740518,77.27907537791268,0.08142465354175982,0.23338161,0.14266302401740533,0.16079804,-0.1214403056315472,0.2263492,18.87614,530.2620606708437,1.0584426,18.993866,18.024652,0.9692135,2016.0,J134341.76+222955.2,205.924029,+22.498677,17.601,17.196,16.429,15.472,0.020,0.022,0.015,0.013,433803312684,1,2010.1469,1
0.138253,1251322400814495232,206.494512672304,22.41371684929621,15.050381078561136,76.76242493724845,0.12944993484475126,0.17505705,0.13680510328806209,0.12017535,0.08023194528661799,0.15802911,18.62806,666.3810743234214,1.6115535,18.788622,18.29685,0.4917717,2016.0,J134558.69+222449.4,206.494543,+22.413743,18.136,17.789,17.180,16.741,0.033,0.040,0.031,0.041,433803351986,1,2010.1469,-1
0.161207,1251327864012912256,206.61613115834743,22.451615539724923,15.39662401676745,76.6744121103153,-0.40766839026121465,0.20968436,0.008687162214630565,0.16586621,0.02650793562022373,0.19471402,18.894983,521.1390809933463,1.2475156,19.060614,18.604773,0.45584106,2016.0,J134627.87+222705.9,206.616143,+22.451659,18.184,17.960,17.608,16.900,0.035,0.046,0.045,0.047,433803351897,1,2010.1469,-1
0.105267,1251364182255874560,206.94098726000288,22.815197307135627,17.34147709960263,76.53610283185127,0.27465075417523527,0.23630671,-0.19234209542149855,0.18632014,-0.42988579615946926,0.24471605,18.941206,499.41810848734514,0.8267208,19.362543,18.319084,1.0434589,2016.0,J134745.84+224854.7,206.941014,+22.815213,17.828,17.338,16.800,16.156,0.029,0.027,0.022,0.028,433802867597,1,2010.1573,-1
0.205237,1251376620481739776,206.56287254277146,22.56749906682243,15.776365203649632,76.7651892973476,-0.08856182002971362,0.14178605,0.09731570377424746,0.109804146,0.046447111331159294,0.13286267,18.372654,843.1121543442839,1.2684468,18.547579,17.998297,0.5492821,2016.0,J134615.09+223403.1,206.562906,+22.567547,17.474,17.197,16.930,16.605,0.017,0.021,0.023,0.034,433803122793,1,2010.1469,-1
0.061598,1251403528451975168,206.76529105373058,22.75920194001496,16.857866233248405,76.66577584535986,-1.3821885929157565,0.77662367,0.20481830445981994,0.47074866,-0.009392790682706424,0.67775077,18.927986,505.5365294559487,2.5240932,17.028482,15.693336,1.3351469,2016.0,J134703.66+224533.1,206.765291,+22.759219,15.297,14.804,14.143,13.822,0.004,0.004,0.003,0.004,433803078537,1,2010.1573,1
0.151749,1251435895325533184,206.68963553907093,23.193631170043936,18.51940125700517,76.88746108840549,0.16090184587949533,0.19753563,-0.07610046696523454,0.15954039,0.26003204592953466,0.20929854,18.659506,647.3579596960338,1.1152483,19.192911,17.649162,1.5437489,2016.0,J134645.50+231137.1,206.689591,+23.193641,17.187,16.712,16.095,15.379,0.014,0.014,0.017,0.015,433802718376,1,2010.1576,-1
0.157813,1251436165907973120,206.74983871142638,23.214351602588323,18.68922042611162,76.84271873137205,-0.05723961448078681,0.19704193,-0.21863511321983703,0.16975781,0.17795898361361287,0.19325095,18.720594,611.9401742914602,0.974264,18.915222,18.282906,0.6323166,2016.0,J134659.96+231251.7,206.749874,+23.214381,17.771,17.435,16.890,16.150,0.023,0.026,0.034,0.031,433802526268,1,2010.1576,-1
0.123529,1251535053234861952,207.81150982714095,22.723250110523956,18.20222530941049,75.75488262984261,-0.1422791464157239,0.15556696,-0.053189395821822624,0.110136725,-0.09701870799582119,0.14108315,18.312752,890.9347174377383,1.6150528,18.607634,17.82742,0.7802143,2016.0,J135114.76+224323.7,207.811533,+22.723277,17.510,16.641,16.469,15.765,0.021,0.015,0.017,0.020,433803090509,1,2010.1573,-1
0.101071,1251551717708498304,208.1581359300512,22.9438316941749,19.486918395440178,75.53294303328326,-0.03936665989637577,0.22174804,0.0754207896619542,0.20198582,0.26456440298339995,0.25406176,18.950483,495.1686920466975,2.3304563,19.08915,18.613506,0.47564316,2016.0,J135237.94+225637.8,208.158116,+22.943853,18.386,18.022,17.284,16.425,0.037,0.041,0.030,0.032,433802908646,1,2010.1573,1
0.159023,1251562059989258240,207.90013277034473,22.891991258272558,18.960637041088074,75.73815702837202,-0.06564441320508228,0.194015,0.20884081297278867,0.15044159,-0.15570446101132246,0.18704155,18.750282,595.4343462192599,1.3067052,18.958513,18.375017,0.5834961,2016.0,J135136.04+225331.2,207.900178,+22.892006,18.139,17.637,17.128,16.829,0.036,0.039,0.030,0.051,433802882218,1,2010.1573,-1
0.024234,1251578453880032896,208.12188787663803,23.304444398402257,20.81187827929599,75.68364015969492,0.14024301977886136,0.18526848,0.067677437540463,0.16349725,-0.187018977494891,0.18353002,18.73208,605.5010630639277,1.0955249,18.895102,18.385853,0.50924873,2016.0,J135229.25+231815.9,208.121881,+23.304442,17.921,17.688,17.040,16.238,0.026,0.031,0.040,0.033,433802528578,1,2010.1577,-1
0.196829,1251578453880032896,208.12188787663803,23.304444398402257,20.81187827929599,75.68364015969492,0.14024301977886136,0.18526848,0.067677437540463,0.16349725,-0.187018977494891,0.18353002,18.73208,605.5010630639277,1.0955249,18.895102,18.385853,0.50924873,2016.0,J135229.24+231816.1,208.121863,+23.304494,17.919,17.609,17.075,16.343,0.025,0.029,0.040,0.035,433802497149,2,2010.1577,-1
0.070733,1251608033319173504,208.95653751819523,23.16249362466164,21.246314949127438,74.91147926725391,-0.1235063588294938,0.20139404,0.03346879073648217,0.17270288,0.1457844893411602,0.2017698,18.78816,575.0194460496093,3.1733367,18.861465,18.435492,0.4259739,2016.0,J135549.57+230944.9,208.956558,+23.162488,17.877,17.205,17.005,16.215,0.026,0.021,0.038,0.032,433802729909,1,2010.1577,-1
0.105491,1251611400573571840,208.7296904016423,23.212520614434748,21.17305853586927,75.12508119001009,-0.08071232732600217,0.20802727,0.2561233684170917,0.1616045,-0.016555327622777814,0.18196939,18.749788,595.7056428745769,1.8269873,18.904753,18.317434,0.5873184,2016.0,J135455.12+231245.1,208.729679,+23.212548,18.092,17.850,17.454,16.872,0.029,0.037,0.058,0.057,433802538078,1,2010.1577,-1
0.151704,1251646653665387776,209.1866002413376,23.492931158774468,22.699134694787322,74.81207610357907,-0.15383108384412536,0.16382667,-0.19342507153194585,0.15077262,0.01713608047360664,0.18636808,18.630728,664.7462511955563,2.9389331,18.777523,18.314226,0.4632969,2016.0,J135644.78+232934.6,209.186618,+23.492970,18.019,,17.100,16.197,0.030,,0.044,0.035,433802295857,1,2010.1577,-1
0.149983,1251652391741412608,208.54170954874303,23.166784316236825,20.78662148810784,75.27409342844321,0.03878301134829897,0.12515286,0.14822245188104916,0.09812533,0.1702386106773212,0.12841776,18.10347,1080.336677337206,4.8192377,18.073696,17.406311,0.6673851,2016.0,J135410.00+231000.5,208.541674,+23.166810,17.242,16.684,15.756,14.585,0.015,0.013,0.012,0.008,433802688397,1,2010.1577,1
0.109685,1251664387585644160,208.67748040355232,23.341792516309944,21.593489290212876,75.21127195246932,-0.12799184613844725,0.527724,0.7952133892876971,0.54012734,-0.09030221736755369,0.58664376,18.91525,511.5011723916027,6.9185295,17.349411,15.932254,1.4171572,2016.0,J135442.59+232030.5,208.677480,+23.341823,15.414,14.874,14.194,13.827,0.005,0.004,0.004,0.005,433802537755,1,2010.1577,1
0.083019,1251664421945383424,208.68032561764423,23.358033620198626,21.65715394435751,75.21383216115572,-0.04975709281604433,0.19548644,-0.07062242505329638,0.18283324,-0.3072681400145153,0.20665674,18.943253,498.477700965419,1.2530943,19.112452,18.601395,0.5110569,2016.0,J135443.28+232128.9,208.680335,+23.358055,18.053,17.768,17.169,16.307,0.027,0.034,0.044,0.034,433802537715,1,2010.1577,-1
0.167210,1251676310414862464,208.52678392302352,23.430373946525815,21.756811205388487,75.37020131364412,-0.008176105401081196,0.06630307,-0.018780296714785177,0.05671507,0.0704084177140328,0.06613697,16.335917,5502.758231601025,31.749557,15.804339,14.861632,0.94270706,2016.0,J135406.43+232549.5,208.526800,+23.430418,15.702,15.212,13.978,12.669,0.006,0.005,0.003,0.002,433802493735,2,2010.1577,-2
0.180992,1251676310414862464,208.52678392302352,23.430373946525815,21.756811205388487,75.37020131364412,-0.008176105401081196,0.06630307,-0.018780296714785177,0.05671507,0.0704084177140328,0.06613697,16.335917,5502.758231601025,31.749557,15.804339,14.861632,0.94270706,2016.0,J135406.41+232549.3,208.526731,+23.430387,14.422,13.955,13.225,12.563,0.003,0.002,0.002,0.002,433802290260,1,2010.1577,1
0.173120,1251681533095098368,208.41358390674293,23.526603089179833,21.995231794772536,75.49844001079566,0.39007608251486925,0.4401625,0.006547218065004889,0.31894946,-0.7441176346469943,0.39005855,18.68374,633.0677406410829,3.759362,17.887478,16.698465,1.1890125,2016.0,J135339.26+233135.8,208.413623,+23.526635,16.233,15.767,15.193,14.685,0.008,0.007,0.009,0.009,433802290472,1,2010.1577,1
0.118602,1251686476602128384,208.9442540738077,23.449356522117636,22.28392678833337,75.01115500185259,0.011056790349367658,0.17249827,-0.10749959472827711,0.16061488,-0.21138618332923667,0.1957093,18.767065,586.3014261418248,2.1136863,18.929522,18.394566,0.534956,2016.0,J135546.62+232657.7,208.944272,+23.449385,18.249,17.567,17.345,16.566,0.031,0.026,0.047,0.042,433802330297,1,2010.1577,-1
0.105236,1251698536870419456,208.87982215455256,23.643986689082446,22.93747079547869,75.12522754543578,0.013334385026729003,0.21046287,-0.015055728286069454,0.19285035,0.1878804351149823,0.23378557,18.88228,527.2718854623189,1.4451191,19.076084,18.455656,0.6204281,2016.0,J135531.16+233838.4,208.879844,+23.644008,18.284,17.761,17.236,16.930,0.032,0.031,0.043,0.057,433802118268,1,2010.1577,-1
0.219594,1251698536870419456,208.87982215455256,23.643986689082446,22.93747079547869,75.12522754543578,0.013334385026729003,0.21046287,-0.015055728286069454,0.19285035,0.1878804351149823,0.23378557,18.88228,527.2718854623189,1.4451191,19.076084,18.455656,0.6204281,2016.0,J135531.17+233838.4,208.879880,+23.644017,18.198,17.772,17.226,16.815,0.031,0.032,0.044,0.053,433802330128,2,2010.1577,-1
0.105356,1251715441861761152,208.76719893796655,23.787359579601237,23.359163913440668,75.26514661272327,-0.2056314165691339,0.27182287,0.24189706264431218,0.18799798,0.011707531202298756,0.250667,18.946535,496.9730490924782,1.9947332,18.850767,18.17465,0.67611694,2016.0,J135504.12+234714.5,208.767183,+23.787385,17.906,17.383,16.619,15.675,0.023,0.022,0.025,0.019,433802123974,1,2010.1577,1
0.190422,1251787258010104320,207.69024316107797,23.529210802202563,21.174423539143696,76.13042702792006,0.012692280731490235,0.10808983,0.09455967708238139,0.087371014,-0.10214435956605379,0.10942423,17.555855,1788.9784099157544,6.118035,17.57846,17.283072,0.29538918,2016.0,J135045.67+233145.2,207.690295,+23.529234,16.385,16.392,15.751,14.901,0.008,0.010,0.012,0.010,433802320772,1,2010.1576,1
0.110550,1251811378546349184,206.9488580379471,23.367222159394885,19.588917756673776,76.72242956240024,-0.33474375056439826,0.5299714,-0.05741794329968775,0.37386593,0.48103430720870427,0.49458617,18.810793,563.1566442585251,2.298364,17.145023,15.84546,1.2995634,2016.0,J134747.73+232201.9,206.948890,+23.367213,15.426,14.876,14.175,13.705,0.005,0.004,0.004,0.004,433802548005,1,2010.1576,1
0.122224,1251818486716960640,207.14464960589493,23.446644738473243,20.169017599558153,76.57871592558186,0.22041216711706066,0.22544444,-0.21462226213830604,0.15592104,0.2407288383749156,0.21515521,18.972887,485.0559179117646,1.2856663,19.176283,18.570364,0.6059189,2016.0,J134834.70+232648.0,207.144625,+23.446670,18.275,18.101,17.717,17.142,0.031,0.041,0.064,0.068,433802353360,1,2010.1576,-1
0.152958,1251828867653235072,207.5356324687644,23.52946137567246,20.989902674471264,76.26517462789616,-0.14581460319204043,0.16145773,-0.18027995278678755,0.12655395,0.10125226185764259,0.16117316,18.488018,758.122817041776,4.4368267,18.27484,17.30807,0.9667702,2016.0,J135008.56+233146.1,207.535671,+23.529485,16.878,16.385,15.727,14.928,0.012,0.012,0.013,0.011,433802298789,1,2010.1576,1
0.167466,1256887475838833664,209.8320597775633,23.449652731420677,23.198139505563017,74.23356549674781,0.183487074857247,0.17926152,-0.10458264637509844,0.14069688,0.005754748246188795,0.1647227,18.454565,781.8450866205021,2.6070173,18.714754,18.051334,0.6634197,2016.0,J135919.70+232658.7,209.832109,+23.449664,17.652,17.404,16.866,16.350,0.018,0.022,0.031,0.034,433802325955,1,2010.1577,-1
0.142255,1257704962734535168,209.0940766810593,23.7393577556934,23.509590508394346,74.96462983636806,-0.09360574998831946,0.22407734,-0.04044922595253127,0.1822115,0.20973177777204513,0.2182909,18.911665,513.1933618430658,1.894494,18.981874,18.675858,0.30601692,2016.0,J135622.58+234421.7,209.094107,+23.739386,18.568,18.360,17.741,16.975,0.047,0.065,0.078,0.070,433802074603,1,2010.1577,1
0.377757,1257704962734535168,209.0940766810593,23.7393577556934,23.509590508394346,74.96462983636806,-0.09360574998831946,0.22407734,-0.04044922595253127,0.1822115,0.20973177777204513,0.2182909,18.911665,513.1933618430658,1.894494,18.981874,18.675858,0.30601692,2016.0,J135622.59+234421.9,209.094148,+23.739440,18.585,18.650,17.822,17.114,0.041,0.068,0.074,0.068,433802118856,2,2010.1577,1
0.471706,1257725990894483968,208.99021719457323,24.0409841259897,24.533099398965604,75.13869223376837,0.01245884220312693,0.1931776,-0.3990320901903509,0.20329082,0.1085222502196449,0.18309344,18.788666,574.7521446349999,2.7459126,18.81103,18.494963,0.31606674,2016.0,J135557.63+240227.9,208.990162,+24.041105,18.188,17.880,16.903,15.669,0.030,0.035,0.027,0.018,433801921491,1,2010.1632,-1
0.487044,1257726025254224000,208.99790468184247,24.05435840969788,24.590630565086375,75.13547017001261,-0.04521658498397709,0.13169636,-0.06809144198721692,0.12525347,0.13715140141380056,0.1252454,18.166634,1019.2795621941236,1.5949787,18.401463,17.71411,0.68735313,2016.0,J135559.48+240316.1,208.997847,+24.054483,17.658,17.229,16.498,16.221,0.020,0.020,0.019,0.029,433801921460,1,2010.1632,-1
0.260143,1257846387417208192,209.86472532317242,24.448409477019126,26.79921912309866,74.4685017595283,-0.006745955818824208,0.18817432,0.21882851624026023,0.17431866,0.08618223165131302,0.186183,18.73838,601.9969214025054,1.2084067,18.990768,18.3052,0.68556786,2016.0,J135927.54+242654.4,209.864782,+24.448460,17.931,17.558,16.648,16.399,0.023,0.025,0.020,0.034,433801480683,1,2010.1632,-1
0.291156,1257862437710607744,209.77031101833234,24.64222793313468,27.43279911119234,74.59652957771283,-0.16467199448162723,0.15152568,0.1434113875804789,0.125859,0.07164281353820619,0.14865881,18.40689,816.940364455343,2.0853639,18.46076,18.150696,0.31006432,2016.0,J135904.89+243832.2,209.770378,+24.642281,18.049,17.753,17.067,16.069,0.028,0.035,0.032,0.029,433801196200,1,2010.1632,-2
0.372448,1257923769843623168,209.04637441629637,24.258929436536793,25.405817472041303,75.14558381443368,-0.135312363725099,0.12019697,0.03976126257499165,0.09605718,0.16888325953779754,0.1079129,17.979889,1210.5731794085057,1.1791692,18.243814,17.533255,0.71055984,2016.0,J135611.14+241532.4,209.046418,+24.259025,17.258,16.782,16.127,15.743,0.015,0.014,0.014,0.020,433801693575,1,2010.1632,-1
0.264674,1257953933398500992,209.16824975684008,24.51672546173909,26.48497160993765,75.10067066467654,-0.058733122138618504,0.105053574,-0.13768958987016838,0.09893911,-0.12318113411652058,0.102886185,17.869871,1339.6715946046227,2.9066923,17.992348,17.579103,0.41324425,2016.0,J135640.38+243100.4,209.168251,+24.516799,17.274,17.106,16.651,15.821,0.014,0.017,0.020,0.020,433801490056,1,2010.1632,-1
0.147373,1257954173916680704,209.24870369496412,24.540532457276957,26.641267757345766,75.03508041848706,-0.03934029431293716,0.09947557,0.12259292680800407,0.08811598,0.08371887509074125,0.10444516,17.913904,1286.4272913909704,2.2677405,18.060583,17.597643,0.46294022,2016.0,J135659.69+243226.0,209.248710,+24.540573,17.303,17.158,16.420,16.067,0.014,0.017,0.016,0.025,433801243048,1,2010.1632,-1
0.186793,1257986059753706752,208.60375126178567,24.50174044125764,25.945259118659788,75.59606236751847,-0.0017491976445516838,0.09666692,0.12218502038851889,0.08443813,-0.008340034312943924,0.089278296,17.589945,1733.678463298114,1.7615492,17.737528,17.241705,0.4958229,2016.0,J135424.90+243006.4,208.603758,+24.501792,16.912,16.648,16.340,15.903,0.012,0.014,0.017,0.023,433801444442,1,2010.1632,-1
0.227500,1258033304394499584,209.06835839527852,25.030707923142877,28.370580318767317,75.30183169549615,0.015953261120392567,0.15114371,0.13406254821519561,0.1250211,-0.14127658006726151,0.14038245,18.392763,827.6399349318538,1.7588683,18.630417,17.973228,0.6571884,2016.0,J135616.42+250150.4,209.068425,+25.030689,,,16.572,16.323,,,0.027,0.037,433800779357,1,2010.2180,-2
0.170017,1258046159231719808,208.88562105000574,25.074383391251928,28.40738842679896,75.47278954348036,0.3656182825174732,0.6254846,0.18824495726202117,0.45064843,0.03697730812504863,0.6364889,18.542536,720.994929279266,4.736105,16.580168,15.216487,1.3636808,2016.0,J135532.56+250427.8,208.885672,+25.074393,14.707,14.208,13.556,13.220,0.003,0.003,0.003,0.003,433800726202,1,2010.1656,1
0.137043,1258076219707090304,209.2968708928266,25.000093220870017,28.418346059401266,75.09286021191589,-0.18211553691194574,0.13087001,-0.06290009458660299,0.12315698,0.12912707818092417,0.12678711,18.077791,1106.1921879112904,1.7046721,18.239794,17.778343,0.46145058,2016.0,J135711.25+250000.4,209.296876,+25.000131,17.995,17.760,17.451,16.735,0.029,0.036,0.059,0.055,433800762239,1,2010.1656,-1
0.204212,1258078453090133632,209.35996739494627,25.079852990397438,28.766346326739225,75.0529344863015,0.044833113567479245,0.10963915,-0.0879539096659653,0.08904215,-0.08670380188080268,0.10427428,17.757267,1486.0726149296793,3.2855713,17.875328,17.493797,0.38153076,2016.0,J135726.40+250447.4,209.360030,+25.079850,17.273,17.188,16.643,15.853,0.016,0.022,0.028,0.025,433800762092,1,2010.1656,-2
0.187498,1258131057850088832,209.18245337096366,25.218911071581047,29.176288001164355,75.23762992467705,0.04415977385381106,0.20552747,-0.2682245799871987,0.17499879,-0.28239521185930094,0.20615473,18.809608,563.7714545892636,2.230538,18.924833,18.479776,0.44505692,2016.0,J135643.80+251308.1,209.182504,+25.218936,18.091,17.795,17.293,16.466,0.028,0.033,0.045,0.039,433800528025,1,2010.1656,-1
0.279685,1258136933364966144,209.3161746048127,25.288614130840685,29.533057362020262,75.13197444367812,-0.0121944179321972,0.13637406,0.18267649975903555,0.11993826,-0.19334685353171277,0.13512897,18.287205,912.1463700705285,1.4976953,18.446552,17.90392,0.54263306,2016.0,J135715.89+251719.1,209.316247,+25.288656,17.839,17.349,16.815,16.441,0.023,0.024,0.029,0.039,433800523897,1,2010.1656,-1
0.222524,1258143019334061440,209.10649588635138,25.25657793290919,29.27051412370356,75.3122344170681,-0.06524374022671803,0.057486154,-0.07883875235391212,0.049257156,-0.013032725617502346,0.058936797,16.548704,4523.403509516138,15.449514,16.715021,15.942297,0.77272415,2016.0,J135625.56+251523.8,209.106536,+25.256628,15.476,14.910,14.208,13.036,0.005,0.004,0.004,0.003,433800527842,1,2010.1656,-1
0.184660,1258181601025324032,209.27723107110606,25.623470907616372,30.797786520038894,75.22525543888935,0.0051980550093707716,0.16578041,0.03583813220146624,0.13060689,-0.1506220286320554,0.1520931,18.382387,835.5872047111435,1.8373907,18.578884,17.91727,0.66161346,2016.0,J135706.54+253724.4,209.277288,+25.623471,,,,17.386,,,,0.073,433799991364,2,2010.1250,0
0.258949,1258181601025324032,209.27723107110606,25.623470907616372,30.797786520038894,75.22525543888935,0.0051980550093707716,0.16578041,0.03583813220146624,0.13060689,-0.1506220286320554,0.1520931,18.382387,835.5872047111435,1.8373907,18.578884,17.91727,0.66161346,2016.0,J135706.55+253724.5,209.277310,+25.623482,17.497,17.342,16.885,16.255,0.018,0.023,0.033,0.034,433800261108,1,2010.1656,-1
0.277926,1258181601025324032,209.27723107110606,25.623470907616372,30.797786520038894,75.22525543888935,0.0051980550093707716,0.16578041,0.03583813220146624,0.13060689,-0.1506220286320554,0.1520931,18.382387,835.5872047111435,1.8373907,18.578884,17.91727,0.66161346,2016.0,J135706.55+253724.6,209.277299,+25.623518,17.524,17.436,16.780,16.351,0.017,0.023,0.020,0.028,433799975399,2,2010.1659,-2
0.303499,1258181601025324032,209.27723107110606,25.623470907616372,30.797786520038894,75.22525543888935,0.0051980550093707716,0.16578041,0.03583813220146624,0.13060689,-0.1506220286320554,0.1520931,18.382387,835.5872047111435,1.8373907,18.578884,17.91727,0.66161346,2016.0,J135706.55+253724.6,209.277317,+25.623504,17.532,17.358,16.869,16.296,0.018,0.023,0.023,0.028,433800032439,2,2010.1659,-2
0.360424,1258181601025324032,209.27723107110606,25.623470907616372,30.797786520038894,75.22525543888935,0.0051980550093707716,0.16578041,0.03583813220146624,0.13060689,-0.1506220286320554,0.1520931,18.382387,835.5872047111435,1.8373907,18.578884,17.91727,0.66161346,2016.0,J135706.55+253724.6,209.277323,+25.623527,,,16.902,16.267,,,0.033,0.034,433800280772,2,2010.2180,1
0.122032,1258183014069566976,209.3933883221807,25.701293136774936,31.164289011733214,75.13453529081292,-0.033263368491238496,0.12119342,0.04251479731149539,0.09921392,-0.12510910067012457,0.12390419,18.06407,1120.2608775547747,2.8839364,18.216143,17.795248,0.42089462,2016.0,J135734.42+254204.6,209.393426,+25.701293,17.579,17.382,16.717,15.973,0.018,0.022,0.019,0.021,433799990690,1,2010.1659,-2
0.126900,1258191500924978176,209.5731444633358,25.834750471597,31.77315314802302,74.99527468848686,0.6122223660161054,0.47074288,0.1846753824214323,0.34744918,-0.4231223937893544,0.41395834,18.937738,501.0161479386033,3.6531076,17.649649,16.40546,1.2441883,2016.0,J135817.56+255005.1,209.573169,+25.834778,15.995,15.481,14.787,14.438,0.006,0.005,0.005,0.006,433800021483,1,2010.1659,1
0.143839,1258549181505722880,209.9452956376281,25.819202442955888,31.907388558266145,74.66178079619024,-0.09581374464583106,0.19259618,-0.22963834510855147,0.16154577,-0.007628559397509996,0.1950123,18.842772,546.812059703305,1.8478634,19.080162,18.506556,0.5736065,2016.0,J135946.86+254909.2,209.945267,+25.819233,18.012,17.749,17.463,16.971,0.025,0.032,0.038,0.052,433800031187,1,2010.1659,-1
0.179229,1258570381464358784,209.6592299715256,26.01169470805686,32.491517089224125,74.94429023897015,-0.062946072337413,0.25010195,0.11547448900146734,0.19820352,0.05883982932327615,0.22366971,18.97829,482.64767274018084,2.2413387,19.115236,18.728912,0.38632393,2016.0,J135838.22+260042.2,209.659269,+26.011730,18.534,18.198,17.682,16.856,0.038,0.049,0.044,0.045,433799770998,1,2010.1659,-1
0.208589,1258579147493332096,209.82483286083055,26.171957826662606,33.1768778848722,74.81838834646356,-0.1503393109279875,0.49472052,-0.324209468409827,0.35341004,0.2877481184672263,0.47443768,18.70364,621.5706773853518,5.1377354,17.32339,15.998805,1.324584,2016.0,J135917.97+261019.1,209.824892,+26.171981,15.555,15.002,14.360,13.951,0.005,0.004,0.004,0.004,433799511216,1,2010.1659,1
0.126755,3954931028619469056,193.63864070923267,22.184347170464207,311.248329863394,85.00569297398805,-0.1263097940081248,0.14110167,0.1589813665227939,0.13939892,0.04496207925181216,0.12891226,17.483517,1912.2308935336216,24.396038,17.749975,16.800734,0.94924164,2016.0,J125433.26+221103.7,193.638615,+22.184373,16.218,15.719,15.059,14.221,0.007,0.006,0.006,0.006,433803481163,1,2010.1412,1
0.504001,3954989642038129536,193.28586148081712,22.295530705874782,307.60486140082463,85.15179849423653,0.10370671102013222,0.20907177,-0.005659025258609838,0.20575055,0.02440591577798944,0.17286788,18.523571,733.6992714516754,3.19084,18.679472,18.124388,0.5550842,2016.0,J125308.61+221744.4,193.285891,+22.295668,17.805,16.998,16.931,16.153,0.022,0.019,0.027,0.027,433803502460,2,2010.1412,-2
0.654566,3954989642038129536,193.28586148081712,22.295530705874782,307.60486140082463,85.15179849423653,0.10370671102013222,0.20907177,-0.005659025258609838,0.20575055,0.02440591577798944,0.17286788,18.523571,733.6992714516754,3.19084,18.679472,18.124388,0.5550842,2016.0,J125308.65+221743.9,193.286057,+22.295549,17.783,17.075,16.919,16.129,0.022,0.018,0.025,0.025,433803482280,1,2010.1412,1
0.232644,3955069081752843264,192.3877867143816,22.154192152362967,297.9054902336773,85.00751763125922,-0.5605458775452444,0.30350748,-0.15572456946417268,0.35276514,0.17640596031684608,0.24680305,18.827608,554.502282240954,2.8272758,19.439651,18.043205,1.3964462,2016.0,J124933.08+220914.9,192.387850,+22.154165,17.682,17.230,16.827,16.400,0.021,0.022,0.026,0.034,433803524334,2,2010.1412,-1
0.238902,3955069081752843264,192.3877867143816,22.154192152362967,297.9054902336773,85.00751763125922,-0.5605458775452444,0.30350748,-0.15572456946417268,0.35276514,0.17640596031684608,0.24680305,18.827608,554.502282240954,2.8272758,19.439651,18.043205,1.3964462,2016.0,J124933.08+220914.9,192.387843,+22.154151,17.747,17.242,16.882,16.369,0.021,0.022,0.025,0.031,433803479538,1,2010.1412,-1
0.294606,3955074235713624192,192.24811834063266,22.252613528132187,296.30256103220404,85.09285492789108,-0.11687658837183351,0.29113376,0.18247360710668706,0.23863895,0.19714942372122457,0.22906603,18.799177,569.214806170257,1.525596,18.981892,18.509762,0.47212982,2016.0,J124859.56+221509.2,192.248191,+22.252567,18.974,18.558,17.864,17.586,0.061,0.069,0.062,0.097,433803524131,1,2010.1412,-1
0.085860,3955109969841895424,191.58701587627962,22.280784454031952,289.2482601119805,85.01673300561028,-0.11899999169534466,0.261647,-0.08460974646480345,0.23111232,-0.3928999744094781,0.29456773,18.956684,492.34930161018957,1.25303,19.224894,18.533014,0.6918793,2016.0,J124620.88+221650.8,191.587029,+22.280805,18.134,17.731,17.221,16.696,0.030,0.030,0.033,0.041,433803468108,1,2010.1412,-1
0.163637,3955109969841895424,191.58701587627962,22.280784454031952,289.2482601119805,85.01673300561028,-0.11899999169534466,0.261647,-0.08460974646480345,0.23111232,-0.3928999744094781,0.29456773,18.956684,492.34930161018957,1.25303,19.224894,18.533014,0.6918793,2016.0,J124620.88+221650.9,191.587038,+22.280825,18.154,17.687,17.122,16.703,0.029,0.033,0.032,0.045,433803522449,2,2010.1412,-1
0.049638,3955119594863639936,192.09927276813212,22.22787483385522,294.7467720959873,85.05122521612681,-0.827573763238585,0.6957565,0.28154097581763293,0.5226115,-0.10472686956279215,0.48346794,18.63122,664.4443284407314,11.997539,17.223959,15.807748,1.4162111,2016.0,J124823.82+221340.2,192.099273,+22.227861,15.356,14.808,14.049,13.553,0.005,0.003,0.003,0.004,433803507102,1,2010.1412,1
0.164607,3955132200592638592,191.85519073437226,22.380345423731185,291.8448756792696,85.16537789104024,-0.5473682442592054,0.32735458,0.023607886141009487,0.2563333,0.1076030646306991,0.22984892,18.842339,547.0304494452749,4.0069227,19.036276,18.390322,0.64595413,2016.0,J124725.25+222249.2,191.855240,+22.380348,18.240,18.104,17.345,16.922,0.032,0.043,0.036,0.051,433803275732,1,2010.1412,-1
0.220237,3955132200592638592,191.85519073437226,22.380345423731185,291.8448756792696,85.16537789104024,-0.5473682442592054,0.32735458,0.023607886141009487,0.2563333,0.1076030646306991,0.22984892,18.842339,547.0304494452749,4.0069227,19.036276,18.390322,0.64595413,2016.0,J124725.25+222249.3,191.855246,+22.380379,18.256,18.087,17.373,16.939,0.033,0.047,0.040,0.055,433803317952,2,2010.1412,-1
0.107433,3955140687448033792,192.04118723669993,22.50827470871241,293.624593039372,85.3207575681827,0.0444121699616087,0.16254345,0.23604898448456352,0.12847406,-0.10290014743973652,0.11146591,17.759844,1482.548288868957,2.972021,17.961473,17.39061,0.5708637,2016.0,J124809.89+223029.8,192.041215,+22.508290,17.346,16.917,16.303,15.942,0.016,0.016,0.016,0.022,433803327337,1,2010.1412,-1
0.273704,3955167900360654080,192.37280247122618,22.28869743102234,297.60873442220475,85.14031387316257,-0.35062186919867283,0.213918,0.009421834175091813,0.220094,0.2742811043606059,0.1857579,18.089096,1094.7338356130447,4.0308685,18.236153,17.822233,0.41391945,2016.0,J124929.48+221719.1,192.372874,+22.288660,17.521,17.446,16.894,16.184,0.019,0.026,0.027,0.028,433803524041,2,2010.1412,-1
0.317870,3955167900360654080,192.37280247122618,22.28869743102234,297.60873442220475,85.14031387316257,-0.35062186919867283,0.213918,0.009421834175091813,0.220094,0.2742811043606059,0.1857579,18.089096,1094.7338356130447,4.0308685,18.236153,17.822233,0.41391945,2016.0,J124929.49+221719.1,192.372875,+22.288640,17.502,17.786,16.892,16.245,0.018,0.035,0.025,0.028,433803479584,1,2010.1412,-2
0.509835,3955167900360654080,192.37280247122618,22.28869743102234,297.60873442220475,85.14031387316257,-0.35062186919867283,0.213918,0.009421834175091813,0.220094,0.2742811043606059,0.1857579,18.089096,1094.7338356130447,4.0308685,18.236153,17.822233,0.41391945,2016.0,J124929.50+221719.5,192.372932,+22.288773,,18.491,,,,0.065,,,433803479710,1,2010.1412,0
0.148495,3955240639926860800,192.13494645660842,22.72539751705076,294.2892995368441,85.54843156144223,0.11328846003150875,0.28887188,0.3948604949168296,0.22545692,0.2421931590572432,0.23842232,18.782072,578.2526454911989,3.3389409,18.966768,18.475277,0.49149132,2016.0,J124832.39+224331.5,192.134974,+22.725430,18.207,18.060,17.468,16.772,0.030,0.039,0.040,0.044,433803134506,1,2010.1412,1
0.241938,3955271220093625216,192.58553224879853,22.962822653270422,299.4633132304385,85.82719066192966,-0.13003707058263816,0.3121844,0.1240635355037227,0.2699848,-0.20547846982902424,0.19771746,18.575401,699.4970539445528,1.9950795,18.834637,18.191591,0.6430454,2016.0,J125020.51+225746.2,192.585467,+22.962853,17.833,17.441,16.837,16.431,0.024,0.028,0.026,0.037,433802893422,1,2010.1412,-2
0.065134,3955478997727982208,191.0379734120113,22.11169741712662,284.27767327395986,84.7174856006574,0.6725830117464922,0.39409074,-0.2567226697073984,0.29135928,-0.25116141663492764,0.30096507,18.836323,550.0694273780923,3.1519215,18.321753,17.195345,1.1264076,2016.0,J124409.10+220642.1,191.037954,+22.111700,16.689,16.121,15.378,14.514,0.010,0.009,0.007,0.007,433803487262,1,2010.1412,1
0.372951,3955535583920595072,190.71098100645497,22.179241407843218,280.9430472435694,84.6800759293193,0.15621580799624601,0.20083886,-0.10116202255343715,0.1597351,0.06286242774059517,0.18753326,18.679075,635.7941449499641,1.427914,18.756378,18.45275,0.30362892,2016.0,J124250.66+221045.1,190.711089,+22.179214,18.331,17.581,17.327,16.317,0.036,0.032,0.038,0.032,433803510394,2,2010.1411,-2
0.403525,3955535583920595072,190.71098100645497,22.179241407843218,280.9430472435694,84.6800759293193,0.15621580799624601,0.20083886,-0.10116202255343715,0.1597351,0.06286242774059517,0.18753326,18.679075,635.7941449499641,1.427914,18.756378,18.45275,0.30362892,2016.0,J124250.66+221045.1,190.711099,+22.179216,18.297,17.547,17.210,16.131,0.035,0.030,0.034,0.028,433803495820,1,2010.1412,1
0.253372,3955759751149622016,190.42312805859504,22.728522261415023,275.74492455357273,85.07711112631544,-0.197308709018565,0.18388882,0.2071892821049411,0.15262328,-0.0795739533834622,0.18420865,18.486736,759.0187580248622,1.7148787,18.757256,18.063065,0.694191,2016.0,J124141.56+224342.4,190.423178,+22.728469,17.848,17.479,16.797,16.555,0.025,0.030,0.024,0.043,433803080227,1,2010.1412,-1
0.260052,3955761739718863360,190.00041986447786,22.557250779089475,272.7399188054101,84.74459106752028,-0.28535532498985083,0.23370084,-0.23603847251732607,0.18117797,0.005806775861647462,0.19016945,18.606356,679.8366881087927,3.8893828,18.058884,17.072453,0.9864311,2016.0,J124000.11+223326.1,190.000495,+22.557271,16.868,16.336,15.639,15.021,0.012,0.012,0.009,0.011,433803100307,1,2010.1411,1
0.130474,3955852311989117056,191.40764683630888,22.18916091297829,287.66672258576926,84.8878825961255,0.01211943142032956,0.22552031,-0.043965166782568524,0.20986708,0.08785743977661314,0.21783711,18.401003,821.3823337788194,2.36357,18.60111,18.015419,0.58569145,2016.0,J124537.83+221121.0,191.407665,+22.189193,17.521,17.347,17.048,16.289,0.018,0.025,0.030,0.032,433803522635,1,2010.1412,-1
0.392206,3955852311989117056,191.40764683630888,22.18916091297829,287.66672258576926,84.8878825961255,0.01211943142032956,0.22552031,-0.043965166782568524,0.20986708,0.08785743977661314,0.21783711,18.401003,821.3823337788194,2.36357,18.60111,18.015419,0.58569145,2016.0,J124537.86+221121.0,191.407759,+22.189194,17.524,17.456,17.048,16.335,0.018,0.025,0.029,0.030,433803482634,2,2010.1412,-1
0.149510,3955869324355819776,191.1712470230568,22.309759197435135,284.91826310243465,84.94358833822484,0.12691584592844948,0.22526814,-0.10247279649349866,0.18679358,0.09926168660530885,0.20280959,18.731274,605.9506835532568,1.6405164,18.896215,18.425674,0.470541,2016.0,J124441.10+221835.1,191.171291,+22.309767,18.051,18.073,17.346,16.621,0.028,0.044,0.038,0.040,433803483104,1,2010.1412,1
0.179514,3955869324355819776,191.1712470230568,22.309759197435135,284.91826310243465,84.94358833822484,0.12691584592844948,0.22526814,-0.10247279649349866,0.18679358,0.09926168660530885,0.20280959,18.731274,605.9506835532568,1.6405164,18.896215,18.425674,0.470541,2016.0,J124441.09+221835.3,191.171236,+22.309808,18.090,18.586,17.440,16.614,0.027,0.069,0.039,0.039,433803486972,2,2010.1412,-1
0.113678,3955890829255862912,191.49071886011097,22.534829724251278,287.5069987810305,85.24171927346038,-0.04499920199243524,0.09705555,0.12296292633112316,0.093131796,-0.0250377304301765,0.10020561,17.278471,2309.7156106934226,2.3781695,17.827473,16.549648,1.2778244,2016.0,J124557.77+223205.4,191.490745,+22.534850,16.206,15.675,14.975,14.732,0.007,0.006,0.006,0.009,433803339587,2,2010.1412,-1
0.116182,3955890829255862912,191.49071886011097,22.534829724251278,287.5069987810305,85.24171927346038,-0.04499920199243524,0.09705555,0.12296292633112316,0.093131796,-0.0250377304301765,0.10020561,17.278471,2309.7156106934226,2.3781695,17.827473,16.549648,1.2778244,2016.0,J124557.77+223205.4,191.490744,+22.534852,16.180,15.679,15.007,14.696,0.007,0.006,0.006,0.008,433803287533,1,2010.1412,-1
0.083149,3955892341084357376,191.58337723383406,22.583408779034187,288.36609324452024,85.3101026221286,-0.12854794027224276,0.20533355,0.22195689153615986,0.17179614,-0.023500340915288867,0.1941273,18.614235,674.9208366878047,1.7515718,18.776451,18.244843,0.5316086,2016.0,J124620.01+223500.3,191.583384,+22.583431,18.050,17.890,17.447,16.651,0.024,0.036,0.038,0.041,433803157142,1,2010.1412,-1
0.161500,3955892341084357376,191.58337723383406,22.583408779034187,288.36609324452024,85.3101026221286,-0.12854794027224276,0.20533355,0.22195689153615986,0.17179614,-0.023500340915288867,0.1941273,18.614235,674.9208366878047,1.7515718,18.776451,18.244843,0.5316086,2016.0,J124620.00+223500.4,191.583361,+22.583451,18.103,17.886,17.412,16.626,0.032,0.040,0.042,0.043,433803094223,2,2010.1412,-1
0.376229,3955974289060119296,191.10698209892166,22.957052909158477,281.7159061295569,85.53704590281559,0.07933119864911681,0.18413264,-0.1799479193923022,0.19088045,0.17605645885869753,0.2614606,18.254753,939.8225519182644,3.6636887,18.38237,17.957108,0.42526245,2016.0,J124425.68+225725.7,191.107021,+22.957151,17.866,17.280,16.863,16.138,0.025,0.025,0.026,0.029,433802901746,1,2010.1412,-1
0.218775,3956023870162800896,191.97304719749465,23.22428551374137,291.12879834714187,86.01451550666064,0.00604016542771295,0.1808882,0.12080861716023428,0.16169885,0.06868509388981461,0.18155296,18.35042,860.5554551582985,2.3449,18.476068,18.056156,0.41991234,2016.0,J124753.54+231327.4,191.973113,+23.224291,17.719,17.604,17.135,16.427,0.024,0.031,0.044,0.039,433802515212,1,2010.1462,-1
0.179460,3956064689531979776,191.68820583403564,23.21117483145738,287.5363557696121,85.94210907645066,0.09775865749468365,0.14690441,-0.019757440036495138,0.124333166,-0.12176811138169588,0.14396195,18.04214,1143.1177842607185,2.7728271,18.171743,17.742296,0.42944717,2016.0,J124645.16+231240.4,191.688192,+23.211223,17.436,16.660,16.647,15.793,0.020,0.014,0.030,0.023,433802514644,1,2010.1462,-2
0.234334,3956064689531979776,191.68820583403564,23.21117483145738,287.5363557696121,85.94210907645066,0.09775865749468365,0.14690441,-0.019757440036495138,0.124333166,-0.12176811138169588,0.14396195,18.04214,1143.1177842607185,2.7728271,18.171743,17.742296,0.42944717,2016.0,J124645.17+231240.0,191.688228,+23.211113,,,18.402,16.257,,,0.145,0.034,433802693950,2,2010.1469,-2
0.211141,3956139112725393792,190.5418125718784,22.928982399829575,275.86362809446166,85.30525793771935,0.04501199525953784,0.19847682,-0.16906690295839402,0.16824333,-0.13267397067930847,0.19025308,18.596584,685.9827339427563,2.1027565,18.798904,18.247704,0.55120087,2016.0,J124210.04+225544.2,190.541867,+22.928952,18.138,17.766,17.194,16.831,0.026,0.033,0.030,0.047,433802912418,1,2010.1412,-1
0.212156,3956154853781051776,190.27817914078005,23.042178480261047,272.599048368492,85.29283377160436,0.20502741069322009,0.28061882,-0.19633738054318278,0.22386017,-0.3778852041665355,0.23541626,18.98199,481.00588689022544,1.3199307,19.158422,18.647266,0.5111561,2016.0,J124106.77+230231.8,190.278241,+23.042194,18.229,18.045,17.564,17.066,0.045,0.046,0.070,0.071,433802717079,1,2010.1462,-1
0.111193,3956198623792078464,190.81433120260297,23.522741136347694,275.34309868828035,85.94845181520363,0.20995480647898734,0.13194364,-0.03280515505959512,0.11450056,-0.013265105904819496,0.13673714,17.847176,1367.9695044924474,2.4943044,18.045643,17.591272,0.4543705,2016.0,J124315.44+233121.8,190.814363,+23.522731,17.209,17.182,16.689,15.922,0.017,0.026,0.034,0.029,433802310678,1,2010.1462,-1
0.121034,3956198623792078464,190.81433120260297,23.522741136347694,275.34309868828035,85.94845181520363,0.20995480647898734,0.13194364,-0.03280515505959512,0.11450056,-0.013265105904819496,0.13673714,17.847176,1367.9695044924474,2.4943044,18.045643,17.591272,0.4543705,2016.0,J124315.44+233121.8,190.814362,+23.522723,17.208,17.197,16.634,15.905,0.018,0.021,0.029,0.025,433802352269,2,2010.1462,-1
0.272197,3956207836497587584,190.1853812612705,23.179405185834142,270.8465521941404,85.36877822337098,-0.17921389750049993,0.25304905,0.20008415735943402,0.23360676,0.36419378191967333,0.2396184,18.941416,499.32161989208987,2.6782863,19.012184,18.588984,0.4232006,2016.0,J124044.49+231046.1,190.185410,+23.179476,17.879,17.413,16.703,15.777,0.033,0.026,0.032,0.023,433802717239,1,2010.1462,1
0.261707,3956213810796383104,190.45765646035196,23.326376807320603,272.66389061527127,85.62140912061642,0.16494737309443583,0.18504469,-0.13690108401005335,0.15029575,-0.13897506316116348,0.16027138,18.291143,908.8443242566402,2.780794,18.503212,17.94688,0.55633163,2016.0,J124149.85+231935.0,190.457734,+23.326391,18.155,17.804,16.919,16.850,0.036,0.038,0.041,0.060,433802533320,1,2010.1462,-1
0.310406,3956234254840768128,190.19833827868285,23.518142612526283,268.6776059124637,85.66230668020327,0.21635164480560326,0.23617569,-0.04632387293599999,0.20102882,0.02647632709773469,0.193132,18.79702,570.3464227909666,4.725766,18.895876,18.4062,0.48967552,2016.0,J124047.58+233105.4,190.198262,+23.518193,18.122,17.721,16.957,15.861,0.046,0.040,0.045,0.027,433802314572,1,2010.1462,1
0.250713,3956240027276803712,190.56884626330134,23.492608090989805,272.7701180978428,85.8162979503403,-0.04741281307520811,0.19328904,0.2046880951712027,0.15834922,0.04720624703982208,0.17396739,18.528997,730.04250245035,2.882484,18.625704,18.071657,0.55404663,2016.0,J124216.54+232933.4,190.568918,+23.492631,17.130,17.377,16.544,15.601,0.016,0.025,0.027,0.019,433802338031,1,2010.1462,-1
0.239374,3956243570625960704,190.57598049641788,23.537844422196432,272.5437548937874,85.85894975901273,0.31619875387681057,0.24748707,-0.08078592381381074,0.19906667,-0.013134895055820259,0.23279461,18.896046,520.628916354939,1.3834256,19.116833,18.426014,0.6908188,2016.0,J124218.25+233216.3,190.576048,+23.537869,17.868,17.519,17.110,16.615,0.029,0.028,0.045,0.047,433802338040,1,2010.1462,-1
0.168377,3956249373125684480,190.7946816437419,23.6905026312583,274.0016032112136,86.08915135221544,0.09591996217770103,0.109068096,0.043749162618190576,0.11075027,-0.08121875852670797,0.12197682,17.595678,1724.54776530874,1.9231473,17.97781,16.982626,0.99518394,2016.0,J124310.73+234125.8,190.794727,+23.690524,16.588,16.223,15.794,15.175,0.010,0.009,0.013,0.014,433802119498,1,2010.1462,-1
0.216569,3956249373125684480,190.7946816437419,23.6905026312583,274.0016032112136,86.08915135221544,0.09591996217770103,0.109068096,0.043749162618190576,0.11075027,-0.08121875852670797,0.12197682,17.595678,1724.54776530874,1.9231473,17.97781,16.982626,0.99518394,2016.0,J124310.73+234125.8,190.794743,+23.690524,16.580,16.244,15.825,15.215,0.011,0.011,0.015,0.015,433802085409,2,2010.1462,-1
0.170934,3956278578903435264,191.2620197122931,23.542406044573976,280.65358645388153,86.13454853912103,0.0449078110335144,0.26830015,0.08341781131003428,0.2310684,-0.1573912846941776,0.23861837,18.632772,663.4953767256782,1.0623028,19.401987,17.55319,1.8487968,2016.0,J124502.88+233232.8,191.262027,+23.542453,16.859,16.335,15.635,14.750,0.012,0.011,0.012,0.010,433802339283,1,2010.1462,-2
0.095841,3956289165998463232,191.08188259063525,23.49383048898229,278.69397733723366,86.02636145186385,-0.20067432378912434,0.13194844,0.10133564656943334,0.13185333,-0.005531897211659337,0.144718,17.879393,1327.9739796724255,1.9964778,18.140892,17.42571,0.71518135,2016.0,J124419.65+232937.8,191.081891,+23.493856,17.094,16.702,16.102,15.853,0.016,0.019,0.020,0.026,433802300854,1,2010.1462,-1
0.160350,3956308544890931328,191.63460089678858,23.758650247366198,284.49306376868424,86.45359198918356,0.048773148484521515,0.22623998,-0.04364878752421775,0.1760424,0.17922881561074042,0.22483563,18.686258,631.6020116013864,1.2854681,19.017035,18.134693,0.8823414,2016.0,J124632.29+234531.2,191.634579,+23.758690,17.814,17.560,16.916,16.567,0.025,0.028,0.036,0.044,433802122076,1,2010.1462,-1
0.033830,3956318951595594880,191.8384244214854,23.959252929220508,286.4997398219014,86.69986633967473,0.09935460932210682,0.1978844,-0.2380162349793206,0.1937356,0.1510267221434312,0.21551351,18.773981,582.5784085474081,1.6793427,18.929972,18.463383,0.46658897,2016.0,J124721.22+235733.2,191.838419,+23.959245,18.261,17.405,17.313,16.456,0.033,0.024,0.044,0.032,433801884628,1,2010.1628,-1
0.171703,3956368532698191104,190.91893497979453,24.02836018547614,273.05608515502803,86.44025631243206,0.17114040042164969,0.19388513,-0.1193564045392943,0.2043671,0.027200360702767393,0.21596742,18.555336,712.545358246197,1.6019211,19.066366,17.901476,1.1648903,2016.0,J124340.55+240142.1,190.918983,+24.028379,17.222,16.857,16.353,15.910,0.015,0.015,0.019,0.020,433801869778,1,2010.1628,-1
0.223410,3956368532698191104,190.91893497979453,24.02836018547614,273.05608515502803,86.44025631243206,0.17114040042164969,0.19388513,-0.1193564045392943,0.2043671,0.027200360702767393,0.21596742,18.555336,712.545358246197,1.6019211,19.066366,17.901476,1.1648903,2016.0,J124340.54+240142.3,190.918941,+24.028422,17.153,16.808,16.352,15.903,0.017,0.017,0.021,0.022,433801913616,2,2010.1628,-1
0.050521,3956420965659383424,194.08053952855616,22.3248625390211,316.1934574005337,85.07034891996342,0.00905439540207962,0.30714402,-0.21269478385140747,0.24154238,0.07155789999830808,0.21546215,18.758501,590.9435998840651,1.4820845,18.996504,18.343948,0.65255547,2016.0,J125619.33+221929.5,194.080544,+22.324876,18.046,17.691,17.094,16.743,0.029,0.033,0.033,0.046,433803345162,1,2010.1412,-1
0.249401,3956420965659383424,194.08053952855616,22.3248625390211,316.1934574005337,85.07034891996342,0.00905439540207962,0.30714402,-0.21269478385140747,0.24154238,0.07155789999830808,0.21546215,18.758501,590.9435998840651,1.4820845,18.996504,18.343948,0.65255547,2016.0,J125619.34+221929.5,194.080614,+22.324869,18.061,17.545,17.081,16.688,0.027,0.027,0.032,0.043,433803518181,2,2010.1412,-1
0.090111,3956434091078987136,193.94931363105863,22.39615336109408,314.97605032481044,85.16562473001161,0.09772103278403663,0.3055755,-0.0745217409309871,0.27118978,-0.11347828455675037,0.2052889,18.750278,595.4362547399942,2.869072,19.032722,18.305809,0.72691345,2016.0,J125547.83+222346.0,193.949332,+22.396135,18.265,17.931,17.180,16.730,0.034,0.039,0.033,0.045,433803319495,1,2010.1412,-2
0.121730,3956449832134754688,194.53409728992935,22.461558705859336,321.3330122418247,85.09214719542419,-0.02081251436323777,0.3172233,-0.2225444808116636,0.3010149,0.04936263201222135,0.24497576,18.891008,523.049792120503,1.1109861,19.031866,18.542624,0.48924255,2016.0,J125808.18+222741.7,194.534119,+22.461586,18.011,17.973,17.341,16.637,0.022,0.033,0.035,0.035,433803285674,1,2010.1030,-2
0.022862,3956464641182002048,194.61018062885984,22.78407242978053,323.37827245833375,85.37515614160075,0.2990266603551933,0.26665252,0.2789232858375822,0.24483985,-0.24267633630883964,0.23121518,18.616209,673.694274906878,2.1141605,18.709593,18.404451,0.30514145,2016.0,J125826.44+224702.6,194.610174,+22.784074,18.070,17.534,16.998,16.160,0.024,0.026,0.028,0.025,433802883596,1,2010.1030,1
0.034908,3956498756106712448,193.95705446080188,22.754556570030505,315.98602734407007,85.51459624924647,-0.023443869633914725,0.32139558,-0.3390574410774234,0.23970853,0.16150403491746676,0.23061994,18.94906,495.8187284336407,1.001873,19.395386,18.249939,1.1454468,2016.0,J125549.69+224516.4,193.957045,+22.754561,17.935,17.557,17.033,16.960,0.024,0.026,0.027,0.052,433803155065,1,2010.1412,-1
0.295090,3956609192601886848,194.98283007624616,23.305119667676706,330.0695004600195,85.72165756488057,0.2080889766250304,0.17829858,-0.025391759998822396,0.1413094,0.0029236806664304045,0.124095544,17.964144,1228.2573408085977,1.4624937,18.151579,17.60147,0.55010796,2016.0,J125955.89+231818.5,194.982912,+23.305152,17.256,17.056,16.513,15.768,0.018,0.020,0.029,0.024,433802519074,1,2010.1462,-1
0.161596,3956652898189035520,194.5310609734398,23.489343963028638,325.84603571624115,86.05996684142126,-0.020529599285093365,0.09755915,0.016550264267664264,0.08779643,-0.02589216199687045,0.073579416,16.907692,3249.9010981568117,7.206666,17.082285,16.35179,0.73049545,2016.0,J125807.44+232921.7,194.531019,+23.489367,16.085,15.664,14.739,13.407,0.008,0.007,0.007,0.004,433802306764,1,2010.1462,-1
0.288506,3956679217748630656,194.7066606948069,23.648759047444454,328.9561172027419,86.14121607699214,-0.13537260455490763,0.18340857,0.03463890098901661,0.13928537,-0.12395646983440735,0.12266968,18.11035,1073.5117716290777,3.2321272,18.468742,17.550272,0.9184704,2016.0,J125849.61+233855.5,194.706748,+23.648754,16.932,16.486,16.043,15.538,0.014,0.014,0.020,0.020,433802299608,2,2010.1462,-1
0.296084,3956679217748630656,194.7066606948069,23.648759047444454,328.9561172027419,86.14121607699214,-0.13537260455490763,0.18340857,0.03463890098901661,0.13928537,-0.12395646983440735,0.12266968,18.11035,1073.5117716290777,3.2321272,18.468742,17.550272,0.9184704,2016.0,J125849.61+233855.4,194.706749,+23.648744,16.935,16.572,16.014,15.500,0.014,0.017,0.020,0.019,433802096380,1,2010.1462,-1
0.907186,3956679217748630656,194.7066606948069,23.648759047444454,328.9561172027419,86.14121607699214,-0.13537260455490763,0.18340857,0.03463890098901661,0.13928537,-0.12395646983440735,0.12266968,18.11035,1073.5117716290777,3.2321272,18.468742,17.550272,0.9184704,2016.0,J125849.62+233854.6,194.706768,+23.648527,,18.309,,,,0.077,,,433802096749,1,2010.1462,0
0.264812,3956701753440950272,193.30740013258313,22.908627613517314,308.522434059118,85.76091536310415,0.10314932378487747,0.17226814,0.11638844250396609,0.21321993,0.08349452426870452,0.15637179,17.932554,1264.5170800584667,4.6626005,18.051512,17.73028,0.32123184,2016.0,J125313.78+225431.2,193.307444,+22.908689,17.481,17.390,16.806,15.988,0.019,0.027,0.025,0.024,433802875521,1,2010.1412,-1
0.119100,3956746043143539328,193.8717085534128,23.418536935841004,317.01116736307614,86.17909383483835,0.01647792767311563,0.25225312,-0.19634419194850242,0.19072302,0.04184379916031803,0.17434807,18.506865,745.0760512882807,2.6774645,18.67303,18.202671,0.4703598,2016.0,J125529.20+232506.7,193.871673,+23.418543,17.674,17.413,16.873,16.167,0.024,0.035,0.037,0.032,433802519559,1,2010.1462,-1
0.211305,3956746043143539328,193.8717085534128,23.418536935841004,317.01116736307614,86.17909383483835,0.01647792767311563,0.25225312,-0.19634419194850242,0.19072302,0.04184379916031803,0.17434807,18.506865,745.0760512882807,2.6774645,18.67303,18.202671,0.4703598,2016.0,J125529.22+232506.8,193.871760,+23.418572,17.682,17.383,16.848,16.140,0.022,0.024,0.034,0.031,433802353833,2,2010.1462,-1
0.132544,3956767380541280384,193.14188902673393,23.18722560352759,306.7038006520289,86.05069980753073,0.03103027504632845,0.22031434,-0.23045499854465212,0.18321754,-0.2840913892455326,0.20510311,18.41371,811.8259316841048,5.0767026,18.526846,18.132288,0.39455795,2016.0,J125234.06+231113.9,193.141923,+23.187206,17.852,17.241,16.806,16.159,0.028,0.024,0.035,0.032,433802749709,1,2010.1462,-1
0.415777,3956782704984427520,192.88405642220897,23.258847231086328,303.2665083680942,86.13053336619457,-0.2424562765921382,0.24925382,-0.07656185259939192,0.1952873,0.2369815918182001,0.18240756,18.575554,699.3993106167306,2.4589179,18.667356,18.338446,0.32891083,2016.0,J125132.19+231532.1,192.884154,+23.258920,18.158,17.450,17.339,16.342,0.034,0.026,0.056,0.037,433802512774,1,2010.1462,-1
0.262242,3956790745163217024,193.03356961155103,23.371884097261564,305.3697726576681,86.24033745869687,-0.014844599762632188,0.16845506,-0.030593062254680503,0.17614579,-0.12196648427994515,0.1594338,17.973877,1217.2958531245174,1.8488201,18.115807,17.637676,0.47813034,2016.0,J125208.07+232218.7,193.033649,+23.371884,17.063,16.805,16.261,15.556,0.014,0.016,0.021,0.018,433802518380,1,2010.1462,-1
0.171409,3956808921464714496,193.5595701314754,23.559593543056717,313.13740255270073,86.37571896096445,-0.1054674545787256,0.3098525,0.07120715479890224,0.24511746,-0.06364030723395808,0.2387727,18.863995,536.2270101993017,2.2720783,19.01749,18.560223,0.45726776,2016.0,J125414.30+233334.6,193.559607,+23.559627,18.346,17.495,17.331,16.547,0.045,0.032,0.061,0.050,433802315813,1,2010.1462,-1
0.213164,3956903964796599808,194.38305343548456,24.211158809868444,328.47419949695467,86.77596437990142,-0.23072661337632272,0.35315558,0.43989919160080015,0.3140298,-0.230634108634694,0.2776178,18.698536,624.4994810728431,7.3263683,18.023455,16.72091,1.3025455,2016.0,J125731.94+241240.2,194.383117,+24.211171,16.199,15.624,14.931,14.395,0.007,0.006,0.006,0.006,433801689670,1,2010.1630,1
0.103335,3956963643366608640,193.7589577912606,24.32223386703644,319.2367972488619,87.0793612128242,0.1021583760702296,0.21608491,0.10171433358247214,0.18121889,-0.15580139855377745,0.18098286,18.500835,749.225081051376,1.6279242,18.660563,18.121012,0.5395508,2016.0,J125502.15+241920.1,193.758978,+24.322256,18.090,17.954,17.550,16.751,0.032,0.043,0.057,0.045,433801449898,1,2010.1630,-2
0.230888,3957043362256090240,195.73106320161583,24.202842262440605,345.0640575462436,86.09431128410863,-0.0026324847082219993,0.14851321,0.09762488522772872,0.17375371,-0.05399793305628049,0.121838115,17.677027,1600.058724999951,7.6709366,17.74476,17.436193,0.30856705,2016.0,J130255.44+241210.3,195.731008,+24.202882,16.682,17.031,16.349,15.576,0.010,0.018,0.018,0.016,433801659498,1,2010.1630,-2
0.082908,3957052154053419904,195.02811594738924,23.87613789112684,334.44782407073683,86.20452776154609,0.12371984530363182,0.2678176,0.1260403314193293,0.27767077,-0.04213532772202428,0.22587596,18.679365,635.6249584013324,1.1567467,18.814432,18.33784,0.47659302,2016.0,J130006.74+235234.1,195.028123,+23.876160,18.219,18.034,17.464,16.717,0.035,0.043,0.050,0.041,433801900924,1,2010.1630,-2
0.182936,3957062702492338432,195.28673787913323,24.069752743482702,339.05551299722214,86.23914053380621,-0.49263606406041427,0.41770828,0.3224196027396052,0.36873296,-0.3737442675793625,0.2957751,18.903347,517.1397133026869,0.91281974,19.339401,18.27871,1.0606918,2016.0,J130108.82+240411.1,195.286789,+24.069773,17.814,17.454,16.970,16.930,0.024,0.025,0.032,0.049,433801922139,1,2010.1630,-1
0.346487,3957063183529500160,194.94550387212357,23.818991001477936,333.03015524157524,86.1926371611236,0.4031040304437187,0.28030384,-0.22238287095346193,0.22592136,-0.03335386539906805,0.20013593,18.77168,583.8143156804198,1.8072553,19.100985,18.22097,0.8800144,2016.0,J125946.94+234908.5,194.945601,+23.819028,17.870,17.462,16.623,16.206,0.026,0.027,0.029,0.034,433802102879,1,2010.1462,-2
0.184933,3957065077611263744,194.9590226139218,23.942948749131535,334.13273952940506,86.29413046811075,-0.11200927271591138,0.31466052,-0.21126671812792244,0.30730206,0.37543423806248516,0.23544377,18.75224,594.361519338371,0.8262821,19.153822,18.211485,0.94233704,2016.0,J125950.16+235634.8,194.959027,+23.943000,17.894,17.610,17.223,17.135,0.025,0.028,0.039,0.056,433801888185,1,2010.1630,-1
0.090605,3957071807823211008,194.92220053163217,24.104480748165578,334.9801518253553,86.45017516918931,-0.22029984143065717,0.25735706,-0.22564196844147627,0.21634474,0.060203075647291604,0.19400658,18.60381,681.4329558495134,0.9675789,18.899105,18.204075,0.6950302,2016.0,J125941.32+240616.2,194.922190,+24.104504,18.304,17.772,17.147,16.737,0.035,0.033,0.036,0.040,433801648759,1,2010.1630,-1
0.132720,3957075449955300992,195.18972482546747,24.132958741126007,338.4894507411315,86.34159086621808,-0.49696310665381305,0.32397848,-0.08744830871251136,0.29636547,-0.21145192219394682,0.22886421,18.537413,724.4056035758395,2.8026214,18.684958,18.199142,0.48581505,2016.0,J130045.53+240758.7,195.189732,+24.132995,17.838,17.597,17.128,16.370,0.024,0.029,0.039,0.031,433801713283,1,2010.1630,-1
0.047235,3957078954648797312,195.09509598818155,24.19339440501377,337.8966960028082,86.44015376656182,-0.3401010441752376,0.41822135,-0.13872421874293445,0.38711098,0.03465276898255129,0.3097247,18.902824,517.3885647674912,1.0042146,19.443615,18.222502,1.2211132,2016.0,J130022.82+241136.2,195.095109,+24.193400,17.727,17.545,17.072,16.623,0.022,0.028,0.037,0.038,433801713182,1,2010.1630,-1
0.212203,3957097444484246528,195.63015207149857,24.382491119910924,345.8079315338847,86.29000102331595,0.13061297684716508,0.20378886,-0.13155322533414343,0.21864317,0.12986423112530268,0.14608562,18.14824,1036.695159197807,2.2079253,18.232605,17.912436,0.32016945,2016.0,J130231.23+242257.1,195.630155,+24.382550,18.230,17.233,17.143,16.387,0.037,0.024,0.040,0.034,433801450877,1,2010.1630,-2
0.354054,3957108542679735808,195.4019584169268,24.359445165087383,343.0863871470959,86.40708268285437,0.31045571962937496,0.30961025,-0.19691762123131362,0.33015642,0.1083387176909349,0.26213032,18.685368,632.1200125678223,1.8661227,18.638098,17.845537,0.7925606,2016.0,J130136.44+242133.9,195.401855,+24.359417,17.427,16.910,16.052,14.947,0.017,0.015,0.014,0.009,433801486052,1,2010.1630,1
0.171251,3957122114775948288,196.07798985481193,24.15974901337445,347.9854178743586,85.84945417283339,-1.1867217425843429E-4,0.2189623,-0.16957408192130854,0.24879219,0.12001871872599239,0.18998328,18.422655,805.1644189662647,2.0576375,18.643503,18.011307,0.6321964,2016.0,J130418.72+240935.2,196.078024,+24.159785,17.465,17.188,16.824,16.223,0.019,0.021,0.027,0.028,433801704930,1,2010.1630,-1
0.193913,3957123965905830400,196.11139831496882,24.214208416804816,348.81307134674705,85.86739073091208,0.29149203136619983,0.34747773,0.602238361211599,0.3362215,0.012186547913772536,0.24954584,18.8744,531.1129135671686,1.6992501,19.21689,18.423986,0.7929039,2016.0,J130426.74+241251.3,196.111433,+24.214252,17.959,17.666,17.139,16.814,0.028,0.032,0.036,0.048,433801704804,1,2010.1630,-1
0.159240,3957126336727780224,196.29322245214215,24.22944894865522,350.5591936547258,85.76022447173784,-0.1468936557998794,0.2099899,0.387434572769771,0.23310554,-0.047253761267643093,0.1577675,18.118696,1065.2906310628027,2.8373334,18.288586,17.710314,0.57827187,2016.0,J130510.38+241346.0,196.293265,+24.229470,17.861,17.605,16.878,16.476,0.025,0.030,0.028,0.035,433801691338,1,2010.1630,-1
0.305170,3957141184430721152,196.03303547166178,24.402148870492322,349.9856216649412,86.05068817074402,-0.04857162221366862,0.25725213,0.18959795265554102,0.25963837,-0.004469151786360162,0.19590181,18.55393,713.4687695042054,1.95761,18.761261,18.086164,0.6750965,2016.0,J130407.94+242407.9,196.033108,+24.402202,17.662,17.282,16.846,16.362,0.020,0.021,0.027,0.030,433801487519,1,2010.1630,-1
0.167238,3957144719188085632,196.2988689459137,24.41626709850951,352.4856848828323,85.88364856733087,0.14557648856859123,0.22872205,-0.19920064350594133,0.2631592,0.06916793464487739,0.18630661,18.221973,968.6290506310909,6.124597,18.465483,17.80272,0.6627636,2016.0,J130511.73+242458.6,196.298912,+24.416292,17.910,17.551,17.093,16.604,0.025,0.026,0.033,0.037,433801476456,1,2010.1630,-1
0.180364,3957183614412035968,196.45300962838067,24.812774370560742,358.09990166211634,86.02564970647369,0.04937265277658859,0.32159236,0.3665564366855326,0.310766,-0.1463853646824353,0.22472702,18.849903,543.2325186846106,3.5451086,18.96636,18.543913,0.4224472,2016.0,J130548.73+244846.0,196.453062,+24.812790,18.853,18.389,17.784,17.108,0.065,0.091,0.064,0.063,433800995721,1,2010.1633,1
0.136222,3957229935634912000,196.21423989648306,24.912748727187566,357.36556005876736,86.25907880560892,0.11920697388658379,0.11967797,-0.08743097714683486,0.13149267,-0.0018012351802660798,0.0994826,17.328217,2206.2760620180243,7.833542,17.400969,17.12268,0.2782879,2016.0,J130451.42+245445.9,196.214277,+24.912766,16.375,,16.218,15.445,0.009,,0.016,0.015,433801001390,1,2010.1633,-1
0.264737,3957288377254153728,194.69445980716185,24.460887305888896,335.10953927727127,86.8625622316276,-0.08943332417029293,0.1479211,0.02194209312330906,0.12724133,0.11587639122151552,0.119631805,17.776329,1460.2106020169683,6.0119557,17.817463,17.293385,0.52407837,2016.0,J125846.65+242739.2,194.694380,+24.460899,17.008,16.679,15.862,14.798,0.014,0.014,0.013,0.009,433801427001,1,2010.1630,-2
0.028047,3957292844019987072,195.15703464675195,24.388236476886288,340.49778899338384,86.56663202688412,0.09730359832707008,0.33268356,0.07999461892050586,0.36113697,0.0064026559930815685,0.28216803,18.886452,525.2499487661524,1.4453939,19.148188,18.482384,0.6658039,2016.0,J130037.68+242317.6,195.157027,+24.388240,17.801,17.604,17.101,16.380,0.023,0.027,0.033,0.030,433801458620,1,2010.1630,-1
0.156606,3957304668066042880,195.4058112800704,24.661579636754368,346.3763398218731,86.63398052308544,0.10107294984809657,0.37577924,-0.014251249409387046,0.38635382,0.13750600428609938,0.26781893,18.981836,481.0745677771223,1.2374835,19.20306,18.609863,0.59319687,2016.0,J130137.38+243941.7,195.405764,+24.661587,18.392,18.126,17.247,16.838,0.035,0.043,0.039,0.044,433801230934,1,2010.1630,-1
0.323032,3957312089769512576,195.0251384461834,24.598188854308578,341.01471017817715,86.80662161523915,-0.40021254067801654,0.26779065,0.07321764808926721,0.2389227,0.021673073245289318,0.18046613,18.469204,771.374166717912,1.3405304,18.661554,18.040226,0.62132835,2016.0,J130006.02+243553.7,195.025115,+24.598276,17.739,17.544,16.999,16.248,0.021,0.025,0.032,0.026,433801261154,1,2010.1630,-1
0.188421,3957391078512280448,194.87887624628917,25.080511723203,344.90774156911255,87.26485763855005,-0.05774759475659906,0.21998423,-0.2835979970393307,0.21604481,-0.043979344768319564,0.18109192,18.282024,916.5101500276174,1.0486326,18.54726,17.843508,0.7037525,2016.0,J125930.93+250450.0,194.878901,+25.080559,17.676,17.250,16.815,16.497,0.023,0.028,0.026,0.034,433800734026,1,2010.1633,-1
0.011678,3957415306423860608,195.27051780637527,24.81643618828797,346.6213621156322,86.83117171584105,0.013513550349598683,0.2183103,-0.060355336521419015,0.23792665,-0.2618785931733923,0.16771719,18.318548,886.1913812138595,2.1752038,18.488922,17.984932,0.5039902,2016.0,J130104.92+244859.1,195.270518,+24.816433,17.476,17.255,16.801,16.080,0.020,0.030,0.027,0.026,433801023747,1,2010.1633,-1
0.192750,3957492134798774016,194.95736855035787,25.31184306947047,349.4162875531996,87.38451568408028,-0.025219425003700467,0.3038715,-0.24515609228269453,0.29940557,0.3500404452671561,0.24071176,18.92704,505.9772491164801,1.7109938,19.038551,18.587345,0.4512062,2016.0,J125949.75+251842.7,194.957333,+25.311886,18.161,17.850,17.398,16.575,0.037,0.056,0.046,0.042,433800490537,1,2010.1633,-2
0.117965,3957528281243969024,195.24479175167144,25.664670305883565,359.05575456501896,87.4102824480681,0.2982105522739928,0.22119007,-0.03150500456939201,0.24042296,-0.34163470227627296,0.17788622,18.585606,692.9542751738318,2.915169,18.824373,18.185024,0.639349,2016.0,J130058.75+253952.8,195.244828,+25.664673,18.128,17.744,17.089,16.683,0.027,0.029,0.028,0.037,433799999494,2,2010.0864,-2
0.134430,3957528281243969024,195.24479175167144,25.664670305883565,359.05575456501896,87.4102824480681,0.2982105522739928,0.22119007,-0.03150500456939201,0.24042296,-0.34163470227627296,0.17788622,18.585606,692.9542751738318,2.915169,18.824373,18.185024,0.639349,2016.0,J130058.75+253952.8,195.244831,+25.664682,18.232,17.784,17.032,16.795,0.033,0.032,0.027,0.047,433800029083,1,2010.0864,-1
0.176909,3957531614138197376,195.5730049309815,25.72060914782387,3.4586428273236662,87.19184727518069,0.02528396580142615,0.20354323,-0.024669640594334363,0.1882297,-0.06784777622859665,0.14576048,17.835495,1382.766107243409,7.4252725,17.77491,17.197098,0.5778122,2016.0,J130217.53+254314.2,195.573057,+25.720624,16.839,16.417,15.654,14.604,0.011,0.010,0.009,0.008,433799983268,1,2010.0864,1
0.068214,3957572978966831488,192.68424145660717,23.928517568626333,300.0645279655488,86.79636427080305,-0.004001409574363039,0.22602883,-0.06305868989324158,0.19514826,-0.14966319629803926,0.23196524,18.723394,610.3643933012546,2.0188997,18.939436,18.369081,0.57035446,2016.0,J125044.22+235542.7,192.684255,+23.928532,17.971,17.596,17.248,16.725,0.027,0.029,0.043,0.041,433801899228,1,2010.1628,-1
0.084571,3957572978966831488,192.68424145660717,23.928517568626333,300.0645279655488,86.79636427080305,-0.004001409574363039,0.22602883,-0.06305868989324158,0.19514826,-0.14966319629803926,0.23196524,18.723394,610.3643933012546,2.0188997,18.939436,18.369081,0.57035446,2016.0,J125044.21+235542.7,192.684239,+23.928541,17.960,17.583,17.225,16.728,0.027,0.030,0.042,0.042,433801931498,2,2010.1628,-2
0.094132,3957597271301880320,192.7203305565226,23.999208719602873,300.6043010292773,86.86844289714314,-0.28432976473591065,0.25979322,0.10069895808430904,0.2016216,0.11558758882589854,0.2507278,18.989483,477.6980967299787,0.9232065,19.249577,18.701954,0.5476227,2016.0,J125052.87+235957.2,192.720323,+23.999234,18.233,17.929,17.495,17.046,0.033,0.039,0.053,0.054,433801899175,1,2010.1628,-1
0.261879,3957604181905590784,192.92617994403466,24.076456383691866,304.0756262741299,86.94761388846196,0.0412427185534661,0.0936764,0.10530875416039186,0.08649048,0.04888306218930013,0.08637374,17.211725,2456.1578911585716,14.012893,17.269932,16.47529,0.7946415,2016.0,J125142.27+240435.4,192.926157,+24.076526,16.918,16.218,15.550,14.457,0.012,0.009,0.010,0.006,433801869198,1,2010.1628,1
0.123815,3957622903666690432,192.33491856506075,23.95564643186455,294.3327267584245,86.79230211505293,-0.18876946335434466,0.22688238,0.21925498424186135,0.22147864,0.18140978388952658,0.2132401,18.796892,570.4131732548512,1.6852667,18.896759,18.407885,0.48887444,2016.0,J124920.38+235720.3,192.334954,+23.955658,17.617,17.691,16.940,15.855,0.020,0.033,0.034,0.020,433801913076,1,2010.1628,1
0.248149,3957646062130383104,192.76254114308242,24.079369438239144,301.268394338693,86.94986691109726,0.14986385694101578,0.20182896,-0.13696622591642638,0.17422485,-0.05694719598098644,0.21229865,18.65326,651.0933712827633,2.4659395,18.894777,18.302402,0.5923748,2016.0,J125103.00+240445.9,192.762505,+24.079430,18.137,17.765,17.081,16.885,0.030,0.033,0.036,0.047,433801899115,1,2010.1628,-1
0.087515,3957705744995895424,193.37367776401243,24.351141000697467,312.5134396414645,87.18454338773432,0.05993103438928056,0.17805919,0.038011356746324526,0.16685402,0.0700456099860736,0.14949326,18.39183,828.3518295182377,3.1045456,18.467426,18.112661,0.35476494,2016.0,J125329.68+242104.1,193.373674,+24.351165,18.010,17.334,17.152,16.312,0.025,0.022,0.037,0.028,433801493743,1,2010.1628,1
0.176140,3957708356336024192,193.48006251296235,24.45902206286141,314.891187403663,87.27293471792055,0.07604767176289544,0.17691277,-0.1268580260380719,0.14840041,-0.2583741226459368,0.15478063,18.375824,840.6532594961833,1.2933238,18.714903,17.890192,0.82471085,2016.0,J125355.22+242732.6,193.480086,+24.459066,17.186,16.883,16.259,15.386,0.014,0.015,0.017,0.013,433801459318,1,2010.1628,-1
0.195937,3957829302615055488,192.16848343312705,24.211267005130342,290.72865362472515,87.01729553829898,-0.07493146202976947,0.15670118,-0.11463766406415032,0.14328393,0.13757585390917354,0.15094274,18.068752,1115.438688688528,5.520968,18.260921,17.619957,0.6409645,2016.0,J124840.45+241240.5,192.168543,+24.211268,16.975,16.866,16.067,14.932,0.012,0.015,0.014,0.009,433801678375,1,2010.1628,-1
0.115680,3957870396862500352,192.51574237594008,24.666236017646934,295.6976348922429,87.51864873225445,0.04623062195204019,0.17449252,-0.21539213252159767,0.16217986,0.0947576096974592,0.18460487,18.468245,772.0557087907725,4.7594438,18.60499,18.152443,0.45254707,2016.0,J125003.78+243958.5,192.515766,+24.666260,18.126,17.940,17.532,17.039,0.028,0.037,0.051,0.054,433801264009,1,2010.1628,-1
0.024714,3957872153504849792,192.45885553517888,24.74618114377956,294.24324093101916,87.59084760888865,0.20942720439574822,0.6598358,0.7159349119231697,0.5903991,0.3092227861128225,0.6277023,18.92622,506.35930192747225,4.4394464,18.187313,16.864618,1.3226948,2016.0,J124950.12+244446.2,192.458852,+24.746175,16.368,15.832,15.168,14.648,0.008,0.007,0.007,0.008,433801263866,2,2010.1628,1
0.162783,3957872153504849792,192.45885553517888,24.74618114377956,294.24324093101916,87.59084760888865,0.20942720439574822,0.6598358,0.7159349119231697,0.5903991,0.3092227861128225,0.6277023,18.92622,506.35930192747225,4.4394464,18.187313,16.864618,1.3226948,2016.0,J124950.13+244446.3,192.458891,+24.746213,16.341,15.808,15.177,14.694,0.009,0.008,0.007,0.008,433801006840,1,2010.1633,1
0.166641,3957872153504849792,192.45885553517888,24.74618114377956,294.24324093101916,87.59084760888865,0.20942720439574822,0.6598358,0.7159349119231697,0.5903991,0.3092227861128225,0.6277023,18.92622,506.35930192747225,4.4394464,18.187313,16.864618,1.3226948,2016.0,J124950.13+244446.2,192.458906,+24.746188,16.380,15.867,15.206,14.781,0.008,0.007,0.007,0.008,433801227519,2,2010.1628,1
0.147376,3957893520966113024,191.65901744646752,24.460294711751605,280.6141024914982,87.12148343813297,0.04518983374797832,0.25986293,-0.07484528412692837,0.23733166,-0.1951917517372078,0.26398322,18.990583,477.21446763536136,1.1766412,19.235744,18.635622,0.60012245,2016.0,J124638.16+242737.1,191.659036,+24.460332,17.951,17.691,17.368,16.985,0.025,0.030,0.046,0.054,433801466182,1,2010.1628,-1
0.239494,3957921421073921664,191.54885925860088,24.760672766216395,276.1792874188884,87.35537982312172,0.07590562517357155,0.15058306,0.11546863330918317,0.13213027,0.113990253503324,0.15171352,18.175198,1011.2708014141349,1.3762697,18.347918,17.815983,0.53193474,2016.0,J124611.74+244538.5,191.548922,+24.760707,17.536,17.302,16.892,16.362,0.021,0.023,0.024,0.030,433800997208,1,2010.1633,-1
0.163912,3957982585703841920,192.40146567416,24.919309415360004,292.2762180948104,87.75305137555738,-0.3683762129928355,0.29509386,0.032535612785206086,0.23959482,0.09742449020440644,0.23872602,18.90655,515.6167364726642,2.66147,19.184402,18.533607,0.650795,2016.0,J124936.34+245509.6,192.401425,+24.919336,18.559,18.187,17.517,17.101,0.050,0.054,0.053,0.061,433801006479,1,2010.1633,-1
0.072354,3957987082533657728,192.64406233071725,24.985593533905455,297.7234095366977,87.84862367956711,-0.0937790067133485,0.22110876,0.09665575561457651,0.2188139,0.29744511467207874,0.20621336,18.691835,628.3656115940029,3.3054209,18.801651,18.472725,0.3289261,2016.0,J125034.57+245908.0,192.644075,+24.985577,17.709,17.633,17.004,16.119,0.026,0.033,0.036,0.027,433800776011,1,2010.1633,1
0.264755,3958000139234257408,192.96029457375457,25.077365235530024,305.48180090457066,87.94711839812534,-0.27463431431156077,0.25220585,-0.14479691585858886,0.22958949,0.21146524010168907,0.21620634,18.856586,539.8982282848954,1.44362,19.058746,18.537663,0.52108383,2016.0,J125150.48+250438.7,192.960337,+25.077428,18.322,17.867,17.292,17.009,0.040,0.040,0.040,0.054,433800732010,1,2010.1633,-1
0.127302,3958015085720485248,192.8167452947234,25.22808993595973,301.7661855685344,88.09945301152787,-0.004423375554942273,0.21226111,0.3059020553723366,0.23460126,0.05374466660802525,0.21454045,18.748854,596.2185103840096,1.6798314,19.018616,18.419498,0.5991173,2016.0,J125116.01+251341.2,192.816740,+25.228125,17.703,17.462,17.137,16.617,0.022,0.025,0.035,0.039,433800517994,1,2010.1633,-1
0.151787,3958015085720485248,192.8167452947234,25.22808993595973,301.7661855685344,88.09945301152787,-0.004423375554942273,0.21226111,0.3059020553723366,0.23460126,0.05374466660802525,0.21454045,18.748854,596.2185103840096,1.6798314,19.018616,18.419498,0.5991173,2016.0,J125116.02+251341.2,192.816781,+25.228117,,,17.196,16.709,,,0.042,0.047,433800468459,2,2010.1742,-1
0.070235,3958039721652877440,192.51801467972146,25.161825049992032,293.9962367075236,88.00983166554967,0.2006911680767131,0.19629514,0.2518688111920603,0.18211517,-0.01837774220205171,0.17847227,18.559599,709.7523695713094,1.5718,18.705055,18.269695,0.43535995,2016.0,J125004.32+250942.6,192.518006,+25.161843,17.975,17.645,17.085,16.754,0.031,0.033,0.041,0.047,433800771972,1,2010.1633,-1
0.189463,3958054943017124224,192.1272825705542,25.30160790342352,282.98986264521494,88.05885180587097,0.25554962869942077,0.18583526,-0.038833983290534564,0.17006263,-0.16925864327614082,0.19759491,18.586788,692.1993058592982,2.4423575,18.806858,18.177542,0.62931633,2016.0,J124830.54+251805.6,192.127264,+25.301558,17.867,17.751,17.285,16.408,0.029,0.041,0.045,0.035,433800472192,1,2010.1633,-1
0.213442,3958060371855841792,192.4245650758362,25.477469978375428,289.54629345709486,88.30380803604041,0.34695790704285884,0.23315716,-0.08644451659938503,0.20308241,-0.058881757346613404,0.23801747,18.8035,566.953421877137,3.38777,18.968143,18.49391,0.47423363,2016.0,J124941.90+252838.7,192.424621,+25.477439,18.146,17.889,17.529,16.895,0.033,0.037,0.057,0.051,433800272735,1,2010.1633,-1
0.144442,3958075352701777536,192.86953322587235,25.504483702767605,303.25212661215966,88.3762087011341,-0.20198856247325767,0.24630705,-0.2095895457221516,0.23341152,0.12909465720715685,0.23688948,18.87044,533.0537190496714,1.5117471,19.092844,18.57676,0.5160847,2016.0,J125128.69+253016.2,192.869558,+25.504517,18.390,18.245,17.673,16.795,0.046,0.066,0.062,0.051,433800225700,1,2010.1633,-1
0.181329,3958075352701777536,192.86953322587235,25.504483702767605,303.25212661215966,88.3762087011341,-0.20198856247325767,0.24630705,-0.2095895457221516,0.23341152,0.12909465720715685,0.23688948,18.87044,533.0537190496714,1.5117471,19.092844,18.57676,0.5160847,2016.0,J125128.67+253016.1,192.869479,+25.504472,18.577,18.190,17.683,16.871,0.047,0.048,0.061,0.049,433800276267,2,2010.1633,-1
0.066064,3943674297294334080,199.37835923401045,22.279397214664108,355.0264073156671,82.34860555116101,0.22902444334349792,0.21841104,0.12369960073386266,0.113359526,-0.2617449921268831,0.17638722,18.63435,662.531777376852,1.7286803,18.837515,18.282333,0.5551815,2016.0,J131730.80+221645.8,199.378345,+22.279410,17.843,17.559,16.873,16.468,0.023,0.028,0.022,0.032,433803470966,1,2010.1412,-1
0.047331,3943876671857771904,197.43743696814786,22.44222728670497,345.48716604891956,83.73773986884241,-0.07735884695659395,0.17928958,-0.15297161484239383,0.22562997,-0.11905783243458198,0.1628755,18.14616,1038.6828477453878,1.8964028,18.334736,17.762442,0.57229424,2016.0,J130944.98+222631.9,197.437424,+22.442222,17.328,17.027,16.637,16.175,0.013,0.016,0.020,0.024,433803337121,1,2010.1030,-1
0.093099,3943881619660112512,197.61684854153248,22.524656853784613,347.12065000792796,83.68990280425756,0.18105437750297718,0.26280293,0.2409775143651645,0.31145576,-0.0018224034876534873,0.2248083,18.960482,490.62988371978,2.064796,19.074203,18.5475,0.5267029,2016.0,J131028.04+223128.6,197.616850,+22.524631,18.535,17.962,17.196,17.055,0.033,0.034,0.030,0.050,433803167674,2,2010.1030,-1
0.133385,3943881619660112512,197.61684854153248,22.524656853784613,347.12065000792796,83.68990280425756,0.18105437750297718,0.26280293,0.2409775143651645,0.31145576,-0.0018224034876534873,0.2248083,18.960482,490.62988371978,2.064796,19.074203,18.5475,0.5267029,2016.0,J131028.04+223128.6,197.616867,+22.524624,18.486,18.055,17.167,17.037,0.040,0.050,0.031,0.057,433803251896,1,2010.1412,-1
0.171531,3943909867660329472,197.98921366516888,22.33805924463039,348.23962510304233,83.31939434311131,0.24177354763089115,0.25448832,0.02583832486479894,0.20332628,0.13282926989578375,0.22156404,18.6607,646.6462447184712,2.4027953,18.826729,18.292593,0.5341358,2016.0,J131157.40+222017.1,197.989189,+22.338101,17.932,17.649,17.116,16.344,0.021,0.027,0.029,0.028,433803355801,1,2010.1030,-1
0.202868,3943909867660329472,197.98921366516888,22.33805924463039,348.23962510304233,83.31939434311131,0.24177354763089115,0.25448832,0.02583832486479894,0.20332628,0.13282926989578375,0.22156404,18.6607,646.6462447184712,2.4027953,18.826729,18.292593,0.5341358,2016.0,J131157.40+222017.1,197.989185,+22.338109,17.907,17.603,17.031,16.302,0.025,0.030,0.026,0.030,433803433705,2,2010.1412,-1
0.107863,3943914334426348288,198.24681805419323,22.426492083901174,350.22406977446605,83.21714160670994,0.3222517146029221,0.47574425,-0.5271657913179172,0.495387,-0.04798322320544047,0.40021282,17.98554,1204.289562608446,9.572649,16.28449,15.081361,1.2031298,2016.0,J131259.24+222535.4,198.246844,+22.426510,14.659,14.173,13.521,13.226,0.003,0.002,0.002,0.003,433803356475,1,2010.1030,1
0.130533,3943914334426348288,198.24681805419323,22.426492083901174,350.22406977446605,83.21714160670994,0.3222517146029221,0.47574425,-0.5271657913179172,0.495387,-0.04798322320544047,0.40021282,17.98554,1204.289562608446,9.572649,16.28449,15.081361,1.2031298,2016.0,J131259.24+222535.4,198.246843,+22.426520,14.667,14.179,13.554,13.224,0.003,0.002,0.002,0.003,433803252728,2,2010.1412,1
0.153135,3943940993287785216,198.40354739683494,22.60274928496508,352.15172606012976,83.23559991729019,-0.1993145881485164,0.26478913,-0.2777956877961417,0.28273925,0.029803300516559182,0.20031099,18.806005,565.6456080057959,1.5874965,18.99844,18.385462,0.612978,2016.0,J131336.84+223610.0,198.403518,+22.602782,18.226,17.951,16.983,16.907,0.027,0.035,0.025,0.047,433803170673,2,2010.1030,-1
0.175609,3943940993287785216,198.40354739683494,22.60274928496508,352.15172606012976,83.23559991729019,-0.1993145881485164,0.26478913,-0.2777956877961417,0.28273925,0.029803300516559182,0.20031099,18.806005,565.6456080057959,1.5874965,18.99844,18.385462,0.612978,2016.0,J131336.85+223610.0,198.403571,+22.602793,18.237,18.043,16.939,16.897,0.029,0.041,0.023,0.054,433803058778,1,2010.1412,-2
0.231798,3943940993287785216,198.40354739683494,22.60274928496508,352.15172606012976,83.23559991729019,-0.1993145881485164,0.26478913,-0.2777956877961417,0.28273925,0.029803300516559182,0.20031099,18.806005,565.6456080057959,1.5874965,18.99844,18.385462,0.612978,2016.0,J131336.86+223609.8,198.403617,+22.602744,18.275,17.990,16.943,16.875,0.036,0.050,0.026,0.054,433803109415,2,2010.1412,-1
0.117869,3943967901258441856,198.11741893398266,22.64380893776674,350.8328039999804,83.45488673244782,-0.05678187641413796,0.1840532,0.33861563330559613,0.1855141,-0.05381422675168389,0.15120013,18.155005,1030.2554483675553,6.145283,18.179956,17.049973,1.1299839,2016.0,J131228.17+223837.8,198.117395,+22.643833,16.684,16.141,15.515,14.710,0.010,0.008,0.008,0.008,433803057677,1,2010.1412,1
0.151464,3943967901258441856,198.11741893398266,22.64380893776674,350.8328039999804,83.45488673244782,-0.05678187641413796,0.1840532,0.33861563330559613,0.1855141,-0.05381422675168389,0.15120013,18.155005,1030.2554483675553,6.145283,18.179956,17.049973,1.1299839,2016.0,J131228.18+223837.8,198.117429,+22.643850,16.600,16.123,15.495,14.737,0.009,0.008,0.008,0.008,433803169694,2,2010.1030,1
0.216166,3943991334600324480,197.90438944227358,22.915503094364333,351.36323119929233,83.78492287550732,-1.3871240148993926,0.7335034,0.22369395298090208,0.7592822,-0.1691345826231443,0.5990894,18.726507,608.6165215054102,7.1425605,15.927452,14.442056,1.4853964,2016.0,J131137.05+225456.0,197.904377,+22.915562,13.991,13.432,12.731,12.461,0.002,0.002,0.002,0.002,433802956644,1,2010.1030,1
0.185674,3943996175027702912,198.39477515232653,22.861197265005757,353.74907230026304,83.41560438648159,-0.015693782957818043,0.26012817,-0.002394467561386464,0.30910772,0.010182510519750257,0.21522775,18.804031,566.6755819140535,1.3153236,19.018461,18.4153,0.60316086,2016.0,J131334.75+225140.3,198.394828,+22.861214,17.968,17.757,17.293,16.592,0.020,0.027,0.033,0.033,433802958886,1,2010.1030,1
0.216942,3944009163008976256,198.40412251378663,23.09521651629957,355.3625892306337,83.56177826247176,0.3556493375567633,0.19450238,0.05067531407577962,0.18930332,0.04550769929837418,0.15775108,18.408903,815.4282391737745,1.9846953,18.622002,18.048046,0.57395554,2016.0,J131337.00+230542.7,198.404188,+23.095213,17.821,17.488,16.887,16.467,0.019,0.022,0.022,0.031,433802756641,2,2010.1030,-2
0.221943,3944009163008976256,198.40412251378663,23.09521651629957,355.3625892306337,83.56177826247176,0.3556493375567633,0.19450238,0.05067531407577962,0.18930332,0.04550769929837418,0.15775108,18.408903,815.4282391737745,1.9846953,18.622002,18.048046,0.57395554,2016.0,J131337.00+230542.8,198.404188,+23.095230,17.787,17.482,16.860,16.497,0.022,0.025,0.023,0.033,433802706972,1,2010.1575,-1
0.194507,3944025415165243776,198.3086680614585,23.2050292089694,355.61709017553363,83.69949188822837,-0.08354025650401523,0.23672287,0.09825150461556795,0.25917968,-0.04614013011648914,0.19269626,18.767273,586.188753799339,1.7460494,18.815428,18.239128,0.57629967,2016.0,J131314.09+231218.1,198.308726,+23.205038,17.849,17.756,17.060,16.234,0.023,0.032,0.028,0.027,433802494838,2,2010.1575,1
0.418947,3944025415165243776,198.3086680614585,23.2050292089694,355.61709017553363,83.69949188822837,-0.08354025650401523,0.23672287,0.09825150461556795,0.25917968,-0.04614013011648914,0.19269626,18.767273,586.188753799339,1.7460494,18.815428,18.239128,0.57629967,2016.0,J131314.11+231218.1,198.308794,+23.205041,17.768,17.740,17.028,16.182,0.022,0.031,0.028,0.026,433802707204,1,2010.1575,1
0.252773,3944231607955101440,196.50234400964627,22.140799720474202,337.2906178520317,84.01439304726199,-0.04183818010440937,0.29735923,0.5152918520854104,0.31444708,-0.3111546300154099,0.21629575,18.86877,533.8732218232878,1.3376299,19.096819,18.463877,0.6329422,2016.0,J130600.57+220827.0,196.502398,+22.140849,17.884,17.594,17.033,,0.020,0.025,0.029,,433803501206,2,2010.1030,-1
0.311647,3944231607955101440,196.50234400964627,22.140799720474202,337.2906178520317,84.01439304726199,-0.04183818010440937,0.29735923,0.5152918520854104,0.31444708,-0.3111546300154099,0.21629575,18.86877,533.8732218232878,1.3376299,19.096819,18.463877,0.6329422,2016.0,J130600.56+220827.1,196.502360,+22.140885,17.945,17.580,17.028,16.249,0.021,0.026,0.029,0.027,433803512472,1,2010.1030,-1
0.047823,3944280398783161216,196.19928564188132,22.214751140682694,335.3473707559684,84.22560629945986,0.065353852745063,0.31120384,-0.10751484148616362,0.3947593,0.01480595733604173,0.25857282,18.740122,601.0325548467181,2.506704,18.95629,18.359324,0.5969658,2016.0,J130447.83+221253.0,196.199296,+22.214742,18.089,17.790,17.216,16.601,0.022,0.028,0.031,0.034,433803475199,1,2010.1030,-2
0.104402,3944291192036922880,196.32929659848466,22.491092892363014,337.86059125995496,84.39521368915103,-0.2483709369343042,0.20716415,-0.04669577445950554,0.25440973,-0.09036040094529343,0.18694814,18.48645,759.2179966446369,1.4860476,18.71149,18.01409,0.69740105,2016.0,J130519.02+222927.8,196.329285,+22.491066,17.987,17.456,16.839,16.616,0.022,0.023,0.023,0.035,433803341525,1,2010.1030,-1
0.159143,3944423236512052352,194.95346750254149,22.198252643389253,324.4837938270925,84.71583184116665,-0.05976087114458074,0.27496752,-0.15870115770010051,0.26392367,0.31732885983867837,0.23679805,18.895472,520.904443260586,1.3807467,19.148468,18.439402,0.7090664,2016.0,J125948.84+221153.8,194.953504,+22.198281,18.345,18.010,17.511,16.905,0.029,0.034,0.044,0.048,433803498642,1,2010.1029,-1
0.169218,3944423236512052352,194.95346750254149,22.198252643389253,324.4837938270925,84.71583184116665,-0.05976087114458074,0.27496752,-0.15870115770010051,0.26392367,0.31732885983867837,0.23679805,18.895472,520.904443260586,1.3807467,19.148468,18.439402,0.7090664,2016.0,J125948.83+221153.8,194.953497,+22.198291,18.280,17.936,17.514,16.888,0.028,0.032,0.045,0.048,433803499464,2,2010.1030,-1
0.245302,3944429348248935168,194.84947951478625,22.382558829617857,324.2028096334302,84.92218825578527,-0.30752345618558924,0.23168963,0.15362357823046233,0.22020088,-0.12370338450324606,0.2046411,18.52493,732.7829776297825,2.2193532,18.699257,18.199633,0.49962425,2016.0,J125923.88+222257.3,194.849539,+22.382599,17.863,17.452,16.909,16.497,0.021,0.022,0.026,0.032,433803313975,1,2010.1030,-1
0.146006,3944433540137551104,194.55850608110543,22.2821945661192,320.96063497017826,84.91430078130105,0.01062252356717305,0.17212611,-0.058043683949700914,0.19579019,-0.0735668659406964,0.14965676,18.359394,853.4717054904263,0.97803926,18.681936,17.850729,0.8312073,2016.0,J125814.04+221656.0,194.558509,+22.282235,17.406,17.123,16.766,16.189,0.015,0.015,0.023,0.024,433803459917,1,2010.1030,-1
0.281288,3944437079190608512,194.56396038694604,22.339756598372247,321.2108825761759,84.96770398585927,0.175353839845058,0.32455477,-0.4568262682854912,0.31152657,0.1452046273884775,0.26408565,18.984007,480.11373656560215,1.0641278,19.22293,18.591501,0.6314297,2016.0,J125815.36+222023.3,194.564005,+22.339823,18.306,18.045,17.679,17.020,0.028,0.035,0.048,0.049,433803285590,1,2010.1030,-1
0.133451,3944532530543512448,195.33404216425936,22.68843449742961,330.2800376033474,85.02557190931195,-0.09169735228570612,0.19016895,-0.2258101548585828,0.21343395,-0.13868497496943322,0.14727665,18.284098,914.7607061028723,2.2609897,18.442125,17.99767,0.4444561,2016.0,J130120.16+224118.4,195.334035,+22.688471,17.533,17.123,16.523,15.675,0.016,0.020,0.020,0.017,433803104649,1,2010.1030,-1
0.115475,3944538685232562176,194.91078547304147,22.57533201606177,325.60678852884496,85.08160342949608,0.2013147035371829,0.3085245,-0.3227230787175049,0.274007,0.1087295946053245,0.23439169,18.91735,510.5129001734707,1.4036639,19.131405,18.583548,0.5478573,2016.0,J125938.58+223431.3,194.910773,+22.575362,18.521,18.189,17.620,17.183,0.031,0.036,0.044,0.058,433803128345,1,2010.1029,-1
0.125312,3944607984529472384,196.6839214222626,22.20182619198297,338.9515744752699,83.97207404891441,0.185267314802645,0.2675534,0.2451893273602349,0.3131515,-0.29413808647217304,0.2168188,18.664207,644.5606916453912,2.6111686,18.828178,18.35114,0.47703934,2016.0,J130644.15+221206.5,196.683959,+22.201827,17.693,17.329,16.856,16.173,0.017,0.020,0.022,0.023,433803491140,1,2010.1030,-1
0.158298,3944607984529472384,196.6839214222626,22.20182619198297,338.9515744752699,83.97207404891441,0.185267314802645,0.2675534,0.2451893273602349,0.3131515,-0.29413808647217304,0.2168188,18.664207,644.5606916453912,2.6111686,18.828178,18.35114,0.47703934,2016.0,J130644.14+221206.6,196.683953,+22.201859,17.704,17.356,16.846,16.120,0.018,0.021,0.024,0.024,433803512245,2,2010.1030,-1
0.028826,3944624408483670016,196.83097479918573,22.559631048085002,342.053849238807,84.1820501704836,-0.17123583193380815,0.28124893,-0.07051269098643125,0.32916898,-0.0524222809659707,0.24687554,18.941391,499.33308020782295,1.2634616,19.173916,18.58144,0.5924759,2016.0,J130719.43+223334.6,196.830976,+22.559639,18.470,18.325,17.718,16.960,0.034,0.055,0.053,0.053,433803112630,1,2010.1030,-1
0.189143,3944682820038828544,196.28136361111822,22.61227387169395,338.1740053479304,84.52062659636951,0.06270188761692594,0.15196072,0.018534009357416673,0.19155629,0.005011580820752394,0.12368226,18.101156,1082.6411272610924,2.10914,18.238598,17.794853,0.44374466,2016.0,J130507.52+223644.0,196.281338,+22.612227,17.807,16.800,16.598,,0.018,0.012,0.021,,433803136088,1,2010.1030,-1
0.071187,3944731576508120960,197.58180953267197,22.739809288121766,348.24959517479704,83.86984168972002,0.49016374455578676,0.29421884,0.20748962012558247,0.29715362,0.026363619087771975,0.23307057,18.920835,508.87681131879845,1.5494926,18.97056,18.286186,0.68437386,2016.0,J131019.63+224423.2,197.581805,+22.739790,17.883,17.743,17.021,16.164,0.020,0.033,0.027,0.025,433802955003,2,2010.1030,-2
0.073957,3944731576508120960,197.58180953267197,22.739809288121766,348.24959517479704,83.86984168972002,0.49016374455578676,0.29421884,0.20748962012558247,0.29715362,0.026363619087771975,0.23307057,18.920835,508.87681131879845,1.5494926,18.97056,18.286186,0.68437386,2016.0,J131019.63+224423.2,197.581813,+22.739789,17.898,17.699,17.051,16.106,0.026,0.037,0.029,0.027,433803055797,1,2010.1412,1
0.111789,3944780405991685504,198.05657097179403,23.332942002181962,355.1514994540766,83.95928568086879,0.0873220154499269,0.118720815,-0.08010083738515794,0.14018215,-0.1290146038315414,0.09704626,17.486881,1906.3117494388057,2.6373837,17.769077,17.026405,0.74267197,2016.0,J131213.57+231958.7,198.056573,+23.332973,16.756,16.318,15.799,15.371,0.010,0.010,0.010,0.013,433802543209,1,2010.1575,-1
0.112052,3944780405991685504,198.05657097179403,23.332942002181962,355.1514994540766,83.95928568086879,0.0873220154499269,0.118720815,-0.08010083738515794,0.14018215,-0.1290146038315414,0.09704626,17.486881,1906.3117494388057,2.6373837,17.769077,17.026405,0.74267197,2016.0,J131213.58+231958.6,198.056588,+23.332969,16.782,16.307,15.801,15.335,0.010,0.010,0.010,0.013,433802478942,2,2010.1575,-1
0.223756,3944836343645998336,197.20389265829866,23.587648396817443,351.83473931925323,84.71431956830361,-0.26558690738781,0.18074493,-0.22480412346252102,0.24795064,-0.1083258401114024,0.1670189,18.11663,1067.3187919820937,1.4925631,18.583643,17.472445,1.1111984,2016.0,J130848.94+233515.6,197.203944,+23.587689,17.015,16.661,16.148,16.024,0.013,0.014,0.014,0.024,433802300232,1,2010.1575,-1
0.300520,3944861318879927168,197.39583157643392,23.71569990582897,354.13380118997827,84.66879177392067,-0.1640493616324077,0.36473796,-0.07694574557033443,0.35207283,0.09320952564527793,0.27438903,18.991543,476.79303498493687,2.1866925,19.176971,18.717745,0.4592266,2016.0,J130935.02+234256.5,197.395922,+23.715711,18.420,18.196,17.816,17.273,0.040,0.053,0.058,0.073,433802093729,1,2010.1575,-1
0.202989,3944912205652844288,196.46192654685177,23.14482812421684,343.02032598518275,84.8525830805397,-0.20482472717726793,0.28315848,-0.17964333173735403,0.38134843,0.08551863252322545,0.24624723,17.68974,1581.4342537810003,2.785557,18.427286,16.768787,1.6584988,2016.0,J130550.87+230841.4,196.461981,+23.144854,16.052,15.657,15.040,14.866,0.006,0.006,0.006,0.008,433802684930,1,2010.1575,-1
0.137848,3944924643877731328,196.3414599839179,23.177402490658004,342.2679582214543,84.94668390413821,0.39135426853167704,0.35496652,0.13041180089156504,0.41782984,-0.10691085490509462,0.31908384,18.965622,488.31259627352426,1.6562812,19.17484,18.645813,0.52902794,2016.0,J130521.95+231038.7,196.341492,+23.177427,18.159,17.940,17.503,17.090,0.030,0.036,0.040,0.051,433802701209,1,2010.1575,-1
0.154331,3944928938845116544,196.4417306529686,23.387681409203847,344.6074845749251,85.05215827469931,0.16327226347241286,0.29690844,0.19761571982249684,0.29796976,-0.0558449717588468,0.22818732,18.801949,567.7631775915573,2.4017644,19.100475,18.414341,0.68613434,2016.0,J130546.02+232315.7,196.441755,+23.387718,18.060,17.576,16.862,16.622,0.027,0.027,0.023,0.035,433802501055,1,2010.1575,-1
0.400432,3944965570621883776,195.49928537916097,23.3206508226918,335.5996367077994,85.50588240242688,-0.2088678828835378,0.14460304,0.03499074919231751,0.16862461,-0.03809613574599112,0.11961375,17.670307,1609.9917608113496,3.3681626,17.914553,17.264019,0.6505337,2016.0,J130159.85+231914.5,195.499388,+23.320710,17.117,16.836,16.282,16.193,0.014,0.015,0.015,0.024,433802516829,1,2010.1575,-1
0.350771,3944965703765157760,195.52073175712857,23.33600978015526,335.91656127596644,85.50860366862821,0.10706257729236372,0.1836572,0.09792289547690372,0.21497115,-0.09112255569070714,0.15701249,18.02095,1165.6461942434005,7.2672224,18.091398,17.676712,0.4146862,2016.0,J130204.99+232009.8,195.520824,+23.336058,17.611,16.874,16.648,15.851,0.020,0.015,0.020,0.018,433802516771,1,2010.1575,1
0.074576,3945034182724056960,196.80226102844574,23.683565452054715,349.7490160303084,85.04594572628935,0.18246399014784015,0.2865301,-0.05503531256186846,0.28695506,0.254977608003518,0.20833918,18.654358,650.4346597316911,1.5513916,18.867943,18.259771,0.60817146,2016.0,J130712.54+234100.8,196.802277,+23.683580,17.502,17.196,16.652,15.726,0.017,0.018,0.018,0.016,433802122855,1,2010.1575,-1
0.267581,3945048235856756608,197.22680892540782,23.707842294691677,352.95879319145376,84.77987587058041,0.4420880497930213,0.29450634,0.10196470961295363,0.29636562,0.22831916150985565,0.22026348,18.759186,590.5716076728493,3.3900204,18.85711,18.510515,0.34659386,2016.0,J130854.44+234228.4,197.226865,+23.707896,18.448,17.453,17.316,16.438,0.042,0.027,0.037,0.035,433802071321,1,2010.1575,1
0.317490,3945052981796394240,197.17182272870843,23.804587674783484,353.3904542042951,84.88175865773506,-0.03722964674350691,0.2699252,-0.26646354772839737,0.32445064,0.06102003736215903,0.2227593,18.781801,578.3971268923532,2.9602637,18.985388,18.687464,0.29792404,2016.0,J130841.25+234816.6,197.171908,+23.804629,19.305,19.155,18.508,17.634,0.089,0.125,0.109,0.102,433802071504,1,2010.1575,-1
0.271768,3945054558048657536,197.24541412994023,23.85531322203634,354.31290017275796,84.86416368661212,-0.45780973923378165,0.34144312,-0.40189555874105704,0.39787948,0.1860523288769115,0.2770539,18.902054,517.7564424907214,1.7948138,19.055195,18.558558,0.49663734,2016.0,J130858.91+235119.2,197.245488,+23.855347,18.488,18.086,17.432,17.018,0.044,0.048,0.042,0.059,433802071633,1,2010.1575,-2
0.248019,3958112323780256512,194.32625563751066,24.911841083289147,333.9967252500423,87.42134196635679,-0.17306781400294763,0.13868919,0.0627902700216207,0.12953252,0.20959087376526447,0.12457406,17.839262,1377.9771801618556,2.6067948,17.98403,17.558258,0.4257717,2016.0,J125718.31+245442.8,194.326308,+24.911891,17.396,17.058,16.658,16.278,0.019,0.022,0.024,0.029,433801016770,1,2010.1633,-1
0.229679,3958118405453986816,194.26586190023346,25.082648828051955,334.9343535990397,87.59601974797562,0.13388372591745445,0.21855879,-0.12621663973360273,0.21713108,0.21798065843594147,0.21384397,18.773415,582.8825409304221,1.1771297,18.911592,18.37514,0.53645325,2016.0,J125703.81+250457.7,194.265904,+25.082700,18.013,,17.143,16.348,0.030,,0.034,0.031,433800733213,1,2010.1633,-1
0.141385,3958211009244854400,194.14367795946316,25.506556264933096,338.58614718534807,88.01134674770832,-0.22272737557725708,0.31886005,-0.06195112704738451,0.3389146,0.27021344080891885,0.2461791,18.99712,474.34979777330375,2.1910026,19.2086,18.607277,0.6013222,2016.0,J125634.49+253023.6,194.143715,+25.506577,18.510,18.333,17.753,17.133,0.050,0.078,0.065,0.070,433800231695,1,2010.1633,-1
0.291318,3958245502125890816,194.77338833803168,25.452813086754688,349.04366911418947,87.60185537829584,-0.12300081183172042,0.19337021,0.003934759829119507,0.26189306,-0.08835089013115091,0.22315969,18.515724,739.0209209593052,2.0660086,18.66576,18.203375,0.46238518,2016.0,J125905.61+252710.4,194.773391,+25.452894,18.108,17.850,17.137,16.883,0.035,0.055,0.037,0.054,433800228065,1,2010.1633,-1
0.312588,3958245502125890816,194.77338833803168,25.452813086754688,349.04366911418947,87.60185537829584,-0.12300081183172042,0.19337021,0.003934759829119507,0.26189306,-0.08835089013115091,0.22315969,18.515724,739.0209209593052,2.0660086,18.66576,18.203375,0.46238518,2016.0,J125905.62+252710.4,194.773420,+25.452895,18.253,17.739,17.221,16.881,0.034,0.037,0.035,0.049,433800268199,2,2010.1633,-1
0.069923,3958261548123726592,194.60100906513895,25.582858147199538,348.60047691037886,87.80383772309631,-0.03456734089681551,0.18127553,0.07123278596564842,0.2037033,0.11705107462359451,0.2062746,18.502209,748.2778695313688,2.454818,18.69972,18.087954,0.6117668,2016.0,J125824.24+253458.3,194.601023,+25.582873,17.796,17.703,17.145,16.382,0.024,0.036,0.033,0.032,433800267896,1,2010.1633,-1
0.149651,3958329649125308672,194.56274766869618,26.083569786958144,358.86641995102934,88.15325948977875,0.09396653827305317,0.19257705,-0.03146154239603327,0.24513553,-0.15865172342836042,0.20801997,18.53081,728.8248637318338,1.4357549,18.753323,18.098505,0.6548176,2016.0,J125815.04+260500.9,194.562705,+26.083586,18.144,17.661,16.980,16.621,0.032,0.030,0.026,0.040,433799445528,1,2010.0864,-1
0.302548,3958377134283800576,194.81326303059384,26.421693036784564,11.322934493790342,88.11806211983313,0.14920760520131177,0.1740063,-0.017618357186462076,0.21658053,-0.243623440933553,0.16877373,18.468748,771.6983538530177,1.3298233,18.803713,18.02927,0.7744427,2016.0,J125915.19+262518.3,194.813332,+26.421750,17.422,16.930,16.682,16.099,0.016,0.017,0.021,0.025,433799220509,1,2010.0864,-1
0.257017,3958388133695666432,193.23755254850883,25.417775441750155,314.2267749853798,88.25625688513558,0.11189046564817129,0.18315324,-0.056506648543491404,0.17460085,0.07960334764319274,0.1755062,18.383972,834.3686221105266,1.6518805,18.412045,17.693878,0.71816635,2016.0,J125257.02+252504.1,193.237621,+25.417811,17.131,16.799,16.087,15.130,0.016,0.018,0.016,0.011,433800240478,1,2010.1633,-1
0.225519,3958437474279991168,193.53822823300447,25.9235281490594,329.8367828350002,88.65087389459437,-0.06676037538305629,0.19128823,0.2993912646090344,0.19695869,-0.05625183093530478,0.22293259,18.436424,795.0182264875355,4.4523764,18.241577,17.27323,0.96834755,2016.0,J125409.18+255524.8,193.538272,+25.923577,16.654,16.082,15.356,,0.010,0.008,0.007,,433799724747,1,2010.1656,1
0.304542,3958439909525804288,193.47703153871555,25.892568042410346,327.1653817590732,88.64638435360182,-0.07257013983289504,0.21065211,-0.32505823944958756,0.17361057,0.09448141624649478,0.18598062,18.702955,621.9633338701509,1.2906154,18.940575,18.240759,0.69981575,2016.0,J125354.50+255333.4,193.477102,+25.892624,17.714,17.510,16.880,,0.021,0.026,0.025,,433799724886,1,2010.1656,-1
0.149606,3958459872533784448,192.99114672453467,25.82452873585548,308.12692141184846,88.69096278683696,0.08306391192997738,0.21135397,-0.05768598815755411,0.21516341,0.05659732101625588,0.21708299,18.707355,619.4471018836284,1.3608803,19.041739,18.21868,0.8230591,2016.0,J125157.88+254928.1,192.991172,+25.824494,17.780,17.469,17.013,16.166,0.022,0.025,0.029,0.028,433800019405,1,2010.1656,-1
0.129978,3958504132171648512,193.59518018378714,26.33475610986049,342.7252712049232,88.9697755863348,-0.14621252578461663,0.10811962,0.05356189302647212,0.12667514,-0.044960576094543986,0.10842108,17.603436,1712.2710400365258,7.2489038,17.787193,17.21043,0.57676315,2016.0,J125422.84+262005.2,193.595176,+26.334792,16.550,16.379,15.947,,0.009,0.011,0.012,,433799210799,1,2010.1656,-1
0.145373,3958520654911055232,193.25935404355684,26.456244457291106,330.9979844544402,89.23907988424071,0.04203861626023165,0.2118542,0.05794733857070597,0.19458906,0.28129314104965525,0.21370104,18.958197,491.6635242461542,1.6080204,19.190145,18.562244,0.6279011,2016.0,J125302.24+262722.6,193.259363,+26.456284,18.319,17.989,17.299,16.633,0.031,0.037,0.034,0.042,433799236056,1,2010.1656,-2
0.034852,3958526324267567872,194.21715643524345,26.118914848308048,353.4908069140234,88.42145717424157,0.11909657316744222,0.1513803,-0.043815503170248515,0.17688704,0.12277618137672837,0.15093169,18.042412,1142.830551814815,4.653122,18.242167,17.689318,0.5528488,2016.0,J125652.11+260708.1,194.217146,+26.118917,17.522,17.257,16.808,16.357,0.021,0.022,0.021,0.032,433799487710,1,2010.1656,-1
0.130689,3958534334382726784,194.31892690859635,26.20135178465845,357.86031432665675,88.39997675291548,0.16983592321244867,0.2414787,0.24564103585195318,0.24608162,-0.13054992763810527,0.26081795,18.942327,498.9027688439836,1.2027502,19.173702,18.612022,0.56167984,2016.0,J125716.54+261204.9,194.318957,+26.201376,18.383,18.139,17.749,17.271,0.042,0.049,0.049,0.073,433799487894,1,2010.1656,-1
0.075478,3958582330641630848,194.18755946800874,26.652901878107485,11.366890087021439,88.72371083608209,0.11560662578451535,0.18949802,-0.16524030196451017,0.20220432,0.1820588689015829,0.19361174,18.613016,675.6790397886956,1.4000297,18.868906,18.250858,0.6180477,2016.0,J125645.01+263910.5,194.187546,+26.652919,18.139,17.693,17.067,16.785,0.027,0.031,0.032,0.047,433798984242,1,2010.0865,-1
0.262820,3958633908904192128,194.00729092043176,26.75662472279733,13.232174646779658,88.91138100045416,-0.3572482766984941,0.51445293,0.018861863022895962,0.57960373,0.27833580683612824,0.590943,18.746937,597.2718400801698,2.8973117,16.811068,15.479306,1.3317614,2016.0,J125601.74+264524.0,194.007262,+26.756693,15.068,14.552,13.871,13.617,0.004,0.003,0.003,0.004,433798720446,1,2010.0865,1
0.105857,3959289492712306560,190.20437701559115,24.043590090192215,264.5264233337984,86.09521100527107,-0.11976996844781419,0.18059099,0.006075559965304333,0.14872001,-0.2351003960891026,0.15988378,18.454931,781.5813198204104,2.3360238,18.630775,18.119892,0.51088333,2016.0,J124049.04+240237.0,190.204364,+24.043617,17.805,17.522,16.868,16.497,0.023,0.026,0.030,0.033,433801891259,1,2010.1628,-1
0.154510,3959349862772590080,190.0380120015803,24.425339675841347,259.0814094187003,86.29072930471392,-0.00706487278387713,0.07475027,0.06759116835122152,0.058802895,-0.061489624077402535,0.06484668,16.85728,3404.3521348257636,4.660639,16.96356,16.59784,0.36572075,2016.0,J124009.11+242531.3,190.037987,+24.425376,16.499,15.876,15.684,14.908,0.010,0.008,0.012,0.010,433801452407,1,2010.1628,-1
0.090209,3959392120955025536,190.4100060429357,24.33438707431496,264.09140551484836,86.44009764482776,-0.04776423228344197,0.22198257,-0.1173941678222481,0.19310394,0.22420477968116467,0.22197182,18.773762,582.6957869305127,2.2496834,19.012012,18.378023,0.63398933,2016.0,J124138.40+242003.7,190.410033,+24.334382,17.829,17.700,17.348,16.812,0.030,0.039,0.051,0.051,433801447920,1,2010.1628,-1
0.184416,3959394388697760128,190.5699429779486,24.348990683459775,265.8505855830823,86.53933980232652,0.05444799687882129,0.17197813,0.20325925165946224,0.1604733,-0.27763678269547726,0.17013869,18.398705,823.1232446429959,1.855963,18.598043,17.987556,0.610487,2016.0,J124216.79+242056.4,190.569993,+24.349014,17.576,17.348,17.030,16.380,0.019,0.021,0.034,0.031,433801484982,1,2010.1628,-1
0.079909,3959401672962332288,190.5707611587311,24.559094771075273,263.70598669445627,86.70726790133041,-0.29192366192231956,0.24093744,0.26153776934271306,0.22610202,-0.04132244812077364,0.25713685,18.995428,475.08986951555073,1.4909629,19.197302,18.640532,0.5567703,2016.0,J124216.98+243332.8,190.570754,+24.559116,18.916,18.428,17.688,17.357,0.055,0.055,0.061,0.075,433801224537,1,2010.1628,-1
0.095333,3959426205815753216,190.62894361547,24.619374172886545,263.78170647781053,86.78735666473163,-0.133054431538079,0.21382128,0.09479670529716024,0.1948893,0.09352028085204572,0.22008799,18.659462,647.3839108907197,4.1846685,18.841734,18.22659,0.6151447,2016.0,J124230.95+243709.8,190.628963,+24.619394,17.442,17.341,16.835,16.180,0.017,0.022,0.029,0.027,433801224672,1,2010.1628,-1
0.203998,3959692253269608960,190.17933043308258,25.188550396095273,251.2141639816201,86.90995062574017,-0.12536708249880113,0.15454195,0.11514307262757906,0.1430926,-0.040176163967798224,0.14466767,18.235762,956.4057633383273,6.108975,18.253479,17.654263,0.59921646,2016.0,J124043.03+251118.9,190.179327,+25.188607,17.433,17.052,16.320,15.511,0.018,0.020,0.015,0.016,433800484906,1,2010.1633,1
0.301424,3959692253269608960,190.17933043308258,25.188550396095273,251.2141639816201,86.90995062574017,-0.12536708249880113,0.15454195,0.11514307262757906,0.1430926,-0.040176163967798224,0.14466767,18.235762,956.4057633383273,6.108975,18.253479,17.654263,0.59921646,2016.0,J124043.04+251119.0,190.179351,+25.188632,17.512,17.037,16.382,15.570,0.019,0.018,0.015,0.016,433800740979,2,2010.1633,1
0.064504,3959695689243449088,190.4307417820134,25.227478000148214,253.48107122051675,87.10815169675011,-0.16796373445252802,0.22456352,0.1907247974643119,0.19128509,0.24560219159580804,0.20527053,18.793379,572.2624066624627,2.8812282,18.961164,18.441778,0.5193863,2016.0,J124143.38+251338.9,190.430761,+25.227482,18.116,17.966,17.454,16.678,0.032,0.044,0.039,0.044,433800480714,1,2010.1633,-1
0.143741,3959713178350302208,190.3108044281961,25.40745521241044,249.33915048953313,87.13927736301501,0.006925994355263096,0.18065707,-0.2038928551178963,0.1705773,-0.026634520180139995,0.17796881,18.484142,760.8340437387335,1.4713005,18.695492,18.160309,0.53518295,2016.0,J124114.60+252426.9,190.310840,+25.407479,17.827,17.454,17.052,16.656,0.026,0.029,0.027,0.042,433800238881,1,2010.1633,1
0.156698,3959713178350302208,190.3108044281961,25.40745521241044,249.33915048953313,87.13927736301501,0.006925994355263096,0.18065707,-0.2038928551178963,0.1705773,-0.026634520180139995,0.17796881,18.484142,760.8340437387335,1.4713005,18.695492,18.160309,0.53518295,2016.0,J124114.60+252426.7,190.310838,+25.407424,17.914,17.541,17.036,16.612,0.027,0.031,0.028,0.043,433800481064,2,2010.1633,-1
0.061647,3959765856125017984,190.09556560681725,25.551479219997542,244.79256645489474,87.06390970507402,-0.08129695919435102,0.53694975,-0.11768737436457492,0.5521898,-0.2063345305460303,0.58989245,18.58943,690.5178778194735,4.6244307,16.901543,15.593188,1.3083544,2016.0,J124022.93+253305.3,190.095562,+25.551496,15.173,14.639,14.006,13.645,0.004,0.003,0.003,0.004,433800236943,1,2010.1633,1
0.240447,1443815555051932800,204.47669776725303,23.721503708912824,17.505537257796583,78.97432888363393,-0.18077562891781998,0.10938053,-0.019352182223048103,0.07683447,-0.017523411507859753,0.10287453,17.825533,1395.5122709379002,2.8290915,18.02326,17.455025,0.5682354,2016.0,J133754.41+234317.5,204.476747,+23.721553,17.192,16.339,16.304,15.465,0.014,0.010,0.014,0.014,433802103796,1,2010.1576,-1
0.075155,1449228549579293952,201.98018176403477,27.237827205390943,35.790878908685755,81.88771808461335,0.20272077309710598,0.18422227,0.06780033298450419,0.11335285,0.15161982508771626,0.14933364,18.124878,1059.2428248064423,2.0755742,18.31413,17.810612,0.50351906,2016.0,J132755.24+271416.2,201.980192,+27.237846,17.622,17.526,,16.153,0.022,0.036,,0.043,433798203497,1,2010.2288,-1
0.199094,1449237173873812864,202.15310331075227,27.38056378841913,36.80899969289213,81.73619932798111,0.2537786903424343,0.28188926,-0.1464017110703256,0.18708006,-0.011273959437207354,0.26886815,18.923077,507.82763443454246,1.1974941,19.048319,18.595835,0.45248413,2016.0,J132836.73+272249.8,202.153074,+27.380515,18.218,18.112,17.539,16.916,0.031,0.050,0.058,0.058,433798262056,1,2010.2288,-2
0.101702,1443839465134213504,205.38748882528748,23.614169414568845,18.446785563467216,78.15420899876048,-0.12233360145584139,0.21978894,-0.06629782029552114,0.13601498,0.0791991100870048,0.20621087,18.868797,533.8609584945881,1.1280346,18.958906,18.398754,0.56015205,2016.0,J134133.00+233651.0,205.387511,+23.614189,18.324,17.955,17.144,16.158,0.036,0.044,0.045,0.032,433802293023,1,2010.1576,1
0.133530,1443839465134213504,205.38748882528748,23.614169414568845,18.446785563467216,78.15420899876048,-0.12233360145584139,0.21978894,-0.06629782029552114,0.13601498,0.0791991100870048,0.20621087,18.868797,533.8609584945881,1.1280346,18.958906,18.398754,0.56015205,2016.0,J134133.00+233651.0,205.387526,+23.614184,18.299,17.931,17.074,16.111,0.031,0.035,0.037,0.027,433802333993,2,2010.1576,1
0.130524,1454058051324691456,209.2667123052436,30.812021946764123,51.224898350233296,75.19643546562824,-0.4010446471796562,0.25895572,0.03707416245752951,0.18856692,0.06289470859449087,0.21907686,18.868996,533.7627210176765,1.2298021,19.032469,18.62009,0.4123783,2016.0,J135704.01+304843.4,209.266727,+30.812056,18.324,18.134,17.593,16.813,0.034,0.045,0.067,0.053,433794545224,1,2010.2802,-1
0.163959,1443850357171699328,205.11619262052972,23.682237525351457,18.34612520483319,78.41106446621393,-0.2197734931580982,0.21392111,0.0019171971369461838,0.14288051,-0.2759709702228,0.19196177,18.79545,571.1719057747449,1.3790972,19.011303,18.35449,0.65681267,2016.0,J134027.89+234056.1,205.116233,+23.682264,18.369,17.708,16.969,16.720,0.039,0.029,0.033,0.048,433802104558,1,2010.1576,-1
0.192444,1449257514838339328,201.55127326861015,27.213141443326272,35.54723934316185,82.2684298069296,0.3545151865282632,0.22132471,0.11320151839777778,0.12819442,-0.0770199274707409,0.15981978,18.563765,707.0350497615902,1.4237301,18.807453,18.186872,0.6205807,2016.0,J132612.31+271247.4,201.551311,+27.213183,18.032,17.692,17.087,16.713,0.026,0.028,0.030,0.042,433798248276,1,2010.1190,-1
0.036152,1443856408781428352,205.37977632339422,23.845352341272744,19.501597179623868,78.23749407584549,-0.18753406554215535,0.17491278,-0.08728175559413075,0.12874593,0.3281849286609532,0.17054802,18.71002,617.9295207631234,2.3297665,18.919348,18.328697,0.59065056,2016.0,J134131.14+235043.2,205.379766,+23.845349,17.804,17.471,16.946,16.100,0.024,0.028,0.038,0.030,433802090785,1,2010.1576,-1
0.123345,1443856408781428352,205.37977632339422,23.845352341272744,19.501597179623868,78.23749407584549,-0.18753406554215535,0.17491278,-0.08728175559413075,0.12874593,0.3281849286609532,0.17054802,18.71002,617.9295207631234,2.3297665,18.919348,18.328697,0.59065056,2016.0,J134131.15+235043.1,205.379799,+23.845325,17.821,17.470,16.975,16.182,0.023,0.024,0.034,0.030,433802137472,2,2010.1576,-1
0.250212,1449262600079611776,201.34604846566498,27.196226874352913,35.38670111651692,82.45048768105023,0.10633899971902874,0.25267333,0.031207063024861176,0.15160821,0.16200553818396735,0.18785906,18.765362,587.2217818602742,1.5817994,19.35175,18.190527,1.1612225,2016.0,J132523.06+271146.6,201.346100,+27.196279,17.995,17.383,17.020,16.511,0.025,0.022,0.028,0.035,433798258078,1,2010.1190,-1
0.183931,1449268479890488320,201.2658265801044,27.288532890917025,36.08244258279919,82.52351081368695,-0.19020982751302024,0.17609087,0.08213209465580307,0.10391971,-0.14277513305031225,0.13296017,18.17322,1013.1156228842408,3.7997887,18.215925,17.679678,0.53624725,2016.0,J132503.80+271718.8,201.265866,+27.288570,16.672,16.676,15.894,14.793,0.010,0.012,0.011,0.009,433798257866,1,2010.1190,-1
0.084197,1454075269849264768,209.68806124783436,30.983206751692954,51.62374636395087,74.80994501302246,0.0949825114796912,0.117297634,7.164856967799262E-4,0.082376145,-0.10502868938179094,0.101172894,17.931185,1266.1138283441448,2.9982579,18.031466,17.582129,0.449337,2016.0,J135845.14+305859.5,209.688087,+30.983199,17.301,16.278,16.160,15.219,0.016,0.010,0.022,0.015,433794328678,1,2010.2804,-1
0.136016,1454075269849264768,209.68806124783436,30.983206751692954,51.62374636395087,74.80994501302246,0.0949825114796912,0.117297634,7.164856967799262E-4,0.082376145,-0.10502868938179094,0.101172894,17.931185,1266.1138283441448,2.9982579,18.031466,17.582129,0.449337,2016.0,J135845.14+305859.5,209.688105,+30.983203,17.241,16.261,16.172,15.247,0.015,0.010,0.022,0.014,433794302175,2,2010.2804,-1
0.093228,1449280192266071680,201.8752018749443,27.367259314792168,36.70365207520435,81.98289052143338,0.15841755158960888,0.24121848,-0.25871868310977747,0.15858816,0.04882957357807345,0.20246893,18.570751,702.5000539083044,1.302842,18.841568,18.085434,0.75613403,2016.0,J132730.05+272202.1,201.875228,+27.367271,17.954,17.489,16.788,16.571,0.029,0.034,0.033,0.047,433798219964,1,2010.2288,-1
0.120056,1454099179932133376,209.53248924121024,31.31206681797719,52.95631557395611,74.87697172231216,-0.08720174210475988,0.13706897,0.0024567134454131635,0.103205286,0.04999743647317156,0.12870394,18.175808,1010.7021978043407,2.870874,18.442678,17.666616,0.776062,2016.0,J135807.80+311843.4,209.532526,+31.312078,17.398,17.114,16.674,16.156,0.016,0.019,0.034,0.032,433794123096,1,2010.2804,-1
0.080918,1443892280348288384,205.57824095854713,24.10066156992103,20.963250124962414,78.14476068958393,0.023167861569835673,0.16008694,0.10559555308661585,0.09573216,-0.004306420180488189,0.15051341,18.347343,862.9968464068078,1.4863327,18.550447,17.92565,0.6247978,2016.0,J134218.77+240602.4,205.578241,+24.100684,17.775,17.525,17.093,16.407,0.022,0.026,0.035,0.033,433801664283,1,2010.1632,-1
0.209563,1449306477465979776,201.826685250485,27.685114712310018,38.99232682623519,82.02158259584986,-0.007899417911045486,0.25559428,0.05073247891057908,0.17657143,-0.04180921727076251,0.21003312,18.678768,635.9739624974808,2.8328507,18.644733,17.978867,0.66586685,2016.0,J132718.41+274106.6,201.826709,+27.685169,17.379,16.937,16.071,14.995,0.016,0.017,0.015,0.010,433797733312,1,2010.1191,1
0.214795,1443909769454584064,205.03802689143438,23.921619909620343,19.358798175423228,78.55786778499177,0.02020304555149157,0.09989522,0.04655681793937658,0.06054426,-0.10162336210547418,0.08865353,17.51615,1855.611290832654,5.6158967,17.688257,17.15567,0.53258705,2016.0,J134009.13+235518.0,205.038046,+23.921677,16.985,16.690,15.895,15.444,0.012,0.013,0.013,0.015,433801907504,1,2010.1632,-1
0.195083,1449319916418919040,200.33598067805286,26.78571046260558,31.690213061102302,83.3280341789654,-0.4081291206428869,0.28004113,0.011802729681538475,0.15407313,0.15944660114562004,0.20173901,18.85171,542.328797468149,1.2382177,18.950056,18.565369,0.38468742,2016.0,J132120.64+264708.6,200.336030,+26.785742,18.103,17.988,17.483,16.949,0.029,0.039,0.044,0.051,433798724821,1,2010.1190,-1
0.046440,1443913583386041728,205.11235309092393,24.08548638486763,20.25017752710312,78.54521815876602,-0.11064190813576413,0.12278721,0.08265350682142392,0.07586302,0.10787133481968567,0.11887773,17.74778,1499.115642479403,3.1566033,17.878767,17.459301,0.41946602,2016.0,J134026.96+240507.7,205.112347,+24.085498,17.184,16.796,16.234,15.225,0.014,0.014,0.018,0.012,433801712665,1,2010.1632,-1
0.066351,1443913583386041728,205.11235309092393,24.08548638486763,20.25017752710312,78.54521815876602,-0.11064190813576413,0.12278721,0.08265350682142392,0.07586302,0.10787133481968567,0.11887773,17.74778,1499.115642479403,3.1566033,17.878767,17.459301,0.41946602,2016.0,J134026.96+240507.7,205.112373,+24.085484,17.182,16.780,16.209,15.225,0.014,0.014,0.017,0.012,433801907142,2,2010.1632,-1
0.169823,1443916229085891328,204.90510832087446,23.922755120800787,19.164784364850444,78.67318062250605,-0.10362997581853008,0.22238052,0.012766175871041927,0.12348689,-0.061538815201503894,0.19724733,18.728151,607.6953818003079,2.1561472,18.995382,18.291939,0.7034435,2016.0,J133937.23+235522.0,204.905150,+23.922783,18.012,17.772,17.262,16.750,0.026,0.031,0.040,0.044,433801865772,1,2010.1632,-1
0.284471,1443918492532769280,204.7138863116493,23.93847123392463,18.948463096056212,78.84352776025656,-0.07763437340154854,0.17597026,0.13146225986594678,0.10187641,0.18328794740198523,0.1712657,18.55084,715.5012207526327,1.7141368,18.73008,18.125202,0.6048775,2016.0,J133851.34+235618.7,204.713929,+23.938540,17.655,17.489,17.046,16.298,0.019,0.024,0.033,0.029,433801866518,1,2010.1632,-1
0.128985,1443922650061278592,204.9604811063921,23.980206741224183,19.52429499781307,78.64380317636054,-0.05871160650231431,0.25630885,-0.04212654732007945,0.14631265,-0.266301567936129,0.24222024,18.963108,489.4448638281012,1.1924827,19.251345,18.588278,0.66306686,2016.0,J133950.51+235848.8,204.960498,+23.980239,18.155,17.958,17.360,16.755,0.029,0.036,0.043,0.043,433801865672,1,2010.1632,-1
0.191004,1449332487787696128,200.23974969048592,26.83619645751884,32.0689459780526,83.41755997406459,-0.34355009708664797,0.26389346,-0.110264304135235,0.16274469,-0.1815518391277946,0.2154027,18.84551,545.4345203680283,1.5330087,19.038183,18.575167,0.4630165,2016.0,J132057.55+265010.3,200.239804,+26.836218,18.288,17.991,17.573,16.810,0.034,0.039,0.048,0.046,433798724910,1,2010.1190,-1
0.155598,1449352077134057088,200.83622766923475,27.043349354456566,34.06644128131194,82.89878116827919,-0.09339143578209752,0.7748853,0.5284801025784369,0.42893082,-0.5018542648917195,0.5968529,18.743168,599.348569207547,8.777654,17.253246,15.971202,1.2820444,2016.0,J132320.70+270236.0,200.836276,+27.043346,15.514,14.950,14.331,13.880,0.005,0.005,0.004,0.005,433798445486,1,2010.1190,1
0.323998,1449352077134057088,200.83622766923475,27.043349354456566,34.06644128131194,82.89878116827919,-0.09339143578209752,0.7748853,0.5284801025784369,0.42893082,-0.5018542648917195,0.5968529,18.743168,599.348569207547,8.777654,17.253246,15.971202,1.2820444,2016.0,J132320.71+270235.9,200.836325,+27.043325,15.563,14.997,14.339,13.963,0.005,0.004,0.004,0.005,433798478396,2,2010.1190,1
0.225667,1449353485882739200,200.74946889746664,27.116420056586378,34.63629700861242,82.97877742750926,0.27701842992837294,0.8255641,-0.37725301531364275,0.48909417,-0.3631454102278388,0.6298963,18.537899,724.0808532015765,4.229104,16.376787,15.261974,1.1148129,2016.0,J132259.88+270659.0,200.749537,+27.116404,14.984,14.437,13.838,13.508,0.004,0.003,0.003,0.003,433798478471,1,2010.1190,1
0.047845,1449381278615944832,200.69510308478814,27.44250422729981,37.30995732467579,83.03028285390788,0.2436348329888422,0.2807785,-0.30271395897040165,0.16892047,0.029268587920743667,0.2194507,18.81841,559.2195048902792,2.2869227,19.179737,18.263462,0.916275,2016.0,J132246.82+272633.0,200.695099,+27.442517,18.124,17.716,17.180,16.617,0.028,0.031,0.033,0.037,433798011477,1,2010.1191,-1
0.077775,1449381867027185280,200.62381169775136,27.43538593987215,37.25809401383795,83.09364432750692,-0.3788916447024418,0.26121125,-0.14157692449469952,0.14767066,0.2506708716289552,0.1958937,18.650503,652.7475815745187,1.0670942,19.16084,18.026163,1.134676,2016.0,J132229.71+272607.4,200.623828,+27.435402,17.590,17.266,16.758,16.663,0.019,0.021,0.023,0.039,433798011314,1,2010.1191,-1
0.129472,1449393480617973376,200.05060517602175,27.24646527637739,35.633812819216146,83.60315752896553,-0.034924647025339775,0.29121968,0.10482577996664,0.16539119,-0.0633701377657133,0.20944415,18.742834,599.5335135828126,2.2210293,18.958313,18.402517,0.55579567,2016.0,J132012.14+271447.3,200.050584,+27.246496,17.890,17.820,17.410,16.790,0.028,0.040,0.045,0.052,433798215631,1,2010.1190,-1
0.182478,1443997760448739072,206.59837053896737,23.771759741336282,20.828568313586096,77.15647786201107,-0.027400200959491756,0.09303516,-0.030437977165102516,0.07143166,0.0340941374917705,0.09038748,17.477955,1922.0499554959383,3.5632544,17.550577,17.006926,0.5436516,2016.0,J134623.59+234618.4,206.598327,+23.771791,16.832,16.370,15.632,14.580,0.012,0.012,0.012,0.008,433802091333,1,2010.1576,1
0.144134,1444005972426653056,207.1543520832221,23.8453197583041,21.820624308852366,76.69408904356425,0.10573682969875624,0.13166125,-0.1682852955033261,0.10277633,-0.026465697135047088,0.1267907,18.316435,887.9177271814965,1.3263355,18.454617,18.005598,0.44901848,2016.0,J134837.05+235043.2,207.154386,+23.845345,17.744,17.486,16.642,16.467,0.022,0.025,0.026,0.038,433802136793,1,2010.1576,-2
0.108197,1449440106784007168,200.30558221130426,27.56614171822513,38.426695516055226,83.37261091137364,-0.21432277873519875,0.2732265,0.04768735096368426,0.16084598,-0.10093053094436115,0.18513219,18.58114,695.8098343953947,2.0376065,18.745789,18.243456,0.5023327,2016.0,J132113.34+273358.1,200.305610,+27.566159,18.319,17.342,17.289,16.720,0.032,0.023,0.035,0.041,433798021820,1,2010.1190,-1
0.069564,1449463226591962752,201.07812425201726,27.518370170933196,37.873801819194924,82.68923535144708,0.25762551455511346,0.21902835,-0.15988920682583846,0.1378663,0.16007092015129365,0.17712997,18.656326,649.2562614066055,2.875154,18.731085,18.325184,0.40590096,2016.0,J132418.74+273106.1,201.078116,+27.518388,18.216,17.762,16.934,15.858,0.029,0.031,0.031,0.019,433797994950,1,2010.1191,1
0.064738,1449485938379095424,201.1676933079619,27.828813129197638,40.271209382308726,82.597324205808,-0.17255244361189964,0.18737431,-0.0077989046409481745,0.12218319,-0.05713375193390735,0.1428993,18.315815,888.4244110256446,2.7979515,18.531013,17.923254,0.6077595,2016.0,J132440.25+274943.6,201.167710,+27.828803,17.641,17.325,17.035,16.367,0.019,0.024,0.037,0.033,433797530011,2,2010.1191,-2
0.113339,1449485938379095424,201.1676933079619,27.828813129197638,40.271209382308726,82.597324205808,-0.17255244361189964,0.18737431,-0.0077989046409481745,0.12218319,-0.05713375193390735,0.1428993,18.315815,888.4244110256446,2.7979515,18.531013,17.923254,0.6077595,2016.0,J132440.25+274943.6,201.167727,+27.828803,17.721,17.422,17.032,16.484,0.019,0.022,0.033,0.032,433797759111,1,2010.1191,-1
0.204554,1449498415259756544,201.41765633851944,27.862820933234765,40.42703108811037,82.3746340554565,0.14091415853904732,0.5827488,-0.6678096141005042,0.42049035,-0.6634389530082923,0.4936157,17.594286,1726.7600761230165,16.310492,15.625285,14.614332,1.010953,2016.0,J132540.24+275146.3,201.417697,+27.862865,14.274,13.798,13.123,12.807,0.002,0.002,0.002,0.002,433797556940,1,2010.1191,1
0.091497,1449531190154519552,200.68542728499253,27.810081967203455,40.33859391211955,83.02417878495542,-0.3334864196925378,0.27430508,-0.1446984410936875,0.19019851,0.25893729981994157,0.2365218,18.753029,593.9297747420237,3.307159,19.030191,18.271326,0.75886536,2016.0,J132244.49+274836.2,200.685400,+27.810074,18.035,17.903,17.251,16.278,0.026,0.038,0.033,0.030,433797783627,1,2010.1191,-1
0.133379,1444115751790279936,207.44306042826182,24.252993497409822,23.832869969607806,76.55601483913794,-0.13015018328191577,0.13557912,-0.004047377992876005,0.122014314,-0.09501041465557108,0.13573156,18.205719,983.2384859154467,2.0261798,18.386326,17.838213,0.54811287,2016.0,J134946.34+241510.8,207.443095,+24.253013,17.737,17.273,16.740,16.569,0.025,0.027,0.022,0.042,433801644949,1,2010.1632,-1
0.067064,1449562599250990848,201.09160601063388,28.043983935747715,41.98200416140075,82.64797312473547,0.13515590467462593,0.21725456,0.0021806083991661174,0.14578846,0.14033936460986152,0.15788391,18.24992,944.0140425266335,11.5583515,17.842096,16.674006,1.1680908,2016.0,J132421.98+280238.4,201.091611,+28.044002,16.272,15.701,14.935,14.189,0.008,0.007,0.007,0.006,433797530078,1,2010.1191,1
0.084408,1449562599250990848,201.09160601063388,28.043983935747715,41.98200416140075,82.64797312473547,0.13515590467462593,0.21725456,0.0021806083991661174,0.14578846,0.14033936460986152,0.15788391,18.24992,944.0140425266335,11.5583515,17.842096,16.674006,1.1680908,2016.0,J132421.98+280238.4,201.091601,+28.044007,,,14.999,14.228,,,0.007,0.006,433797288584,2,2010.1301,1
0.045803,1449591491495241472,201.1730112064599,28.508586583473576,45.48851035705012,82.5205149961613,-0.1259617098780397,0.25388074,0.006263431054407618,0.15862738,0.16050533684950624,0.17492688,18.528954,730.0711908605932,2.897036,18.782183,18.146059,0.63612366,2016.0,J132441.51+283030.9,201.172997,+28.508589,17.711,17.563,17.182,16.827,0.019,0.027,0.034,0.047,433796787785,1,2010.1193,-1
0.046457,1449591766373108608,201.02204144970884,28.39269428653257,44.74823411729156,82.66866133209159,0.1702186418764658,0.23801087,-0.14303881401278806,0.1386571,-0.1807860529512515,0.17420633,18.583107,694.5505532748623,1.66503,18.679827,18.17261,0.5072174,2016.0,J132405.29+282333.7,201.022054,+28.392701,17.820,17.108,16.850,16.068,0.020,0.017,0.024,0.023,433797015098,1,2010.1193,-1
0.131506,1449608228983995520,202.72637875350202,27.581791488545733,38.1585757486343,81.22705506606098,-0.16761175725532165,0.20380515,0.09482517484327743,0.082313016,0.1721955491099408,0.15906481,18.211123,978.3580663191398,3.2351065,18.383535,17.895416,0.48811913,2016.0,J133054.33+273454.5,202.726380,+27.581828,17.857,17.676,16.940,16.520,0.022,0.028,0.029,0.036,433797974673,1,2010.1191,-1
0.044360,1444169254198706432,207.7634622640878,24.67034268470199,25.87208277811988,76.37834679816743,0.3138307738844709,0.7388077,0.4463674082405015,0.41462225,0.07909006484819549,0.5382613,18.525826,732.1782089934087,7.430752,16.50991,15.138996,1.3709145,2016.0,J135103.23+244013.2,207.763461,+24.670355,14.697,14.194,13.545,13.230,0.003,0.002,0.002,0.003,433801212357,1,2010.1632,1
0.083285,1444208115062715008,207.17999584750152,24.810038140704417,25.92658725610838,76.92621862644806,-0.11414705553791735,0.1730735,0.07903158454151653,0.13523465,-0.036405381838760326,0.16178158,18.470924,770.1535819691865,1.633527,18.634672,18.17114,0.4635315,2016.0,J134843.20+244836.2,207.180007,+24.810059,17.808,17.079,16.918,16.065,0.022,0.020,0.039,0.033,433801012586,1,2010.1656,-2
0.175697,1449693574278487552,202.21526485850114,28.02333743059365,41.247900434566006,81.66099393839508,-0.2650249332220559,0.24783853,-0.14471592896170882,0.16994867,0.10912859438660226,0.20205499,18.919632,509.4415006300354,1.8211421,19.129232,18.579296,0.5499363,2016.0,J132851.67+280124.1,202.215294,+28.023379,18.257,17.618,17.370,16.545,0.028,0.026,0.041,0.034,433797564280,1,2010.1191,-2
0.210543,1449712167192542080,202.6881264804623,28.222654785676124,42.36781479599003,81.22981989463979,0.051427038008964886,0.1473126,-0.036064461268802195,0.07484641,0.10693278623205417,0.13209087,17.936964,1259.3928954829034,3.7956455,18.057262,17.41218,0.6450825,2016.0,J133045.15+281321.7,202.688145,+28.222711,17.061,16.589,16.023,15.052,0.013,0.014,0.014,0.011,433797275121,1,2010.1191,-1
0.115811,1449713296768590848,202.79259139859576,28.271372472750826,42.63243318086653,81.13392177168785,-0.026766450615563746,0.24166274,-0.0950631834021993,0.10237956,-0.2570148653953934,0.2057554,18.730938,606.1376834259065,1.3939644,18.995913,18.322662,0.6732502,2016.0,J133110.21+281616.9,202.792555,+28.271376,17.978,17.904,17.523,17.231,0.023,0.034,0.044,0.067,433797013127,1,2010.1193,1
0.178464,1449713296768590848,202.79259139859576,28.271372472750826,42.63243318086653,81.13392177168785,-0.026766450615563746,0.24166274,-0.0950631834021993,0.10237956,-0.2570148653953934,0.2057554,18.730938,606.1376834259065,1.3939644,18.995913,18.322662,0.6732502,2016.0,J133110.21+281616.8,202.792548,+28.271341,18.029,17.889,17.691,17.118,0.027,0.041,0.060,0.065,433797275011,2,2010.1191,-1
0.042317,1449715117834179072,202.6030539194705,28.25598427269543,42.62957484060167,81.30156929896003,-0.2566754700287719,0.20423381,0.07361595300967029,0.11100246,0.08398125184867883,0.16957854,18.589668,690.3656695337454,4.058916,18.838457,18.131954,0.7065029,2016.0,J133024.73+281521.5,202.603055,+28.255996,17.997,17.617,16.873,16.518,0.023,0.026,0.028,0.035,433797318900,1,2010.1191,-1
0.105115,1454478339644579072,209.8638884430396,31.437424475366697,53.201116317684104,74.5742969441421,0.7218464043674535,0.6654536,0.27187518080655815,0.5063184,-0.9082336070186967,0.6470692,18.286707,912.5649515075761,5.952479,18.72988,17.197853,1.5320263,2016.0,J135927.33+312614.8,209.863905,+31.437450,16.523,16.086,15.517,15.376,0.009,0.009,0.013,0.017,433793928393,1,2010.2804,1
0.284802,1449725528835259776,202.2426569067938,28.32965024733615,43.33122816866101,81.6102271341455,-0.019537106397733688,0.20816155,0.03996118111876856,0.11936656,0.009510027377523184,0.133267,18.201464,987.0993962416912,4.1211467,18.263771,17.697172,0.5665989,2016.0,J132858.25+281946.9,202.242717,+28.329709,17.445,16.935,16.130,15.012,0.015,0.016,0.014,0.010,433797094384,1,2010.1193,-2
0.142596,1444251678915208704,206.03121874800283,24.119360566469588,21.636133436356427,77.75543791068068,0.1043472532214975,0.1917152,0.03264856868010689,0.1277139,-0.08961046280227299,0.18402919,18.672724,639.5244152353057,3.9937544,18.836248,18.403645,0.43260384,2016.0,J134407.49+240709.8,206.031208,+24.119399,18.708,18.504,17.485,17.136,0.047,0.063,0.051,0.066,433801702082,1,2010.1632,1
0.245030,1449726976239725824,202.27859156758444,28.339970504408054,43.37866446660431,81.57768743662706,0.3010551509190471,0.2786229,0.1162976496049727,0.15409806,0.011828999071934826,0.18401003,18.745205,598.2254599045675,1.2698748,18.971441,18.41538,0.5560608,2016.0,J132906.87+282024.0,202.278653,+28.340012,18.371,18.129,17.671,17.356,0.032,0.044,0.053,0.078,433797094365,1,2010.1193,-1
0.184230,1449755219945157120,203.08778086473367,28.208573574603495,42.09462942640335,80.87994141310726,-0.04247555008107486,0.1263699,0.0401767854433398,0.05611242,0.1497402289142533,0.10917716,17.84787,1367.095176228817,3.263694,18.024206,17.52273,0.5014763,2016.0,J133221.07+281231.0,203.087815,+28.208615,17.366,17.255,16.816,16.133,0.017,0.024,0.033,0.027,433797272015,1,2010.1191,-1
0.325664,1449766932319528960,203.2283559257104,28.478788315528053,43.70929560996765,80.73237365539539,0.43620324632026136,0.25910324,0.029613304918912776,0.11276123,0.17814228722275527,0.18115489,18.745123,598.2700346140247,3.7130344,18.828846,18.42806,0.40078545,2016.0,J133254.82+282843.8,203.228428,+28.478853,18.317,18.362,17.750,16.864,0.031,0.053,0.055,0.050,433797066877,1,2010.1193,-1
0.060861,1444293048040625664,206.5854606346212,24.547963508169957,24.193738339484046,77.38688860428746,-0.025672879245119365,0.22919269,0.0922478577599779,0.15320668,-0.06410862071068169,0.20634823,18.945208,497.580990900062,2.6374087,19.118477,18.579523,0.5389538,2016.0,J134620.51+243252.7,206.585465,+24.547980,18.408,18.224,17.835,17.129,0.037,0.052,0.072,0.065,433801198764,1,2010.1632,-1
0.187561,1444296385230715904,206.64161486289458,24.682919866374224,24.85013430738117,77.37109492404794,-0.17448830319580366,0.27727973,-0.10326597520202295,0.1903805,-0.027876830468813188,0.25217134,18.873692,531.4597069010972,3.631503,18.373236,17.02761,1.3456249,2016.0,J134633.98+244058.6,206.641616,+24.682972,16.448,15.875,15.182,14.557,0.009,0.007,0.008,0.007,433801199080,1,2010.1632,1
0.150574,1444344037892155904,205.432535559677,24.69557194986122,23.596980921823874,78.43793792155581,-0.08416788653062589,0.18569161,0.16298701070965527,0.1272334,-0.15710672625202804,0.19077218,18.810797,563.1551168300896,2.2965322,19.00301,18.38743,0.6155796,2016.0,J134143.81+244144.2,205.432549,+24.695612,18.168,17.969,17.644,17.123,0.028,0.036,0.054,0.057,433801239166,1,2010.1632,-1
0.130057,1444354311454272384,206.06409527165238,24.69488363683325,24.3003849569198,77.88257464965008,0.028717010973177012,0.18933539,0.16870871235816437,0.13629395,8.582920236732544E-4,0.1886349,18.762075,589.0017287335102,2.1165657,18.734392,18.221243,0.51314926,2016.0,J134415.39+244141.5,206.064134,+24.694875,17.589,17.184,16.558,15.688,0.018,0.019,0.021,0.018,433801252755,1,2010.1632,1
0.082365,1449850770081543424,203.20498147945324,28.91620192215711,46.41482032019092,80.69734320798732,0.030202648947755272,0.19683643,-0.02041958318165881,0.10072005,0.06685211739727956,0.16947429,18.611996,676.3142324797474,1.7449044,18.81768,18.20839,0.6092911,2016.0,J133249.20+285458.3,203.205002,+28.916216,18.207,18.007,17.528,16.965,0.026,0.036,0.042,0.053,433796513660,1,2010.1193,-1
0.396312,1449867610648951424,203.0872268926172,29.076222101204667,47.49807649841136,80.77350897533485,-0.7628813123391511,0.4275222,-0.061257719076313784,0.18625203,0.11447522495694956,0.35937312,18.083782,1100.1045497092525,5.2598166,16.374174,15.142617,1.2315569,2016.0,J133220.95+290434.7,203.087298,+29.076313,,14.166,13.539,13.137,,0.003,0.003,0.003,433796230385,1,2010.1193,1
0.407569,1449872073119404160,203.33860081706115,29.169689984885355,47.83413331691337,80.54116829321457,0.020260056200859522,0.15194194,0.1020125870651485,0.07549339,0.09919692439488514,0.13638642,18.212156,977.4263826081051,3.1595793,18.352571,17.924551,0.42802048,2016.0,J133321.26+291011.2,203.338608,+29.169803,17.623,17.333,16.846,16.493,0.020,0.026,0.030,0.039,433795990279,1,2010.1414,-1
0.216391,1444390633993123840,206.74181261206084,24.736807917825274,25.188914036585924,77.29579066449033,0.10418735765744903,0.232888,0.03688489337623631,0.16680618,-0.3449161718910291,0.2232855,18.984217,480.0204344051224,1.3907088,19.189852,18.785667,0.40418434,2016.0,J134658.03+244412.7,206.741812,+24.736868,18.807,17.803,17.702,17.019,0.054,0.037,0.066,0.060,433801195689,1,2010.1632,-2
0.043452,1449875302934816512,203.1212983853465,29.206400246227137,48.26267218920614,80.72136677573775,-0.23142216746993338,0.23400216,-0.11337255473680108,0.10950013,-0.1542754551735931,0.19532107,18.921616,508.5115553995977,1.7694274,19.259874,18.340027,0.9198475,2016.0,J133229.10+291223.0,203.121286,+29.206395,18.039,17.531,16.866,16.471,0.028,0.031,0.030,0.037,433795983219,1,2010.1414,-2
0.163465,1444394069966930304,206.65409674387993,24.786897213223437,25.324498341074925,77.38506709794748,-0.03312417474515298,0.1771851,0.17388686368972958,0.13076559,0.18555458115873522,0.17281039,18.646301,655.2785740245483,2.6878808,18.857492,18.31043,0.5470619,2016.0,J134636.98+244712.9,206.654105,+24.786942,18.269,17.903,17.321,16.915,0.031,0.038,0.054,0.067,433800976593,2,2010.1656,-2
0.174181,1444394069966930304,206.65409674387993,24.786897213223437,25.324498341074925,77.38506709794748,-0.03312417474515298,0.1771851,0.17388686368972958,0.13076559,0.18555458115873522,0.17281039,18.646301,655.2785740245483,2.6878808,18.857492,18.31043,0.5470619,2016.0,J134636.97+244712.9,206.654068,+24.786938,18.221,17.898,17.407,16.933,0.031,0.040,0.055,0.066,433801019970,1,2010.1656,-1
0.367683,1449894303870146944,201.93112994468444,28.374625584881084,43.85394048063602,81.87772075703349,0.4415047415884552,0.25536475,-0.07724087476281824,0.16786619,-0.2838405684352899,0.20163383,18.914988,511.6246409439853,1.872114,19.080141,18.627693,0.4524479,2016.0,J132743.49+282228.8,201.931236,+28.374667,18.446,18.378,17.616,16.775,0.034,0.052,0.049,0.042,433797064964,1,2010.1193,-2
0.224884,1449896301029994240,201.58286062633454,28.178103843636308,42.68190047144808,82.20385907027773,-0.09289914732380072,0.3571699,-0.13014543681224613,0.24102104,0.10016612505771073,0.32005364,18.950119,495.3348088879659,2.9402902,18.642427,17.601501,1.040926,2016.0,J132619.89+281041.3,201.582898,+28.178157,17.229,16.636,15.877,14.995,0.013,0.011,0.012,0.010,433797320963,1,2010.1191,1
0.118818,1444411833951599488,206.51008924504958,24.981827973273006,26.060707011838215,77.5569944447012,-0.08018809795884108,0.122145474,0.15699168591723497,0.09447888,0.06047045815881074,0.1177435,18.145868,1038.9623343527996,1.9262837,18.38369,17.714401,0.66928864,2016.0,J134602.42+245854.6,206.510121,+24.981844,17.254,17.075,16.755,15.967,0.014,0.019,0.032,0.028,433800748959,1,2010.1656,-1
0.058807,1444426295106421888,207.14600431285152,25.05646021926729,26.96205533788234,77.0108427312615,-0.05551528539951363,0.21443665,-0.07737154699456403,0.16516937,-0.04789619635383928,0.21437055,18.958797,491.39186364369203,0.9606153,19.174318,18.625998,0.5483208,2016.0,J134835.04+250323.2,207.146022,+25.056463,18.152,17.954,17.380,16.780,0.029,0.043,0.055,0.057,433800769797,1,2010.1656,-1
0.034801,1449931412387018112,201.99641985639474,28.567647522370372,45.1508188869077,81.79620608215008,6.506512054843365E-5,0.16708988,-0.04729424628374027,0.10675981,-0.14025014770535532,0.13930725,18.14387,1040.8759168330027,3.2288284,18.266676,17.853241,0.41343498,2016.0,J132759.14+283403.5,201.996428,+28.567654,17.712,16.989,16.787,16.006,0.019,0.016,0.023,0.023,433796784579,1,2010.1193,-1
0.029788,1449938284334821504,201.94780558134852,28.71664101654025,46.22899406586946,81.8164116360598,0.03673183719456538,0.12531321,0.004712253334061565,0.09187268,-8.451976563312973E-4,0.08491708,17.501467,1880.874937352987,3.0667543,17.712645,17.127598,0.58504677,2016.0,J132747.47+284259.8,201.947813,+28.716636,16.763,16.597,16.215,15.724,0.010,0.013,0.016,0.019,433796510557,1,2010.1193,-1
0.296329,1444460379966121728,206.30909759093524,25.014349132810388,26.019251213731692,77.74182519101416,-0.08266962799064538,0.24743815,-0.24790425322732781,0.17246845,-0.20306005007893257,0.22014453,18.972126,485.39580142532975,0.89018446,18.988195,18.112925,0.87527084,2016.0,J134514.19+250051.8,206.309160,+25.014409,17.726,17.256,16.231,15.073,0.021,0.023,0.020,0.013,433800753063,1,2010.1656,1
0.101815,1449953952375321472,201.300943505312,28.48525209379571,45.185853396910346,82.41275987340443,-0.17650158327705945,0.2956401,0.27888822580310124,0.20084552,-0.06588177385232705,0.24852267,18.970268,486.22743291327777,1.1692735,19.300623,18.410355,0.8902683,2016.0,J132512.22+282906.8,201.300956,+28.485226,18.055,17.625,17.230,16.677,0.025,0.028,0.036,0.041,433797084121,1,2010.1193,-1
0.137111,1449953952375321472,201.300943505312,28.48525209379571,45.185853396910346,82.41275987340443,-0.17650158327705945,0.2956401,0.27888822580310124,0.20084552,-0.06588177385232705,0.24852267,18.970268,486.22743291327777,1.1692735,19.300623,18.410355,0.8902683,2016.0,J132512.21+282906.8,201.300912,+28.485226,19.280,18.987,17.311,16.718,0.069,0.095,0.039,0.043,433796787820,2,2010.1193,0
0.214933,1454711367390731392,205.74427615193076,27.908632152242003,39.808850982782275,78.55165368755345,-0.01501385364292488,0.28822383,-0.2546321655243361,0.167277,0.2120515236300243,0.22969455,18.998365,473.8057571198525,1.52638,19.303322,18.534424,0.768898,2016.0,J134258.62+275431.2,205.744265,+27.908691,18.129,17.851,17.539,16.774,0.030,0.044,0.061,0.055,433797506599,1,2010.2368,-1
0.215942,1444478972880333440,206.19622520726682,25.26866831246505,27.093754061542878,77.89583324241845,0.09269580921866225,0.22323903,-0.042164590631441096,0.14326641,0.02517351568237082,0.20641217,18.866812,534.8375146432368,2.240772,18.96546,18.677986,0.28747368,2016.0,J134447.10+251607.0,206.196266,+25.268621,18.473,17.643,17.627,16.698,0.039,0.035,0.069,0.055,433800491147,1,2010.1656,-1
0.012789,1449978450869070208,201.55735388557196,28.862144575810657,47.67453726209597,82.12871389615566,0.09289955937797932,0.18061051,0.029973478054935887,0.1253063,0.009359978740483464,0.15940426,18.405472,818.0092237933248,2.0009272,18.60351,18.054592,0.5489178,2016.0,J132613.76+285143.7,201.557353,+28.862148,17.993,17.776,16.853,16.528,0.021,0.029,0.024,0.035,433796514922,1,2010.1193,-1
0.222633,1449996833329148416,201.87367150458442,28.95852992235234,47.9839343058891,81.83871197786362,-0.22531922461099085,0.2819952,-0.2074166642716679,0.18717182,0.10040573262043002,0.20279571,18.972553,485.2053084952587,1.238875,19.159668,18.680618,0.47904968,2016.0,J132729.69+285730.6,201.873742,+28.958527,,,17.344,16.688,,,0.040,0.046,433796232087,2,2010.1385,-2
0.272928,1449996833329148416,201.87367150458442,28.95852992235234,47.9839343058891,81.83871197786362,-0.22531922461099085,0.2819952,-0.2074166642716679,0.18717182,0.10040573262043002,0.20279571,18.972553,485.2053084952587,1.238875,19.159668,18.680618,0.47904968,2016.0,J132729.70+285730.7,201.873758,+28.958533,18.009,17.801,17.291,16.785,0.025,0.036,0.038,0.048,433796229352,1,2010.1193,-2
0.193764,1444514191612181760,206.6342036842777,25.54309711113694,28.717678910493074,77.56010405228179,-0.23518462285695713,0.19364046,-0.10957397487211018,0.12087352,0.15917776123689395,0.19092903,18.408438,815.7771803215146,3.4579902,18.376326,17.677732,0.69859314,2016.0,J134632.22+253235.2,206.634260,+25.543115,17.554,16.900,16.007,14.946,0.019,0.019,0.017,0.012,433800237731,2,2010.1656,1
0.303495,1444514191612181760,206.6342036842777,25.54309711113694,28.717678910493074,77.56010405228179,-0.23518462285695713,0.19364046,-0.10957397487211018,0.12087352,0.15917776123689395,0.19092903,18.408438,815.7771803215146,3.4579902,18.376326,17.677732,0.69859314,2016.0,J134632.23+253235.1,206.634297,+25.543103,17.517,16.903,16.019,14.947,0.016,0.015,0.015,0.011,433800245552,1,2010.1656,1
0.117757,1454736724877021184,204.98185374864107,27.799585816822162,39.29366004121689,79.22725502571998,-0.07170107920467357,0.21998742,-0.033798905410163796,0.12640892,0.07242292920549703,0.18489301,18.799608,568.9885849674429,1.9828885,18.975609,18.346527,0.6290817,2016.0,J133955.64+274758.6,204.981835,+27.799614,18.136,17.801,17.116,16.129,0.026,0.033,0.032,0.024,433797762232,1,2010.1191,1
0.133073,1454738069201698048,204.89937979494238,27.7606921504884,39.08949156900972,79.30067541598618,0.29426678761850705,0.7907926,0.39809336028927056,0.37109256,-0.3792645975510572,0.6786943,18.565222,706.0861970192129,8.203724,16.897541,15.563855,1.3336859,2016.0,J133935.85+274538.5,204.899406,+27.760721,15.053,14.543,13.879,13.557,0.004,0.003,0.003,0.004,433797762451,1,2010.1191,1
0.167358,1444543667972148864,204.00881828961587,23.639652745686686,16.284952200267746,79.34529894582326,0.2310748172462063,0.1584432,0.06605944695350635,0.09133318,-0.18985405773759473,0.14980756,18.474533,767.5970194451885,3.0440784,18.463268,18.11861,0.3446579,2016.0,J133602.12+233822.8,204.008850,+23.639689,17.034,17.110,16.324,15.381,0.013,0.021,0.016,0.014,433802311809,1,2010.1576,1
0.170400,1450047032906618496,202.58609232372444,29.082046244593137,48.026006775944495,81.20364176468713,0.026158516231733177,0.26117083,0.007928344828637395,0.124366954,-0.06231841495019415,0.21820393,18.896374,520.4721136458104,2.3260112,19.147188,18.495861,0.65132713,2016.0,J133020.66+290455.5,202.586084,+29.082093,18.451,17.916,17.297,17.089,0.032,0.033,0.034,0.059,433796265289,1,2010.1193,-1
0.259857,1450047032906618496,202.58609232372444,29.082046244593137,48.026006775944495,81.20364176468713,0.026158516231733177,0.26117083,0.007928344828637395,0.124366954,-0.06231841495019415,0.21820393,18.896374,520.4721136458104,2.3260112,19.147188,18.495861,0.65132713,2016.0,J133020.65+290455.5,202.586046,+29.082106,18.416,17.993,17.228,17.072,0.035,0.043,0.036,0.071,433796232463,2,2010.1193,-1
0.323148,1444549582142778112,203.82800347063971,23.61105393672515,15.807585088122597,79.48873862104445,0.40021351036712716,0.32772246,0.21166202225308345,0.19646974,-0.4493595365191189,0.2956265,18.952305,494.3390694338606,2.612517,18.263733,17.104342,1.1593914,2016.0,J133518.73+233640.0,203.828050,+23.611133,16.766,16.228,15.525,14.964,0.010,0.010,0.009,0.010,433802311720,1,2010.1576,1
0.218111,1454759303525271168,204.79047956638675,28.090670604556053,40.8871730574718,79.38822817146881,-0.11681917471049053,0.25409073,-0.22519032172957823,0.1377905,0.20688317641087145,0.22151285,18.997484,474.19067743138726,2.0018208,19.104866,18.728828,0.3760376,2016.0,J133909.72+280526.5,204.790521,+28.090719,18.653,18.544,17.786,16.812,0.044,0.072,0.063,0.051,433797296165,1,2010.1191,-2
0.239099,1444556209276678912,203.92458083705367,23.69418038691075,16.40811862206488,79.43701388259744,-0.060941534279574376,0.23311484,-0.02312816270732857,0.12545668,-0.032321975973305626,0.19747086,18.828047,554.2785356162692,2.3001246,19.009686,18.43106,0.5786247,2016.0,J133541.90+234139.2,203.924615,+23.694239,18.574,18.218,17.587,17.131,0.046,0.055,0.048,0.065,433802069661,1,2010.1576,-2
0.110006,1444626474941865216,203.57912922425305,24.00319259595276,17.393190868517586,79.84191402432874,0.06563688375048014,0.20296942,0.12030570005365197,0.11071231,-0.01759662921389772,0.18785885,18.688633,630.221746809598,1.2819072,18.842455,18.38748,0.45497513,2016.0,J133418.99+240011.4,203.579162,+24.003186,17.705,17.424,16.803,15.953,0.021,0.024,0.029,0.023,433801919229,1,2010.1631,-1
0.189813,1450189454022493184,208.23486655658192,25.154268546724555,28.245673090432327,76.06608358193898,-0.11820857045091973,0.14138997,-0.060183491265840244,0.11946132,-0.02713481341521111,0.13977262,18.191774,995.9484297913865,4.3875933,18.31279,17.891287,0.42150307,2016.0,J135256.38+250915.4,208.234923,+25.154282,17.652,17.467,17.153,16.636,0.021,0.028,0.044,0.049,433800759710,1,2010.1656,-1
0.403282,1450210963218840448,208.61793965174087,25.369614957155907,29.386558939955496,75.76719596819666,0.3066250012014694,0.20589843,-0.059261707866617844,0.17726727,0.00451291985202875,0.19582094,18.92782,505.6136326772049,1.7805648,19.08227,18.638893,0.44337654,2016.0,J135428.33+252210.6,208.618062,+25.369633,18.455,18.239,17.524,16.961,0.044,0.060,0.065,0.070,433800492746,1,2010.1656,-1
0.170468,1450217182331443968,208.23770092053627,25.29503267910876,28.821648928733243,76.09094719281754,0.11674047460295663,0.16244426,0.0138316261053084,0.14791295,-0.20823725162032927,0.15356672,18.56886,703.7250509676385,1.2309667,18.805267,18.159449,0.6458187,2016.0,J135257.05+251742.2,208.237743,+25.295061,17.725,17.492,16.810,16.308,0.020,0.027,0.030,0.035,433800507872,1,2010.1656,-1
0.200585,1450219656232643968,208.2581706859412,25.36170854991816,29.108477379472433,76.08526870749344,0.15096547119887424,0.21721482,-0.10225647680913723,0.19324192,-0.3956069298124566,0.20155768,18.87948,528.63318981825,1.6185325,19.09442,18.556519,0.5379009,2016.0,J135301.97+252142.2,208.258225,+25.361735,18.564,18.325,17.344,17.027,0.039,0.055,0.047,0.067,433800507914,1,2010.1656,-2
0.151490,1450230312045929984,207.8065777580913,25.0403210207902,27.443207268236907,76.42247001473027,-0.07871008053364748,0.43085286,0.06111033644020673,0.35640728,0.5652310293148872,0.4412815,18.382927,835.1715373185054,6.905099,16.866676,15.500656,1.3660202,2016.0,J135113.58+250225.2,207.806615,+25.040346,14.988,14.479,13.774,13.510,0.004,0.003,0.003,0.004,433800723508,1,2010.1656,1
0.160051,1450230312045929984,207.8065777580913,25.0403210207902,27.443207268236907,76.42247001473027,-0.07871008053364748,0.43085286,0.06111033644020673,0.35640728,0.5652310293148872,0.4412815,18.382927,835.1715373185054,6.905099,16.866676,15.500656,1.3660202,2016.0,J135113.58+250225.2,207.806613,+25.040352,,14.445,13.812,13.498,,0.003,0.003,0.004,433800719090,2,2010.1656,1
0.089345,1450234018602840960,207.71445281225672,25.081889960458593,27.54266079234542,76.5127509499583,-0.014137458536765023,0.15803187,-0.0893103621071992,0.11910386,-0.1056400023154335,0.15579423,18.386263,832.6097593276918,3.4820826,18.59618,17.97602,0.62015915,2016.0,J135051.47+250454.8,207.714469,+25.081910,17.583,17.364,16.582,16.257,0.019,0.024,0.025,0.033,433800723755,1,2010.1656,-1
0.004026,1444737495552020608,204.82539674770692,24.77201089715654,23.250324627479543,78.99050430669362,0.4245171871377579,0.39353082,-0.031981630151017265,0.22673853,-0.4966490240806651,0.3735241,18.415148,810.7511119126227,2.8314998,17.867254,16.805454,1.0618,2016.0,J133918.09+244619.2,204.825396,+24.772010,16.366,15.979,15.408,15.266,0.008,0.008,0.012,0.013,433800970133,2,2010.1655,1
0.010674,1444737495552020608,204.82539674770692,24.77201089715654,23.250324627479543,78.99050430669362,0.4245171871377579,0.39353082,-0.031981630151017265,0.22673853,-0.4966490240806651,0.3735241,18.415148,810.7511119126227,2.8314998,17.867254,16.805454,1.0618,2016.0,J133918.09+244619.2,204.825397,+24.772008,16.406,16.032,15.416,15.228,0.009,0.008,0.013,0.014,433801002507,1,2010.1655,1
0.163987,1450248380973544576,207.57494132824866,25.214311230115744,27.991193959661675,76.6632847550499,0.055214973040054835,0.1756394,-0.0588706958812782,0.15220374,-0.13753913991690025,0.17521772,18.744678,598.5152640261458,1.3842798,18.920225,18.419256,0.50096893,2016.0,J135017.98+251251.6,207.574951,+25.214356,18.117,17.956,17.648,16.930,0.031,0.049,0.071,0.068,433800474677,1,2010.1656,-1
0.205735,1450248380973544576,207.57494132824866,25.214311230115744,27.991193959661675,76.6632847550499,0.055214973040054835,0.1756394,-0.0588706958812782,0.15220374,-0.13753913991690025,0.17521772,18.744678,598.5152640261458,1.3842798,18.920225,18.419256,0.50096893,2016.0,J135017.97+251251.6,207.574895,+25.214350,,,17.596,16.882,,,0.060,0.063,433800523733,2,2010.2180,-2
0.199966,1450261991725612544,207.6870335718232,25.477495006992832,29.192414673289623,76.61357657518425,0.08737266022133505,0.12084649,-0.04831120682611332,0.08647519,-0.10747546182418491,0.11015119,17.790768,1440.9194384365708,3.9610305,17.942732,17.472523,0.47020912,2016.0,J135044.88+252839.1,207.687042,+25.477550,17.405,16.326,16.313,15.474,0.018,0.012,0.022,0.019,433800221374,1,2010.1656,-1
0.188125,1450271470718169600,208.1503369627612,25.503385148052597,29.617045872375275,76.20662229925853,-0.07445427360222814,0.09687805,0.00456117297242787,0.08037545,0.0205068658525639,0.09312032,17.596914,1722.585179270739,3.0428662,17.70997,17.374857,0.33511353,2016.0,J135236.09+253012.3,208.150378,+25.503422,17.434,16.505,16.495,15.711,0.017,0.012,0.023,0.021,433800257410,1,2010.1656,-1
0.118946,1450272707668770560,208.06699059981653,25.540487998516866,29.71544268883431,76.28716092684274,0.0987919651207203,0.13770132,0.12086752728402886,0.111422986,0.07347104656226569,0.13093701,18.146406,1038.4462921410454,3.3359997,18.388927,17.695312,0.69361496,2016.0,J135216.08+253225.8,208.067000,+25.540520,17.551,17.043,16.320,16.028,0.018,0.018,0.020,0.027,433800257232,1,2010.1656,-1
0.161026,1450329710474373504,208.88298060644584,25.77596160351564,31.16986540254351,75.60032396031919,-0.159913302224528,0.23971415,-0.2806952557563847,0.20151018,0.3144861274099187,0.250297,18.961082,490.3587916598508,0.85638314,19.648998,18.143497,1.5055008,2016.0,J135531.92+254633.5,208.883026,+25.775980,17.552,17.115,16.520,16.375,0.018,0.018,0.016,0.029,433800015886,1,2010.1659,-1
0.218317,1450341289706250752,209.10660473692084,25.831336761470784,31.51183430657229,75.4098690053423,0.06479975598149382,0.15349615,-0.13726883726908354,0.12614895,0.0999810513787386,0.14112282,18.20701,982.069697089236,1.1288922,18.804218,17.494038,1.3101807,2016.0,J135625.59+254952.9,209.106657,+25.831375,16.985,16.622,16.090,15.969,0.012,0.012,0.012,0.021,433800031919,2,2010.1659,-1
0.229666,1450341289706250752,209.10660473692084,25.831336761470784,31.51183430657229,75.4098690053423,0.06479975598149382,0.15349615,-0.13726883726908354,0.12614895,0.0999810513787386,0.14112282,18.20701,982.069697089236,1.1288922,18.804218,17.494038,1.3101807,2016.0,J135625.59+254953.0,209.106640,+25.831392,16.971,16.576,16.057,15.941,0.012,0.011,0.011,0.020,433799975822,1,2010.1659,-1
0.058394,1450347921135910272,209.42005197741562,25.972500399247828,32.224064694965875,75.15163952494729,-0.027460154795268078,0.16791904,0.14354070495691765,0.1413021,0.002129094982787086,0.16396423,18.463457,775.4684208711346,1.6707718,18.615465,17.995684,0.6197815,2016.0,J135740.81+255821.0,209.420070,+25.972502,17.922,17.652,16.846,16.479,0.022,0.028,0.022,0.031,433799728883,1,2010.1659,-1
0.139548,1450359676461665664,208.99952378416435,26.01083819967323,32.163873372292606,75.53126819790947,0.054830049217916496,0.06571576,-0.005141119383206625,0.050817426,-0.027891987674621394,0.059362963,16.621717,4229.218712873354,23.956371,16.793344,16.26538,0.52796364,2016.0,J135559.89+260039.0,208.999565,+26.010850,16.056,15.143,15.189,14.575,0.006,0.004,0.006,0.007,433799771898,1,2010.1659,-1
0.091575,1450363279939058560,209.2094458352369,26.079483598577273,32.537414103678735,75.35387377790275,0.15801042352420305,0.23717713,-0.030537645076275308,0.16947682,-0.3889044309311631,0.20635326,18.819359,558.7315909313272,1.819208,18.988354,18.411016,0.57733727,2016.0,J135650.27+260446.2,209.209464,+26.079503,18.116,18.133,17.538,16.626,0.025,0.041,0.037,0.035,433799515438,1,2010.1659,-1
0.106442,1450363279939058560,209.2094458352369,26.079483598577273,32.537414103678735,75.35387377790275,0.15801042352420305,0.23717713,-0.030537645076275308,0.16947682,-0.3889044309311631,0.20635326,18.819359,558.7315909313272,1.819208,18.988354,18.411016,0.57733727,2016.0,J135650.26+260446.2,209.209442,+26.079513,18.103,18.146,17.439,16.643,0.028,0.049,0.038,0.040,433799457580,2,2010.1659,-1
0.143793,1450389805656914176,208.27402548571158,25.908116230546604,31.365130613680666,76.16207566922469,-0.016484754511491312,0.2629133,-0.23412369669040303,0.18882196,0.17853877882207395,0.2212036,18.835812,550.3290061167996,1.5994788,19.472996,17.977259,1.4957371,2016.0,J135305.77+255429.2,208.274064,+25.908136,17.450,17.164,16.468,15.706,0.019,0.019,0.023,0.022,433799762850,1,2010.1658,-1
0.172231,1450425230547443712,208.72048388702513,26.215534405703814,32.84907825497831,75.80679828407372,-0.24975262084743488,0.22615397,0.022622647385115106,0.16961561,-0.05906215029458513,0.20697258,18.972599,485.18494454498517,2.654378,19.253176,18.546064,0.70711136,2016.0,J135452.92+261256.0,208.720506,+26.215578,18.044,17.870,17.443,16.602,0.027,0.040,0.039,0.039,433799472501,1,2010.1659,-1
0.120553,1450437874930508032,208.72857774497876,26.468519834617805,33.878011116026464,75.82929730458335,0.07938268467360383,0.20774503,-0.004551103229773312,0.1556499,-0.057037324801989725,0.19668283,18.61191,676.3676131123376,3.783604,18.764736,18.214483,0.5502529,2016.0,J135454.86+262806.7,208.728594,+26.468550,17.782,17.556,17.045,16.490,0.021,0.029,0.027,0.035,433799195885,1,2010.1659,-1
0.168151,1450463094978803456,207.20300493475565,25.586606302537703,29.32534749414837,77.06274106205169,-0.029403538321129775,0.19015421,-0.12354334835552289,0.13085063,-0.13697544045441945,0.16454692,18.573101,700.9805689802903,1.9361843,18.706478,18.269753,0.43672562,2016.0,J134848.72+253511.9,207.203034,+25.586645,17.956,17.524,17.158,16.625,0.023,0.027,0.042,0.047,433800270590,1,2010.1656,-1
0.147908,1450474571131502848,207.45718502156765,25.889953051523158,30.81816461085743,76.88597179271459,-0.29942196685010497,0.17442045,0.0025427984513528594,0.11856219,0.08068508405626909,0.16966283,18.484125,760.8456762100901,1.9737718,18.60698,18.293089,0.31389046,2016.0,J134949.72+255323.9,207.457205,+25.889990,17.974,17.991,17.329,16.438,0.027,0.037,0.050,0.041,433799705436,1,2010.1658,-1
0.148114,1444979525549005568,203.8837697587428,25.038102397913036,23.4785599067957,79.88407825832365,0.15516335557961972,0.20864005,0.0808061431017012,0.111736596,0.19341395391992597,0.17715444,18.806116,565.5878559553028,4.001713,18.751474,18.49884,0.25263405,2016.0,J133532.09+250217.2,203.883726,+25.038113,18.272,17.909,17.118,16.114,0.036,0.043,0.056,0.031,433800752448,1,2010.1655,1
0.279139,1444979525549005568,203.8837697587428,25.038102397913036,23.4785599067957,79.88407825832365,0.15516335557961972,0.20864005,0.0808061431017012,0.111736596,0.19341395391992597,0.17715444,18.806116,565.5878559553028,4.001713,18.751474,18.49884,0.25263405,2016.0,J133532.09+250216.9,203.883722,+25.038038,18.287,18.179,17.184,16.293,0.036,0.056,0.055,0.034,433800767688,2,2010.1655,1
0.181110,1450501199929030784,207.58871603861593,26.019862143833556,31.45819633290998,76.78788875287385,-0.08246346277224062,0.16190341,0.10671951638650792,0.111181065,0.04872568212747321,0.15031418,18.366198,848.1405672252622,1.0460691,18.585327,17.940058,0.6452694,2016.0,J135021.28+260111.6,207.588703,+26.019911,17.545,17.406,16.981,16.312,0.019,0.022,0.035,0.035,433799705226,1,2010.1658,-1
0.052235,1450515738393286272,206.98609315940587,25.753507454425478,29.91860471878416,77.28349492068537,-0.050717991568428364,0.13228893,0.002702176928645637,0.08573449,0.03005565450592611,0.10776088,18.00664,1181.1106582531029,4.4169025,18.14077,17.688013,0.45275688,2016.0,J134756.65+254512.6,206.986082,+25.753518,17.490,16.824,16.496,15.617,0.018,0.016,0.022,0.020,433800012555,1,2010.1658,-1
0.211011,1450531230339647360,206.98345339413498,25.932722999617027,30.722133532539363,77.31368382216561,-0.019768314600340117,0.1511836,0.01912677409868805,0.10683476,-0.10595838485688802,0.12813638,18.317791,886.8094586413288,4.083493,18.35464,17.734695,0.6199436,2016.0,J134756.03+255557.9,206.983476,+25.932778,17.339,16.884,16.153,15.307,0.016,0.016,0.017,0.015,433799742224,1,2010.1658,1
0.213856,1450547001460275968,207.4311641131548,26.01977373283418,31.370062945696347,76.92804642752127,-0.10086595574999915,0.17189305,-0.04032395522434469,0.122311555,-0.2299040587834388,0.16961567,18.485134,760.1395796860933,2.6903303,18.630713,18.196714,0.4339981,2016.0,J134943.48+260111.3,207.431177,+26.019832,18.054,17.935,17.246,16.614,0.029,0.035,0.046,0.047,433799705481,1,2010.1658,-1
0.169088,1450571809190767872,207.20103023489588,26.37200103762097,32.81124833436728,77.1779605790603,-0.07272765878554636,0.1651641,0.07536411123686029,0.10597035,-0.2715763546958598,0.18027309,18.480394,763.4653558613395,4.0121617,18.629385,18.069126,0.56025887,2016.0,J134848.25+262219.3,207.201056,+26.372042,,17.084,16.422,15.444,,0.020,0.021,0.016,433799247082,1,2010.1658,-1
0.108504,1445090541863659136,203.9138694550909,25.819175317802294,27.88934956650177,80.02197436915901,-0.012079414705082106,0.120784074,-0.0125503845857287,0.05571472,0.09889077846954099,0.1047031,17.49815,1886.6298481469769,8.401337,17.568686,17.072983,0.49570274,2016.0,J133539.32+254909.0,203.913836,+25.819174,17.028,16.640,15.939,14.884,0.013,0.012,0.013,0.009,433799987416,1,2010.1658,-1
0.040114,1445090679303008896,203.87979137635097,25.8218544748632,27.873862337654923,80.05265016990519,-0.2825031029603682,0.22702135,0.06555529958239632,0.10632457,0.24624902448584743,0.20344427,18.556536,711.7585041430983,2.166363,18.719143,18.188044,0.5310993,2016.0,J133531.14+254918.6,203.879779,+25.821853,17.970,17.828,17.290,16.428,0.027,0.033,0.043,0.034,433799987474,1,2010.1658,-1
0.152528,1445126649652849280,205.28414699048116,25.178879688279014,25.803211650322506,78.68344896952635,-0.29546804056954323,0.18486314,0.11353962480644031,0.12956114,0.24043358029454925,0.19198498,18.726942,608.3731990648481,1.0853208,18.94982,18.30199,0.64782906,2016.0,J134108.19+251044.1,205.284147,+25.178922,17.730,17.486,17.013,16.420,0.022,0.027,0.049,0.038,433800776364,1,2010.1655,-1
0.337270,1445126649652849280,205.28414699048116,25.178879688279014,25.803211650322506,78.68344896952635,-0.29546804056954323,0.18486314,0.11353962480644031,0.12956114,0.24043358029454925,0.19198498,18.726942,608.3731990648481,1.0853208,18.94982,18.30199,0.64782906,2016.0,J134108.20+251044.2,205.284192,+25.178964,,,17.169,16.524,,,0.055,0.039,433800500358,2,2010.2146,-1
0.115054,1445129295352662400,205.60726382984257,25.047814062655423,25.48783620652229,78.3690575210931,0.19440421128388283,0.22087425,-0.16098834421590003,0.13265575,0.24650056828437006,0.21333729,18.72745,608.0892757236858,1.521502,18.988865,18.28402,0.7048454,2016.0,J134225.75+250252.1,205.607299,+25.047813,17.945,17.616,17.021,16.548,0.028,0.031,0.051,0.044,433800750462,1,2010.1655,-1
0.318414,1450639188638078976,208.29477229180995,26.612688800174062,34.305591923440055,76.23022750621475,-0.1381323742374992,0.20200692,0.17780747114949136,0.13504018,0.22249435740416987,0.1840473,18.539186,723.2225950619385,2.0570877,18.630138,18.366852,0.2632866,2016.0,J135310.76+263645.8,208.294858,+26.612733,18.397,17.485,17.307,16.454,0.041,0.036,0.059,0.041,433798988582,1,2010.1660,1
0.220326,1450647778572206080,208.38029770628984,26.76482796800055,34.97038383064607,76.16828392819305,-0.07784621277020513,0.19315314,0.0536166336849526,0.15456516,-0.1205057317543775,0.18377835,18.64695,654.8876377048517,1.0092053,18.88391,18.202055,0.68185425,2016.0,J135331.28+264553.5,208.380334,+26.764880,17.980,17.599,17.271,16.705,0.031,0.040,0.055,0.054,433798750522,1,2010.1660,-2
0.166109,1450652004820243584,207.74219261340042,26.315323794546508,32.8133646540751,76.68969864430959,0.004898386419134777,0.21131736,-0.12567281086452337,0.13631728,-0.17059590974058308,0.18093565,18.639349,659.4882368598652,1.0291718,18.865263,18.240612,0.62465096,2016.0,J135058.13+261855.2,207.742223,+26.315361,17.732,17.482,16.970,16.392,0.024,0.027,0.036,0.040,433799206683,1,2010.1658,-1
0.113992,1450663549692582656,208.03825033657048,26.610498143927988,34.20105755740748,76.45825333263303,0.19226140415799323,0.234701,-0.19875906223867762,0.15554188,-0.12303675190091258,0.19847906,18.801327,568.0885870987391,1.9119724,18.87817,18.52262,0.35555077,2016.0,J135209.18+263637.8,208.038276,+26.610520,18.514,17.713,17.535,16.597,0.044,0.042,0.070,0.046,433799002813,1,2010.1660,-2
0.279043,1445187432030242048,204.75599432654283,25.31852623178369,25.978200923622914,79.18000274529273,0.06578260867376565,0.12738821,0.08924784412651035,0.07007238,-0.07206182016880705,0.100288875,17.886847,1318.8883103985982,2.78514,18.140846,17.41715,0.72369576,2016.0,J133901.45+251906.7,204.756074,+25.318555,16.792,16.411,15.881,14.987,0.011,0.010,0.017,0.011,433800505644,1,2010.1655,-1
0.537804,1450691209281552768,208.2122860506916,26.854154743548147,35.29161088573125,76.32523281507645,-0.2538595976408958,0.20512813,-0.0880223853779652,0.14014149,-0.08929292092625607,0.1892269,18.656769,648.9920391936016,2.0853863,18.845324,18.34075,0.5045738,2016.0,J135250.94+265115.4,208.212278,+26.854304,18.047,17.735,17.282,16.402,0.034,0.044,0.055,0.040,433798762345,1,2010.1660,-1
0.081035,1445219249147861248,205.15736969123543,25.605389739157065,27.83259341773339,78.88143831919518,-0.04353507080000831,0.23243788,-0.12575422480652443,0.13115096,-0.168170001596177,0.22706483,18.750982,595.0501764925493,2.0817657,18.924814,18.361805,0.56300926,2016.0,J134037.76+253619.4,205.157366,+25.605412,18.061,17.768,17.445,16.866,0.031,0.039,0.076,0.062,433800214755,1,2010.1655,-2
0.138075,1445222242741096064,205.04577232265888,25.684502902716208,28.143476315348806,78.99467342852489,0.07141579364786255,0.1421995,-0.01608767985273995,0.08047354,-0.06178840426488277,0.12909788,18.048567,1136.3705700243224,2.3204954,18.268469,17.644485,0.6239834,2016.0,J134010.99+254104.2,205.045812,+25.684517,17.476,17.184,16.470,16.057,0.019,0.021,0.026,0.030,433800008521,1,2010.1658,1
0.063213,1454784386130351232,205.54669847477757,28.369578353791464,42.178153619766235,78.70880853891704,0.5044254640359873,0.6294769,0.6760700565127187,0.3738266,-0.7420954371141604,0.6065337,15.140294,16551.1819527362,81.41512,15.000011,14.037269,0.9627428,2016.0,J134211.21+282210.5,205.546717,+28.369585,13.886,,13.088,12.988,0.003,,0.003,0.003,433797029041,1,2010.2371,-1
0.275107,1450759688240805888,209.9551391847181,26.3889013801665,34.051077407910405,74.7289248892672,-0.24325783537406165,0.19987492,-0.228062079933677,0.1477607,0.1442545534128246,0.1811565,18.694603,626.7662484369417,1.2649328,18.95773,18.24048,0.7172489,2016.0,J135949.25+262320.1,209.955210,+26.388944,18.008,17.653,17.248,16.644,0.022,0.028,0.030,0.036,433799254895,1,2010.1659,-1
0.347716,1454784386135594240,205.54024696034875,28.377216973439523,42.218799583385355,78.71403018068987,-0.0296669609377165,0.7260256,-0.40629809324290345,0.45471847,-0.1349881074489837,0.74837816,15.809796,8933.635708827225,70.17234,14.624041,13.619172,1.0048685,2016.0,J134209.67+282238.1,205.540332,+28.377278,,,12.889,,,,0.005,,433797037759,1,2010.2478,1
0.268240,1445316285344624384,205.92495028186386,25.948008468775942,30.120256834269835,78.25712004295701,-0.03815365133342222,0.07374586,-0.0023576628953973474,0.0462406,-0.02469412989629309,0.06501629,16.937557,3161.7237183698403,2.6396213,17.272942,16.402136,0.87080574,2016.0,J134342.00+255652.9,205.925022,+25.948046,16.183,15.721,15.011,14.610,0.007,0.006,0.007,0.008,433799736740,1,2010.1658,-1
0.715697,1454784420495558016,205.54594562002143,28.385730489874657,42.2607040335875,78.70852299703792,0.2011085567675709,0.5071585,0.08687696033438791,0.38249934,-0.770112718814731,0.48096034,16.487045,4787.7210844473675,36.66804,,,,2016.0,J134211.07+282308.2,205.546127,+28.385612,14.384,,,13.560,0.008,,,0.006,433797033540,1,2010.2371,1
0.041954,1450806009463130368,209.2734550579337,26.57809820232116,34.52263258337508,75.35603758152419,0.017555315024475583,0.21604916,-0.13603115431889184,0.17250155,0.07435959557544075,0.19911708,18.614798,674.5714532335217,4.853845,18.481709,17.586948,0.89476013,2016.0,J135705.63+263441.1,209.273468,+26.578097,17.008,16.522,15.772,14.863,0.015,0.015,0.015,0.011,433799013795,1,2010.2289,1
0.155653,1450821363970400512,209.23983053000885,26.745486465524838,35.17116318071538,75.40211539319566,0.10146417191049789,0.2263401,0.18478007507741775,0.16821103,0.056185331137436366,0.20689137,18.925602,506.647258091844,1.7047832,19.085968,18.622053,0.46391487,2016.0,J135657.56+264443.6,209.239866,+26.745457,18.695,18.388,18.186,17.561,0.053,0.081,0.137,0.119,433798743438,1,2010.1660,-1
0.167913,1445338756613479552,205.64857777040382,26.259417505994367,31.483787124608615,78.5459659685224,-0.24021099860728262,0.15135793,-0.03217405261754337,0.101088256,-0.07944303600442007,0.13652077,17.955343,1238.253672280748,6.24222,17.589659,16.490078,1.0995808,2016.0,J134235.66+261534.0,205.648614,+26.259451,16.138,15.589,14.739,13.937,0.007,0.006,0.006,0.006,433799463802,1,2010.1658,1
0.083686,1454784489210496768,205.52768243652602,28.373136557581457,42.20128485787425,78.72530510838278,0.3543683349290374,0.4191538,0.44272739795536104,0.56715286,0.009566584243279164,0.49916375,17.930677,1266.7052321901558,4.7682595,17.318998,16.484608,0.83439064,2016.0,J134206.63+282223.2,205.527656,+28.373135,,,,16.612,,,,0.110,433797037795,1,2010.2478,1
0.252102,1445352221335702016,206.10702547520503,26.235217106341892,31.621632506698614,78.13501875351196,-0.0035595457388225317,0.20768587,-0.12179429747845447,0.14040148,0.031723142765188506,0.20445292,18.716345,614.3402051564182,1.8305235,18.866322,18.402979,0.46334267,2016.0,J134425.69+261407.0,206.107064,+26.235278,18.360,18.152,17.501,16.470,0.032,0.043,0.059,0.048,433799507573,1,2010.1658,1
0.101317,1445361330961588096,205.7458754230839,26.263668367348338,31.559789224808124,78.4599309822533,-0.7978314897744676,0.83617747,0.20402053555708866,0.47389126,-1.1963946702130672,0.72155416,18.840555,547.9293079508986,3.8058794,17.010178,15.592225,1.4179525,2016.0,J134259.01+261549.1,205.745893,+26.263645,15.122,14.575,13.908,13.432,0.004,0.003,0.003,0.005,433799451296,1,2010.1658,1
0.195619,1450841292619088384,209.61822305603337,26.93430737985012,36.02280267697636,75.08182229592106,-0.18547415676324613,0.16161312,0.06572665979983244,0.124492526,0.033889319222637465,0.1482389,18.474348,767.728819861396,2.5971203,18.634493,18.113182,0.5213108,2016.0,J135828.38+265603.4,209.618284,+26.934306,18.194,17.391,17.094,16.353,0.034,0.028,0.040,0.037,433798712229,1,2010.1660,-1
0.124741,1450843049261137408,209.68906894956524,26.96902761283568,36.17624267099971,75.02159727408358,-0.1723490833768755,0.14029498,0.020173289803312688,0.10647054,-0.02082576295546832,0.12642132,18.196972,991.1929794021192,1.9936807,18.562613,17.475845,1.0867672,2016.0,J135845.37+265808.6,209.689055,+26.969060,17.369,16.864,15.925,14.644,0.018,0.021,0.016,0.010,433798446147,1,2010.1660,-2
0.139313,1445424514225313664,205.03355942526656,26.0087101216483,29.814404335105138,79.05848702878866,0.03152924306756127,0.27854627,0.10363979433167192,0.15098973,0.09771811720204669,0.24039085,18.862469,536.981569935518,3.2232115,18.9934,18.517069,0.4763317,2016.0,J134008.06+260031.3,205.033601,+26.008720,18.476,18.291,17.910,17.145,0.038,0.053,0.097,0.081,433799764763,1,2010.1658,-1
0.090397,1450937259367885824,209.9496108723117,27.14120042747069,36.90064056281034,74.80267100062278,0.2637515898511553,0.19682845,0.03948847151467751,0.1644558,0.1488077183804708,0.17692246,18.70149,622.8026704407387,2.103761,18.90155,18.302534,0.5990162,2016.0,J135947.91+270828.3,209.949639,+27.141201,18.051,17.912,17.611,16.955,0.028,0.043,0.068,0.065,433798498958,1,2010.1660,-1
0.349649,1445475950753328000,204.22978434312773,26.118405651498367,29.83135568596607,79.78880126001408,-0.17934421290261474,0.1840751,0.046568113270613096,0.09992283,-0.09578754897678984,0.14753737,18.202946,985.7537528146077,4.361631,18.040771,17.009178,1.0315933,2016.0,J133655.17+260706.3,204.229885,+26.118441,16.576,16.047,15.289,14.590,0.009,0.008,0.008,0.008,433799480435,1,2010.1658,1
0.087105,1445488118395501056,204.59647637103194,26.231487008204827,30.70401711029675,79.47826312445855,0.020861289202996354,0.12463192,-0.017477121091414527,0.07144924,-0.1522917416841415,0.102237,17.872602,1336.305668478736,4.005315,18.0914,17.511488,0.5799122,2016.0,J133823.15+261353.4,204.596480,+26.231511,17.297,16.618,16.410,15.537,0.018,0.014,0.025,0.020,433799449829,1,2010.1658,-1
0.136584,1450953580243646976,209.83314496902418,27.272972241254557,37.379119207866424,74.91435291756349,0.0029954267240990505,0.08390218,0.1060153208534445,0.06800095,-0.008535943527013923,0.082336955,17.296242,2272.2170297993634,4.6518736,17.559885,16.852541,0.70734406,2016.0,J135919.95+271622.8,209.833149,+27.273010,16.485,16.139,15.412,15.191,0.010,0.011,0.010,0.016,433798209864,1,2010.2289,-1
0.070817,1451004329577163264,208.85604087679744,26.683518401027072,34.796083719447886,75.73772269734746,-0.2507566321352473,0.21627899,-0.04567057545220082,0.15474299,-0.011217683774354788,0.16332085,18.558876,710.2260985514147,1.1923752,18.744535,18.209618,0.53491783,2016.0,J135525.44+264100.7,208.856023,+26.683530,17.993,17.817,17.501,16.920,0.030,0.043,0.063,0.060,433798973324,1,2010.2289,-1
0.046305,1451108615678885888,208.4790819895226,27.570245409978938,38.35092353125242,76.12845290725132,-0.04830256944595976,0.204857,0.1680586983641183,0.14562884,0.029799279016230987,0.1837131,18.541042,721.9878642545432,4.08363,18.3473,17.585543,0.7617569,2016.0,J135354.98+273412.8,208.479096,+27.570249,17.381,16.950,16.410,15.774,0.016,0.018,0.022,0.022,433798033245,1,2010.2368,1
0.102860,1451128647406357632,208.6211849135248,27.57669732313327,38.39416983588859,76.00275586511798,-0.08328789409103073,0.14116026,0.02308658248154222,0.106046796,0.21707786414224672,0.12548566,18.08475,1099.124506591236,2.2255273,18.246336,17.776365,0.4699707,2016.0,J135429.09+273436.0,208.621216,+27.576690,17.539,17.350,16.758,16.190,0.017,0.024,0.031,0.032,433797987690,1,2010.2368,-1
0.232472,1445676031805357056,199.66306729590593,22.34565728733379,356.6598045539475,82.1889490782064,0.047886435861941745,0.10908623,0.10372330365371406,0.061632235,0.009339032010305184,0.08897451,17.419283,2028.7732196031552,7.2768593,17.610949,17.04723,0.5637188,2016.0,J131839.12+222044.5,199.663018,+22.345703,17.274,16.821,16.065,15.859,0.014,0.016,0.012,0.019,433803282786,1,2010.1414,-1
0.089435,1445683831465970816,199.6683815512983,22.465944943195268,357.3757597634303,82.26044464981265,0.13581934815713484,0.17953265,-0.04328590482410941,0.104577556,0.20981305645498385,0.16040447,18.367565,847.0721015187027,2.9048853,18.483395,18.021973,0.46142197,2016.0,J131840.40+222757.4,199.668363,+22.465963,18.193,17.821,17.156,16.779,0.028,0.036,0.028,0.041,433803282775,1,2010.1414,-1
0.072893,1454791464240401152,205.02062826724472,28.281454701518616,41.85790158175265,79.17618318253331,-0.12149215761808087,0.0928186,-0.028135140851257245,0.051422495,-0.10211877507396992,0.08109351,17.200521,2481.638466466937,3.9212594,17.404747,16.806953,0.5977936,2016.0,J134004.95+281653.3,205.020628,+28.281475,16.287,16.004,15.481,14.652,0.009,0.010,0.009,0.009,433797090135,1,2010.2371,-1
0.145292,1445704309870102656,200.13700084619984,22.645381730984287,0.33046962686334264,82.02303093213746,-0.0435621218904647,0.20660077,-0.019758764148621127,0.13410784,0.11202350077654609,0.19968739,18.76656,586.5741424887825,1.8437538,18.867935,18.443129,0.4248066,2016.0,J132032.88+223843.4,200.137038,+22.645403,18.139,17.804,17.319,16.953,0.026,0.033,0.032,0.050,433803165957,1,2010.1414,-1
0.120968,1445710254104783744,199.8230432414079,22.628403393705213,358.9774139782923,82.24659596497588,-0.41905123966203073,0.28911784,-0.17955020488532142,0.14637439,-0.0869877345309808,0.20957428,18.937357,501.19141459531477,1.2925533,19.073675,18.717056,0.35661888,2016.0,J131917.53+223742.3,199.823072,+22.628424,18.266,18.016,17.456,16.656,0.030,0.040,0.035,0.038,433803142899,1,2010.1412,-1
0.105980,1451200493619340672,209.7906195490969,27.950099764300898,39.97926993082321,74.97673717778396,-0.1676975461875829,0.687834,-0.481284925875103,0.46496284,-0.42797922278599937,0.60034615,18.964579,488.7824396605173,5.2576017,18.00094,16.540844,1.4600964,2016.0,J135909.75+275700.2,209.790646,+27.950082,15.933,15.386,14.738,14.283,0.007,0.006,0.006,0.007,433797510624,1,2010.2368,1
0.119360,1445780549833640320,199.48895578928492,22.937806251163035,359.4721630204599,82.67833465126026,-0.26592199157880725,0.16295436,0.025122426907892407,0.09141734,0.0712305150113848,0.14010502,18.23635,955.8884894111831,3.9426405,18.390305,17.856028,0.53427696,2016.0,J131757.35+225616.1,199.488982,+22.937829,17.294,17.024,16.454,15.502,0.016,0.020,0.017,0.016,433802903165,1,2010.1414,-3
0.140447,1454804825878411520,205.95883423022968,28.03496161902501,40.42091530266927,78.35965356311702,0.08358242010040205,0.21186863,-0.017071285465934078,0.12680586,-0.0730102405051054,0.17969222,18.484554,760.545502074622,3.583536,18.261286,17.368567,0.89271927,2016.0,J134350.12+280205.7,205.958863,+28.034932,16.893,16.325,15.575,14.687,0.012,0.011,0.012,0.012,433797525097,1,2010.2368,1
0.186432,1445802093389814784,200.2369571816146,22.84286413505117,1.8812012520670667,82.0604977091542,-0.3149212972667132,0.2532163,0.11897353557894844,0.15263908,-0.1789389092560222,0.21463954,18.91954,509.48395643505216,1.6176053,19.02219,18.34564,0.6765499,2016.0,J132056.88+225034.2,200.237013,+22.842859,17.513,17.374,16.697,15.896,0.016,0.024,0.019,0.019,433802920898,1,2010.1414,1
0.123387,1445822747888115328,200.4142180736863,23.015676412199706,3.571842625516793,82.01920722632178,-0.09001098796078262,0.5949467,-0.5660857951006526,0.42566407,0.04584332017826811,0.518567,18.684715,632.4999527698351,6.160754,17.416786,16.071548,1.3452377,2016.0,J132139.41+230056.5,200.414247,+23.015698,15.600,15.079,14.398,14.105,0.005,0.004,0.004,0.005,433802735076,1,2010.1575,1
0.271854,1451294188330621568,206.89174433308722,26.164437604375873,31.718824733314978,77.42767345406676,0.3285944252717016,0.2155281,0.12044481474901825,0.13049549,-2.9214065594234534E-5,0.19685145,18.79484,571.4932175987486,1.7437652,19.023071,18.40467,0.6184006,2016.0,J134734.03+260952.0,206.891828,+26.164445,18.102,17.657,17.017,16.648,0.030,0.034,0.038,0.052,433799448116,1,2010.1658,-1
0.082755,1451305252166408192,206.61588942972443,26.249541174719315,31.963550698930252,77.68402717336376,0.0010025174042035618,0.24080682,0.01949760165116879,0.13734451,0.23601526919781063,0.18708716,18.840687,547.8631281127782,1.5316031,19.061356,18.340317,0.7210388,2016.0,J134627.81+261458.3,206.615915,+26.249541,18.057,17.662,17.419,16.775,0.030,0.036,0.052,0.058,433799454038,1,2010.1658,-1
0.141922,1451320954566389120,207.14282462455887,26.368300757588262,32.76754469687753,77.2293366925234,-0.1178316475831136,0.19620779,-0.21232124605871916,0.12884976,0.10111677282621895,0.18707655,18.706059,620.1874948294567,0.9459322,18.875494,18.431404,0.4440899,2016.0,J134834.28+262205.9,207.142863,+26.368320,18.060,17.646,17.333,16.500,0.026,0.027,0.045,0.039,433799228100,1,2010.1658,-1
0.200307,1445879918197342848,200.1445455617129,23.27192521264838,4.195079453961492,82.36559955901727,-0.040712679358722054,0.18795604,0.03003490881602285,0.12642336,0.253862633031918,0.17330319,18.64668,655.0504778628184,2.098554,18.814281,18.348215,0.46606636,2016.0,J132034.69+231619.0,200.144583,+23.271969,17.846,17.691,17.264,16.506,0.022,0.030,0.033,0.033,433802492887,1,2010.1575,-1
0.066020,1454868808009216256,206.41019913719967,28.826617715812112,44.162341931865306,77.91991024027028,-0.01509226076653873,0.17185096,0.0697918422517739,0.12931813,0.040104826923112485,0.16693792,18.311617,891.867245184475,1.7196021,18.652975,17.541124,1.1118507,2016.0,J134538.44+284935.7,206.410194,+28.826600,17.134,16.685,15.925,14.967,0.016,0.018,0.014,0.012,433796483334,2,2010.2371,-2
0.184117,1454868808009216256,206.41019913719967,28.826617715812112,44.162341931865306,77.91991024027028,-0.01509226076653873,0.17185096,0.0697918422517739,0.12931813,0.040104826923112485,0.16693792,18.311617,891.867245184475,1.7196021,18.652975,17.541124,1.1118507,2016.0,J134538.45+284935.7,206.410245,+28.826586,17.116,16.618,16.006,15.053,0.014,0.015,0.013,0.012,433796545951,1,2010.2371,1
0.026048,1451358544120725888,206.50991927362367,26.471500811129566,32.950180757085825,77.80410395855615,-0.07177740842313717,0.2526106,0.04517504055195233,0.14629446,0.061087508098681076,0.2016633,18.887197,524.8897617259937,1.6791755,19.126686,18.424612,0.70207405,2016.0,J134602.38+262817.4,206.509920,+26.471508,18.001,17.878,17.325,16.382,0.029,0.041,0.050,0.039,433799192107,1,2010.1658,-1
0.189828,1451366653019026688,206.61755116244137,26.56418797915441,33.43213271435359,77.71791850086962,0.06151097107178585,0.22352737,0.10441509837920782,0.13195948,0.2503199212196189,0.1973794,18.774982,582.0408081534522,1.0177392,19.013895,18.368313,0.6455822,2016.0,J134628.22+263351.1,206.617597,+26.564221,18.048,17.675,17.344,16.828,0.029,0.038,0.059,0.055,433798968156,1,2010.1659,-1
0.123935,1445925655304478848,200.1509933269395,23.6977177314452,7.019771976480016,82.57631851134637,-0.11117242787582865,0.3394625,-0.042464311613236334,0.25464416,-0.07136036500552449,0.3028815,18.94464,497.84130512020164,5.8241506,17.828255,16.537197,1.2910576,2016.0,J132036.24+234151.8,200.151021,+23.697741,16.310,15.785,15.048,14.421,0.008,0.007,0.006,0.006,433802081011,1,2010.1575,1
0.021518,1451380401208564608,206.22878401165116,26.699406937721292,33.917846569165235,78.0766473833073,0.33625924369942906,0.18815689,-0.08641785285150645,0.12235814,0.06126276986532461,0.15465575,18.425432,803.1074473914998,3.3828099,18.565075,18.094864,0.47021103,2016.0,J134454.90+264157.8,206.228789,+26.699403,17.985,17.694,17.101,16.709,0.027,0.041,0.044,0.055,433799010631,1,2010.2288,-1
0.144226,1451387719832840448,206.22546013258778,26.806832849870425,34.435007955060186,78.08865750433337,-0.1001066726722582,0.1863025,0.10553379254233142,0.120523095,0.18697393206197163,0.16369678,18.508072,744.2487998102641,2.2732966,18.812431,18.004793,0.80763817,2016.0,J134454.11+264824.7,206.225477,+26.806870,17.597,17.178,16.528,16.091,0.020,0.026,0.032,0.031,433798739090,1,2010.2288,-1
0.027518,1451398504495791872,206.65019544009405,26.847220888341553,34.76937881786067,77.7139862409685,-0.0970199385341887,0.14316466,-0.13110363391100927,0.09720831,0.13538042075707113,0.12582332,18.314428,889.559978388779,3.2139187,18.52613,17.925322,0.6008091,2016.0,J134636.04+265049.9,206.650202,+26.847216,18.010,17.484,16.857,16.739,0.028,0.032,0.037,0.050,433798704240,1,2010.1659,-1
0.120114,1451407919064169216,206.86016001487016,27.07579099354303,35.8937780119409,77.54299594592266,-0.07275412501285496,0.17257482,-0.035106667764603035,0.12176573,0.1936466947972413,0.16356784,18.367088,847.4446299607913,1.9181706,18.664774,17.905344,0.75942993,2016.0,J134726.44+270432.8,206.860196,+27.075800,17.455,17.381,16.872,16.024,0.020,0.034,0.041,0.031,433798445047,1,2010.1659,-1
0.113081,1451436167065048192,207.59867244927696,26.87863639220485,35.20985284266781,76.8728336913467,-0.07189133267144088,0.081220835,0.010927535155968763,0.054547627,-0.09626624723397603,0.071961485,17.20294,2476.115494867202,2.7847645,17.404013,16.814003,0.5900097,2016.0,J135023.68+265243.1,207.598684,+26.878666,16.581,16.162,15.611,15.353,0.011,0.011,0.012,0.015,433798727185,1,2010.1660,-1
0.100252,1445996741307488384,199.16001911966495,23.367788451008416,0.8884558398836953,83.1742944070587,-0.12130822279827347,0.20902435,0.023724268058928417,0.12505475,0.016468618488582012,0.20661414,18.698084,624.7597615924929,1.3979834,18.86273,18.421778,0.4409523,2016.0,J131638.39+232204.0,199.159991,+23.367778,18.264,,17.551,16.847,0.032,,0.040,0.043,433802505219,1,2010.1575,-1
0.447291,1454875164558899328,205.599052989578,28.36393580363922,42.135977238028204,78.66313979200024,-0.4449671483759571,0.76821375,0.271460913759087,0.69184154,-0.15357598127974484,0.6775388,18.773315,582.9357795594774,5.142628,18.208412,17.498264,0.71014786,2016.0,J134223.73+282150.1,205.598912,+28.363929,17.348,17.122,16.820,16.754,0.019,0.025,0.031,0.052,433797022931,1,2010.2371,1
0.106830,1451449047670940672,207.13160025240586,26.94994711359217,35.38989990174801,77.29345476191487,0.35425274816573576,0.39948595,0.4103946427143123,0.2797686,-0.2852775330781171,0.41066483,18.590208,690.0234155254656,4.5235724,16.924118,15.758457,1.1656609,2016.0,J134831.59+265659.7,207.131633,+26.949942,15.374,14.878,14.204,13.773,0.005,0.004,0.004,0.004,433798494221,1,2010.1659,1
0.130674,1451449047670940672,207.13160025240586,26.94994711359217,35.38989990174801,77.29345476191487,0.35425274816573576,0.39948595,0.4103946427143123,0.2797686,-0.2852775330781171,0.41066483,18.590208,690.0234155254656,4.5235724,16.924118,15.758457,1.1656609,2016.0,J134831.58+265659.9,207.131615,+26.949981,15.368,14.883,14.201,13.776,0.005,0.004,0.004,0.005,433798739472,2,2010.1659,1
0.116165,1446010966239572608,198.63909662612,23.153783807287716,356.96866617266187,83.43123647767614,0.034035868218716084,0.16178717,-0.059922216503499125,0.103161335,0.012863160826725652,0.13943098,18.158312,1027.1226306192002,4.4189243,18.299673,17.763601,0.5360718,2016.0,J131433.39+230913.6,198.639131,+23.153790,17.023,17.065,16.473,15.723,0.012,0.018,0.017,0.018,433802730767,1,2010.1575,-1
0.121519,1446014264774470144,198.6009074594472,23.192977991048597,357.047047086745,83.48309195548588,0.15240304880323413,0.23435165,0.20391211147194419,0.16577734,0.28930370500726643,0.21084498,18.801493,568.0016754458229,1.8335224,19.033514,18.339052,0.6944618,2016.0,J131424.22+231134.7,198.600944,+23.192975,17.674,17.440,16.868,15.951,0.020,0.025,0.024,0.021,433802730671,1,2010.1575,-1
0.083821,1446028012965038336,198.55438666595325,23.320381908517277,357.70554081790596,83.59520216388181,-0.08525655592917436,0.20057313,0.21057086495644023,0.13235068,0.1331532577830723,0.16785826,18.54801,717.3699068243038,4.0297046,18.59422,18.231375,0.36284447,2016.0,J131413.05+231913.4,198.554410,+23.320391,17.469,17.510,16.814,15.851,0.017,0.026,0.023,0.020,433802517683,1,2010.1575,1
0.171728,1446031135406060800,198.40699101777645,23.353538968553195,357.1900536228648,83.72238049131938,0.010787692210954629,0.24014547,-0.08996004825282074,0.21195489,0.12273202078694594,0.16380516,18.434155,796.682414178526,5.90959,18.601215,18.058016,0.54319954,2016.0,J131337.69+232112.7,198.407042,+23.353548,17.925,17.584,16.796,16.383,0.024,0.027,0.022,0.031,433802494622,1,2010.1575,-1
0.123728,1446041993083420288,198.63440454291407,23.583356670246786,0.00919895513425307,83.69275794653123,0.0025574280830725493,0.14733097,-0.058109771263044604,0.09004551,0.06321523593436223,0.13378958,18.024858,1161.456938753111,2.5413852,18.249922,17.62082,0.6291027,2016.0,J131432.26+233500.1,198.634434,+23.583378,17.271,16.866,16.549,15.889,0.014,0.014,0.017,0.020,433802331106,1,2010.1575,-1
0.098004,1451482239178414720,207.65179984892484,27.295871252828093,37.054962848050366,76.8515110151997,0.06536891776367523,0.2382534,0.07885054264162505,0.15932278,0.04648839495331934,0.22270931,18.785366,576.5018059630493,1.0415888,19.226244,18.05824,1.1680031,2016.0,J135036.43+271745.2,207.651822,+27.295890,17.266,16.801,16.146,15.363,0.019,0.021,0.021,0.017,433798227545,1,2010.1660,-1
0.040421,1451483789662401408,207.51281316646305,27.27800333310709,36.950537012119035,76.9740568118655,-0.08547853029115647,0.07875706,-0.045555298854093984,0.044815417,0.0389818800165492,0.06911915,16.98662,3022.031231249546,19.169508,17.028381,16.283554,0.7448273,2016.0,J135003.07+271640.8,207.512809,+27.278014,16.033,15.430,14.751,13.852,0.007,0.006,0.006,0.005,433798243722,1,2010.1659,1
0.086854,1451483789662401408,207.51281316646305,27.27800333310709,36.950537012119035,76.9740568118655,-0.08547853029115647,0.07875706,-0.045555298854093984,0.044815417,0.0389818800165492,0.06911915,16.98662,3022.031231249546,19.169508,17.028381,16.283554,0.7448273,2016.0,J135003.07+271640.8,207.512818,+27.278027,16.016,15.457,14.777,13.826,0.008,0.007,0.007,0.005,433798227530,2,2010.1660,1
0.118350,1451499693925397632,207.10479289980995,27.104491193497136,36.08492051020165,77.32728968491358,-0.1722872061651958,0.17162527,-0.08672313071227641,0.106034145,0.03850824127988202,0.16378967,18.265966,930.1658367130899,2.6230118,18.482138,17.857704,0.6244335,2016.0,J134825.15+270616.2,207.104795,+27.104524,17.331,17.055,16.653,15.770,0.016,0.021,0.030,0.021,433798494161,1,2010.1659,-1
0.163526,1446073260444964480,199.0725428794129,23.88282124407652,4.238345175623125,83.52252577138013,0.39150101001058724,0.25291038,0.15407340261008332,0.13431548,-0.2916263265921854,0.2514142,18.811584,562.746781756833,3.537182,18.965637,18.507965,0.45767212,2016.0,J131617.41+235258.0,199.072579,+23.882790,18.500,18.057,17.586,17.156,0.043,0.043,0.055,0.065,433801906128,1,2010.1631,1
0.184216,1451527112996795648,206.99577227065677,27.414066640949148,37.48007147336721,77.43847858636344,-0.26410550983864167,0.16163763,-0.1133371983821552,0.110227525,-0.2526796327728155,0.1494829,18.2624,933.2264476389623,3.0019276,18.45641,17.887243,0.5691662,2016.0,J134758.99+272450.8,206.995801,+27.414111,17.483,17.391,16.762,15.976,0.017,0.024,0.026,0.026,433797986742,1,2010.2368,-1
0.133644,1446113220821065600,200.01025132824734,23.67943582376181,6.4036190927826615,82.67973626623427,-0.21285669938401064,0.13493636,0.024728674547140814,0.086593784,-0.07738912648365884,0.123117484,17.7516,1493.8475922753032,2.0253468,17.940933,17.456709,0.48422432,2016.0,J132002.46+234045.9,200.010291,+23.679443,17.205,16.995,16.500,16.073,0.014,0.018,0.018,0.024,433802072052,1,2010.1575,-1
0.187678,1446121535877772416,200.04045557618892,23.939639692429893,8.312733071559563,82.78029794986442,0.06174641522780806,0.20383146,0.07590792884375464,0.12266594,-0.18910644789195716,0.18177235,18.446693,787.5340924667224,3.4925685,18.569916,18.04952,0.5203953,2016.0,J132009.71+235622.8,200.040493,+23.939679,17.965,17.778,17.403,16.755,0.026,0.033,0.048,0.046,433801925468,1,2010.1631,-1
0.171495,1446153048052923008,199.30556346705202,23.787898614853205,4.4960608128189055,83.29108179852008,-0.24247959825388846,0.23033611,-0.06383504328424267,0.12752478,-0.09924985602632266,0.2060742,18.925905,506.5059353709885,0.8901758,19.223438,18.509714,0.71372414,2016.0,J131713.33+234716.6,199.305558,+23.787946,17.885,17.411,16.886,16.399,0.025,0.026,0.026,0.034,433802073911,1,2010.1575,-1
0.092921,1454877324926758400,205.72659833507436,28.46829398643437,42.62886000620782,78.54485884738146,-0.06312224727419362,0.11616682,-0.0019689280169393883,0.07115894,-0.0018510917318579488,0.09586115,17.798624,1430.5294641347143,7.825148,17.946035,17.493383,0.45265198,2016.0,J134254.37+282805.9,205.726573,+28.468307,17.380,17.158,16.753,15.978,0.019,0.025,0.025,0.026,433797058356,1,2010.2371,-1
0.128469,1446172869326712960,199.1997127523668,24.02875297800849,5.8729341084535625,83.49673144039104,0.1284057873972873,0.31417882,0.06399135774316544,0.1383568,0.13237268297089416,0.2495591,18.923857,507.4629715196874,2.040216,19.024872,18.634232,0.39064026,2016.0,J131647.92+240143.6,199.199686,+24.028779,18.678,18.458,17.960,17.071,0.050,0.061,0.077,0.059,433801927525,1,2010.1631,-1
0.223759,1451610199139863168,206.35001490129955,27.236892684223207,36.540945062587156,78.00474307825336,0.6358099973739628,0.5046163,0.021744163907209787,0.2923346,0.21627820356768243,0.44747,18.820923,557.927766799989,2.01367,17.545254,16.25062,1.2946339,2016.0,J134524.01+271412.9,206.350056,+27.236943,15.845,15.316,14.607,14.128,0.006,0.005,0.007,0.006,433798244279,1,2010.2289,1
0.273399,1446193622608385792,199.81465974084495,24.23816786168037,9.716545662245764,83.09944450155656,0.14347033213077456,0.20951857,-0.0019168216854779398,0.11955571,-0.21796825941465986,0.16180451,18.433142,797.4254997618792,1.9183105,18.689678,18.001453,0.6882248,2016.0,J131915.53+241417.2,199.814726,+24.238122,17.632,17.208,16.662,16.349,0.019,0.019,0.023,0.029,433801664957,1,2010.1631,-1
0.372080,1454878188219014656,205.56956350961627,28.387437836449855,42.263119013656684,78.687680268502,0.13034727282198239,0.8764843,-0.5467898785941507,0.46879703,0.9679828501508704,1.0374538,18.741247,600.4096922164699,10.609644,17.361612,16.683067,0.678545,2016.0,J134216.68+282315.1,205.569527,+28.387536,,17.739,17.505,17.383,,0.102,0.222,0.184,433797037131,1,2010.2371,-1
0.174626,1446204617724608256,199.53524592835683,24.31565132835047,9.34609291446187,83.36207030704202,-0.1324596617200097,0.28357008,0.10299643268475663,0.15394866,0.08409566835688559,0.22334856,18.982637,480.7192224292458,1.9238899,19.04191,18.602585,0.43932533,2016.0,J131808.46+241856.1,199.535272,+24.315609,17.757,17.658,16.912,16.179,0.023,0.032,0.032,0.028,433801451486,1,2010.1631,1
0.374887,1451628817822057984,206.42872614031424,27.37200655140964,37.20213662914412,77.94020997560409,0.18030455033584125,0.2483613,-0.1283899204740946,0.14979333,0.17483293110359352,0.21984324,18.889961,523.5551011559502,2.858051,19.011614,18.573061,0.43855286,2016.0,J134542.91+272219.3,206.428830,+27.372055,18.257,18.074,17.491,16.791,0.032,0.051,0.075,0.054,433798244504,1,2010.2289,-1
0.159469,1446210493239930496,199.72162001340783,24.38006024479683,10.479552805081621,83.23759875530509,0.37918121757223733,0.226135,0.10537363074893755,0.128853,0.25038969093902314,0.18350118,18.573654,700.6244076657315,1.2934468,18.778538,18.298574,0.4799633,2016.0,J131853.20+242248.1,199.721667,+24.380049,18.193,17.759,17.337,16.900,0.034,0.036,0.045,0.055,433801453963,1,2010.1631,-1
0.141836,1451654969878861824,205.53490289520516,27.158504702082155,35.98572831538491,78.72531608148239,-0.05270584583823648,0.12921618,0.05750964043234254,0.07455917,0.03378095185439326,0.10610174,17.80128,1427.0355240576541,4.4750566,17.963202,17.496887,0.46631432,2016.0,J134208.38+270930.5,205.534939,+27.158482,17.457,17.354,16.732,15.971,0.017,0.027,0.028,0.023,433798496276,1,2010.2288,-2
0.094614,1446243998280522752,200.85677368085288,23.71763385484204,9.41421381886066,82.01497860997684,-0.1359583597567873,0.22788785,-0.194310907780288,0.16485558,-0.12446179763255713,0.22161904,18.972271,485.3310524115894,2.2534003,19.262106,18.560394,0.70171165,2016.0,J132325.62+234303.5,200.856789,+23.717656,17.778,17.784,17.163,16.629,0.022,0.037,0.033,0.041,433802086956,1,2010.1576,-1
0.106701,1451670805423070336,205.7254296771372,27.552744037949143,38.01449129420739,78.56851651375757,0.14475165147756708,0.18773226,0.09480706650136282,0.118156895,-0.07127541604803694,0.1676577,18.485674,759.7610833384176,2.3745356,18.58742,18.098986,0.48843384,2016.0,J134254.11+273309.8,205.725459,+27.552730,17.914,17.178,16.850,15.991,0.023,0.021,0.030,0.024,433797978413,1,2010.2368,-2
0.158302,1451672557769648512,206.0610809009281,27.326511143913073,36.925856194159095,78.26495843726727,-0.41615806001720534,0.2365377,0.04066832441144097,0.14392622,0.0595453471917747,0.19654284,18.747753,596.8232322821467,2.022164,18.876534,18.266466,0.61006737,2016.0,J134414.66+271935.5,206.061104,+27.326550,18.169,17.671,17.095,16.859,0.029,0.037,0.048,0.059,433798236345,1,2010.2288,-2
0.155209,1446261551811438848,201.41726615164276,23.901703566093047,12.145217784467068,81.63275592524145,0.12641809054424072,0.19592863,-0.04522230460548963,0.1394166,-0.2920910895196066,0.16961469,18.528896,730.1102491214548,2.285622,18.73801,18.193865,0.5441456,2016.0,J132540.14+235406.2,201.417258,+23.901746,17.877,17.767,17.265,16.665,0.024,0.031,0.039,0.042,433801885341,1,2010.1631,-1
0.133354,1446301035446227200,200.992125484105,23.957246788789814,11.354604934383314,82.0088520397958,-0.1718497976734727,0.20899725,-0.04749826345375939,0.14208224,-0.07744419416819515,0.2022925,18.567404,704.6687404531017,4.8352513,18.425484,17.842266,0.5832176,2016.0,J132358.10+235726.1,200.992089,+23.957263,17.218,16.782,15.917,14.917,0.015,0.014,0.013,0.010,433801902324,1,2010.1631,1
0.028323,1451745400414382848,207.18044259608013,27.7674472621755,39.11041360346575,77.28224596978819,0.15932483169845119,0.24671702,0.27696291615870694,0.15052862,-0.016235220615781143,0.19754373,18.774323,582.3955149913417,1.8425261,18.988094,18.397207,0.59088707,2016.0,J134843.30+274602.7,207.180446,+27.767440,18.435,18.065,17.232,17.067,0.036,0.048,0.039,0.071,433797785560,1,2010.2368,-1
0.113228,1451747633797522432,207.02179267083574,27.78700201873568,39.19556661540398,77.42273791182316,0.13859380409853203,0.2720051,-0.08553482379394624,0.17596665,-0.13304772607554677,0.20881811,18.95291,494.06349341642033,1.1931746,19.160343,18.538658,0.621685,2016.0,J134805.23+274713.1,207.021828,+27.786998,18.212,17.853,,,0.030,0.036,,,433797760622,1,2010.2368,-1
0.086834,1446334914148326528,201.25857551636796,24.279176778572428,14.1628304766973,81.91591441924346,-0.07009513327872655,0.23510516,0.28916231801078673,0.15761046,0.12149621466353577,0.19931081,18.761326,589.4080462133347,1.7538855,18.859331,18.450502,0.40882874,2016.0,J132502.05+241645.1,201.258563,+24.279198,18.015,17.863,17.258,16.432,0.026,0.033,0.040,0.037,433801675355,1,2010.1631,-2
0.213178,1446334914148326528,201.25857551636796,24.279176778572428,14.1628304766973,81.91591441924346,-0.07009513327872655,0.23510516,0.28916231801078673,0.15761046,0.12149621466353577,0.19931081,18.761326,589.4080462133347,1.7538855,18.859331,18.450502,0.40882874,2016.0,J132502.04+241645.1,201.258531,+24.279220,18.007,17.805,17.241,16.393,0.028,0.034,0.041,0.034,433801687224,2,2010.1631,1
0.081090,1451770070706898048,207.03756818355785,28.037115982354994,40.343198703999434,77.4076469531237,0.10508310278348544,0.1205547,0.041105749395298846,0.08549176,-0.013887482602149864,0.11520572,17.94681,1248.0238632800629,1.8107136,18.151888,17.578232,0.5736561,2016.0,J134809.01+280213.5,207.037580,+28.037096,17.325,16.862,16.470,16.013,0.016,0.018,0.022,0.030,433797522298,1,2010.2368,-1
0.050225,1446355083314656768,200.9973173732729,24.42720139050117,14.503849612179977,82.19220964581075,0.07459622884879055,0.33671543,-0.15463190111280248,0.2261001,0.10956336859941612,0.293556,18.754162,593.3101969979685,3.0989597,17.83486,16.594963,1.2398968,2016.0,J132359.35+242537.9,200.997302,+24.427201,16.109,15.547,14.805,14.195,0.007,0.005,0.005,0.006,433801461346,1,2010.1631,1
0.151952,1446355323832825728,201.04588818970186,24.428067228244547,14.630955984848795,82.15150692487659,0.2247147554409249,0.21768096,-0.10486302294743881,0.1421921,0.001166002759215374,0.17444505,18.428663,800.7211527826234,4.919103,18.553253,18.192036,0.3612175,2016.0,J132411.01+242541.1,201.045916,+24.428101,18.195,17.497,17.283,16.606,0.029,0.023,0.039,0.040,433801470984,2,2010.1631,-2
0.173712,1446355323832825728,201.04588818970186,24.428067228244547,14.630955984848795,82.15150692487659,0.2247147554409249,0.21768096,-0.10486302294743881,0.1421921,0.001166002759215374,0.17444505,18.428663,800.7211527826234,4.919103,18.553253,18.192036,0.3612175,2016.0,J132411.00+242541.0,201.045836,+24.428059,18.242,17.503,17.329,16.593,0.030,0.024,0.041,0.038,433801461475,1,2010.1631,1
0.140414,1446361573010350720,201.8963966943993,24.093898110867638,14.506919918797818,81.3073604083378,0.21120376268014096,0.13648857,-0.08420192747784475,0.10197438,-0.20472692572942117,0.12155941,18.05713,1127.4426509455022,2.3501735,18.241953,17.720528,0.52142525,2016.0,J132735.14+240538.1,201.896434,+24.093917,17.456,17.317,16.868,16.293,0.017,0.022,0.030,0.035,433801710010,1,2010.1631,-1
0.114597,1451789488253716864,206.66016509550306,27.96150485471748,40.01200311568474,77.74183451148373,0.07839601471003088,0.25224116,-0.0626183761240478,0.1534013,-0.4057406788001481,0.23483454,18.834883,550.7998790999762,1.6158499,19.013422,18.46564,0.5477829,2016.0,J134638.43+275741.5,206.660158,+27.961536,17.751,17.466,16.918,15.989,0.023,0.031,0.038,0.031,433797504226,1,2010.2368,-1
0.307054,1451791889140681344,206.42086690114988,27.923599246894227,39.84329160654968,77.95364964041521,0.3858836705555469,0.24799629,-0.024693830395465608,0.15281112,-0.07111464748742875,0.22784331,18.877659,529.5212702829909,1.3751298,18.923151,18.263926,0.65922546,2016.0,J134541.02+275525.1,206.420940,+27.923655,17.841,17.308,16.306,14.988,0.021,0.022,0.020,0.014,433797561346,1,2010.2368,1
0.161415,1446371747787785856,202.0130906904075,24.314977549950196,16.124592894153032,81.28962713516414,-0.11036152200445432,0.13407117,-0.06923851454951756,0.102325805,0.12164430038855868,0.12158227,18.065098,1119.1992368495253,3.2204275,18.353235,17.76661,0.58662605,2016.0,J132803.15+241853.8,202.013135,+24.314958,17.610,17.354,16.851,16.459,0.018,0.021,0.026,0.034,433801492606,1,2010.1631,-1
0.121492,1451813879373309568,206.68500503762203,28.02506262118947,40.30958763950795,77.71900098289181,-0.4851101873455705,0.29345477,-0.11463449879541128,0.17726451,-0.15314180404424185,0.2590021,18.99853,473.73412123404574,1.8744378,19.13443,18.736744,0.397686,2016.0,J134644.40+280130.3,206.685019,+28.025094,18.143,18.089,17.560,16.811,0.031,0.053,0.066,0.063,433797504381,1,2010.2368,-2
0.062797,1446423699712208896,202.29116158146368,24.79860222678788,19.672922583564155,81.20877004732408,-0.11849640837333252,0.1162613,0.07497508401098134,0.0729665,0.04465146230573937,0.09292915,17.414495,2037.7386379649715,5.2371736,17.603064,17.080957,0.5221062,2016.0,J132909.88+244755.0,202.291170,+24.798618,17.189,16.983,16.231,15.769,0.015,0.017,0.023,0.023,433800971384,1,2010.1655,-1
0.138240,1446460602071122560,201.33159661356783,24.740831389492097,17.42008068775668,82.01794673097848,0.22074929303858454,0.2476019,-0.22107782309470533,0.15446016,0.18566019775859754,0.22536252,18.813955,561.518938512609,1.9588788,19.016815,18.424622,0.5921936,2016.0,J132519.57+244427.1,201.331571,+24.740862,18.724,18.268,17.545,17.274,0.051,0.055,0.057,0.089,433801216811,1,2010.1631,-1
0.227511,1451888474365528704,208.43715018602109,27.792945039551025,39.2773629821055,76.17075598484432,0.07168702051250732,0.14312239,-0.10837508604259491,0.099505424,0.08485400368402651,0.12867278,18.074953,1109.0870533685968,1.8314192,18.264517,17.625275,0.6392422,2016.0,J135344.93+274734.5,208.437221,+27.792937,17.273,16.985,16.325,15.644,0.015,0.018,0.021,0.018,433797799955,1,2010.2368,-1
0.102599,1446467439659113472,201.879697086335,24.77805580683587,18.7821412035378,81.55828561962629,-0.697960082258965,0.58646476,-0.19713034929388779,0.3786093,0.23273315127064115,0.42808935,18.649271,653.4893730845293,6.6272235,17.100828,15.710671,1.3901567,2016.0,J132731.13+244641.0,201.879718,+24.778077,15.253,14.646,13.966,13.503,0.004,0.004,0.004,0.004,433800994632,1,2010.1655,1
0.330846,1446507773696170880,200.37985615738765,24.21807024275383,11.358768669782279,82.62566401330709,-0.19019386704735194,0.24654828,-0.11993071890261403,0.14142767,0.008386167290829126,0.22291759,18.938606,500.61512977358524,3.5866585,19.185453,18.43496,0.750494,2016.0,J132131.17+241305.3,200.379900,+24.218153,17.819,17.474,17.160,16.431,0.024,0.024,0.036,0.036,433801658488,1,2010.1631,-1
0.186915,1451931561476822784,207.84582454500855,27.891018222358728,39.674315194295986,76.69453636492486,0.12320166529355192,0.16037187,0.12079984886554301,0.10656584,-0.1207369746713735,0.15857181,18.217234,972.8663465078389,2.1390765,18.342682,17.918348,0.42433357,2016.0,J135123.00+275327.5,207.845863,+27.890979,17.737,17.566,17.029,16.424,0.022,0.033,0.040,0.041,433797525984,1,2010.2368,-1
0.087792,1451940705463061376,207.50800595373806,27.918357458944573,39.792727707404005,76.99311120640893,-0.1395931956341541,0.07862143,0.02981920391606098,0.049636427,0.11926250515110932,0.07385131,17.257307,2355.177022473177,7.967213,17.28863,17.030062,0.2585678,2016.0,J135001.92+275506.0,207.508029,+27.918344,16.886,16.490,15.910,15.044,0.011,0.011,0.012,0.012,433797560645,1,2010.2368,1
0.123839,1451945236652879232,207.81323663602547,28.000643238901148,40.151219821300515,76.72326976749608,-0.06564344720313765,0.23786527,0.08600227773616843,0.1728028,-0.46953796053927366,0.23608975,18.931103,504.0871716037999,2.325683,19.109703,18.638042,0.4716606,2016.0,J135115.18+280002.2,207.813259,+28.000615,18.269,17.927,17.446,16.589,0.034,0.045,0.058,0.047,433797526250,1,2010.2368,-1
0.177307,1451967433044268288,208.26729461698284,28.295497512595098,41.393182980106594,76.3189876895871,0.07619843788921442,0.1358987,0.01846630405601827,0.090825155,-0.03475058891955409,0.12627272,17.933718,1263.163231759747,3.0880854,18.112728,17.545473,0.567255,2016.0,J135304.16+281743.8,208.267345,+28.295519,17.255,17.210,,15.766,0.019,0.028,,0.028,433797078080,1,2010.2371,-1
0.152475,1451969460268840960,208.35207728892664,28.357950573819508,41.64894247816988,76.24288945825315,-0.191842631658448,0.17506926,-0.06527994369286144,0.11734809,0.07294633498181616,0.16385868,18.56507,706.1864946793524,3.099328,18.607664,18.181269,0.42639542,2016.0,J135324.50+282128.7,208.352087,+28.357992,18.176,17.738,17.135,16.250,0.035,0.041,0.035,0.031,433797016310,1,2010.2371,1
0.254361,1451980352305408128,208.10980165245542,28.359729134620732,41.68080347098142,76.45596436114371,-0.07406013510506869,0.11759113,-0.051757431136931716,0.082817614,0.019007202355291117,0.108329065,17.916136,1283.7849606144339,4.1339192,18.145958,17.557377,0.5885811,2016.0,J135226.37+282135.1,208.109876,+28.359756,17.040,16.767,,15.911,0.016,0.019,,0.032,433797077997,1,2010.2371,-1
0.292231,1452008183693960960,208.6304139766007,28.22825973600404,41.088171578873556,76.00041138665723,-0.06788207819352121,0.15936543,-0.09663999902338877,0.1064903,-0.17565163870610837,0.1428785,18.238338,954.1389629833261,1.3322934,18.494541,17.725544,0.7689972,2016.0,J135431.31+281341.8,208.630497,+28.228295,17.228,16.939,16.208,15.652,0.015,0.019,0.022,0.021,433797274347,1,2010.2368,-1
0.162612,1446613258093149056,200.3497935572906,24.861590662554075,15.994467564021399,82.89772612661886,-0.27289131345731704,0.20106007,-0.15339782690218656,0.12333514,-0.03555418935613035,0.16268392,18.612566,675.9589357864235,2.4011207,18.822245,18.260794,0.56145096,2016.0,J132123.95+245141.8,200.349811,+24.861633,17.851,17.544,16.918,16.772,0.025,0.027,0.029,0.043,433800982596,1,2010.1655,-1
0.127904,1446614735561895168,200.5545248524306,24.8432221061908,16.366176970766155,82.71694195644605,0.16331185868211065,0.20172702,-0.1262429196929868,0.12450379,-0.08912644454796624,0.16958982,18.483044,761.6046666996003,2.8745086,18.625038,18.199013,0.4260254,2016.0,J132213.07+245035.6,200.554491,+24.843240,18.185,18.013,17.591,17.040,0.034,0.040,0.050,0.057,433800962313,1,2010.1655,-2
0.199383,1446631056437658112,200.16157491289445,25.03308541605483,16.846164609718247,83.11632392554336,-0.17045456461752503,0.28299832,-0.2601963193782056,0.15257722,-0.25629884528778835,0.22010775,18.967993,487.24738669223734,1.215578,19.145357,18.63101,0.5143471,2016.0,J132038.78+250159.2,200.161602,+25.033135,18.102,17.972,17.482,16.998,0.034,0.042,0.049,0.055,433800757057,1,2010.1655,-1
0.132945,1452047564249763712,208.89850052974444,28.652542345831257,42.80008959582325,75.75318858770338,0.45457391515287715,0.5150001,0.03227633176340419,0.35291055,-0.354997521849974,0.48656604,18.679419,635.5935361149374,3.1488624,17.290422,16.016989,1.2734337,2016.0,J135535.63+283909.2,208.898465,+28.652562,15.553,15.038,14.383,13.974,0.005,0.005,0.004,0.005,433796794423,1,2010.2371,1
0.014663,1452053126231367808,209.32585430991315,28.793345914096122,43.29966006820304,75.37270557403,0.114680220205791,0.13043834,0.025598154843130102,0.10063321,-0.036384587055906574,0.13198441,18.179174,1007.5738692278619,3.0960605,18.51332,17.740345,0.7729759,2016.0,J135718.20+284736.0,209.325854,+28.793350,17.124,16.921,16.400,15.959,0.018,0.022,0.021,0.029,433796488559,1,2010.2371,1
0.116521,1452055466989594496,209.11183011397296,28.793800688305293,43.33633938260228,75.56004251279803,0.07189841206146846,0.11004682,0.09852018332963122,0.07978163,-0.08685436719443126,0.10047984,17.694399,1574.6607035289949,5.2286797,17.79632,17.42989,0.36643028,2016.0,J135626.83+284737.7,209.111832,+28.793833,17.322,17.020,16.587,15.768,0.017,0.020,0.021,0.021,433796538325,1,2010.2371,-1
0.175299,1446640956337931008,201.08994474227123,24.66183716350059,16.33925744933374,82.1979958226911,-0.06758144132531689,0.2590207,0.012572692200696676,0.16892095,0.23510711535906215,0.2303127,18.773945,582.5981664401185,2.9144669,18.943544,18.455402,0.488142,2016.0,J132421.59+243942.6,201.089996,+24.661851,18.153,17.690,17.362,16.432,0.028,0.028,0.043,0.033,433801233781,1,2010.1631,-2
0.267414,1446648893437501184,201.09392523006935,24.872859701232528,17.82016668106867,82.26489580077364,-0.014361388683667218,0.1648856,0.09104701255746706,0.10084976,0.07258306631363645,0.13140608,18.116129,1067.8131177310495,1.3242196,18.4502,17.54754,0.90265846,2016.0,J132422.55+245222.1,201.093997,+24.872824,17.160,16.867,16.263,15.431,0.015,0.016,0.016,0.015,433800993044,1,2010.1655,-1
0.287657,1446664733276807424,200.83852230357553,25.007600179908472,18.23152980248929,82.52724094321248,-0.2804173901276809,0.14574261,0.0477540022523569,0.0961612,-0.032605535066122106,0.11970221,17.894285,1309.8835340978603,2.5826612,18.086271,17.553099,0.5331726,2016.0,J132321.24+250027.6,200.838520,+25.007680,17.030,16.630,16.199,15.752,0.014,0.013,0.016,0.019,433800768419,1,2010.1655,-1
0.270288,1446673357571184896,200.98198278539542,25.14282345641903,19.517683055345323,82.44427967008183,-0.009364987069251724,0.110821046,-0.07857486178083715,0.071893536,0.02220113285734282,0.10415884,17.498722,1885.6346110250552,2.365296,17.705862,17.115759,0.59010315,2016.0,J132355.68+250834.4,200.982004,+25.142896,16.961,16.574,16.114,15.763,0.013,0.012,0.014,0.019,433800768134,1,2010.1655,-1
0.225265,1446720705290615936,200.92834600583151,25.19868845591753,19.818638591598532,82.50692386802217,0.16487963826775068,0.2956098,-0.1339487884180414,0.18736194,-0.17663540213225168,0.25590032,18.925762,506.57241145850605,2.0386174,19.277657,18.375809,0.90184784,2016.0,J132342.80+251155.5,200.928343,+25.198751,17.661,17.118,16.686,15.904,0.020,0.018,0.022,0.020,433800513094,1,2010.1655,-2
0.180926,1446726615165618560,200.92585731601582,25.31889138437729,20.70089907804715,82.54269888509555,0.3010363628355939,0.17746605,0.04397866142654395,0.09810902,-0.14749889854790124,0.14242843,17.949589,1244.8332926257606,3.2793462,18.161234,17.521648,0.6395855,2016.0,J132342.21+251908.1,200.925878,+25.318938,17.332,16.826,16.261,15.837,0.016,0.014,0.016,0.020,433800513088,1,2010.1655,-1
0.268471,1446736403395681152,200.5246088277499,25.3612677864254,20.236076591799915,82.90303223273433,-0.38698135979479675,0.2755801,0.024823470063938084,0.16976844,0.1410390618284742,0.227188,18.92443,507.1940024922191,2.3965223,19.052416,18.703003,0.34941292,2016.0,J132205.92+252140.5,200.524691,+25.361262,18.417,17.667,17.269,16.388,0.043,0.034,0.042,0.034,433800486182,1,2010.1655,1
0.167516,1452142083594109440,207.70082630664848,28.310530950941196,41.51236497295798,76.81719378813271,-0.0619703011233604,0.24050379,-0.11156412914364326,0.1572323,0.0716945974340607,0.20931262,18.746443,597.5437331809899,1.3296382,18.929436,18.406559,0.52287674,2016.0,J135048.21+281837.9,207.700878,+28.310541,18.071,17.806,,16.534,0.034,0.045,,0.051,433797017759,1,2010.2371,-1
0.042275,1452144866732919552,207.5863506716611,28.313433789690528,41.538187339192255,76.91784659258062,-0.28350648676200135,0.2591951,-0.015912956716360498,0.16254953,0.08090311323642849,0.23735496,18.879744,528.505313392103,4.130303,19.012547,18.499132,0.5134144,2016.0,J135020.72+281848.3,207.586359,+28.313443,18.823,18.515,,16.920,0.066,0.086,,0.073,433797017953,1,2010.2371,-1
0.269552,1446785022425650560,198.29368463099692,23.476085798244885,357.49313513586543,83.87972661847306,-0.0128120754197312,0.2739649,-0.6064533692697637,0.34557244,0.2315184837455791,0.23118524,18.95825,491.63949641355777,0.9469113,19.022404,18.622198,0.4002056,2016.0,J131310.50+232833.9,198.293763,+23.476107,18.536,18.409,,,0.043,0.065,,,433802305234,1,2010.1575,1
0.281547,1446785022425650560,198.29368463099692,23.476085798244885,357.49313513586543,83.87972661847306,-0.0128120754197312,0.2739649,-0.6064533692697637,0.34557244,0.2315184837455791,0.23118524,18.95825,491.63949641355777,0.9469113,19.022404,18.622198,0.4002056,2016.0,J131310.49+232834.1,198.293739,+23.476146,18.710,18.342,,,0.050,0.060,,,433802296461,2,2010.1575,1
0.123052,1452205030634881280,207.01207319492693,28.454479065575303,42.26066201959427,77.4172674070386,-0.00183394933803872,0.17737001,-0.06736735768425675,0.11913873,-0.12354621566714338,0.15264462,18.509703,743.1309358882119,2.1663766,18.625542,18.275177,0.35036469,2016.0,J134802.89+282716.0,207.012070,+28.454445,18.352,17.449,17.278,16.622,0.040,0.032,0.041,0.046,433797079110,1,2010.2371,-1
0.250718,1446820073654023680,198.68252571462156,23.807439286662714,1.9318602914097864,83.78320486496987,-0.03337416268057767,0.06338912,-0.07012973920405455,0.03835547,-0.019916346536922862,0.055542633,16.736052,3806.5025385311365,71.575195,17.01751,16.12752,0.88998985,2016.0,J131443.82+234826.9,198.682584,+23.807484,14.718,14.203,13.457,12.600,0.003,0.002,0.002,0.002,433802100422,1,2010.1575,-1
0.032761,1454893783241679232,205.58284141157125,28.583554592467006,43.25554010247043,78.66277992441482,0.03688804544677089,0.22587891,-0.003923149177488075,0.14829685,-0.3375424352783236,0.2005996,18.893309,521.9434208801772,1.0191466,19.02298,18.60238,0.42059898,2016.0,J134219.88+283500.7,205.582847,+28.583547,18.511,18.216,17.668,16.801,0.045,0.057,0.054,0.053,433796763465,1,2010.2371,-1
0.050351,1454894332997540352,205.62905994803245,28.623704118953277,43.44283038586817,78.61921594206947,-0.11754537164348978,0.14606202,0.10211967578796827,0.0971964,-0.04861856437843237,0.13879277,18.258568,936.5248375523487,2.7099938,18.297682,17.931194,0.3664875,2016.0,J134230.97+283725.2,205.629052,+28.623692,17.050,17.203,16.431,15.452,0.014,0.023,0.018,0.016,433796764551,1,2010.2371,-2
0.099261,1452219770962717824,206.985652531011,28.589150712249978,42.88399253433062,77.43336925583547,-0.0701535441874245,0.20968619,-0.16791400582313354,0.14100225,-0.03637491536954997,0.17849945,18.806765,565.2502532683076,1.0941489,19.01649,18.469889,0.54660225,2016.0,J134756.55+283520.9,206.985625,+28.589164,18.234,17.936,17.500,16.835,0.037,0.052,0.051,0.056,433796805241,1,2010.2371,-1
0.178086,1452227123946798464,207.1105666455478,28.721506617995086,43.45709069171567,77.31571576263956,-0.12542052028381445,0.15190087,-0.037636158209677986,0.10916219,0.029994897107258132,0.14005652,18.323397,882.2432308083373,1.5535195,18.53759,17.946503,0.59108734,2016.0,J134826.52+284317.4,207.110511,+28.721515,17.640,17.426,16.855,16.424,0.021,0.028,0.026,0.037,433796521800,1,2010.2371,-1
0.059747,1454902377473502336,205.75074780828177,28.735419297511378,43.95968875007559,78.50358130663142,-0.08997796129131479,0.06736011,0.05734344982774707,0.042325146,-0.08748618962667686,0.05675218,16.758469,3728.716291451903,6.464251,16.89673,16.452448,0.44428253,2016.0,J134300.18+284407.4,205.750751,+28.735403,16.377,15.414,15.429,14.664,0.009,0.007,0.009,0.009,433796505734,1,2010.2371,-1
0.231347,1446859312475170432,197.9732956157251,23.889826293493407,358.99937643327996,84.3629547612513,-0.07586205364114852,0.109428525,-0.05129196048943927,0.0985206,0.008074098123277425,0.08114714,17.311989,2239.5019865582913,5.949884,17.474756,16.952658,0.52209854,2016.0,J131153.60+235323.5,197.973350,+23.889867,16.685,16.456,16.096,15.506,0.010,0.011,0.015,0.016,433801911626,1,2010.1630,-1
0.206858,1446860029734378112,197.93959921583402,23.912189661154645,358.9983322527884,84.40102273088512,-1.5639545215541352E-4,0.27170265,-0.02266910820305066,0.21957381,0.1359444532835397,0.20844474,18.599718,684.0048396201411,3.0457907,18.583487,18.062218,0.52126884,2016.0,J131145.51+235444.0,197.939647,+23.912227,17.673,17.210,16.509,15.621,0.022,0.021,0.022,0.017,433801911588,1,2010.1630,1
0.124506,1454916220151065088,206.0533084215187,28.87119560795735,44.511838226465926,78.2273017548937,-0.057199129640484805,0.1656955,-0.06864149244660184,0.10154037,0.18751726452461198,0.14429787,18.12168,1062.367708896271,2.229026,18.31759,17.721865,0.595726,2016.0,J134412.79+285216.4,206.053331,+28.871224,17.333,16.965,16.415,15.604,0.016,0.020,0.019,0.018,433796528618,1,2010.2371,-1
0.176566,1452249182898379776,207.54880679142585,28.988320821260377,44.523103091592134,76.9132028355736,-0.0618827487108451,0.23722352,0.05583676098179792,0.15809752,-0.16921669046551785,0.21930283,18.940317,499.8275447976069,1.0673572,19.166315,18.619453,0.54686165,2016.0,J135011.72+285918.0,207.548847,+28.988355,18.212,17.929,17.391,16.473,0.040,0.058,0.049,0.044,433796220920,1,2010.2371,-1
0.116560,1454922645422175616,206.09362893564196,28.945270702395323,44.85595695684017,78.18504040320722,0.39243921612925864,0.2529407,0.16385036544802722,0.13240734,-0.2808310584501485,0.1865884,18.616076,673.7775148603304,4.6624866,18.663816,18.131784,0.532032,2016.0,J134422.47+285643.0,206.093649,+28.945298,17.615,17.456,16.798,15.888,0.020,0.028,0.024,0.023,433796249369,1,2010.2371,1
0.373573,1454929624746034944,205.96573257579655,28.971839256935286,45.04114856003068,78.29368646889718,0.7708800050146533,0.45596722,-0.13225883616344336,0.28570282,-0.15126931050585057,0.42754403,18.926357,506.29564176449196,1.4571655,19.364138,17.880928,1.4832096,2016.0,J134351.78+285818.9,205.965756,+28.971941,17.302,16.870,16.263,16.118,0.016,0.017,0.015,0.028,433796248996,1,2010.2371,-1
0.182162,1452272307002180352,208.12841354949066,28.796055149210343,43.53674901201104,76.4204939972737,0.1256694164075036,0.22543205,0.012899926708387927,0.14945261,-0.12998099692191648,0.20213088,18.7982,569.726721621856,1.7965192,19.028791,18.407042,0.6217499,2016.0,J135230.83+284745.8,208.128471,+28.796061,18.260,17.946,,16.761,0.037,0.047,,0.061,433796524927,1,2010.2371,-1
0.184251,1452277705777426304,208.175228846493,28.896093069502175,43.95029958169517,76.37328487498347,0.04867874949540234,0.25467697,-0.05179517685401254,0.17684975,-0.0814816479856109,0.21361715,18.982653,480.71239997612594,1.7630165,19.153646,17.9792,1.1744461,2016.0,J135242.06+285345.8,208.175277,+28.896064,17.387,16.925,,15.378,0.019,0.020,,0.019,433796525013,1,2010.2371,1
0.248234,1452278079438251776,208.10612302091445,28.89623907279014,43.96804801520171,76.43364294539538,-0.27910361917563614,0.24626376,-0.19077182457254604,0.16305873,0.09146369023417773,0.21187088,18.923473,507.6418786113563,1.4568399,19.0573,18.593956,0.46334457,2016.0,J135225.48+285346.3,208.106187,+28.896199,18.373,18.036,,16.733,0.041,0.051,,0.060,433796524883,1,2010.2371,1
0.030725,1446890472462104320,198.35559858162966,24.14444294967659,3.089126287475303,84.21701453717463,-0.30618446600647,0.28342053,-0.16886822497748824,0.16489577,-0.1509420484660024,0.2305871,18.76765,585.984849360557,2.959,18.704138,17.858524,0.8456135,2016.0,J131325.34+240840.0,198.355604,+24.144450,17.626,17.089,16.304,15.389,0.021,0.019,0.018,0.014,433801697311,1,2010.1630,1
0.236223,1454954879151032832,204.75439411545622,28.240164259704237,41.70742154425644,79.41264363710435,-0.38614333752884955,0.28647894,-0.12586108390156225,0.15295117,0.3314824416854792,0.22649466,18.988905,477.95285399161617,1.1937292,19.141428,18.692072,0.44935608,2016.0,J133901.05+281424.8,204.754416,+28.240227,18.238,18.002,17.453,16.511,0.032,0.045,0.047,0.040,433797296707,1,2010.1191,-1
0.097333,1454965182777697792,204.49945601641383,28.284692386414587,42.026180862782645,79.63410398330818,0.013577775623512457,0.22550134,0.12052351812700299,0.13306408,-0.29851818680183395,0.19763485,18.75654,592.0125469922478,3.9013646,18.907927,18.367374,0.54055214,2016.0,J133759.87+281704.9,204.499471,+28.284716,18.212,17.547,17.199,16.400,0.038,0.036,0.037,0.036,433797055168,1,2010.2371,-2
0.160570,1446921121348956672,198.23926023141524,24.524239012830517,5.855354639837302,84.50272869083665,0.06330347268123403,0.15752696,-0.03710276709104634,0.10139747,0.03051945092238611,0.12076765,17.940649,1255.126161348738,2.8887916,18.047337,17.62947,0.41786575,2016.0,J131257.43+243127.1,198.239292,+24.524205,17.903,17.653,17.256,16.639,0.023,0.028,0.039,0.040,433801462868,2,2010.1630,-1
0.246472,1446921121348956672,198.23926023141524,24.524239012830517,5.855354639837302,84.50272869083665,0.06330347268123403,0.15752696,-0.03710276709104634,0.10139747,0.03051945092238611,0.12076765,17.940649,1255.126161348738,2.8887916,18.047337,17.62947,0.41786575,2016.0,J131257.44+243127.3,198.239334,+24.524252,17.890,17.730,17.274,16.704,0.023,0.030,0.037,0.041,433801241398,1,2010.1630,-1
0.215551,1454979240206231936,204.61066261769963,28.61048173623087,43.778320214672,79.5110369999373,-0.10594500493937138,0.242897,0.15843137408901303,0.1252344,0.24436617184778558,0.19511598,18.868044,534.2313965018753,1.513847,19.01506,18.576746,0.43831444,2016.0,J133826.54+283637.6,204.610600,+28.610458,18.600,18.314,17.691,17.216,0.047,0.075,0.056,0.074,433796769214,1,2010.2371,-1
0.134852,1454991330538912256,205.2810423603573,28.659940344886746,43.75836052711322,78.92058988272291,0.043110695869300344,0.21697617,-0.191644727890232,0.12954825,0.06282362778970682,0.18158454,18.712307,616.629369094205,1.6968486,18.91368,18.334642,0.5790367,2016.0,J134107.45+283935.8,205.281080,+28.659958,18.444,17.939,17.117,16.944,0.042,0.052,0.036,0.062,433796796252,1,2010.2371,-1
0.056506,1455000676387546624,204.83058217981318,28.652444944364177,43.90778982905582,79.31493794286659,-0.3531935792249159,0.21502244,0.07085630976290107,0.12344648,0.17749091041171017,0.1765009,18.670513,640.8280529450622,2.0015717,18.889498,18.263504,0.6259937,2016.0,J133919.34+283908.8,204.830600,+28.652446,17.826,17.668,17.105,16.481,0.025,0.040,0.034,0.039,433796757225,1,2010.2371,-1
0.101829,1452345424525572352,207.6920634164545,29.131202474955867,45.10163319288129,76.77623595953271,-0.21435143604755375,0.11924202,0.031885742907818704,0.07522855,0.17141608305030948,0.10832312,17.849966,1364.4582500508584,1.4255141,18.16792,17.358786,0.8091335,2016.0,J135046.09+290752.4,207.692056,+29.131230,16.560,16.178,15.563,14.977,0.011,0.013,0.010,0.012,433796221258,1,2010.2371,-1
0.135122,1446959741694744704,199.4530290116639,24.43265441014119,9.97461463207105,83.48087098273079,0.01929825866700715,0.24647932,-0.08922644871034398,0.13827135,-0.05052523106764012,0.19746727,18.82892,553.8324241432997,1.0485029,18.995525,18.568754,0.42677116,2016.0,J131748.73+242557.4,199.453062,+24.432632,18.143,17.789,17.253,16.423,0.033,0.036,0.044,0.036,433801451751,1,2010.1631,-3
0.154542,1452354499792653952,207.9282268538102,29.331961135147143,45.882914206463084,76.55195127736141,0.3399467654571815,0.7752201,0.622767239333167,0.54057,0.24591404417163912,0.7444866,18.769896,584.7745517795913,4.693557,16.471785,14.979338,1.4924469,2016.0,J135142.77+291955.2,207.928212,+29.332002,14.474,13.863,13.182,12.782,0.003,0.002,0.002,0.002,433795958733,1,2010.2642,1
0.105237,1455019234942054656,204.16649416298063,28.417307603442612,42.891405851546324,79.916711721381,-0.38802628155344615,0.2610865,0.04831839683204803,0.13917477,-0.15605514857152117,0.21780835,18.837353,549.5481094743574,1.0142151,19.493788,18.06365,1.4301376,2016.0,J133639.96+282502.3,204.166518,+28.417328,17.563,17.355,16.710,15.985,0.017,0.023,0.024,0.025,433797071849,1,2010.1193,-1
0.119690,1446971630164300416,199.3833714117627,24.60297608041801,11.104518088689517,83.61085821843551,-0.25521169529784055,0.22817731,0.04331031259776599,0.12071797,0.21968235131708624,0.18322812,18.637024,660.9019180699297,2.313846,18.850971,18.172794,0.6781769,2016.0,J131732.01+243610.6,199.383391,+24.602948,18.046,17.583,16.888,16.685,0.031,0.031,0.031,0.046,433801190128,1,2010.1631,-1
0.103380,1446976852844520320,199.14255139912052,24.5822397989449,10.084988066034867,83.80030153283943,0.0944073857615463,0.17740355,0.0990890741399941,0.090454035,0.017704314881324835,0.14256687,18.127954,1056.24625432676,2.6530786,18.373625,17.737385,0.63624,2016.0,J131634.21+243456.1,199.142570,+24.582263,17.226,16.954,16.528,16.073,0.014,0.015,0.020,0.024,433801244641,1,2010.1631,-1
0.085026,1452368896522618496,207.7417567906945,29.436918189340467,46.40869601654146,76.70237807414048,0.2844840601897546,0.67939794,0.2006808233488669,0.5141656,-0.25390182378008525,0.61543185,18.58011,696.4696817725891,8.005243,16.554855,15.208222,1.346633,2016.0,J135058.02+292612.9,207.741777,+29.436934,14.712,14.196,13.545,13.221,0.003,0.003,0.002,0.003,433795699737,1,2010.2642,1
0.091834,1452381467891370368,207.96968444415782,29.472039851255243,46.46439425680665,76.50124080817379,0.04692580918085181,0.17828853,0.11276392098698909,0.11762086,-0.15090773517684783,0.15167515,18.492062,755.3048216517955,2.1518497,18.851112,18.22765,0.6234627,2016.0,J135152.72+292819.4,207.969675,+29.472064,18.142,17.763,17.065,16.801,0.028,0.035,0.034,0.051,433795673366,1,2010.2642,-1
0.139573,1446997056370607488,198.58104378618307,24.421879457989156,6.487163071634047,84.18121823033646,-0.05228212957502124,0.22336923,-0.023683202366414503,0.11966031,-0.10149790268076067,0.17323059,18.440573,791.9864112769416,2.0516315,18.588732,18.06714,0.5215912,2016.0,J131419.44+242518.8,198.581033,+24.421917,17.695,17.436,16.747,16.509,0.023,0.027,0.027,0.038,433801428275,1,2010.1631,-1
0.170212,1452396173859490816,208.10785722366145,29.64180996674129,47.12414076286213,76.36227194294223,-0.10665806912611014,0.14505573,-0.07634429691477988,0.11205766,0.10343350055201675,0.14125362,18.261059,934.3797035443961,1.8954866,18.478228,17.918861,0.5593662,2016.0,J135225.88+293830.6,208.107852,+29.641857,17.460,17.152,16.737,16.290,0.017,0.021,0.025,0.032,433795442693,2,2010.2642,-1
0.322030,1452396173859490816,208.10785722366145,29.64180996674129,47.12414076286213,76.36227194294223,-0.10665806912611014,0.14505573,-0.07634429691477988,0.11205766,0.10343350055201675,0.14125362,18.261059,934.3797035443961,1.8954866,18.478228,17.918861,0.5593662,2016.0,J135225.91+293830.5,208.107960,+29.641815,17.576,17.169,16.850,16.317,0.019,0.025,0.031,0.038,433795424554,1,2010.2642,-1
0.117139,1455065036472955520,204.6851253405703,29.03035474838586,46.01851876685018,79.39923047887117,-0.2599242187631247,0.160017,0.028731755683663353,0.086312816,0.011188036727806772,0.14332347,18.1588,1026.6596858569555,4.0305204,18.296555,17.910336,0.38621902,2016.0,J133844.43+290149.3,204.685130,+29.030387,17.536,17.353,16.896,16.046,0.022,0.035,0.033,0.031,433796209089,1,2010.2371,-2
0.090573,1452404454556497152,208.24586897920565,29.794791201467927,47.70173612742617,76.22429065304473,-0.07405277530245052,0.15194714,-0.12610142306603292,0.1155789,-0.07050102596210389,0.13066705,18.113136,1070.7605026036313,15.400577,18.11267,17.682793,0.42987823,2016.0,J135259.01+294741.1,208.245892,+29.794776,17.876,17.336,16.454,15.508,0.024,0.025,0.020,0.017,433795442943,1,2010.2642,1
0.113004,1452404832513619456,208.25826605493333,29.79386493854795,47.69206857191058,76.21374091752479,-0.17554902329182592,0.16275151,-4.567069238124893E-4,0.12755392,-0.018277007093084937,0.15441044,18.403711,819.3361730792019,2.7323167,18.387936,17.800196,0.58773994,2016.0,J135301.99+294737.8,208.258292,+29.793843,17.634,17.159,16.258,15.117,0.020,0.022,0.017,0.012,433795442962,1,2010.2642,1
0.114236,1447023448944590464,198.57248280690854,24.749047219474367,9.353027657085038,84.33927981023794,0.07850083292349978,0.3010537,-0.07933612841864135,0.15357721,0.08477326335824789,0.27364218,18.882553,527.1395788201062,1.6315017,19.008965,18.514431,0.49453354,2016.0,J131417.39+244456.6,198.572495,+24.749077,18.051,17.905,17.317,16.642,0.030,0.041,0.044,0.043,433801208168,2,2010.1631,-2
0.199162,1447023448944590464,198.57248280690854,24.749047219474367,9.353027657085038,84.33927981023794,0.07850083292349978,0.3010537,-0.07933612841864135,0.15357721,0.08477326335824789,0.27364218,18.882553,527.1395788201062,1.6315017,19.008965,18.514431,0.49453354,2016.0,J131417.40+244456.7,198.572517,+24.749093,18.067,17.940,17.277,16.600,0.030,0.038,0.039,0.037,433800990833,1,2010.1654,1
0.152564,1447064023501349376,197.5217049868149,24.024368608093983,357.5274926878935,84.77408657474919,0.5458701843536995,0.4142242,-0.22185124297178432,0.35228217,-0.37304603529488417,0.29812,18.994698,475.40914677041997,2.9402893,19.118933,18.619022,0.49991035,2016.0,J131005.21+240127.8,197.521742,+24.024394,18.616,18.189,17.518,16.782,0.047,0.047,0.049,0.044,433801876806,1,2010.1630,1
0.033518,1455148595060908416,205.64730610630443,29.458734685540097,47.618277600605076,78.5078640586127,0.14179511100142644,0.20241728,-0.1365770449837136,0.11484104,-0.2025584568210101,0.16634451,18.531534,728.3385963843323,1.6472584,19.1925,17.706163,1.4863358,2016.0,J134235.35+292731.4,205.647311,+29.458743,16.917,16.395,15.749,15.247,0.012,0.011,0.011,0.013,433795698318,1,2010.2642,-1
0.144653,1447105323906566912,197.99191926043997,24.53356091637534,4.747947265527162,84.70241275863816,0.24002908295854808,0.35034737,0.30924049971740986,0.3012841,-0.17505292621356625,0.2569915,18.927896,505.5776227936096,2.2437778,19.029926,18.652327,0.37759972,2016.0,J131158.05+243200.9,197.991902,+24.533598,18.456,18.336,17.621,16.627,0.037,0.051,0.053,0.039,433801254565,1,2010.1630,-1
0.230552,1447109378355706112,198.1660219898503,24.58152802507055,6.037731245504765,84.58886363317693,-0.07966544557424865,0.33172697,-0.2644614972559021,0.19684255,0.059842547293939105,0.22570242,18.783096,577.7078608744796,2.286312,19.103971,18.36046,0.7435112,2016.0,J131239.85+243453.6,198.166063,+24.581580,18.231,17.963,17.536,17.032,0.030,0.037,0.047,0.055,433801241242,1,2010.1630,-1
0.047640,1455171173704724224,205.13913438000367,29.387892474471194,47.60341352138056,78.95611224669328,-0.047524293378106125,0.13490339,0.03999132570376839,0.07944956,-0.041215090543764085,0.10581833,17.938286,1257.8599057811864,4.1397467,18.01893,17.736586,0.28234482,2016.0,J134033.39+292316.4,205.139145,+29.387902,17.765,16.864,16.657,15.789,0.023,0.017,0.029,0.026,433795710413,1,2010.2642,-2
0.039725,1455213603685987328,204.99257050955356,29.63167689576933,48.974115066980175,79.04146356769283,-9.686049251764126E-4,0.23788567,0.14208676865356454,0.15036753,0.10859707329530384,0.20859376,18.90457,516.5575301795535,1.350425,19.059933,18.31507,0.7448635,2016.0,J133958.21+293754.0,204.992558,+29.631675,17.815,17.359,16.797,15.979,0.025,0.027,0.032,0.028,433795426917,1,2010.2642,-2
0.182679,1447167961709413632,197.22878850098502,24.900760344252554,4.338813235044839,85.4860977484457,-0.3092354794737024,0.32676998,0.21202008871743153,0.30129772,-0.30936351367779763,0.23499826,18.653952,650.677875543888,3.0802577,18.673737,18.314867,0.35886955,2016.0,J130854.91+245402.8,197.228815,+24.900805,17.641,17.678,16.971,16.216,0.027,0.034,0.031,0.028,433800997697,1,2010.1654,1
0.202613,1447199057272996224,197.6584158393442,25.166700353371894,9.521729609074725,85.26715633477377,0.00930805452569769,0.25974682,0.09071561092010708,0.19621614,0.16645693693487873,0.1829617,18.515848,738.9372767260448,2.6940327,18.72424,18.043491,0.680748,2016.0,J131038.03+251000.2,197.658464,+25.166736,17.740,17.360,16.906,16.373,0.022,0.023,0.027,0.030,433800734790,1,2010.1654,-1
0.102022,1455277757613093248,207.2061615942223,29.419431000791466,46.56913094972248,77.16778340688248,0.1057216254021409,0.199161,0.22434870945273208,0.1289316,-0.0983699771153889,0.19592176,18.476643,766.1079044025538,2.80509,18.338049,17.57044,0.76760864,2016.0,J134849.48+292509.9,207.206191,+29.419443,17.256,16.713,15.931,14.972,0.015,0.016,0.016,0.012,433795722074,1,2010.2642,-2
0.102761,1455300568184036096,206.30786081606615,29.10093087097226,45.511725824481545,77.98258113528355,0.07182577339576557,0.15571152,0.04890854564060215,0.10316051,0.1997057101841367,0.13983849,18.217001,973.0745434374757,2.1071692,18.289316,17.898497,0.39081955,2016.0,J134513.89+290603.3,206.307891,+29.100942,17.247,17.375,16.762,15.955,0.016,0.027,0.025,0.025,433796256738,1,2010.2371,-1
0.166280,1455333587892539392,206.81456617283015,29.44005597851576,46.853358491782345,77.50374073303631,0.053733527191311345,0.2338147,-0.025715135570522577,0.13169877,-0.057851099142966905,0.17815286,18.72558,609.1369134961062,1.4676334,18.910265,18.357363,0.5529022,2016.0,J134715.50+292624.1,206.814615,+29.440038,17.780,17.569,17.240,16.569,0.022,0.031,0.046,0.043,433795685986,1,2010.2642,-1
0.163314,1455333931489562752,206.84813668507394,29.4562571927604,46.910386037459276,77.4726854849492,-0.11476217640367839,0.25874302,-0.0925984645333515,0.15261564,-0.19955965106991724,0.19694567,18.98162,481.1694672836115,1.2741736,19.161415,18.624414,0.53700066,2016.0,J134723.56+292722.5,206.848185,+29.456274,18.543,18.341,17.652,17.119,0.042,0.062,0.067,0.078,433795692804,1,2010.2642,-1
0.102028,1455350909496013056,206.53376441952386,29.636248798446967,47.91514676976058,77.71889090459285,-0.010070277646923472,0.1333688,-0.06595346391982353,0.08601945,-0.035215913072073876,0.11824018,17.420803,2025.9336606554803,7.123843,16.929804,16.066303,0.8635006,2016.0,J134608.11+293810.4,206.533797,+29.636249,15.762,15.207,14.491,13.740,0.006,0.005,0.004,0.004,433795438535,1,2010.2642,1
0.117266,1455359151537416192,206.65979885683612,29.765303172265774,48.43458618658689,77.59119032294163,0.06682874371599312,0.22259675,0.16184752750901363,0.14756984,-0.14881768864120812,0.18360944,18.84654,544.9176518198882,1.1235735,19.028555,18.536032,0.4925232,2016.0,J134638.35+294554.9,206.659813,+29.765273,18.048,17.941,17.120,16.827,0.029,0.051,0.041,0.061,433795418470,1,2010.2642,-1
0.206024,1455365782966951936,206.68217337599955,29.949212949196763,49.26298861178736,77.5423142059184,0.18837645581252083,0.25506175,-0.08902001298610565,0.15474598,0.0025054729840055107,0.21554348,18.88777,524.6131369733008,1.374386,19.263683,18.297405,0.9662781,2016.0,J134643.73+295657.1,206.682239,+29.949219,17.918,17.570,16.991,16.373,0.026,0.037,0.042,0.042,433795237324,1,2010.2642,-1
0.042089,1455383821829807488,207.60216341708195,29.798207341863527,48.03787339993404,76.77736949274377,-0.22681910388150014,0.23048942,-0.11781099122298853,0.16474806,0.03880832356333907,0.20033182,18.954403,493.38485564666485,1.0788715,19.152533,18.685314,0.4672184,2016.0,J135024.51+294753.5,207.602156,+29.798217,18.168,17.795,17.227,16.444,0.034,0.045,0.044,0.042,433795411906,2,2010.2642,-1
0.148197,1455383821829807488,207.60216341708195,29.798207341863527,48.03787339993404,76.77736949274377,-0.22681910388150014,0.23048942,-0.11781099122298853,0.16474806,0.03880832356333907,0.20033182,18.954403,493.38485564666485,1.0788715,19.152533,18.685314,0.4672184,2016.0,J135024.52+294753.6,207.602195,+29.798238,18.116,17.825,17.360,16.530,0.026,0.038,0.044,0.041,433795442390,1,2010.2642,1
0.052993,1455398871395255168,207.31547063719236,29.847768614395477,48.41260347703889,77.01633380121422,-0.1375127059673085,0.21113043,0.1566107535606865,0.1521826,0.011845714498935567,0.20972107,18.884962,525.9707547954557,1.0676243,19.093824,18.471003,0.6228218,2016.0,J134915.71+295052.0,207.315467,+29.847783,18.121,17.946,17.492,16.948,0.026,0.041,0.056,0.060,433795273482,1,2010.2642,-1
0.137201,1447391540526724352,200.33744510514725,25.305306306278343,19.405150955121826,83.04940792856655,0.18452795593839283,0.28814363,-0.023398721903624534,0.18306683,-0.011284765958766655,0.23727475,18.96157,490.13816779202483,1.5313029,19.145815,18.693663,0.45215225,2016.0,J132120.97+251819.1,200.337412,+25.305330,18.285,18.544,17.642,17.177,0.039,0.075,0.059,0.070,433800486076,1,2010.1655,-1
0.169992,1447394018723721344,200.09465655227487,25.288290268496887,18.72687517094446,83.25418374894822,0.38694538586827076,0.22766976,0.04206918180172989,0.1464156,0.044851050968390885,0.1777503,18.766949,586.3644019130378,6.9566298,18.809008,18.425081,0.3839264,2016.0,J132022.72+251717.9,200.094692,+25.288325,17.466,17.529,16.873,15.973,0.018,0.026,0.026,0.022,433800511924,1,2010.1655,1
0.164054,1455417189431455104,207.97803364121083,30.05041688247124,48.909608602416775,76.41832716461153,0.06509876849335614,0.23385303,0.19065942723028353,0.16093504,-0.29314557987497175,0.21494268,18.904224,516.7220398136494,2.103695,18.893124,18.374258,0.5188656,2016.0,J135154.73+300301.6,207.978071,+30.050449,17.712,17.594,16.850,16.080,0.022,0.031,0.036,0.030,433795060813,1,2010.2802,1
0.162028,1455422407816183936,207.7347964310103,30.036841588962904,48.99039579186522,76.6284796025305,-0.04948420653969582,0.18359858,0.1087743285127776,0.1122156,-0.0850387267212016,0.15808201,18.544127,719.9393633517316,1.6984929,18.818983,18.086018,0.73296547,2016.0,J135056.36+300212.6,207.734848,+30.036836,17.706,17.393,16.777,16.024,0.024,0.035,0.032,0.024,433795077448,1,2010.2781,1
0.173359,1455422407816183936,207.7347964310103,30.036841588962904,48.99039579186522,76.6284796025305,-0.04948420653969582,0.18359858,0.1087743285127776,0.1122156,-0.0850387267212016,0.15808201,18.544127,719.9393633517316,1.6984929,18.818983,18.086018,0.73296547,2016.0,J135056.34+300212.7,207.734763,+30.036880,17.631,17.591,16.814,15.994,0.021,0.031,0.035,0.028,433795061236,2,2010.2802,-1
0.117866,1455439622044934528,207.22105733240812,29.817469776202568,48.33311778829471,77.10182696782871,0.008837054980245465,0.23691176,0.280779482077111,0.16235653,0.14403767082883273,0.21651372,18.972927,485.0383837352761,1.9900029,19.138239,18.679092,0.4591465,2016.0,J134853.06+294902.9,207.221090,+29.817486,18.539,18.411,17.863,17.347,0.036,0.062,0.077,0.086,433795273275,1,2010.2642,-1
0.038065,1447456519087764608,199.70127177449865,25.470805915087563,19.34533205248904,83.64745572494434,0.27563531164248967,0.20553914,0.021991827711377438,0.106597446,0.09216573002506423,0.15514994,18.3052,897.1528679420222,2.6080103,18.427498,17.999645,0.42785263,2016.0,J131848.30+252814.8,199.701278,+25.470797,17.655,17.727,17.098,16.487,0.025,0.036,0.036,0.037,433800228829,1,2010.1655,-1
0.353675,1455466010324247040,207.22722864680432,30.157811344428207,49.8307418179411,77.04182126378903,0.11870145210305877,0.16494572,0.18253623485703108,0.110987104,-0.16780853736737375,0.1599242,18.393763,826.8788377469089,2.6543105,18.559582,18.110804,0.44877815,2016.0,J134854.56+300928.1,207.227340,+30.157831,18.249,18.208,17.721,17.098,0.036,0.067,0.068,0.056,433795040834,1,2010.2781,-1
0.368088,1455466010324247040,207.22722864680432,30.157811344428207,49.8307418179411,77.04182126378903,0.11870145210305877,0.16494572,0.18253623485703108,0.110987104,-0.16780853736737375,0.1599242,18.393763,826.8788377469089,2.6543105,18.559582,18.110804,0.44877815,2016.0,J134854.56+300928.1,207.227347,+30.157812,18.488,18.276,17.661,16.913,0.046,0.071,0.067,0.051,433795084570,2,2010.2781,-1
0.314892,1455468174987272448,207.02520797494475,30.166831910007897,50.008339552204035,77.21218805113588,-0.03699677893994137,0.17521338,0.051379829335196955,0.11846632,-0.07663723605408485,0.16802946,18.462553,776.113383016609,2.861971,18.707737,17.980263,0.7274742,2016.0,J134806.07+301000.6,207.025309,+30.166835,17.742,16.956,16.810,16.047,0.024,0.023,0.031,0.023,433795041190,1,2010.2781,-1
0.231335,1447482598129483904,199.581300716742,25.806491007331644,22.05652113214276,83.84014345227212,-0.19616019726687975,0.15120609,0.05324425614432948,0.08239316,-0.005159761335121943,0.13323034,17.737053,1513.998695837426,5.1818204,17.950024,17.36383,0.5861931,2016.0,J131819.51+254823.5,199.581315,+25.806554,17.535,17.165,,16.190,0.016,0.018,,0.027,433800000059,1,2010.0865,-1
0.242098,1447489092119809024,200.5113885027364,25.485324956239236,21.180075234961606,82.947933257486,0.27715813026268404,0.443302,-0.15702374694522875,0.31611264,-0.2319403985382929,0.36537507,17.964657,1227.677081448771,14.654286,16.223387,15.003129,1.2202578,2016.0,J132202.75+252907.1,200.511463,+25.485328,14.584,14.091,13.448,13.121,0.003,0.002,0.002,0.003,433800241848,1,2010.1655,1
0.126103,1447490393494537472,200.33137922785863,25.454855036524943,20.582912193422782,83.09651652462371,0.4002279774178435,0.22347605,-0.024220957216723942,0.12654813,0.014319278349244008,0.15864253,18.465187,774.2336333138516,3.5658507,18.646189,18.057222,0.58896637,2016.0,J132119.52+252717.5,200.331366,+25.454888,18.120,17.395,17.123,16.386,0.033,0.027,0.036,0.034,433800241782,1,2010.1655,-1
0.094523,1447513483238245120,200.36565657664207,25.75027909143411,23.035071779508595,83.14032603704534,-0.22595584892518328,0.17704436,-0.1274821942186274,0.09789977,0.1464819767785489,0.13074496,17.97985,1210.615560472639,2.362497,18.078339,17.484385,0.5939541,2016.0,J132127.75+254501.0,200.365661,+25.750305,17.255,16.835,16.155,,0.014,0.014,0.013,,433800023741,1,2010.0865,1
0.062333,1455540884489576704,206.08033361169402,29.933198015180878,49.61793390127508,78.0586595423793,0.12234229544312564,0.7965825,-0.40291477196164416,0.45739678,-1.2556352540334377,0.71953833,18.865147,535.6590347244652,6.6096115,17.02815,15.655566,1.3725843,2016.0,J134419.28+295559.5,206.080348,+29.933210,15.220,14.656,13.872,13.604,0.004,0.004,0.004,0.004,433795226451,1,2010.2642,1
0.072748,1455540884489576704,206.08033361169402,29.933198015180878,49.61793390127508,78.0586595423793,0.12234229544312564,0.7965825,-0.40291477196164416,0.45739678,-1.2556352540334377,0.71953833,18.865147,535.6590347244652,6.6096115,17.02815,15.655566,1.3725843,2016.0,J134419.28+295559.5,206.080337,+29.933218,15.203,14.642,13.984,13.601,0.004,0.003,0.003,0.004,433795280064,2,2010.2642,1
0.089985,1455541846562249984,206.01966793288133,29.939579540507285,49.6942957823005,78.10921548823374,-0.22978736641446157,0.48121545,0.2409418906130491,0.31331858,-0.40019053204819505,0.44338247,18.80175,567.8667771152611,3.2174683,17.287205,15.948819,1.3383856,2016.0,J134404.72+295622.5,206.019686,+29.939599,15.549,15.007,14.264,13.952,0.005,0.005,0.005,0.005,433795226462,1,2010.2642,1
0.219763,1447556059249838464,200.06511172734767,25.672156319437285,21.838841198460962,83.38474545004782,-0.0879965041761899,0.15514636,0.013835992326554572,0.086577915,-0.086994025575347,0.11577693,17.84324,1372.9376320349895,1.6020018,18.02297,17.48766,0.53531075,2016.0,J132015.63+254019.9,200.065159,+25.672200,17.082,16.869,,15.893,0.012,0.015,,0.020,433799996431,1,2010.0865,-1
0.114629,1455563458837711488,206.2042443304728,29.99037800594466,49.79520488627923,77.94274757283452,-0.10102018827392735,0.13061537,-0.03132697732040407,0.079249725,-0.030914438094819016,0.10619958,17.939337,1256.643132169749,2.5492935,18.228956,17.418663,0.8102932,2016.0,J134449.02+295925.4,206.204267,+29.990403,17.039,16.803,16.245,15.464,0.012,0.015,0.016,0.017,433795280370,1,2010.2642,-1
0.186009,1447571241959006720,200.22088654865556,25.994316273542886,24.821729890593932,83.31969420422469,-0.4815719485774203,0.29637778,-0.07831267962123153,0.18313855,0.279355611681036,0.24750859,18.907633,515.102631708494,2.6339183,18.992666,18.644867,0.3477993,2016.0,J132053.02+255939.6,200.220937,+25.994341,18.258,18.070,17.637,16.846,0.027,0.038,0.044,0.042,433799722232,1,2010.0865,-1
0.125758,1455593072636713472,205.85320437014673,30.042540812233305,50.319432199510636,78.23154461967205,0.0029639643715254245,0.22891097,-0.08189057139645545,0.14095114,0.13013816049086047,0.20619275,18.843775,546.3073711811428,1.9171897,19.007374,18.410496,0.59687805,2016.0,J134324.77+300233.2,205.853238,+30.042560,18.218,17.852,17.404,16.785,0.034,0.045,0.052,0.042,433795047884,1,2010.2781,-1
0.115661,1455613692775183104,206.05540339585156,30.10951783581368,50.47416401004846,78.04690748387485,0.6091326620042492,0.59736913,0.07529531008953941,0.39209983,-0.9000073789569965,0.58932483,18.731213,605.9846456477326,4.164339,16.800745,15.412961,1.387784,2016.0,J134413.30+300634.3,206.055434,+30.109536,14.956,14.426,13.776,13.424,0.004,0.003,0.003,0.003,433795042501,1,2010.2781,1
0.125106,1455627157496771072,206.06870343260385,30.341466781709908,51.55686101689671,77.9885209006654,0.34263892362975457,0.19846867,0.033751232681828225,0.13651523,-0.07165605752209622,0.16146202,18.618185,672.4695573973822,1.2190397,18.801935,18.207424,0.59451103,2016.0,J134416.49+302029.3,206.068715,+30.341500,17.960,17.777,17.420,16.786,0.028,0.045,0.053,0.044,433794865997,1,2010.2781,-1
0.183975,1455632075235185536,205.87960855339912,30.303098711387044,51.54360455771441,78.15617383087371,0.17456717107392195,0.57707685,0.04588792537590827,0.35818422,0.134400977628235,0.53850234,18.788315,574.9381458744296,3.109367,17.147808,15.85973,1.2880783,2016.0,J134331.11+301811.3,205.879640,+30.303142,15.360,14.866,14.221,13.903,0.005,0.004,0.004,0.004,433794877341,1,2010.2781,1
0.139836,1447646494081610240,198.89761305453334,25.612195696528524,18.633172324253433,84.38250301458777,0.07931884870613669,0.19918376,0.09260903387618316,0.099468544,-0.0083452738693486,0.14988302,18.15919,1026.2931430387791,2.0896697,18.299168,17.85481,0.44435692,2016.0,J131535.43+253644.0,198.897640,+25.612226,17.738,17.511,17.176,16.588,0.025,0.030,0.039,0.041,433800235515,1,2010.1655,-1
0.242502,1447656389685985536,199.03741433404554,25.825119101385493,21.063133807923414,84.31928779888733,-0.1190418185417925,0.12970331,-0.03169926544897241,0.06689415,-0.02534425464957972,0.10063128,17.354403,2153.7011786737694,2.13591,18.28596,16.444107,1.8418522,2016.0,J131608.97+254930.6,199.037378,+25.825178,15.773,15.277,,14.196,0.005,0.004,,0.005,433799963269,1,2010.0865,-1
0.203320,1455650934435655296,206.81630578242059,30.17739583659676,50.20394947707787,77.38791143093674,-0.178505236949508,0.22489369,0.1442060949141796,0.15126598,0.12497731610812776,0.22365567,18.989206,477.81974406832956,3.0912437,19.090265,18.54786,0.5424061,2016.0,J134715.92+301038.6,206.816371,+30.177392,17.868,17.481,16.963,16.581,0.027,0.034,0.035,0.037,433795044105,1,2010.2781,-1
0.241152,1455673684879009664,206.54061790073567,30.44936663810712,51.64952619170727,77.56786845388267,0.07703036254531953,0.2233578,0.06734902313404068,0.14845572,-0.04485885933583893,0.22133733,18.82405,556.3219704142027,1.852736,19.005838,18.348135,0.6577034,2016.0,J134609.76+302657.8,206.540680,+30.449407,18.704,18.384,17.494,17.116,0.053,0.080,0.057,0.060,433794904805,1,2010.2781,-2
0.120017,1455674715670592000,206.71379362895618,30.406040021105504,51.31148091413331,77.43067844060955,0.1861586485336577,0.16777584,0.05463027388472112,0.10485224,-0.21541107801071513,0.16016015,18.253553,940.8601874054731,1.6137562,18.397808,17.962738,0.43507004,2016.0,J134651.31+302421.8,206.713827,+30.406057,17.709,17.219,16.789,15.899,0.024,0.029,0.031,0.021,433794904943,1,2010.2781,-2
0.271811,1455674715670592000,206.71379362895618,30.406040021105504,51.31148091413331,77.43067844060955,0.1861586485336577,0.16777584,0.05463027388472112,0.10485224,-0.21541107801071513,0.16016015,18.253553,940.8601874054731,1.6137562,18.397808,17.962738,0.43507004,2016.0,J134651.33+302421.7,206.713880,+30.406028,,17.884,16.824,15.887,,0.056,0.031,0.020,433794880248,2,2010.2781,-1
0.125361,1455679246860208128,206.6576882273036,30.492107712465256,51.74483172031878,77.46024244595112,-0.1862120182634021,0.2637999,0.07787505169980163,0.17083387,-0.011395528677784261,0.25642055,18.983612,480.2884852260858,1.1508813,19.115614,18.546347,0.5692673,2016.0,J134637.84+302931.7,206.657700,+30.492141,17.969,17.734,17.181,16.418,0.026,0.038,0.041,0.033,433794728846,1,2010.2781,-2
0.186460,1447726243034031616,198.65665980614264,26.123976356620567,23.27399974027338,84.72175097667254,-0.18085891002280163,0.61615366,-0.28627478987747984,0.33543703,-0.30917800853864136,0.43950206,18.167728,1018.2514243379753,7.152547,16.549648,15.284846,1.264802,2016.0,J131437.61+260726.2,198.656717,+26.123970,14.883,14.394,13.742,13.344,0.003,0.003,0.003,0.003,433799486512,1,2010.0865,1
0.241459,1447745583271063168,199.1023328870776,26.295654990443467,25.85289487888755,84.36222503159645,0.07822033411293428,0.33578324,0.10840073941456616,0.18070093,-0.21922516897414374,0.26359844,18.974527,484.32368710047086,1.0539415,19.320007,18.417517,0.9024906,2016.0,J131624.54+261744.4,199.102264,+26.295681,17.861,17.721,17.161,16.433,0.023,0.031,0.032,0.034,433799224080,1,2010.0865,-1
0.115643,1447749603360426752,198.85130022643463,26.18816901238293,24.32897183429327,84.56381297218601,0.12940779076301795,0.28892988,-0.12035261886284357,0.14018354,-0.13645276462977257,0.23065771,18.773058,583.0740355623567,2.5950065,18.918417,18.492786,0.42563057,2016.0,J131524.31+261117.4,198.851324,+26.188193,17.995,17.787,17.215,16.411,0.024,0.028,0.031,0.030,433799505171,1,2010.0865,-1
0.068754,1447756269149707264,198.88234951054972,26.358964047108298,26.15589294668572,84.56723332110118,-0.20201816827363886,0.28128746,0.1574939015274445,0.14271927,0.12892345059895247,0.21805297,18.6355,661.8304258063072,3.3042057,18.846212,18.244188,0.6020241,2016.0,J131531.76+262132.3,198.882357,+26.358982,17.866,17.465,16.873,16.460,0.024,0.026,0.025,0.036,433799224200,2,2010.0865,-1
0.187978,1447756269149707264,198.88234951054972,26.358964047108298,26.15589294668572,84.56723332110118,-0.20201816827363886,0.28128746,0.1574939015274445,0.14271927,0.12892345059895247,0.21805297,18.6355,661.8304258063072,3.3042057,18.846212,18.244188,0.6020241,2016.0,J131531.76+262132.4,198.882343,+26.359016,17.851,17.437,16.775,16.518,0.020,0.021,0.023,0.032,433799249112,1,2010.0865,-1
0.140277,1447775957279671040,199.89815277096812,26.173745353400733,25.89533981857468,83.63806177426336,-0.15126238841198342,0.25601354,-0.1453157046604855,0.14021674,-0.013726507171485722,0.17489745,18.564526,706.5390078545996,2.0298045,18.731134,18.30724,0.42389488,2016.0,J131935.54+261025.5,199.898113,+26.173761,17.968,17.826,17.132,,0.024,0.035,0.031,,433799461553,1,2010.0865,1
0.114023,1447792003277519616,199.50386538266932,26.359206044044086,27.051707881120823,84.01749317015258,0.04341943380500716,0.18241832,-0.05656038745165812,0.09726847,-0.14514529579289182,0.13489601,18.153605,1031.584251766867,2.0895305,18.25463,17.88688,0.36774826,2016.0,J131800.93+262133.2,199.503892,+26.359227,17.985,17.191,17.014,16.250,0.023,0.017,0.026,0.027,433799263010,1,2010.0865,-2
0.126600,1447797844433065344,199.59760599687118,26.439678971215166,27.92871624917954,83.94627512000852,-0.1565043484929612,0.24864429,-0.05761475856484964,0.13429236,-0.07753245985668511,0.18274324,18.665577,643.7482487084083,4.1000996,18.83497,18.227413,0.6075573,2016.0,J131823.42+262622.9,199.597610,+26.439714,17.640,17.634,16.763,15.949,0.018,0.025,0.021,0.021,433799263271,1,2010.0865,1
0.217643,1455786350460493696,206.62351006920915,31.290398980167996,55.324145315857834,77.29698605240739,-0.04224798332477007,0.113563284,0.08545690768899264,0.08028163,-0.11386271434281546,0.10249889,17.90784,1293.6316940600477,1.8082335,18.06981,17.573788,0.49602318,2016.0,J134629.64+311725.6,206.623530,+31.290457,17.488,17.251,16.399,15.915,0.015,0.018,0.021,0.024,433794130432,1,2010.1440,-1
0.279869,1455787411317230080,206.7511096664269,31.324844658586407,55.34142396030839,77.18271772049286,0.02269620103771393,0.15897341,-0.14570876175810243,0.10960708,0.2752477676567652,0.13843921,18.382776,835.2881795730452,4.8125777,18.580528,17.980228,0.60029984,2016.0,J134700.27+311929.6,206.751153,+31.324913,17.874,17.575,17.247,16.607,0.024,0.028,0.056,0.046,433794082086,1,2010.2803,-1
0.158940,1447807916132229760,199.96831068362417,26.48004913756669,28.710832326226893,83.62285055106798,0.3871440512388486,0.4013463,0.41118583446342694,0.2627553,-0.028830502398611013,0.31540352,18.877619,529.5409885273505,1.4818325,18.280302,17.083641,1.196661,2016.0,J131952.40+262848.2,199.968348,+26.480078,16.653,15.946,15.169,14.393,0.009,0.008,0.006,0.007,433799216110,1,2010.0865,1
0.053322,1455792088537173888,203.95989253672803,28.80242136525999,45.20153351217011,80.05782103785597,-0.08036087090849434,0.0804409,0.03791804157353145,0.043259066,0.07097079297497777,0.06927646,16.90888,3246.344017213672,12.251373,17.066275,16.593819,0.47245598,2016.0,J133550.37+284808.7,203.959890,+28.802436,16.599,16.505,15.974,15.255,0.009,0.012,0.013,0.014,433796496628,1,2010.1193,-1
0.034699,1455796104330566656,203.92737293636313,28.891779996679407,45.736348302903416,80.07468457951643,-0.09078422271358685,0.15427308,0.05567053723645264,0.07360661,0.16203316471217927,0.1444617,18.091143,1092.6711966099413,5.229921,18.14558,17.724684,0.42089653,2016.0,J133542.57+285330.4,203.927377,+28.891789,17.273,17.144,16.389,15.512,0.015,0.020,0.019,0.018,433796496828,1,2010.1193,1
0.187789,1447814130949114880,200.24718647696108,26.61920465158491,30.192472996002508,83.3914673107,0.35479248533228475,0.24766082,0.0174867061133644,0.1332662,0.048899445779399364,0.1897807,18.519735,736.296334231398,4.8222437,18.62175,18.215334,0.40641594,2016.0,J132059.33+263709.2,200.247226,+26.619243,18.549,17.666,17.503,16.688,0.040,0.031,0.043,0.040,433798959109,1,2010.1190,1
0.070407,1447814749424424320,200.28631765395824,26.663793771524215,30.608091950318073,83.36124661651232,0.25634478179519166,0.20707965,0.07967564513264366,0.11825867,-0.04028745510736341,0.16186504,18.331648,875.5636519246763,2.9761925,18.480373,17.977472,0.5029011,2016.0,J132108.71+263949.7,200.286328,+26.663811,17.685,17.443,17.143,16.524,0.019,0.026,0.031,0.034,433798959049,1,2010.1190,-1
0.057502,1455816071634192896,203.8604178510541,29.02346289814357,46.54182181503517,80.11435757060208,-0.12174821533681313,0.57518166,0.5020192347006552,0.3047607,-0.48338524567956814,0.5373068,18.70419,621.2568918104802,3.7878428,17.425804,16.051073,1.3747311,2016.0,J133526.49+290124.4,203.860402,+29.023471,15.491,14.970,14.264,13.900,0.005,0.004,0.004,0.005,433796230953,1,2010.1193,1
0.090126,1447845814923918464,199.50840674986992,26.47508057140898,28.158613148113492,84.0302436803644,0.3172548866806181,0.26750338,0.17580747601393687,0.13120508,-0.07663322929167704,0.1503773,18.294043,906.4205196750735,2.5318456,18.432173,18.030779,0.4013939,2016.0,J131802.02+262830.3,199.508433,+26.475089,17.838,17.709,17.140,16.485,0.021,0.027,0.029,0.033,433799263022,1,2010.0865,-1
0.156039,1455852935337531392,204.40565130473263,29.468096694614836,48.5944908433061,79.57295939765768,0.009269734484042507,0.19611874,0.07566376748544582,0.11251914,-0.08247088257615984,0.17260034,18.503048,747.7006870811877,1.2480676,18.664814,18.155636,0.50917816,2016.0,J133737.36+292805.2,204.405691,+29.468123,17.778,17.277,17.075,16.505,0.023,0.024,0.040,0.042,433795720604,1,2010.2642,-1
0.053040,1447875329938866048,199.80744350207144,26.797219444960568,31.45253404481308,83.79922278095653,-0.05716928115901117,0.33531025,-0.16281465441846887,0.1958617,0.1098456136873803,0.2619149,18.969093,486.75407488671095,1.0023744,19.218693,18.53914,0.6795521,2016.0,J131913.78+264750.0,199.807456,+26.797229,18.210,18.058,17.505,16.968,0.034,0.047,0.044,0.058,433798735568,1,2010.1190,-1
0.218015,1455884958614219904,203.41129100788925,29.44200485734255,49.38173309219385,80.42834722607186,-0.015569743268098195,0.14047667,0.09862277266363008,0.07331274,0.006126518608126463,0.14077516,18.007965,1179.6708054920248,1.6030054,18.207752,17.60788,0.5998726,2016.0,J133338.72+292631.3,203.411344,+29.442044,17.415,17.178,16.872,16.274,0.017,0.022,0.030,0.030,433795721288,1,2010.1414,-1
0.215527,1455893308030689664,203.48111890037967,29.557200494145025,49.98327133162375,80.34544331677789,-0.23567011914701952,0.51459897,0.2085687801500711,0.2707298,-0.5049456575707513,0.47180662,18.660498,646.7663850601041,3.5914114,17.480095,16.279518,1.2005768,2016.0,J133355.48+293326.0,203.481176,+29.557234,15.822,15.342,14.683,14.386,0.006,0.005,0.005,0.006,433795721060,1,2010.1414,1
0.231460,1447917278883676032,202.6314100422832,24.861200813393783,20.639923985120575,80.93173460172598,0.03984115799807473,0.16279764,0.05712466083236013,0.07532853,-3.7911051336040735E-4,0.12865359,18.225113,965.8314868166534,2.8901598,18.305227,17.948883,0.35634422,2016.0,J133031.52+245140.2,202.631349,+24.861168,18.004,17.180,16.925,16.237,0.026,0.019,0.040,0.031,433800964888,1,2010.1655,-1
0.163255,1447933634119210240,202.3326892612309,25.10735523444272,21.68631101132506,81.25988786902462,0.2567064655784685,0.19401136,0.07495019735125572,0.13173947,-0.2123539648943354,0.15671799,18.494753,753.4348089495287,2.3314433,18.62745,18.259474,0.36797714,2016.0,J132919.85+250626.6,202.332717,+25.107393,18.133,17.642,17.181,16.448,0.030,0.029,0.052,0.040,433800719420,1,2010.1655,-1
0.052709,1447942915544151040,202.86591391987767,25.0139138398303,21.931675693496537,80.76939990195925,0.11847439852658363,0.11803808,0.0703994679967242,0.049891777,0.0044994611568545525,0.09745905,17.626024,1677.0141748103101,2.6889203,17.835882,17.23503,0.60085297,2016.0,J133127.81+250050.1,202.865910,+25.013928,17.256,16.247,16.197,15.369,0.016,0.010,0.024,0.017,433800753673,1,2010.1655,-1
0.256012,1455950310836082560,204.484755155223,29.644362108892032,49.477796221989415,79.47292917016259,-0.07306353207603485,0.19173951,-0.07044195423612536,0.11484069,0.06892637680774505,0.1779725,18.456272,780.6172997319169,2.6542697,18.675837,18.066956,0.608881,2016.0,J133756.35+293839.9,204.484801,+29.644421,17.728,17.496,16.802,16.453,0.020,0.024,0.030,0.038,433795454406,1,2010.2642,-1
0.132323,1447950680845027200,202.80197321481236,25.233956068531995,23.173467388210828,80.88152105220102,0.01014734478511951,0.26609573,-0.12362855264207878,0.12209354,0.10750114641894835,0.19975746,18.798504,569.5676007148861,2.4876735,18.905237,18.579485,0.32575226,2016.0,J133112.48+251402.2,202.802012,+25.233945,18.864,18.512,17.901,17.371,0.051,0.061,0.096,0.092,433800504048,1,2010.1655,-2
0.142625,1455977592469143168,205.24082177515766,30.06566666762257,50.96788099944734,78.74608291332147,-0.20599342823200803,0.21231046,-0.09330740693144282,0.13634227,0.06472991966264273,0.18148865,18.722244,611.0107331850497,1.3518368,19.028826,18.179468,0.8493576,2016.0,J134057.80+300356.3,205.240867,+30.065660,18.014,17.469,17.065,16.598,0.031,0.034,0.039,0.039,433795093400,1,2010.2781,-1
0.046726,1455991924775612672,204.99070456625628,30.107725461123618,51.420046359115695,78.94846184563556,0.24355091680961452,0.5268012,0.09559545428149722,0.3127785,-0.3533964343442845,0.47656807,18.390337,829.4907957142218,4.766521,16.2679,14.896269,1.3716316,2016.0,J133957.77+300627.7,204.990716,+30.107717,14.443,13.908,13.239,12.897,0.003,0.002,0.002,0.002,433795060210,1,2010.2781,1
0.157576,1448017437521269888,202.4249377912728,25.40211654002488,23.70104814940963,81.25263832995024,-0.15452751343882032,0.20834586,-0.0637621075148275,0.12951429,0.3088099508692298,0.16785075,18.60247,682.2737060334347,1.9373705,18.710873,18.412853,0.2980194,2016.0,J132941.97+252407.5,202.424901,+25.402088,18.124,17.971,17.304,16.422,0.032,0.046,0.065,0.042,433800471130,1,2010.1655,-1
0.264611,1448017437521269888,202.4249377912728,25.40211654002488,23.70104814940963,81.25263832995024,-0.15452751343882032,0.20834586,-0.0637621075148275,0.12951429,0.3088099508692298,0.16785075,18.60247,682.2737060334347,1.9373705,18.710873,18.412853,0.2980194,2016.0,J132942.00+252407.7,202.425007,+25.402155,18.257,,17.389,16.816,0.036,,0.070,0.064,433800473782,2,2010.1655,-1
0.312821,1448017437521269888,202.4249377912728,25.40211654002488,23.70104814940963,81.25263832995024,-0.15452751343882032,0.20834586,-0.0637621075148275,0.12951429,0.3088099508692298,0.16785075,18.60247,682.2737060334347,1.9373705,18.710873,18.412853,0.2980194,2016.0,J132942.00+252407.8,202.425009,+25.402175,,,17.378,16.744,,,0.066,0.056,433800221148,2,2010.2146,-2
0.248161,1448031799891999872,202.26337084257116,25.519496657876694,24.23916431793774,81.42142507028204,0.006910103695825922,0.115828075,0.013322408215403862,0.07750173,-0.19211425390526898,0.10325096,17.619488,1687.142271599743,8.815504,17.711126,17.393808,0.31731796,2016.0,J132903.21+253110.4,202.263401,+25.519560,17.404,16.713,16.659,15.764,0.018,0.016,0.037,0.025,433800217344,1,2010.1655,-2
0.214017,1448040153603694848,202.52382615153178,25.712173453907365,25.816057621042322,81.232355369595,0.016451516413488413,0.17908737,-0.016066328890561633,0.08682491,-0.05966573166899345,0.12986185,17.965118,1227.155586866665,4.034198,18.048683,17.64407,0.4046135,2016.0,J133005.73+254243.9,202.523879,+25.712209,16.860,17.199,16.429,15.432,0.010,0.018,0.017,0.014,433800015119,1,2010.0865,1
0.224978,1448043825800629376,202.4219277034233,25.73064478670093,25.8157766485068,81.32599704905374,-0.2426913667911885,0.2732099,0.2610810764408027,0.17329392,-0.05273426685327185,0.20432806,18.998156,473.89766900999643,2.9426847,19.164331,18.745842,0.41848946,2016.0,J132941.27+254350.3,202.421997,+25.730644,18.368,18.099,17.675,17.298,0.030,0.040,0.050,0.070,433800015059,1,2010.0865,-3
0.173324,1448051629757196544,203.2360987630995,25.44559454727565,25.010971368466503,80.54854393119277,-0.3809082032237655,0.27437043,-0.1306052589354228,0.12067722,-0.03763076132955404,0.19108965,18.810066,563.5340482708891,2.385989,18.915169,18.49189,0.4232788,2016.0,J133256.67+252644.1,203.236152,+25.445591,17.694,17.852,17.380,16.523,0.023,0.046,0.067,0.044,433800235953,1,2010.1655,-2
0.123463,1448063174628888576,203.289551253635,25.65471421564257,26.317379847095616,80.54445446855598,-0.05585338457562993,0.112871766,0.06959894115262674,0.052116375,0.1255144137189061,0.098311014,17.480745,1917.116771235196,1.6829039,17.723696,17.069921,0.65377426,2016.0,J133309.50+253916.9,203.289589,+25.654719,16.395,15.918,15.397,14.854,0.008,0.007,0.007,0.009,433800019008,1,2010.0865,-1
0.169667,1448063174628888576,203.289551253635,25.65471421564257,26.317379847095616,80.54445446855598,-0.05585338457562993,0.112871766,0.06959894115262674,0.052116375,0.1255144137189061,0.098311014,17.480745,1917.116771235196,1.6829039,17.723696,17.069921,0.65377426,2016.0,J133309.50+253916.9,203.289602,+25.654703,,17.531,15.389,14.787,,0.026,0.008,0.009,433800025630,2,2010.0865,-1
0.242246,1448066090910463872,203.00856015726262,25.511482347623275,25.135255582003776,80.76331631028593,0.2679101076139194,0.28815508,0.059132453456958646,0.12040581,0.19262353092345008,0.24902378,18.983887,480.1664307232656,1.2329072,19.254908,18.616667,0.6382408,2016.0,J133202.07+253041.4,203.008626,+25.511514,18.387,18.047,17.203,16.835,0.034,0.044,0.051,0.056,433800253629,1,2010.1655,-1
0.136350,1448075509775334656,203.16204197293024,25.670027404114993,26.27196452298891,80.6601647130145,-0.3493043797637937,0.23106347,0.005488852433777486,0.10275325,0.13436207767425684,0.19439544,18.663515,644.9718590906389,1.7028373,18.88385,18.465242,0.4186077,2016.0,J133238.89+254012.1,203.162082,+25.670039,18.136,17.830,17.624,16.967,0.027,0.032,0.047,0.052,433800018966,1,2010.0865,-1
0.244788,1448082347362866048,203.17127661278442,25.872695937302158,27.51070086731198,80.68941984420603,0.01889388399235463,0.084071465,0.05346865905492207,0.037859377,0.024290978547733766,0.06733021,17.073917,2788.560972874889,2.6468017,17.228592,16.706825,0.52176666,2016.0,J133241.12+255221.8,203.171346,+25.872723,16.454,15.929,15.730,14.931,0.008,0.007,0.009,0.009,433799754664,1,2010.0865,-1
0.066633,1448095434126945792,203.7967746723193,25.94371343741378,28.499701892263396,80.14672440274003,-0.2549440990817148,0.23680842,-0.16657928055609755,0.10990892,0.421764852959324,0.22198555,18.788565,574.8050897513546,1.1996099,18.969072,18.473137,0.49593544,2016.0,J133511.23+255637.3,203.796795,+25.943710,,17.703,17.317,,,0.032,0.046,,433799736527,1,2010.1658,-1
0.102788,1448101039060578304,203.41090836490147,25.83125301731737,27.492335752831423,80.46984411128803,-0.12256670766219575,0.08598232,0.0401080713788656,0.03839222,0.004458441231704878,0.07070369,16.957209,3105.0117335714694,11.357722,16.995325,16.559664,0.43566132,2016.0,J133338.61+254952.6,203.410898,+25.831280,16.623,16.074,15.080,13.832,0.009,0.008,0.006,0.004,433800024999,1,2010.0865,1
0.113567,1448101245219406720,203.39251690468933,25.84473341664519,27.55498186110412,80.48850815793854,0.1958997958768306,0.20598197,0.05890049998980265,0.090050474,0.19957253132007735,0.16544206,18.461273,777.0297772941296,3.6007607,18.6931,18.01626,0.6768398,2016.0,J133334.19+255041.1,203.392500,+25.844761,17.919,17.412,16.792,16.465,0.022,0.023,0.022,0.033,433800024959,1,2010.0865,-1
0.330912,1448101245219406720,203.39251690468933,25.84473341664519,27.55498186110412,80.48850815793854,0.1958997958768306,0.20598197,0.05890049998980265,0.090050474,0.19957253132007735,0.16544206,18.461273,777.0297772941296,3.6007607,18.6931,18.01626,0.6768398,2016.0,J133334.19+255041.3,203.392470,+25.844815,18.229,17.926,16.827,16.388,0.028,0.034,0.028,0.032,433799745120,2,2010.0865,0
0.126471,1448117664877981952,203.48618596836445,26.19855730374909,29.746557726622264,80.4608761268152,0.03900764946103989,0.16781877,-0.1172611297826022,0.08130773,-0.11681924175816646,0.13914713,18.114786,1069.1334870862734,2.8510842,18.302132,17.771162,0.5309696,2016.0,J133356.68+261154.9,203.486167,+26.198588,17.430,17.252,16.636,16.253,0.014,0.018,0.018,0.026,433799503449,1,2010.0865,-1
0.220640,1448151749738873088,202.82818570494217,26.159194602793256,28.980310003861263,81.03974420791945,0.09565813745408862,0.2211942,-0.04341000959659633,0.095202774,-0.23146763586197408,0.19592927,18.56892,703.6853044317166,1.9143704,18.783474,18.239477,0.5439968,2016.0,J133118.78+260933.0,202.828254,+26.159194,17.929,17.798,16.989,16.595,0.023,0.035,0.028,0.039,433799465822,1,2010.0865,-1
0.201610,1448173739971024128,203.0966144975422,26.243835747183848,29.727407051333646,80.81326571902449,0.08090901228504128,0.19946134,0.04588866167914718,0.08672306,0.12501879788620818,0.14863135,18.512175,741.4411237354814,2.218331,18.690475,18.154839,0.5356369,2016.0,J133223.19+261437.9,203.096662,+26.243872,17.703,17.496,16.966,16.310,0.018,0.022,0.024,0.028,433799494361,1,2010.0865,-1
0.285439,1448221328208606848,201.72967169232606,25.80311506090235,25.456310711543054,81.95144197370732,0.20796678671923802,0.25284246,0.28462589932247134,0.16480057,-0.12635270228488266,0.2407857,18.810791,563.1581345878309,1.8463229,19.152248,18.339268,0.81298065,2016.0,J132655.13+254811.4,201.729733,+25.803172,17.895,17.363,16.951,16.278,0.020,0.020,0.024,0.025,433799967132,1,2010.0865,-1
0.147960,1448228101372539648,202.23292265171236,25.82272662663058,26.200674317561166,81.5107895418148,0.16352288825776032,0.22978258,0.064365773746975,0.14890553,-0.015324051668574468,0.179132,18.803083,567.170540557469,1.7360977,18.985859,18.473345,0.5125141,2016.0,J132855.91+254921.8,202.232961,+25.822749,18.164,17.855,17.336,16.531,0.026,0.033,0.036,0.034,433800003531,1,2010.0865,-1
0.159583,1448229750639959296,202.00880007037955,25.784165994554918,25.67468619364857,81.70132983554215,-0.22598127452284344,0.6411352,0.4859622752930189,0.44472486,-0.047753528533872214,0.51056004,18.961483,490.1780411026484,2.3819008,17.853197,16.393925,1.4592724,2016.0,J132802.11+254703.1,202.008812,+25.784209,15.897,15.340,14.618,14.212,0.005,0.004,0.004,0.005,433799976546,1,2010.0865,1
0.142977,1448292147924767488,201.451045321079,26.13667064440875,27.517397890733076,82.25785171308245,-0.24603531460778447,0.32928115,0.025624178682602715,0.19424091,-0.004027414589359509,0.2461323,18.991796,476.6809776656676,2.5574903,19.161278,18.711239,0.4500389,2016.0,J132548.25+260812.1,201.451075,+26.136700,19.053,18.917,18.095,17.394,0.048,0.077,0.063,0.071,433799495362,1,2010.0865,-1
0.127760,1448314344315772800,201.73890630602833,26.242874393935743,28.5739919611681,82.01885171109416,-1.1950684742029911,0.71112233,-0.489391712926339,0.48098513,0.3474206108377365,0.63249975,18.76904,585.2358682640028,3.6231112,16.922077,15.708112,1.2139654,2016.0,J132657.34+261434.4,201.738919,+26.242908,15.356,14.827,14.134,13.801,0.004,0.003,0.003,0.004,433799447465,1,2010.0865,1
0.216769,1448350967501901952,202.4299231024185,26.30070513947289,29.570878106052724,81.41330004665141,0.14962848415600435,0.25788498,-0.18061605185254503,0.14246158,-0.18328407368280575,0.20498762,18.64643,655.2013256012928,2.0428731,18.91092,18.264519,0.64640045,2016.0,J132943.19+261802.5,202.429990,+26.300710,18.074,17.666,17.241,16.828,0.022,0.026,0.030,0.042,433799239027,1,2010.0865,-1
0.175918,1448452539184302848,202.6950597700011,27.092497603870648,34.94395478843433,81.2472169850848,0.21222259708990004,0.79792356,-0.2756860955391812,0.38166022,-0.03821358427660543,0.71784496,18.841965,547.218267617857,2.7767267,16.97339,15.605677,1.3677139,2016.0,J133046.82+270533.1,202.695085,+27.092541,15.135,14.569,13.914,13.468,0.004,0.003,0.003,0.004,433798443847,1,2010.2288,1
0.058831,1448484974777256064,203.96223082598544,26.298515605244585,30.666341868702908,80.0509235053615,0.1407547817054354,0.10752519,0.03235835857358621,0.0541994,0.051539619032189316,0.10708914,17.594448,1726.5032048164662,3.5689194,17.800816,17.18193,0.61888504,2016.0,J133550.93+261754.6,203.962249,+26.298515,,16.527,15.899,,,0.013,0.014,,433799223601,1,2010.1658,-2
0.145799,1448489475902955648,203.72554877914806,26.20630774465021,29.968750298369756,80.24921897982162,-0.9985253331713879,0.6200837,-0.024870475156162145,0.26369107,0.40867654343998483,0.6302619,17.991552,1197.6396789178818,7.157492,15.897042,14.527651,1.3693914,2016.0,J133454.14+261222.7,203.725584,+26.206333,13.995,13.466,12.794,12.459,0.002,0.002,0.002,0.002,433799445047,1,2010.1658,1
0.188833,1448535243073300352,204.3179515597249,26.770354156132584,33.53524554065465,79.78309404670185,-0.2578150918434174,0.23319396,-0.04255508451422824,0.118196405,0.02778160424948982,0.18693383,18.810612,563.2515810413189,1.4935529,19.074144,18.40826,0.665884,2016.0,J133716.31+264613.4,204.317973,+26.770403,17.764,17.455,16.932,16.294,0.024,0.033,0.043,0.042,433798745750,1,2010.2288,-1
0.064119,1453547671770968576,209.7168590394975,28.95279185857728,43.85801562256606,75.02297118902487,0.13881936397799416,0.22737975,0.2352663348348782,0.17736574,-0.3520119786580623,0.21168298,18.87452,531.0545117322473,1.2654258,19.033825,18.556684,0.47714043,2016.0,J135852.04+285709.9,209.716859,+28.952774,18.442,17.962,17.402,17.105,0.050,0.053,0.049,0.082,433796222751,1,2010.2371,-1
0.193190,1448584579363050624,204.08311756171432,26.795227969645182,33.58222427829601,79.99404462144355,0.08981624691601767,0.19068933,-0.10071145362112637,0.08925824,0.22838716167817583,0.147749,18.521805,734.8938169732672,2.18319,18.693933,18.190533,0.5034008,2016.0,J133619.93+264742.6,204.083071,+26.795194,17.767,17.602,17.053,16.414,0.024,0.036,0.039,0.048,433798709940,1,2010.2288,-1
0.208175,1448599152187813760,203.57918532672463,26.926285894268,34.16506545970505,80.45174605015177,-0.48173022095274065,0.3312862,0.09221205840331285,0.13792813,0.40503584008908655,0.28222874,18.835703,550.3840015021101,1.0925043,19.574818,18.03305,1.5417671,2016.0,J133419.00+265534.8,203.579201,+26.926342,17.185,16.799,16.235,15.695,0.016,0.018,0.021,0.025,433798758107,1,2010.2288,-1
0.140763,1448601385570808320,203.67250190344032,27.023223415570296,34.775467054488814,80.37442202841268,-0.5240780762448083,0.2655193,0.009879545809034695,0.12028668,-0.1302970327806686,0.20235178,18.770626,584.3816724250414,0.95567477,19.126602,18.273502,0.8530998,2016.0,J133441.41+270123.6,203.672545,+27.023231,17.972,17.598,17.404,17.288,0.029,0.039,0.064,0.092,433798446960,1,2010.2288,-2
0.072698,1453597355953104384,209.6634395018648,29.395040197902635,45.57851900459709,75.04020564733365,-0.24732001360512768,0.1565459,0.04947890619845292,0.1268488,0.016918156989433376,0.13682038,18.268805,927.7370418437987,2.3464484,18.452456,17.908787,0.54366875,2016.0,J135839.22+292342.0,209.663439,+29.395020,17.510,16.910,16.814,16.176,0.019,0.019,0.021,0.031,433795697283,1,2010.2643,-1
0.273369,1448635672293411840,204.4349824944793,27.024660946150203,34.99963487814752,79.69629832912118,-0.02853533956464261,0.24484369,-0.02460104857801236,0.14071737,-0.17419693185675203,0.22941905,18.883062,526.8918212395699,1.7797127,19.075773,18.558744,0.5170288,2016.0,J133744.40+270129.0,204.435030,+27.024724,18.664,18.557,18.003,17.270,0.045,0.076,0.089,0.074,433798501144,1,2010.2288,-1
0.097701,1448661098500303232,205.03919965357454,27.31083063748406,36.687875992657844,79.17180742379809,-0.07423589778393117,0.24129277,0.20269075682133872,0.14979903,0.1136290195081814,0.22238135,18.964855,488.65750744940794,2.5733135,18.89814,18.15606,0.7420807,2016.0,J134009.40+271838.9,205.039170,+27.310824,17.795,17.329,16.447,15.359,0.025,0.032,0.027,0.018,433798206788,1,2010.2288,1
0.430655,1448670483004578432,204.80575422286967,27.305080761937035,36.62177331673948,79.37895095027034,0.16055764731735042,0.26662248,-0.04590258146736529,0.14897074,-0.17529487366746627,0.2306681,18.967987,487.2504129227925,2.0019333,19.021063,18.731232,0.28983116,2016.0,J133913.40+271818.5,204.805855,+27.305160,18.533,18.140,17.438,16.404,0.046,0.065,0.060,0.045,433798217048,1,2010.2288,1
0.094623,1448676903979717248,205.04400780016692,27.518386027243924,37.79295800819911,79.1722134156044,0.03924204040626198,0.2173319,-0.006538940829346258,0.11545725,-0.07551249535452567,0.1740749,18.690779,628.9777757798824,1.2385062,19.69646,17.726482,1.9699783,2016.0,J134010.55+273106.2,205.043979,+27.518392,16.860,16.466,15.583,14.868,0.011,0.011,0.009,0.009,433797968362,1,2010.1191,-1
0.047591,1448682027876299136,204.32288742694445,27.018645948616772,34.9343687420577,79.79566059407321,0.01309887358200178,0.1353395,0.030809259610461676,0.07342099,0.07954855373519504,0.124483004,17.909187,1292.028679600518,2.283633,18.100515,17.334763,0.7657528,2016.0,J133717.49+270107.1,204.322885,+27.018659,16.786,16.546,15.908,14.956,0.010,0.013,0.015,0.011,433798486875,1,2010.2288,-1
0.139554,1453665456954348160,209.23224975256394,29.628741646834385,46.62525677962477,75.39247772481305,0.1763613955423844,0.1558175,0.0255760331907773,0.110007,0.028256427091408562,0.14187138,18.4877,758.345460137078,1.5372765,18.613825,18.174488,0.43933678,2016.0,J135655.74+293743.3,209.232272,+29.628708,17.775,17.564,17.057,16.600,0.021,0.028,0.026,0.037,433795469253,1,2010.2643,-2
0.267476,1448691957840693888,204.46349272962237,27.239092924349098,36.20285005951328,79.68079094936473,0.07250954064268733,0.21626464,-0.04046938259582589,0.1075732,-0.13620388732613334,0.21591912,18.596464,686.0586634116924,1.5603195,19.036234,18.01147,1.0247631,2016.0,J133751.25+271420.8,204.463570,+27.239121,17.871,17.332,17.008,16.510,0.024,0.027,0.036,0.056,433798246356,1,2010.2288,-1
0.128289,1453676452071011584,209.49290123191133,29.886934138905392,47.53763590854059,75.1394471903199,0.16713415126215841,0.1910279,0.014117647140791544,0.15023592,-0.039893705816813785,0.17232642,18.769512,584.9808456231455,2.1578429,18.983665,18.400938,0.58272743,2016.0,J135758.30+295312.9,209.492942,+29.886938,18.020,17.591,17.409,16.540,0.031,0.040,0.040,0.049,433795247441,1,2010.2643,-1
0.180191,1453676452071011584,209.49290123191133,29.886934138905392,47.53763590854059,75.1394471903199,0.16713415126215841,0.1910279,0.014117647140791544,0.15023592,-0.039893705816813785,0.17232642,18.769512,584.9808456231455,2.1578429,18.983665,18.400938,0.58272743,2016.0,J135758.30+295313.1,209.492929,+29.886978,17.969,17.748,17.226,16.592,0.024,0.035,0.031,0.037,433795266078,2,2010.2643,-2
0.087550,1448700062443509504,204.0478422994233,27.17012992651887,35.73129046704411,80.04757150036937,-0.037883479755638313,0.13098198,-0.05703414213154864,0.06455529,-0.10207968372501693,0.10576305,17.8107,1414.7078983661722,3.9654274,17.99386,17.465994,0.52786636,2016.0,J133611.48+271012.4,204.047866,+27.170118,16.996,16.697,16.199,15.492,0.014,0.018,0.020,0.023,433798211864,1,2010.2288,-1
0.221493,1448700062443509504,204.0478422994233,27.17012992651887,35.73129046704411,80.04757150036937,-0.037883479755638313,0.13098198,-0.05703414213154864,0.06455529,-0.10207968372501693,0.10576305,17.8107,1414.7078983661722,3.9654274,17.99386,17.465994,0.52786636,2016.0,J133611.49+271012.2,204.047887,+27.170083,16.977,16.763,16.278,15.590,0.014,0.019,0.022,0.019,433798465421,2,2010.2288,-1
0.061089,1448700062443513728,204.0457754134619,27.181209766757195,35.79493021267343,80.0498509101517,0.013238644567827307,0.17012568,-0.06817528265533868,0.0874511,-0.0751168227638923,0.1300015,18.340317,868.6009194108987,3.5636723,18.566708,17.921013,0.64569473,2016.0,J133610.99+271052.3,204.045794,+27.181206,17.589,17.350,16.915,16.288,0.021,0.033,0.037,0.047,433798211850,1,2010.2288,-1
0.229438,1448712809906633216,204.2370100981985,27.428474991618277,37.24093524974155,79.88682470025729,6.336242636213376E-4,0.1630371,-0.07584503047244835,0.08504072,-0.12917071157427837,0.14286287,18.32704,879.2870691313411,1.8367085,18.524488,17.960522,0.56396675,2016.0,J133656.89+272542.6,204.237066,+27.428515,17.842,17.614,16.958,16.533,0.023,0.029,0.039,0.037,433798001618,1,2010.1191,-1
0.208261,1453766307081737600,209.7186167253601,29.903670235830834,47.515515250188976,74.94313459368284,-0.11067343997800269,0.12247247,0.09515008161168817,0.09500124,-0.03716395491228135,0.11721469,17.412622,2041.2564785185102,6.4625373,17.428404,15.954976,1.4734278,2016.0,J135852.48+295413.2,209.718683,+29.903677,15.419,14.738,13.918,12.826,0.005,0.004,0.003,0.002,433795245877,1,2010.2643,1
0.225804,1453768952781594368,209.77723541516306,29.99673501768318,47.8481194731179,74.88193303961336,-0.3194815308658721,0.59819454,-0.4666092876332285,0.5293145,-0.29698198629237843,0.61112964,18.816452,560.2292691100165,4.485581,17.119186,15.799386,1.3198004,2016.0,J135906.55+295948.3,209.777297,+29.996768,15.333,14.783,14.195,13.835,0.005,0.004,0.003,0.004,433795246096,1,2010.2643,1
0.143851,1448802660622571008,203.70969735090847,27.339723666268068,36.67245343659559,80.35330151217983,-0.26864424805375364,0.1588316,-0.05824589071862675,0.08351545,-0.04342076848442971,0.12331924,18.252346,941.9074242459136,1.1904384,18.580687,17.790009,0.790678,2016.0,J133450.33+272023.0,203.709742,+27.339728,17.610,17.137,16.687,16.384,0.022,0.027,0.036,0.047,433798215344,1,2010.2288,-1
0.269717,1453779153328291840,209.78449713695952,30.142939984883107,48.40108565288015,74.85776524825737,-0.0743873444024354,0.21785343,-0.20099149097417335,0.16230057,0.0767362159932791,0.19665048,18.760904,589.6372700825706,2.9828036,18.810825,18.409224,0.4016018,2016.0,J135908.29+300834.7,209.784573,+30.142976,18.055,17.251,16.981,16.225,0.032,0.023,0.040,0.032,433795051447,1,2010.2802,-1
0.179956,1448811216196859008,203.39414936243676,27.313254208739316,36.47486352593394,80.63298556347256,0.04215783911596854,0.20652862,-0.09576620363668609,0.09199062,0.0880011746936767,0.17934017,18.472767,768.846887010796,2.8393366,18.675827,18.109764,0.5660629,2016.0,J133334.60+271847.6,203.394203,+27.313239,17.924,17.512,16.937,16.471,0.025,0.029,0.036,0.047,433798264652,1,2010.2288,-1
0.085127,1448819810427379456,203.45798959419713,27.503358518367047,37.643856049237655,80.57871740128799,-0.23576029956345207,0.16503593,-0.04039433591778587,0.07504296,0.09585421641432768,0.14628588,18.163578,1022.1526081936817,2.1856835,18.468668,17.683792,0.78487587,2016.0,J133349.91+273012.1,203.457993,+27.503382,17.413,17.067,16.064,15.809,0.016,0.019,0.014,0.019,433798029724,1,2010.1191,-1
0.227910,1456060266294715264,204.38937661204773,30.414435775757504,53.66804084196519,79.37893808835679,0.1636577698369382,0.23076981,-0.05645272503622032,0.15310529,-0.1475383631293452,0.21084704,18.377127,839.6452274092252,6.072157,18.184917,17.576462,0.60845566,2016.0,J133733.44+302452.1,204.389374,+30.414499,17.073,16.533,15.686,14.646,0.015,0.015,0.012,0.008,433794921895,1,2010.2781,1
0.120112,1456062667180944896,204.55853762998802,30.428270120827385,53.535743666415826,79.23448260544359,-0.1424092371799252,0.23395179,-0.0935859616550746,0.14589758,0.34214426810338655,0.19912592,18.713037,616.213859929093,2.0844793,18.77751,18.479616,0.29789352,2016.0,J133814.05+302541.8,204.558575,+30.428279,18.234,17.867,17.143,16.153,0.036,0.046,0.042,0.026,433794926924,1,2010.2781,1
0.128234,1453819873914130048,208.77611659319894,29.430640201844927,45.990356395345785,75.80700497059841,0.0049444091112978705,0.10442335,0.12283229716486418,0.068846144,0.14253362799160316,0.09700524,17.508507,1868.7186899954193,2.230688,17.646187,17.213339,0.43284798,2016.0,J135506.27+292550.3,208.776146,+29.430665,16.919,16.649,16.161,15.521,0.012,0.015,0.013,0.015,433795676573,1,2010.2643,-1
0.254961,1453822072937410688,208.87457865064547,29.51646478779186,46.30355395374856,75.71331151946505,0.04117293584374744,0.15700422,0.12016443756511751,0.106852226,0.11198246245347862,0.14185502,18.051777,1133.016430263622,3.4017594,18.00533,17.2608,0.7445297,2016.0,J135529.89+293059.5,208.874547,+29.516530,16.934,16.419,15.657,14.714,0.012,0.012,0.009,0.008,433795676377,1,2010.2643,1
0.292173,1453838389517383808,208.71099589050462,29.616201960104394,46.76784712727754,75.8443920695712,-0.14936716235101688,0.14995335,0.02984669789374949,0.103693336,-0.0024252793578003196,0.13801067,18.391348,828.7194232890977,2.159994,18.611563,18.071016,0.5405464,2016.0,J135450.64+293658.5,208.711034,+29.616276,17.771,17.294,16.849,16.561,0.022,0.026,0.024,0.039,433795428936,1,2010.2643,-1
0.230868,1456092422713907712,202.9230857126504,29.620195125249776,51.00707981342492,80.80517944453602,0.2193372707931706,0.2263095,0.08098555336667392,0.09629587,0.003714364939383874,0.1563728,18.599974,683.844149539955,1.2896922,18.812685,18.271267,0.5414181,2016.0,J133141.55+293712.6,202.923158,+29.620182,18.105,17.759,17.044,16.699,0.030,0.039,0.035,0.048,433795420303,1,2010.1414,-1
0.169327,1448884681613391104,203.2404481915247,27.71785028677525,38.97877942128781,80.76944344200659,-0.1525223283598299,0.69246006,-0.0500960918703261,0.28682578,0.41954325334205816,0.6806617,18.296167,904.6484519235275,7.3044624,16.383806,15.040292,1.3435144,2016.0,J133257.71+274304.3,203.240480,+27.717888,14.536,13.982,13.288,12.973,0.003,0.002,0.002,0.003,433797778087,1,2010.1191,1
0.276414,1453850346706397568,208.70680255549047,29.821899202090147,47.604406982927145,75.82411407841377,-0.2799650173738796,0.18147865,-0.08751097442986497,0.13347794,0.1444905598316988,0.16918448,18.613478,675.3912969253821,1.6692227,18.873573,18.206358,0.66721535,2016.0,J135449.64+294919.0,208.706842,+29.821968,17.521,17.281,16.820,16.348,0.018,0.028,0.024,0.031,433795252599,1,2010.2643,-1
0.121966,1448892962310258944,203.9001138241046,27.356564700568004,36.793385466214616,80.18456468392199,0.25234792631036346,0.21323873,0.07249690377490502,0.103857115,-0.18730252008396947,0.16687597,18.688925,630.0525111190103,2.420219,18.793903,18.470713,0.3231907,2016.0,J133536.03+272123.6,203.900152,+27.356565,17.948,17.265,16.987,16.280,0.029,0.031,0.040,0.048,433798212116,1,2010.2288,1
0.286424,1456119944868824064,203.59986149447172,30.014858297064865,52.47389936029772,80.14059866681062,-0.019750972479510638,0.19524787,-0.03457866856901927,0.10955493,0.06306453911961546,0.16594185,18.495129,753.1733946082993,2.6232386,18.637203,18.222898,0.41430473,2016.0,J133423.98+300053.2,203.599920,+30.014797,18.160,17.066,17.044,16.259,0.032,0.020,0.040,0.037,433795231843,1,2010.2642,1
0.059064,1448914265348402944,203.79062624186002,27.667803051652566,38.625514800207334,80.2831855414512,-0.18775520171980115,0.16779497,0.00884293767089233,0.08058365,0.06276239486961095,0.13211802,18.20419,984.6250290232641,2.423757,18.40584,17.81083,0.59501076,2016.0,J133509.75+274004.0,203.790643,+27.667796,17.790,17.524,17.101,16.550,0.022,0.025,0.032,0.035,433797749833,1,2010.1191,-1
0.179903,1453883710012692096,209.28588920178396,30.19515232454303,48.82430824566104,75.2780706266695,-0.013813704347838882,0.20085251,-0.015062202585550896,0.14219145,0.16950952721494622,0.19197083,18.63072,664.7508131458673,7.5083146,18.918444,18.159058,0.75938606,2016.0,J135708.62+301142.6,209.285921,+30.195194,18.111,17.604,16.928,16.668,0.031,0.032,0.040,0.048,433795090364,1,2010.2802,-1
0.124836,1456130252786457088,203.39333997280724,30.073015514691104,53.07274211978261,80.2986960158354,0.13728234036610643,0.27089098,0.139447550844006,0.1410367,-0.10134557342574926,0.24144186,18.981808,481.0867029401948,1.4163345,19.172876,18.628721,0.5441551,2016.0,J133334.40+300422.9,203.393344,+30.073050,18.174,17.871,17.379,16.738,0.034,0.048,0.053,0.046,433795101965,1,2010.2781,1
0.086865,1448949690238321536,203.97702543474682,27.88970606412074,39.90776272175826,80.11349547406331,0.02444117913269624,0.17987843,-0.019800087130775298,0.09028116,0.034752484709975565,0.14776468,18.379683,837.6720172858667,1.1941572,18.699759,17.885551,0.8142071,2016.0,J133554.48+275323.0,203.977029,+27.889730,17.400,17.020,16.677,16.057,0.017,0.019,0.027,0.027,433797533275,1,2010.1191,-1
0.186386,1453914019597696896,208.2625530824586,30.07434992423916,48.85389101148002,76.17127330139996,0.2736695404212583,0.19395806,-0.15172003493553296,0.13782462,0.153926935801674,0.19931628,18.629845,665.2866801111315,3.2105248,18.756062,18.296097,0.45996475,2016.0,J135303.00+300427.5,208.262515,+30.074310,18.173,18.118,17.455,16.690,0.033,0.051,0.064,0.052,433795088638,1,2010.2802,-1
0.096452,1456180319220867200,203.1059511932124,30.123802231570956,53.765451800684964,80.524725498267,0.19387529365849246,0.19414003,-0.023591659330906786,0.08614049,-0.029149076113723162,0.18156831,18.289333,910.3610679968913,3.526777,18.364105,17.788794,0.57531166,2016.0,J133225.43+300725.6,203.105982,+30.123800,17.438,16.970,16.122,14.917,0.018,0.020,0.016,0.009,433795064416,1,2010.2781,-2
0.203831,1448982057111776512,203.3782250595357,27.88502913393769,39.99080012691576,80.64259468980518,0.07028079100140533,0.20765713,0.10806075944157129,0.10394937,0.1406386262656832,0.1674254,18.571888,701.7641493193446,2.8303254,18.680668,18.215534,0.46513367,2016.0,J133330.77+275306.2,203.378248,+27.885082,17.729,17.003,16.804,15.966,0.018,0.016,0.025,0.021,433797565103,2,2010.1191,-1
0.218119,1448982057111776512,203.3782250595357,27.88502913393769,39.99080012691576,80.64259468980518,0.07028079100140533,0.20765713,0.10806075944157129,0.10394937,0.1406386262656832,0.1674254,18.571888,701.7641493193446,2.8303254,18.680668,18.215534,0.46513367,2016.0,J133330.78+275306.2,203.378271,+27.885074,17.838,17.120,16.818,16.008,0.020,0.017,0.026,0.024,433797542802,1,2010.1191,-2
0.272745,1453938346292017792,208.89322651682167,30.355633406576835,49.65405213410643,75.58985231106888,-0.1077809032492373,0.18638897,0.013920793691848463,0.1358362,-0.15696606293680804,0.19388139,18.810751,563.1793052980129,1.3133676,18.993612,18.321054,0.67255783,2016.0,J135534.37+302120.5,208.893220,+30.355709,18.007,17.886,17.433,16.740,0.028,0.038,0.061,0.051,433794893915,1,2010.2802,-1
0.320839,1453939063550708608,208.9213282031917,30.403313132948625,49.82775626073055,75.55841321505254,0.014645740756385472,0.1947717,-0.05542178187394743,0.13507468,-0.13922805228371332,0.18832211,18.763016,588.4917308340022,3.203829,18.82154,18.511724,0.30981636,2016.0,J135541.11+302412.2,208.921320,+30.403402,18.360,17.963,17.520,16.532,0.037,0.040,0.065,0.042,433794893874,1,2010.2802,-1
0.060451,1453943087935886336,208.66545658671964,30.280354200883515,49.476795664269694,75.7957830639309,0.08156249792577501,0.112855665,-0.01738923251998767,0.087997295,0.07905570449336571,0.10521638,17.926481,1271.6111869667347,4.3908014,18.138294,17.546537,0.5917568,2016.0,J135439.71+301649.3,208.665458,+30.280371,17.301,16.928,16.246,16.056,0.018,0.018,0.022,0.030,433794901080,1,2010.2802,-1
0.332526,1448989027843074304,203.3633958844775,28.090277690632675,41.25580793777497,80.64558501531491,-0.05435545194413096,0.2371811,0.09670032228516441,0.11459638,-0.022674895725192434,0.1886827,18.827871,554.3677588739719,1.5227844,18.999805,18.495344,0.5044613,2016.0,J133327.21+280525.3,203.363396,+28.090370,18.439,18.043,17.335,17.015,0.033,0.039,0.039,0.053,433797305273,1,2010.1191,-2
0.184129,1453956934910453504,208.84540234881146,30.556863119981063,50.47906880859544,75.59772345590555,0.3213986387560491,0.21225934,-0.1355069584407442,0.14949629,-0.14728183211999257,0.19104439,18.763187,588.3991643172955,2.1798313,18.651964,17.91027,0.7416935,2016.0,J135522.89+303324.8,208.845376,+30.556909,17.547,17.035,16.194,15.167,0.021,0.022,0.023,0.014,433794709114,1,2010.2802,1
0.070096,1449008372375449856,204.02500346373017,28.223280731105568,41.83088712676883,80.05511164340552,-0.144284529718189,0.28284436,-0.05621474077744956,0.14039084,-0.005989787996620137,0.24192901,18.976036,483.65090876601255,1.1040468,19.175364,18.628887,0.54647636,2016.0,J133606.00+281323.8,204.025024,+28.223288,18.054,17.804,17.277,16.359,0.029,0.038,0.044,0.033,433797266291,1,2010.1191,-1
0.076902,1453967101097386624,209.4860929079106,30.26634060171671,49.00580675481798,75.09686419429072,-0.1435268202118043,0.15426248,0.03939149679615613,0.12190685,0.20650289300469343,0.15701005,18.203161,985.5573643101967,2.203292,18.30903,17.922016,0.3870144,2016.0,J135756.66+301558.9,209.486092,+30.266362,17.962,17.436,16.986,16.307,0.029,0.028,0.044,0.036,433794922874,2,2010.2802,-1
0.159277,1453967101097386624,209.4860929079106,30.26634060171671,49.00580675481798,75.09686419429072,-0.1435268202118043,0.15426248,0.03939149679615613,0.12190685,0.20650289300469343,0.15701005,18.203161,985.5573643101967,2.203292,18.30903,17.922016,0.3870144,2016.0,J135756.67+301558.9,209.486134,+30.266367,18.044,17.434,16.991,16.123,0.031,0.028,0.044,0.031,433794917749,1,2010.2802,-2
0.130868,1449015386058431232,204.05541352517747,28.41622469069511,42.93138017925296,80.01416559396671,-0.2816845152482917,0.17915347,0.08155428269581688,0.09276705,0.1646366801303208,0.16310182,18.296476,904.3905765627728,3.0341523,18.55531,17.769608,0.78570175,2016.0,J133613.30+282458.4,204.055454,+28.416232,17.338,16.924,16.468,15.769,0.015,0.016,0.019,0.020,433797071571,1,2010.1193,-1
0.152386,1449049986314370048,201.21436141184017,26.358000176180187,28.930844796753536,82.50059513372224,-0.13572282596169585,0.19083066,0.006742252642384271,0.12002056,0.10416156094728492,0.1591654,18.25448,940.0583825968077,4.880575,18.381598,17.88188,0.4997177,2016.0,J132451.45+262128.9,201.214396,+26.358029,17.762,17.616,17.205,16.611,0.018,0.024,0.029,0.036,433799225920,1,2010.0865,-1
0.111468,1449065860513459328,201.02531694293032,26.489241499710317,29.77360288390771,82.68521040716384,0.08704747634789588,0.122738175,0.09209256416585043,0.074940056,0.018269656851503287,0.090010196,17.52469,1841.071214984517,4.8168006,17.798468,17.01893,0.7795372,2016.0,J132406.07+262921.3,201.025323,+26.489272,16.403,16.004,15.387,15.040,0.008,0.008,0.007,0.011,433799198668,1,2010.0865,-1
0.216703,1456279374050794752,204.25858909253404,30.92766035181927,56.506047665889575,79.34012729199716,-0.24495024899184847,0.1762369,-0.018851909249062652,0.13502318,0.14831941308473073,0.20051396,18.764967,587.4356629449371,1.7611133,18.876238,18.455687,0.4205513,2016.0,J133702.07+305539.6,204.258658,+30.927672,18.504,18.295,17.826,16.981,0.032,0.040,0.067,0.059,433794288723,1,2010.1440,-1
0.125415,1456293878156247296,203.79824201170723,30.712815918441322,56.049125939623806,79.7823916825834,-0.12249162941572185,0.13751298,0.06860501035887724,0.10096098,0.0579546417011232,0.19375858,18.59164,689.1126032515313,7.1405873,18.33998,17.58971,0.75026894,2016.0,J133511.58+304246.1,203.798280,+30.712828,17.033,16.437,15.570,14.494,0.015,0.015,0.012,0.007,433794502769,1,2010.2781,1
0.115880,1456303941263871232,203.36068100231867,30.705226253803545,56.68321041602433,80.14207956335589,-0.21824897327390985,0.1432455,0.015167016643019712,0.12788163,0.2361536902674124,0.20761164,18.97829,482.6482279920163,1.2041944,19.19144,18.682592,0.5088482,2016.0,J133326.55+304218.7,203.360653,+30.705205,18.473,18.268,17.665,16.805,0.039,0.057,0.062,0.045,433794553164,1,2010.2781,1
0.041094,1456307720835108864,203.59372906697683,30.73680709880341,56.488687116127196,79.94207117558383,-0.1452234370564192,0.088582374,0.04923935053835739,0.07763799,0.12169638324255054,0.1337745,18.048409,1136.5368317277876,2.2178898,18.21652,17.736534,0.4799862,2016.0,J133422.49+304412.5,203.593725,+30.736818,17.447,17.236,16.509,16.257,0.018,0.023,0.023,0.028,433794547289,1,2010.2781,-1
0.190413,1456355687029655296,205.3868869979718,30.22393246981223,51.616874228100784,78.58879412109131,0.1806346211391217,0.2177295,0.04576968013638794,0.12334983,-0.2637397921707275,0.21361132,18.563892,706.95195187223,1.7607619,18.725992,18.194262,0.53173065,2016.0,J134132.86+301326.3,205.386918,+30.223978,18.047,17.674,17.046,16.219,0.032,0.041,0.038,0.028,433795093034,1,2010.2781,-1
0.200921,1441923153806050432,204.82686496124052,22.220799699232415,11.236106122592147,78.07739354066979,0.012406956550483638,0.18752617,0.03822893167927953,0.112660006,-0.030087489511904014,0.19664072,18.72934,607.0312481990078,4.6432204,18.797684,18.393642,0.4040413,2016.0,J133918.46+221314.8,204.826925,+22.220795,18.121,17.454,17.026,16.184,0.033,0.029,0.026,0.025,433803493105,1,2010.1469,1
0.168938,1449168694914607232,201.12063042420422,27.100049878820165,34.59772771118166,82.64801897547795,-0.3051158339386749,0.3155163,-0.2942514478274922,0.18837021,0.07364354352003644,0.28035635,18.854797,540.7887983271106,1.2047638,19.044024,18.42301,0.62101364,2016.0,J132428.96+270600.2,201.120681,+27.100063,18.437,17.952,17.391,16.987,0.043,0.044,0.047,0.064,433798469077,1,2010.1190,-1
0.038848,1456398297400813312,205.9919580236201,30.670855765990247,53.1698895606077,77.9785071559217,-0.07740861002234248,0.3641611,0.035776688762788535,0.23290733,-0.5039863265713399,0.32590452,18.121965,1062.0875642661008,5.7347727,16.835629,15.612466,1.2231627,2016.0,J134358.06+304015.1,205.991954,+30.670866,15.160,14.628,13.996,13.593,0.004,0.004,0.004,0.004,433794689831,1,2010.2781,1
0.222490,1441959235827635712,204.25070843330215,22.21930589432965,10.026030627628254,78.55114623003543,0.0363504381600295,0.1569175,0.1323817304071647,0.08920198,-0.05013668556777767,0.14640649,18.284788,914.1794065443765,3.0278885,18.353163,18.016455,0.33670807,2016.0,J133700.18+221309.4,204.250773,+22.219290,17.882,17.548,16.908,15.815,0.026,0.031,0.023,0.017,433803457015,1,2010.1469,1
0.174353,1441967653962894208,204.5075193076535,22.250692751806934,10.711594681456495,78.3545196207034,-0.00864305071591016,0.20687634,-0.1128174251443883,0.11846754,-0.10207550110783031,0.17611916,18.703997,621.367281459782,1.7148474,18.85723,18.341583,0.515646,2016.0,J133801.81+221502.6,204.507554,+22.250729,17.817,17.661,17.137,16.445,0.027,0.036,0.030,0.032,433803513125,1,2010.1469,-1
0.524499,1456443995852736384,204.69511225303816,30.637305370860094,54.44097440826878,79.06566032255884,-0.06425853546428927,0.117479764,-0.07220560049555105,0.06749643,0.08601567312702661,0.09060174,17.6304,1670.270765241359,5.86185,17.723114,17.408442,0.31467247,2016.0,J133846.85+303814.6,204.695241,+30.637400,17.423,16.678,16.529,15.691,0.020,0.019,0.026,0.019,433794698860,1,2010.2781,-1
0.359444,1456445950065023232,204.69972252674518,30.7489326582394,54.99988427620597,79.03099311921147,-0.41836189966771,0.48416248,0.04779096555551998,0.27844912,-0.3328171029028464,0.41968074,18.63426,662.5870465668986,6.0078487,17.48584,16.254686,1.2311535,2016.0,J133847.95+304456.3,204.699816,+30.748992,15.817,15.276,14.632,14.242,0.006,0.006,0.006,0.006,433794491964,1,2010.2781,1
0.103159,1456452173469647104,205.0640312370692,30.892665272890905,55.257797609436125,78.69032129105163,-0.02581724985524778,0.10656926,0.05274757588243239,0.06066328,-0.01542573518759964,0.094520725,17.494982,1892.1422719474715,1.8785216,17.860043,16.962008,0.89803505,2016.0,J134015.37+305333.6,205.064053,+30.892687,16.809,16.423,16.113,15.650,0.012,0.015,0.019,0.018,433794490125,1,2010.2781,-1
0.279648,1456491304917455488,205.29256715023055,31.28130830536987,56.83771009398002,78.38894315661263,0.21806902217121374,0.12623473,-0.08171635034198257,0.10959867,9.112311949215565E-4,0.14672567,18.493246,754.4807600167295,2.7438993,18.657719,18.178837,0.47888184,2016.0,J134110.23+311652.6,205.292657,+31.281296,18.304,18.125,17.295,16.881,0.028,0.036,0.045,0.055,433794142687,1,2010.1440,-2
0.113770,1456531402731623808,206.4520126774474,31.24971549616707,55.32633321436294,77.4491102801034,0.08268416771344826,0.25553393,0.12908029801148793,0.1748322,0.3137106891778144,0.22846423,18.95966,491.0015508841108,0.9494153,19.277521,18.686987,0.5905342,2016.0,J134548.48+311459.0,206.452026,+31.249745,18.335,18.048,17.260,17.165,0.029,0.035,0.045,0.072,433794130546,2,2010.1440,1
0.131438,1456531402731623808,206.4520126774474,31.24971549616707,55.32633321436294,77.4491102801034,0.08268416771344826,0.25553393,0.12908029801148793,0.1748322,0.3137106891778144,0.22846423,18.95966,491.0015508841108,0.9494153,19.277521,18.686987,0.5905342,2016.0,J134548.47+311459.0,206.451986,+31.249744,18.280,18.048,17.252,16.935,0.028,0.034,0.044,0.059,433794139471,1,2010.1440,-1
0.120050,1456538897449621760,206.64575531826412,31.359386584457773,55.60216102045129,77.25994292500366,-0.1364139344307167,0.16648069,-0.035845313978427475,0.11411059,-0.10184106562944086,0.15958019,18.412794,812.5103594264218,1.5858872,18.303722,17.46681,0.83691216,2016.0,J134634.99+312133.8,206.645792,+31.359398,17.123,16.602,15.755,14.855,0.012,0.010,0.011,0.009,433793963152,1,2010.1440,1
0.268208,1456543192417905280,206.50400544414597,31.43020834696884,56.065115388467945,77.35643391756665,0.34987884810863945,0.6235569,-0.06590476568077433,0.464794,1.1548392299495953,0.6366262,18.824314,556.1873437112627,5.4522,17.129402,15.899467,1.2299347,2016.0,J134600.96+312549.0,206.504033,+31.430279,15.434,14.914,14.285,13.896,0.004,0.003,0.004,0.005,433793962685,1,2010.1440,1
0.103692,1442130652266552960,203.30050393947147,22.47195939799115,9.034165382684638,79.44581928901395,-0.04832593387909566,0.15369302,0.013520271383282937,0.08887254,0.06389188559078798,0.13556212,18.289474,910.2416145442478,1.9268581,18.617311,17.811714,0.8055973,2016.0,J133312.12+222819.0,203.300534,+22.471967,17.440,17.058,16.683,16.287,0.018,0.020,0.020,0.026,433803310010,1,2010.1469,-1
0.034670,1456591055533729280,205.641924975802,31.530839141983915,57.545897645094854,78.0280617346492,0.016804698764738984,0.5185891,-0.099820494428139,0.45236242,1.1345989483596903,0.7059329,18.77545,581.7907505849201,3.0078669,16.463827,15.092781,1.3710461,2016.0,J134234.06+313151.0,205.641936,+31.530841,14.660,14.101,13.473,13.153,0.003,0.002,0.002,0.003,433793954948,1,2010.1440,1
0.158942,1456608162386996608,206.15465520313958,31.668381088449998,57.51945883944674,77.57024093398275,0.016367855464537718,0.12117995,-0.11841695849329925,0.124033436,-0.10997201461793603,0.17199802,18.738333,602.0238434892806,1.1872082,18.992987,18.325205,0.66778183,2016.0,J134437.12+314006.2,206.154706,+31.668390,18.385,17.898,17.402,17.146,0.031,0.034,0.052,0.075,433793721517,1,2010.1440,-1
0.070957,1456614866832098048,206.18471758006407,31.835484534577997,58.21672158354843,77.49332584630457,-0.10365195074921282,0.0658514,-0.05309391744391044,0.07081128,0.07254760834285633,0.0979972,17.799316,1429.618399190455,1.519804,18.136997,17.215101,0.921896,2016.0,J134444.33+315007.7,206.184732,+31.835500,16.771,16.297,15.690,15.315,0.010,0.010,0.013,0.013,433793538320,1,2010.2805,-1
0.218287,1456622524757665280,205.84186625690617,31.807731139566577,58.535828413386014,77.77787531835045,0.03949819547194557,0.091249466,0.11432897173024675,0.09904587,0.03759661848385032,0.1361008,18.145943,1038.8904066565185,3.5048656,18.280947,17.906763,0.37418365,2016.0,J134322.06+314827.9,205.841922,+31.807769,17.951,17.248,17.058,16.173,0.024,0.022,0.044,0.028,433793528633,1,2010.2805,1
0.226177,1442169242548149632,203.7652993395131,22.51465258726595,10.310676628620536,79.08564182577086,0.2051875004624172,0.19318339,-0.08436623033805082,0.12221328,-0.21675047142814888,0.19054258,18.73012,606.5949948893747,1.5377581,18.940016,18.372913,0.56710243,2016.0,J133503.68+223052.8,203.765361,+22.514679,17.923,17.570,17.101,16.680,0.027,0.032,0.030,0.038,433803349077,1,2010.1469,-1
0.206622,1442172438004450816,204.26857660303187,22.391680928759587,10.83826936672077,78.61547229460534,-0.3130125606508075,0.23813279,-0.027981974969150867,0.12743664,-0.035117789609417235,0.23365442,18.908213,514.8274428707042,1.7647959,19.204844,18.50978,0.69506264,2016.0,J133704.47+222330.0,204.268638,+22.391690,18.178,17.764,17.461,17.014,0.032,0.036,0.037,0.049,433803307448,1,2010.1469,-1
0.246978,1442194870616750976,204.04150434507554,22.65612142652159,11.573190464723996,78.92114783254591,-0.0901528128610084,0.1501675,-0.10190076630603044,0.0842566,0.05902500363431035,0.15353355,18.406137,817.5073210241001,1.193501,18.769125,17.849545,0.91958046,2016.0,J133609.97+223922.2,204.041543,+22.656180,17.019,16.834,16.078,15.413,0.015,0.019,0.013,0.014,433803084478,1,2010.1469,-1
0.175255,1456663623301749760,204.67974485144268,31.27052610469409,57.62333443876326,78.88945036870751,0.34273242644576846,0.36065218,0.06420316637843068,0.31617805,-0.488781140805916,0.5147672,18.314775,889.2753923175229,3.5501428,16.055676,14.649254,1.4064217,2016.0,J133843.14+311614.0,204.679767,+31.270571,14.174,13.674,13.001,12.686,0.002,0.002,0.002,0.002,433794123900,1,2010.1440,1
0.147311,1442208511433499776,203.515336867826,22.3965057701033,9.1831321077469,79.23518767768385,-0.035101551404985304,0.09250287,0.06845591639531694,0.060055003,-0.08531838143546006,0.08970855,17.542141,1811.7156335848063,2.840826,17.75002,17.161777,0.5882416,2016.0,J133403.68+222347.5,203.515370,+22.396533,16.967,16.530,16.028,15.604,0.013,0.013,0.012,0.016,433803346659,1,2010.1469,-1
0.242747,1442226898189104640,203.39948862589262,22.638365026637185,10.070425572281016,79.44256768515282,-0.3243964519475616,0.24658535,0.08805637718651993,0.124933064,0.24337240907864385,0.19725147,18.786709,575.7886405067376,0.97772586,19.005596,18.366156,0.63944054,2016.0,J133335.88+223818.3,203.399524,+22.638424,18.160,17.739,17.074,16.514,0.035,0.048,0.031,0.038,433803110338,1,2010.1469,1
0.195715,1456690767495489024,204.74604232132458,31.365117357589387,57.98987422044528,78.80501771121796,0.15957280717609662,0.5879892,0.25640721506076253,0.47881407,-1.3708519721650934,0.7998936,18.618002,672.5835916741404,3.6683106,15.954785,14.61483,1.3399553,2016.0,J133859.05+312154.6,204.746053,+31.365171,14.286,13.778,13.129,12.822,0.002,0.002,0.002,0.002,433793952739,1,2010.1440,1
0.220624,1456690767495489024,204.74604232132458,31.365117357589387,57.98987422044528,78.80501771121796,0.15957280717609662,0.5879892,0.25640721506076253,0.47881407,-1.3708519721650934,0.7998936,18.618002,672.5835916741404,3.6683106,15.954785,14.61483,1.3399553,2016.0,J133859.06+312154.5,204.746095,+31.365159,14.288,13.797,13.089,12.829,0.002,0.002,0.002,0.002,433793917147,2,2010.1440,1
0.043508,1442244142481668096,203.87114002226167,22.774987745934272,11.773261893283724,79.1144678450744,-1.0725333571964465E-4,0.20572278,0.06771165324253123,0.11546543,0.1261888549103824,0.18074282,18.721968,611.1671934426535,1.0272288,19.049843,18.170553,0.8792896,2016.0,J133529.07+224629.9,203.871149,+22.774979,17.787,17.228,16.555,16.252,0.022,0.022,0.017,0.025,433802943455,1,2010.1469,-1
0.147854,1442244142481668096,203.87114002226167,22.774987745934272,11.773261893283724,79.1144678450744,-1.0725333571964465E-4,0.20572278,0.06771165324253123,0.11546543,0.1261888549103824,0.18074282,18.721968,611.1671934426535,1.0272288,19.049843,18.170553,0.8792896,2016.0,J133529.08+224629.8,203.871173,+22.774960,17.788,17.227,16.547,16.254,0.026,0.026,0.019,0.029,433802888345,2,2010.1469,-1
0.343138,1456706671756930432,204.29644443730382,31.180512311669034,57.739079650608424,79.22864793375466,0.1253259987679727,0.14299607,0.04490851240622718,0.12895165,-0.004213523302260602,0.18445598,18.908722,514.5856025877682,0.9914394,19.041979,18.661863,0.3801155,2016.0,J133711.13+311050.1,204.296389,+31.180595,18.323,18.188,17.670,17.055,0.028,0.039,0.065,0.067,433794116954,1,2010.1440,-1
0.112574,1456721583883442688,204.11314326878744,31.273341664488495,58.49276586819063,79.34508603754024,0.16702365126988225,0.11160517,0.046218133717664284,0.11398874,-0.08717954841692621,0.16915767,18.690506,629.1355820393941,1.5016968,18.898048,18.245243,0.6528053,2016.0,J133627.15+311624.1,204.113163,+31.273368,17.824,17.330,17.023,16.053,0.019,0.018,0.033,0.026,433794083811,1,2010.1440,1
0.119602,1442267369665074176,203.78049376997706,23.058606125982482,12.95407848051722,79.31086540260341,-0.24309294974857693,0.14703318,0.02722311506427572,0.082637034,0.07066118227326103,0.1417481,18.261818,933.7266697700043,2.810388,18.349392,18.042763,0.30662918,2016.0,J133507.32+230330.9,203.780526,+23.058591,17.994,17.185,17.026,16.227,0.025,0.020,0.027,0.027,433802695027,1,2010.1576,-1
0.210171,1456740211158579072,204.61249692001414,31.488779121599,58.789469290189544,78.87073314119888,0.04682417254057269,0.13761593,-0.08009689769652288,0.1343092,-0.14259149408536517,0.20285638,18.854382,540.9962502935235,1.017201,19.251902,18.229849,1.0220528,2016.0,J133827.01+312919.7,204.612551,+31.488815,17.670,17.594,16.844,15.790,0.016,0.022,0.027,0.021,433793952344,1,2010.1440,-1
0.126767,1456792055706601728,205.2086643419589,31.652745625670622,58.69556904968389,78.33731581308831,0.11869972139884617,0.14205116,-0.15497361057472714,0.12757389,0.04580938895130744,0.19102398,18.787867,575.1751110694858,2.8251545,18.959154,18.53697,0.422184,2016.0,J134050.08+313909.9,205.208687,+31.652775,19.316,18.521,18.383,17.160,0.068,0.057,0.126,0.076,433793724602,1,2010.1440,1
0.074722,1456872148256922112,204.96598925451596,32.18579889038287,61.52278928653397,78.33729921531786,-0.053145265283516915,0.084432915,-0.022841418051262892,0.07844366,0.026885209575273634,0.124973275,18.00968,1177.8080865884995,4.188473,18.092981,17.630617,0.4623642,2016.0,J133951.84+321108.9,204.966006,+32.185814,17.237,16.866,16.206,15.353,0.013,0.015,0.020,0.015,433793399504,1,2010.2805,-2
0.173400,1456884311604329984,205.2654708820275,32.24162175727076,61.30303842800472,78.08175638748715,-0.0719482621402129,0.09473599,0.0980627010651223,0.09090801,0.004399346297385497,0.12604015,18.290483,909.3966021867345,2.6428206,18.552555,17.848907,0.7036476,2016.0,J134103.72+321429.7,205.265521,+32.241599,17.425,17.256,16.669,15.919,0.016,0.024,0.034,0.026,433793234982,1,2010.2805,-1
0.192752,1456919878229504256,208.09761340602483,30.1989004575695,49.46321266351025,76.2930627813001,-0.07451491926349951,0.22864854,-0.09932333405081614,0.14994116,0.23815144435440525,0.22022437,18.761547,589.2888863010329,1.6950636,18.989172,18.282015,0.70715714,2016.0,J135223.44+301156.0,208.097674,+30.198912,17.964,17.530,16.888,16.589,0.027,0.030,0.035,0.046,433795061732,1,2010.2802,-1
0.116784,1456922592648835584,208.07886219157206,30.27496696668309,49.79111374118792,76.2966893666032,-0.23361964215748465,0.20457262,-0.203239734291754,0.14024958,-0.035056785571528956,0.20144866,18.68189,634.1477083935661,1.2729976,18.82824,18.391594,0.4366455,2016.0,J135218.93+301629.9,208.078896,+30.274981,18.006,17.872,17.473,16.799,0.030,0.039,0.064,0.055,433794871109,1,2010.2802,-1
0.068276,1456942070324640512,208.0838411957551,30.413391524154036,50.363282638388995,76.26891542090408,0.24813342116871598,0.22215101,-0.0090407234493304,0.15549242,-0.3374150626026652,0.20225975,18.73287,605.0604487363162,1.6016885,18.870579,18.430794,0.439785,2016.0,J135220.12+302448.2,208.083854,+30.413407,18.057,17.910,17.227,16.781,0.031,0.040,0.051,0.053,433794871102,1,2010.2802,-1
0.113027,1442487237630705024,202.19337345328546,22.241520637249348,4.998093012728263,80.2169793865876,-0.07998863319810713,0.271379,-0.33756628603890243,0.18932788,-0.23194001805341657,0.22826816,18.997541,474.1656903758833,1.0095365,19.311544,18.555847,0.75569725,2016.0,J132846.41+221429.5,202.193395,+22.241545,18.229,17.779,17.103,16.864,0.035,0.036,0.027,0.042,433803483509,1,2010.1469,-1
0.082299,1442488337142338688,202.15063658911976,22.2765098272524,5.05053272901503,80.26903357742151,0.04599760001432025,0.16473493,-0.15862846808713701,0.11774679,0.13658548173796664,0.13961679,18.043282,1141.9166097578156,2.2078156,18.249626,17.685925,0.5637016,2016.0,J132836.15+221635.4,202.150654,+22.276526,17.187,17.240,16.608,15.898,0.015,0.023,0.018,0.018,433803483578,1,2010.1469,-1
0.193431,1456958734797385472,208.62478355010853,30.549701954810025,50.58269150545974,75.78611318136353,-0.077012892662435,0.17037882,0.14168995823885092,0.11939177,0.12099783582286085,0.13512042,18.331736,875.4926755331353,5.380887,18.330627,17.656282,0.674345,2016.0,J135429.95+303259.0,208.624821,+30.549745,17.584,17.033,16.151,15.118,0.019,0.019,0.018,0.013,433794734588,1,2010.2802,1
0.224212,1456978633381707136,208.53459543910353,30.834623395551667,51.78238779334006,75.80988012165162,1.2276169088268116,0.73003757,-4.979110194085906E-4,0.50227344,-0.6537801300690917,0.7334556,18.638588,659.9512278648093,6.099835,16.44886,15.191414,1.2574463,2016.0,J135408.32+305004.6,208.534668,+30.834624,14.787,14.283,13.622,13.225,0.003,0.003,0.003,0.003,433794521636,1,2010.2802,1
0.318883,1457000997276131200,208.00590408192613,30.770641900838456,51.89462436678991,76.26767708397577,0.008404955754990964,0.22907446,0.1638106273272677,0.15492721,0.10925285168758656,0.20801497,18.89026,523.4108303227362,3.7162597,19.050333,18.435547,0.61478615,2016.0,J135201.43+304614.5,208.005982,+30.770700,18.193,17.143,17.056,16.150,0.038,0.024,0.049,0.035,433794490635,1,2010.2802,-1
0.079813,1442663949765450240,200.0167967484155,22.269906540473567,357.7090739106658,81.88610244615256,-0.04282934417427934,0.23285615,0.2408544786021703,0.14667015,0.3176533710990822,0.23449396,18.979769,481.9916479504922,1.3477812,19.035429,18.645609,0.3898201,2016.0,J132004.02+221611.7,200.016782,+22.269924,18.317,17.729,17.263,16.384,0.035,0.034,0.032,0.032,433803515024,1,2010.1412,1
0.123062,1442663949765450240,200.0167967484155,22.269906540473567,357.7090739106658,81.88610244615256,-0.04282934417427934,0.23285615,0.2408544786021703,0.14667015,0.3176533710990822,0.23449396,18.979769,481.9916479504922,1.3477812,19.035429,18.645609,0.3898201,2016.0,J132004.02+221611.7,200.016770,+22.269930,18.340,17.762,17.233,16.421,0.033,0.034,0.031,0.032,433803530592,2,2010.1414,1
0.147856,1442683126794754816,200.29667727321393,22.270030062652438,358.8186602610142,81.68130327448571,-0.12849301802358037,0.16277307,0.1195309112501673,0.11105831,-0.2524360635234988,0.1495228,18.68114,634.5858638064218,17.129307,18.84312,17.983301,0.8598194,2016.0,J132111.21+221612.1,200.296714,+22.270053,17.179,16.455,15.938,14.922,0.014,0.011,0.010,0.009,433803466363,1,2010.1414,-1
0.118552,1442698966634149248,200.33325776393258,22.562137433403986,0.5988407474042531,81.82723654833279,0.34911996489073455,0.18373114,-0.05403051135643477,0.12927382,0.059844767880887724,0.18414716,18.74272,599.5957741431026,2.6911912,18.974628,18.384552,0.59007645,2016.0,J132119.98+223343.8,200.333271,+22.562168,18.058,17.564,17.083,16.716,0.028,0.033,0.028,0.043,433803089555,1,2010.1414,-2
0.195015,1457159326950480128,208.5224684983525,31.650675679953956,55.01946697643106,75.63931302263582,0.11876412092415002,0.15801288,0.012352832652249651,0.12923928,-0.04364935349702852,0.15542914,18.346083,864.0002722532009,2.8547034,18.506369,18.02987,0.47649956,2016.0,J135405.38+313902.6,208.522457,+31.650729,18.428,18.162,17.067,16.817,0.034,0.044,0.045,0.055,433793785208,1,2010.2803,-1
0.044017,1457168604079829760,208.8061673211486,31.63398506861871,54.71870615152994,75.40918144660372,-0.08447481271884275,0.12631154,0.12541159806465874,0.10625519,-0.15057381488391672,0.12331751,18.171915,1014.3340313143188,1.0547435,18.739368,17.551071,1.1882973,2016.0,J135513.48+313802.3,208.806179,+31.633978,17.057,16.674,16.153,16.161,0.014,0.015,0.022,0.034,433793725888,1,2010.2804,-1
0.127100,1457187433216648832,208.80562021332557,31.765963389161755,55.22659160622449,75.37733682201143,-0.0889841834436237,0.086377084,-0.016012933771441046,0.06945318,0.13167691421153832,0.08417162,17.543493,1809.463052869186,1.872696,17.780022,17.118847,0.6611748,2016.0,J135513.35+314557.5,208.805650,+31.765988,16.848,16.448,15.876,15.545,0.012,0.012,0.018,0.020,433793726273,1,2010.2804,-1
0.137220,1457199600859717376,207.43127323875797,30.857148986828683,52.70127437748918,76.73199187278527,0.004496971210553164,0.22847365,0.10099288611735555,0.15264441,-0.1845104927124508,0.22822866,18.892555,522.3051364772648,2.8874288,19.018396,18.604893,0.41350365,2016.0,J134943.51+305125.7,207.431317,+30.857155,18.486,18.174,17.544,16.801,0.041,0.067,0.055,0.045,433794550979,1,2010.2781,1
0.171521,1457201383270075392,207.36552181361978,30.880848704964638,52.85660973483121,76.78179721376473,0.18988900703969783,0.14420523,0.012715586357141276,0.09590303,-0.1870751772506007,0.14555074,18.155336,1029.9401509211123,1.1565713,19.411488,17.061363,2.3501244,2016.0,J134927.73+305250.9,207.365567,+30.880821,16.227,15.677,15.131,14.414,0.008,0.008,0.007,0.006,433794550736,1,2010.2781,-1
0.122214,1457216402771770112,207.36752537065837,31.028456919460844,53.48265661488786,76.74651106017826,-0.291043211572592,0.26335514,-0.058920675484603474,0.18190701,-0.1413100856914178,0.2311446,18.965557,488.34178844711397,2.4383662,19.06317,18.66699,0.3961792,2016.0,J134928.21+310142.4,207.367565,+31.028459,18.769,18.549,17.789,17.370,0.052,0.070,0.095,0.095,433794326230,1,2010.2803,-1
0.116926,1442779432846344192,200.89589941225702,22.54778425032996,2.541353978042438,81.39144865317685,-0.17292116683193542,0.1739053,-0.027342841428431967,0.11418193,-0.07760828663870882,0.15080467,18.269102,927.4823472033728,1.9939314,18.34054,18.049053,0.29148674,2016.0,J132335.02+223251.9,200.895926,+22.547763,17.997,17.240,17.115,16.349,0.024,0.021,0.026,0.028,433803135564,1,2010.1414,-1
0.526713,1442779432846344192,200.89589941225702,22.54778425032996,2.541353978042438,81.39144865317685,-0.17292116683193542,0.1739053,-0.027342841428431967,0.11418193,-0.07760828663870882,0.15080467,18.269102,927.4823472033728,1.9939314,18.34054,18.049053,0.29148674,2016.0,J132335.02+223251.5,200.895948,+22.547645,,,18.222,16.892,,,0.083,0.049,433803351367,2,2010.1711,-2
0.171049,1457230898285232896,207.41051452761582,31.34356034459931,54.77141634227542,76.63416084275481,-0.15089913571881433,0.29219416,-0.014573591124433911,0.17950138,0.24944771997412843,0.23249534,18.842455,546.9719055967726,1.3925574,19.05417,18.436317,0.61785316,2016.0,J134938.53+312036.9,207.410545,+31.343600,18.307,18.004,17.201,16.865,0.035,0.042,0.057,0.060,433794118104,1,2010.2803,-3
0.306823,1457230898285232896,207.41051452761582,31.34356034459931,54.77141634227542,76.63416084275481,-0.15089913571881433,0.29219416,-0.014573591124433911,0.17950138,0.24944771997412843,0.23249534,18.842455,546.9719055967726,1.3925574,19.05417,18.436317,0.61785316,2016.0,J134938.54+312037.0,207.410592,+31.343614,,19.700,17.299,16.728,,0.177,0.056,0.050,433793956054,2,2010.2804,-1
0.129661,1457234609137155328,207.84947343107282,31.222444942914983,53.87762825656974,76.30000175726852,-0.27655341894732294,0.19354305,0.06592043721216051,0.1278835,0.3060400856114108,0.16620907,18.581974,695.2755005525768,1.3869772,18.742064,18.317286,0.42477798,2016.0,J135123.88+311320.7,207.849506,+31.222422,18.123,17.991,17.348,16.875,0.029,0.039,0.058,0.057,433794086091,1,2010.2803,-1
0.096180,1457243233431085440,207.98691756337416,31.356738319128407,54.308011833907756,76.15394894295254,0.017230399980914687,0.21080971,0.1707754981356649,0.14514467,0.24426262868383863,0.18212093,18.797491,570.0994950428209,1.126206,19.252167,18.124352,1.1278152,2016.0,J135156.85+312124.3,207.986917,+31.356765,18.144,19.602,16.437,15.915,0.030,0.172,0.027,0.026,433794112073,2,2010.2803,-2
0.114738,1457243233431085440,207.98691756337416,31.356738319128407,54.308011833907756,76.15394894295254,0.017230399980914687,0.21080971,0.1707754981356649,0.14514467,0.24426262868383863,0.18212093,18.797491,570.0994950428209,1.126206,19.252167,18.124352,1.1278152,2016.0,J135156.85+312124.3,207.986914,+31.356770,17.403,17.052,16.250,15.856,0.017,0.021,0.024,0.026,433793913367,1,2010.2803,-2
0.316192,1457249418184405248,207.65976507400072,31.284860109271477,54.29963704699911,76.44251374049847,-0.029367758058179184,0.1699982,0.17644971120554334,0.11815676,-0.2804583548396325,0.15003319,18.232882,958.9465321905145,1.5119343,18.344757,17.974163,0.37059402,2016.0,J135038.35+311705.7,207.659833,+31.284926,17.653,17.459,16.978,16.559,0.020,0.026,0.044,0.048,433794134221,1,2010.2803,-1
0.223802,1457255263635856768,207.502643067814,31.456317396786687,55.15415428540848,76.52923510368981,0.07202342687051087,0.19136477,-0.11755213252434274,0.12612529,-0.24003716377101886,0.17450204,18.546568,718.3227982277114,2.8698633,18.603512,18.016737,0.5867748,2016.0,J135000.65+312722.6,207.502711,+31.456295,17.590,17.429,16.761,15.985,0.018,0.024,0.037,0.027,433793941372,1,2010.2803,1
0.311151,1442826372543927296,201.0371513283617,23.018116079879952,5.689091355644077,81.53229164388895,-0.23944969195349503,0.22589488,0.12509195805826212,0.13974099,0.08767357554687301,0.20144181,18.81148,562.8010260906409,1.6894482,19.035748,18.466257,0.56949043,2016.0,J132408.93+230105.4,201.037219,+23.018176,18.248,17.883,17.394,16.986,0.031,0.036,0.038,0.052,433802705101,1,2010.1576,-1
0.195640,1457282506612651520,207.3078050444539,31.48391646055979,55.457461953385014,76.68233954605694,0.06851021783268246,0.17834799,0.247905860487426,0.14782853,-0.11849796812731467,0.1907193,18.731108,606.043492705013,1.0375372,18.835749,18.318405,0.5173435,2016.0,J134913.88+312902.0,207.307868,+31.483908,17.983,17.602,16.882,15.679,0.025,0.027,0.039,0.020,433793955659,1,2010.2803,-1
0.126486,1457308104617627136,207.42471853388767,31.578173203474634,55.73469975335023,76.56109557666244,-0.029901827800331328,0.21220678,-0.1359571470742688,0.1746553,-0.2856267828033312,0.23575655,18.992397,476.4178589547022,0.9127964,19.156036,18.732378,0.42365837,2016.0,J134941.94+313441.3,207.424755,+31.578157,18.491,18.221,17.906,17.288,0.036,0.046,0.098,0.084,433793751070,1,2010.2803,-1
0.095693,1442858666402292736,202.28822714248977,22.230446848032198,5.21373669625816,80.1364941471648,0.1015757221917097,0.15263063,-0.12798451943989686,0.11078747,0.03933636798172064,0.12937047,18.066042,1118.2275509675487,3.6478393,18.222618,17.82743,0.39518738,2016.0,J132909.17+221349.6,202.288246,+22.230467,17.527,17.380,16.878,15.936,0.020,0.026,0.023,0.020,433803469964,1,2010.1469,-1
0.061759,1457336524417080192,207.40003928257337,32.06491019082328,57.758635721109705,76.44196303080905,-0.1300771909599801,0.11603108,-0.008515832301415047,0.14048578,0.01314802093095286,0.19394834,18.767532,586.0492124688342,1.8344413,18.972889,18.397686,0.57520294,2016.0,J134936.01+320353.7,207.400047,+32.064926,18.330,18.115,17.602,17.031,0.030,0.050,0.078,0.065,433793419211,1,2010.2805,-1
0.152619,1442896328971484416,202.7960217071057,22.656576670133976,8.70550723666621,79.94347120393704,0.20499431150292852,0.14446108,0.06419867698214932,0.05941405,-0.21142683789973088,0.12759937,18.011774,1175.539619635957,3.8628483,18.206638,17.63141,0.57522774,2016.0,J133111.04+223923.8,202.796025,+22.656619,16.855,15.967,15.865,15.182,0.012,0.008,0.010,0.011,433803131063,1,2010.1469,-1
0.198553,1457353291970205056,208.25879528135715,31.81317072901022,55.88966721358712,75.8144427212941,0.5462290342060537,0.60981077,-0.3909605137200239,0.5115448,0.42307650122675855,0.5716676,18.7989,569.3592814262618,3.014353,16.656673,15.293545,1.3631287,2016.0,J135302.12+314847.5,208.258837,+31.813213,14.865,14.326,13.630,13.289,0.003,0.003,0.003,0.003,433793545046,1,2010.2805,1
0.138358,1442958000406394368,202.84210025643006,22.997467843890213,10.560246308083974,80.06331344581471,0.07367254502333608,0.1848463,-0.005053084897561743,0.07671713,0.012757922156725957,0.15234213,18.415329,810.6166242052121,1.8668708,18.527641,18.10676,0.42088127,2016.0,J133122.11+225950.8,202.842140,+22.997456,18.025,17.464,17.122,16.185,0.025,0.025,0.029,0.025,433802689723,1,2010.1576,-1
0.321984,1442961573819193216,202.60102993376435,23.06199643105796,10.314173526387073,80.29051918226004,-0.1355634309632496,0.19366787,0.13801013543231208,0.105122276,-0.34996917928894505,0.20723031,18.872633,531.9776088045002,2.3482723,19.173317,18.298944,0.8743725,2016.0,J133024.23+230343.4,202.600990,+23.062078,17.811,17.443,16.708,16.307,0.022,0.027,0.022,0.030,433802720398,1,2010.1576,-1
0.122604,1443026930337723008,203.6639058874061,23.243873075304087,13.632587606719767,79.48473919127873,-0.1017863054311272,0.18811937,0.11867859699543269,0.11837427,0.08235820268045958,0.17502958,18.701036,623.0634656278858,2.7202725,19.13408,18.140194,0.99388695,2016.0,J133439.34+231438.0,203.663930,+23.243899,17.771,17.408,16.701,16.335,0.021,0.024,0.021,0.029,433802488902,1,2010.1576,-2
0.111167,1443038505273442560,203.46281147320744,23.367103899214708,13.844899663223908,79.70342761543363,-0.12322033923730948,0.217884,0.1260877823413219,0.12904577,0.21727026939591168,0.20193271,18.963137,489.4320803190364,1.5234547,19.056694,18.568157,0.48853683,2016.0,J133351.07+232201.6,203.462819,+23.367134,17.884,17.922,17.282,16.371,0.023,0.038,0.035,0.031,433802530618,1,2010.1576,1
0.062702,1443060873462608256,203.0571443526704,23.203806875662476,12.129601025310002,79.97541224096005,-0.1811870402098185,0.2260083,0.008907307085323047,0.11873861,0.17011036096626236,0.21615227,18.971548,485.65458410214325,2.031556,19.195255,18.6093,0.58595467,2016.0,J133213.71+231213.7,203.057163,+23.203810,18.377,17.684,17.548,16.704,0.032,0.030,0.042,0.040,433802686475,1,2010.1576,-1
0.111242,1443060873462608256,203.0571443526704,23.203806875662476,12.129601025310002,79.97541224096005,-0.1811870402098185,0.2260083,0.008907307085323047,0.11873861,0.17011036096626236,0.21615227,18.971548,485.65458410214325,2.031556,19.195255,18.6093,0.58595467,2016.0,J133213.72+231213.7,203.057176,+23.203817,18.408,17.747,17.506,16.758,0.035,0.031,0.042,0.042,433802495453,2,2010.1576,-1
0.086528,1443093790092556928,203.23075365331755,23.522842004942266,14.175225396018396,79.96068362493632,-0.18049484604957422,0.20911667,0.12624425177948306,0.110457115,-0.14187618064651503,0.18745208,18.765493,587.1500034487475,1.3854157,19.11952,18.215654,0.9038658,2016.0,J133255.37+233122.2,203.230734,+23.522858,17.843,17.432,16.809,15.934,0.021,0.024,0.022,0.021,433802326939,1,2010.1576,-1
0.103728,1443115883404397440,203.2667286440257,23.749021237368176,15.449366848676272,80.01712266942293,0.026441923614620083,0.1287367,-0.06001144025900071,0.06475882,-0.08877609597612317,0.11420225,17.996656,1192.0225181874632,2.0300846,18.230913,17.570244,0.6606693,2016.0,J133304.01+234456.5,203.266730,+23.749050,,16.663,16.054,15.777,,0.013,0.012,0.018,433802140316,1,2010.1576,-1
0.404868,1443134472022721152,202.0456126365649,22.99648063557445,8.530194962913935,80.71355626789673,0.204126263054615,0.17997795,0.1717462633365885,0.14153084,-0.09262860267066099,0.1841299,18.666077,643.4519655765532,4.374014,18.961187,18.168266,0.79292107,2016.0,J132810.96+225947.6,202.045697,+22.996562,17.860,17.471,17.037,16.651,0.022,0.026,0.027,0.038,433802681534,1,2010.1576,-1
0.092181,1443150311861780864,201.78789000464343,23.095095762750212,8.368444453945067,80.96910351770062,-0.19586241404228777,0.1836554,0.12920118342833203,0.1442616,0.015718111184785534,0.16327798,18.47575,766.7381269595562,1.996965,18.638994,18.20732,0.43167496,2016.0,J132709.09+230542.3,201.787916,+23.095105,17.770,17.500,17.018,16.065,0.021,0.026,0.027,0.023,433802682504,1,2010.1576,-2
0.658461,1443160933316659712,202.21112489528733,23.164000092375566,9.883642397756429,80.65648259688072,0.07137297441486114,0.20108418,-0.08191299734133145,0.14439982,0.06606643316143608,0.18841456,18.836649,549.9047406386235,1.7921841,19.260649,18.346964,0.91368484,2016.0,J132850.71+230950.5,202.211318,+23.164044,17.893,17.555,17.233,16.843,0.023,0.028,0.033,0.047,433802719270,1,2010.1576,-1
0.325588,1443162685662551040,202.06705379006016,23.154630873225518,9.456633934768023,80.76999690576065,0.19959335718889462,0.1844383,-0.22869828648098095,0.14180963,-0.2575691682763964,0.18791363,18.608435,678.5365375732473,4.3104267,18.723642,17.833714,0.8899288,2016.0,J132816.11+230916.8,202.067143,+23.154669,17.620,17.055,16.131,15.070,0.018,0.018,0.013,0.010,433802681480,1,2010.1576,1
0.050481,1443264459208716800,202.4645280247929,23.40868019239714,11.857346410023654,80.55513168807545,-0.09683365622482032,0.23805243,-0.20656929801975177,0.1338771,-0.08198994673440298,0.19937883,18.916689,510.82368106888845,1.765367,19.050306,18.575218,0.47508812,2016.0,J132951.49+232431.2,202.464542,+23.408686,18.367,17.632,17.265,16.488,0.035,0.031,0.034,0.035,433802532322,1,2010.1576,-1
0.106348,1443274900273204224,202.81198163557735,23.64845994419651,13.965081229059548,80.36290862462268,-0.0020535529162353265,0.21578361,0.004158910844904995,0.08570217,-0.19346661193076675,0.17706588,18.580824,696.0122864081087,2.1625094,18.728954,18.33615,0.3928051,2016.0,J133114.87+233854.5,202.811959,+23.648481,18.162,17.768,17.355,16.614,0.030,0.037,0.038,0.041,433802291518,2,2010.1576,-1
0.249843,1443274900273204224,202.81198163557735,23.64845994419651,13.965081229059548,80.36290862462268,-0.0020535529162353265,0.21578361,0.004158910844904995,0.08570217,-0.19346661193076675,0.17706588,18.580824,696.0122864081087,2.1625094,18.728954,18.33615,0.3928051,2016.0,J133114.89+233854.4,202.812057,+23.648453,,17.691,17.369,16.448,,0.035,0.039,0.035,433802099241,1,2010.1576,1
0.151937,1443287785175133568,202.3663097835729,23.706935745287097,13.300330488671273,80.760566705335,0.0550434655670291,0.14310347,0.07362728966759466,0.108756594,0.17819781544103422,0.13209407,18.183247,1003.8028449773009,1.8898784,18.492207,17.737686,0.7545204,2016.0,J132927.92+234225.0,202.366346,+23.706962,,16.851,16.179,15.909,,0.015,0.013,0.020,433802139545,1,2010.1576,-1
0.129154,1443300910595240576,202.99540815646054,23.78215073987575,15.083357314319109,80.25966742632467,-0.2535363484684927,0.16611879,0.033314022552916406,0.084416576,-0.09271001644341643,0.16068855,18.534245,726.5223672921513,1.9004933,18.703136,18.133108,0.5700283,2016.0,J133158.90+234655.8,202.995442,+23.782169,17.975,17.504,16.989,16.567,0.027,0.029,0.029,0.040,433802080383,1,2010.1576,-1
0.066071,1443365889155952512,202.08502286488786,24.1576121061583,15.317855055266241,81.17156078263753,0.02661575357932704,0.08580675,0.10815771342126698,0.06680986,-0.06634598524340186,0.08507839,17.26674,2334.8058768945953,11.221025,17.383423,16.816406,0.5670166,2016.0,J132820.41+240927.4,202.085043,+24.157613,16.712,16.345,15.606,14.484,0.010,0.010,0.011,0.007,433801714077,1,2010.1631,-1
0.216157,1443384031097853440,202.69312367969127,24.323112401544847,17.54309149064561,80.71092338099592,0.03246668856549047,0.17208308,0.011431703850767534,0.083098106,0.13820563931168836,0.15397383,18.352377,859.0049096383096,1.7545979,18.7584,17.794195,0.9642048,2016.0,J133046.35+241923.4,202.693132,+24.323172,17.464,17.281,16.550,15.790,0.016,0.019,0.021,0.020,433801496577,1,2010.1631,-1
0.173037,1443439174182096256,205.64886634759492,22.381421709370986,13.479894389042794,77.46223469318136,0.02416801603332603,0.16703598,0.0902551789191655,0.1165871,-0.07038248572274085,0.15735461,18.570034,702.963917121134,1.2277567,18.73178,18.148464,0.5833149,2016.0,J134235.72+222253.2,205.648857,+22.381469,18.002,17.733,17.323,16.621,0.030,0.038,0.036,0.037,433803347564,1,2010.1469,1
0.134559,1443448730485608704,205.8833681715348,22.61568465046565,14.867793445100082,77.36063220720781,0.05466260396851291,0.16000192,0.00409419787461891,0.113718145,0.042871324063480834,0.1623143,18.463982,775.0932574668633,0.9668719,18.75027,17.9435,0.8067703,2016.0,J134332.00+223656.5,205.883348,+22.615717,17.365,17.164,16.592,15.735,0.019,0.025,0.020,0.018,433803081658,1,2010.1469,-2
0.029488,1443470407184939136,205.62345544834284,22.831238213379727,15.34529189828251,77.66605091840844,0.10760128702921642,0.15016085,0.055050357763174976,0.10593777,-0.1795446434331019,0.15349686,18.445623,788.3099524872251,2.2349122,18.600515,18.175877,0.42463875,2016.0,J134229.63+224952.4,205.623464,+22.831240,17.760,17.712,17.173,16.545,0.022,0.034,0.029,0.033,433802942094,1,2010.1469,-1
0.044495,1443475531081358464,204.8993842312216,22.43202836224434,12.298325212991308,78.11048392225024,-0.27033924769117956,0.21480934,0.16894031192115494,0.12217964,0.16356293202213698,0.20240204,18.675009,638.1803605872464,0.9270201,18.982456,18.2018,0.7806568,2016.0,J133935.85+222555.2,204.899395,+22.432021,17.981,17.675,17.333,17.259,0.028,0.035,0.035,0.062,433803295407,1,2010.1469,-2
0.155769,1443483193303054208,205.10370329671665,22.544544997702527,13.179276029385495,77.98791505390629,0.2710612139061126,0.17316778,-0.11728802464775401,0.11757413,0.14381188776136836,0.16364937,18.416084,810.0524267030181,2.5243037,18.468964,17.471025,0.99793816,2016.0,J134024.89+223240.4,205.103736,+22.544576,17.122,16.611,15.924,15.055,0.015,0.014,0.011,0.010,433803302659,1,2010.1469,1
0.196490,1443483193303054208,205.10370329671665,22.544544997702527,13.179276029385495,77.98791505390629,0.2710612139061126,0.17316778,-0.11728802464775401,0.11757413,0.14381188776136836,0.16364937,18.416084,810.0524267030181,2.5243037,18.468964,17.471025,0.99793816,2016.0,J134024.90+223240.4,205.103752,+22.544576,17.155,16.698,15.944,15.004,0.015,0.017,0.012,0.010,433803077113,2,2010.1469,1
0.125171,1443508409055703296,204.89443226699308,22.89499369159179,14.347556858237054,78.30809254022778,0.08864012310026344,0.14798374,-0.04609622391266968,0.08563389,0.07956798909645017,0.12756477,18.267563,928.7986574213204,2.2829235,18.5196,17.870098,0.6495018,2016.0,J133934.66+225342.1,204.894426,+22.895028,17.279,17.252,16.680,16.058,0.017,0.028,0.022,0.024,433802880434,1,2010.1469,-1
0.054883,1443518652553958528,205.52018521011215,22.894164096127056,15.443469699162032,77.7782056301365,0.19569772362430665,0.23695633,0.0253028925105274,0.17307672,0.057358110153237996,0.22588326,18.921133,508.7375667692977,2.0236018,19.007599,18.633064,0.3745346,2016.0,J134204.84+225339.0,205.520170,+22.894170,17.866,18.064,17.411,16.759,0.024,0.046,0.036,0.040,433802925684,1,2010.1469,1
0.137336,1443523767858818304,205.37302490174653,23.00729631338745,15.69095192631891,77.94689070430911,-0.04131595719676586,0.40885782,0.43134216826217314,0.23594157,-0.19887644485959458,0.40749982,18.927639,505.6975058455122,1.3428503,18.577343,17.661407,0.9159355,2016.0,J134129.53+230026.3,205.373065,+23.007306,17.277,16.816,16.311,15.650,0.015,0.015,0.021,0.019,433802733445,1,2010.1576,1
0.196469,1443523767858818304,205.37302490174653,23.00729631338745,15.69095192631891,77.94689070430911,-0.04131595719676586,0.40885782,0.43134216826217314,0.23594157,-0.19887644485959458,0.40749982,18.927639,505.6975058455122,1.3428503,18.577343,17.661407,0.9159355,2016.0,J134129.54+230026.2,205.373083,+23.007286,17.227,16.823,16.207,15.616,0.014,0.015,0.019,0.018,433802691124,2,2010.1576,1
0.251581,1443556929302281600,206.2305690107604,23.005526345754202,17.061911331049718,77.21463483189376,-0.2660540210615071,0.1687131,-0.023981840212131754,0.12956207,-0.11214310753181315,0.17107785,18.749863,595.664411607238,1.3646675,19.129086,18.234133,0.8949528,2016.0,J134455.33+230020.1,206.230550,+23.005594,17.690,17.398,17.025,16.933,0.021,0.024,0.038,0.057,433802680837,2,2010.1576,-1
0.275469,1443556929302281600,206.2305690107604,23.005526345754202,17.061911331049718,77.21463483189376,-0.2660540210615071,0.1687131,-0.023981840212131754,0.12956207,-0.11214310753181315,0.17107785,18.749863,595.664411607238,1.3646675,19.129086,18.234133,0.8949528,2016.0,J134455.33+230020.1,206.230551,+23.005601,17.667,17.429,17.177,16.786,0.021,0.026,0.045,0.052,433802721425,1,2010.1576,-1
0.132031,1443686912191983488,204.60951640815517,22.775112955706668,13.268706118273354,78.4986022382644,-0.23709072105401396,0.15034132,0.009340246230705306,0.09303985,-0.2297554169450212,0.15576869,18.247435,946.1789158598161,2.0779903,18.485106,17.89062,0.59448624,2016.0,J133826.28+224630.5,204.609509,+22.775149,17.273,17.220,16.583,15.708,0.015,0.022,0.017,0.016,433802937171,1,2010.1469,-1
0.113578,1443740165490729856,204.8837775585469,23.266796213648558,16.030254544380984,78.46161117980829,0.17814779930809693,0.20951377,-0.03689182895288198,0.12625083,0.04983089503821256,0.1937947,18.865995,535.2398408349985,1.0027978,19.083,18.490654,0.5923462,2016.0,J133932.10+231600.5,204.883770,+23.266827,18.339,18.163,17.777,16.986,0.036,0.046,0.072,0.060,433802510270,1,2010.1576,-1
0.047949,1443759338224235648,204.30248568375902,23.191033129158182,14.625875258568314,78.92561831948227,0.1822411658988621,0.22415566,-0.0016809931123463186,0.14447281,-0.19767941944263154,0.2225712,18.928583,505.258315360844,4.502012,19.14417,18.548367,0.5958042,2016.0,J133712.59+231127.6,204.302499,+23.191028,18.256,18.033,16.889,16.588,0.031,0.043,0.025,0.038,433802751596,1,2010.1576,-1
0.262459,1443778515253936256,204.05066171404275,23.332789495544738,14.836275592802032,79.1939926710497,-0.14282086398905539,0.24032141,0.027376363737444592,0.14414151,-0.08457635522530793,0.19927217,18.77521,581.9197922780776,4.5477324,18.718023,17.67886,1.0391636,2016.0,J133612.16+231958.2,204.050689,+23.332858,17.025,16.522,15.830,15.103,0.013,0.012,0.011,0.011,433802526746,1,2010.1576,1
0.335977,1443778515253936256,204.05066171404275,23.332789495544738,14.836275592802032,79.1939926710497,-0.14282086398905539,0.24032141,0.027376363737444592,0.14414151,-0.08457635522530793,0.19927217,18.77521,581.9197922780776,4.5477324,18.718023,17.67886,1.0391636,2016.0,J133612.16+231958.3,204.050700,+23.332876,17.003,16.492,15.838,15.146,0.012,0.011,0.010,0.011,433802480875,2,2010.1576,1
0.175764,1457414585446908288,207.78909668480728,32.013607734513606,57.140160172258874,76.142095059199,0.09180684842052142,0.05662301,-0.0700868833777508,0.061090555,-0.05491467924007832,0.08074694,17.41345,2039.7028298410419,2.4515538,17.520304,17.204718,0.3155861,2016.0,J135109.39+320049.0,207.789146,+32.013633,17.074,17.034,16.499,15.630,0.012,0.020,0.029,0.019,433793413877,1,2010.2805,-2
0.211592,1457414585446908288,207.78909668480728,32.013607734513606,57.140160172258874,76.142095059199,0.09180684842052142,0.05662301,-0.0700868833777508,0.061090555,-0.05491467924007832,0.08074694,17.41345,2039.7028298410419,2.4515538,17.520304,17.204718,0.3155861,2016.0,J135109.39+320049.1,207.789126,+32.013661,17.022,17.035,16.449,15.651,0.012,0.019,0.028,0.019,433793576643,2,2010.2805,-1
0.152907,1457416032852411904,207.98730250244517,31.961368405585763,56.73324091712635,75.99583182119598,-0.15332590245517136,0.09422338,-0.03376332848759002,0.09209694,-0.030942813219805687,0.103826255,18.0419,1143.370136643143,6.37564,18.17037,17.751143,0.4192276,2016.0,J135156.96+315741.0,207.987336,+31.961400,17.590,16.877,16.730,15.866,0.017,0.016,0.034,0.023,433793532591,1,2010.2805,-1
0.338439,1457439122596553984,207.6779076840447,32.27123391033115,58.28462856603173,76.15495473677831,-0.12171279925929529,0.116799235,0.021830996527254697,0.14570129,0.2373129443173784,0.17509754,18.752407,594.2701335049474,1.5270419,18.921068,18.358437,0.5626316,2016.0,J135042.72+321616.4,207.678018,+32.271245,17.932,17.917,17.545,16.888,0.020,0.037,0.067,0.052,433793262663,1,2010.2805,-1
0.268824,1457443692441804032,208.04784448238536,32.17842132481722,57.52856158602419,75.88441228360865,-0.08072943112747698,0.12223232,0.08762742531914444,0.1515956,-0.273704200409908,0.19002338,18.863327,536.5569088867223,1.2540214,19.056318,18.50689,0.54942894,2016.0,J135211.50+321042.4,208.047926,+32.178450,18.222,18.006,17.717,17.016,0.027,0.043,0.069,0.056,433793366470,1,2010.2805,-1
0.136048,1457502615096095232,209.41291992910143,31.85563721191474,55.07302261673253,74.85501231686888,-0.04551883196717665,0.12646362,0.06350689156486175,0.11864065,0.07505394543206867,0.122320496,18.256388,938.4086968024343,3.4846346,18.471148,17.940756,0.5303917,2016.0,J135739.11+315120.3,209.412963,+31.855647,17.604,17.383,16.851,16.208,0.018,0.025,0.034,0.029,433793549522,1,2010.2806,-1
0.105079,1457506635185496064,209.64681370517218,31.893900453103782,55.03334398511139,74.6530060585138,-0.18395272144437314,0.19086951,-0.24077836349495566,0.16407913,0.22245970468315068,0.18449384,18.86478,535.8395471656634,1.1503445,19.007011,18.552767,0.4542446,2016.0,J135835.24+315338.0,209.646848,+31.893898,18.158,17.947,17.576,16.773,0.027,0.043,0.068,0.051,433793577638,1,2010.2806,-1
0.152831,1457513713292267520,209.8422832934834,31.79390755557562,54.52192052216521,74.51484319308759,-0.14566235116955759,0.13601263,-0.20062073212482273,0.12206299,-0.040894426861061,0.12646028,18.300219,901.2788088531529,3.1681128,18.396103,18.006435,0.3896675,2016.0,J135922.16+314738.0,209.842333,+31.793911,17.652,17.389,16.836,15.878,0.019,0.026,0.035,0.023,433793590969,1,2010.2806,1
0.183453,1457513713292267520,209.8422832934834,31.79390755557562,54.52192052216521,74.51484319308759,-0.14566235116955759,0.13601263,-0.20062073212482273,0.12206299,-0.040894426861061,0.12646028,18.300219,901.2788088531529,3.1681128,18.396103,18.006435,0.3896675,2016.0,J135922.15+314738.2,209.842324,+31.793945,17.653,17.426,16.794,15.864,0.022,0.030,0.041,0.026,433793733226,2,2010.2804,1
0.037414,1457531511636398080,209.6765211872742,31.99386484685134,55.37645613866845,74.60446153618935,-0.0938325806520633,0.17188197,0.06358378945575367,0.14173849,0.1499226853651373,0.16536814,18.680965,634.6884688444813,1.6305165,18.886791,18.270948,0.6158428,2016.0,J135842.36+315937.9,209.676533,+31.993862,18.231,17.810,17.137,16.866,0.028,0.038,0.046,0.055,433793577298,1,2010.2806,-1
0.146121,1457551268485920640,209.26182870004695,31.916088629657715,55.418636543120456,74.9646365874672,0.0625938476711147,0.15445082,-0.024327097239489212,0.13080955,-0.18669597760909834,0.14107774,18.543945,720.0596576759935,1.1753807,18.697462,18.188335,0.50912666,2016.0,J135702.85+315457.9,209.261876,+31.916094,17.903,17.585,17.032,16.314,0.022,0.030,0.040,0.032,433793549888,1,2010.2806,-1
0.134600,1457575874355004800,209.1978170529552,32.202793417042805,56.53966376724169,74.94327157169899,-0.13211412759917926,0.111292355,0.017264454630409837,0.117365755,-0.04069753894270311,0.1408619,18.464628,774.6326745644321,1.669614,18.676882,18.110807,0.5660744,2016.0,J135647.48+321210.0,209.197859,+32.202805,17.655,17.485,16.983,16.239,0.018,0.028,0.037,0.030,433793371470,1,2010.2806,-1
0.177376,1457611402324508672,209.51311764088877,32.584076479526914,57.65678854565318,74.58261359809208,-0.18605545063026513,0.3206921,0.10091318595002485,0.39046657,-0.6129867413042162,0.5001434,18.572454,701.3991656875385,3.613581,17.080034,15.665796,1.414238,2016.0,J135803.15+323502.8,209.513157,+32.584113,15.142,14.558,13.908,13.519,0.004,0.003,0.003,0.004,433793085577,1,2010.2806,1
0.063287,1457713721328657408,209.75729336974263,32.909459531719875,58.59719466049419,74.2920968322964,-0.012895812429189081,0.118440986,-1.0059638377732303E-4,0.1631604,-0.004471166810960728,0.17416263,18.85253,541.9193828807834,2.9721446,19.058687,18.409092,0.64959526,2016.0,J135901.74+325434.0,209.757274,+32.909453,18.380,18.005,17.323,16.955,0.039,0.050,0.042,0.059,433792789545,1,2010.2808,-1
0.106751,1457767185081703424,208.83072097542856,32.37703865300359,57.52244268604248,75.19336034057005,0.16464781995607308,0.11580864,0.008871745122558132,0.12792346,-0.1242574602659155,0.16239652,18.614868,674.5268772967112,1.395521,18.885864,18.226093,0.65977097,2016.0,J135519.38+322237.3,208.830755,+32.377046,17.984,17.771,17.361,16.812,0.022,0.034,0.054,0.051,433793275415,1,2010.2805,-1
0.130657,1457807184115915392,209.44780519579285,32.86308278629356,58.720072991219425,74.55402477070449,-0.05824064613322619,0.108543836,0.049946446627688885,0.16107076,0.25916063400337436,0.196624,18.728441,607.5335994719331,1.4820739,18.760368,18.42243,0.3379383,2016.0,J135747.48+325147.1,209.447842,+32.863102,18.155,17.556,16.970,16.052,0.030,0.030,0.029,0.025,433792881214,1,2010.2808,1
0.142609,1457807184115915392,209.44780519579285,32.86308278629356,58.720072991219425,74.55402477070449,-0.05824064613322619,0.108543836,0.049946446627688885,0.16107076,0.25916063400337436,0.196624,18.728441,607.5335994719331,1.4820739,18.760368,18.42243,0.3379383,2016.0,J135747.47+325147.2,209.447829,+32.863117,,,16.956,16.120,,,0.029,0.028,433792903777,2,2010.3376,-2
0.152881,1457889888006045952,208.62787767530355,33.229699689011895,60.88834773071379,75.08747546928296,0.03246303782832066,0.067731895,0.027255561711970726,0.07894792,-0.17804861599077992,0.09726074,17.95722,1236.1137895886254,1.0668601,18.035929,17.654108,0.38182068,2016.0,J135430.69+331347.0,208.627897,+33.229739,17.490,16.956,16.450,15.550,0.019,0.021,0.020,0.018,433792623700,1,2010.2808,-1
0.042609,1457911946956665984,209.76257619047823,33.14371275134299,59.41536368998345,74.21724780942392,-0.4432502376996858,0.398881,-0.09756390716513802,0.48834157,-0.4772640066101725,0.60081947,18.809181,563.9932561800658,2.3418934,16.838371,15.6207905,1.2175808,2016.0,J135903.02+330837.3,209.762585,+33.143722,15.203,14.684,14.020,13.642,0.004,0.003,0.003,0.004,433792670563,1,2010.2808,1
0.123642,1457948226543151360,209.98413829822636,33.457938375270764,60.29103676224874,73.94276201770809,0.025943635156598983,0.10166864,0.046986344235011857,0.12579583,-0.12809727752437375,0.14419612,18.637041,660.8916652893668,1.2718265,18.863974,18.237005,0.6269684,2016.0,J135956.19+332728.4,209.984155,+33.457907,17.957,17.566,16.910,16.666,0.025,0.031,0.027,0.043,433792566531,1,2010.2808,-1
0.298792,1457958225227053312,209.56358513602842,33.5193202994959,60.9212000678876,74.25417635367486,0.08737316394909267,0.12630709,0.05517751577264096,0.16458021,-0.07510609551231347,0.2039341,18.730062,606.6268042609755,2.3969963,18.804354,18.477127,0.32722664,2016.0,J135815.28+333109.6,209.563681,+33.519343,18.257,17.369,17.245,16.412,0.037,0.031,0.042,0.039,433792530383,1,2010.2808,-1
0.199830,1458036702869741440,209.51609729075398,34.048353448798956,62.790563730698445,74.10665412562659,0.0833260257999155,0.10510871,-0.009146773785973974,0.118308656,-0.17504159782900688,0.1418452,18.198942,989.3946551729148,2.5387878,18.280504,17.770494,0.51000977,2016.0,J135803.87+340254.2,209.516143,+34.048394,16.757,16.903,16.242,,0.014,0.022,0.018,,433792271996,1,2010.3156,1
0.164772,1458037978476915712,209.41643924180835,34.08943400407233,63.040982706375814,74.1684417381466,7.611491797681891E-4,0.09045323,0.1216571822510187,0.09905425,-0.014188663953109963,0.124706075,18.085703,1098.1592823684286,2.677365,18.277622,17.696766,0.5808563,2016.0,J135739.95+340522.0,209.416483,+34.089462,17.370,17.014,16.750,,0.023,0.024,0.028,,433792272057,1,2010.3156,1
0.356774,1458058869198681472,206.55889135009062,31.64703334671938,56.94756211783637,77.24881887101544,-0.0403251094124176,0.117787376,-0.013202066157715811,0.11336925,0.09513575431468593,0.14451374,18.418833,808.0035589735485,1.5231613,18.54672,18.112371,0.43434906,2016.0,J134614.15+313849.5,206.558987,+31.647090,17.736,17.685,17.137,16.200,0.017,0.023,0.037,0.029,433793760962,1,2010.1440,-1
0.260328,1458135040440579072,206.19007163949783,32.120894388041656,59.44893940156816,77.3947076710644,0.047511352819964194,0.09856423,-0.020566456043994215,0.10608129,-0.025195807994136583,0.15341811,18.527155,731.2813929160741,2.1548471,18.63182,18.127651,0.50416946,2016.0,J134445.63+320715.3,206.190152,+32.120919,18.161,17.452,16.964,,0.027,0.026,0.045,,433793439805,1,2010.2805,1
0.119619,1458152666986409088,206.7422441083281,32.292312943561846,59.46412172800375,76.89705530685495,-0.14818055961734558,0.12986186,0.0930972708197528,0.1389635,-0.19317575311066135,0.18630163,18.892145,522.5025042651366,1.7087173,19.106388,18.459032,0.64735603,2016.0,J134658.14+321732.3,206.742282,+32.292322,18.351,18.272,17.711,17.258,0.030,0.050,0.072,0.071,433793259615,1,2010.2805,-1
0.076121,1458158718598392192,207.0024806426914,32.479442924099864,59.90861310175974,76.62695864476201,0.03413496020798086,0.12939431,0.10719612391441964,0.14001173,0.3436944065320314,0.20412047,18.885963,525.4858082624352,3.0817964,18.972143,18.544058,0.42808533,2016.0,J134800.60+322846.0,207.002502,+32.479454,19.145,18.404,18.025,17.247,0.062,0.071,0.117,0.082,433793041100,1,2010.2805,-1
0.102802,1458261832173332224,207.2075471427949,32.73396248376575,60.675856686362465,76.37685255169774,-0.0048231492820379265,0.07839525,0.12388422507362404,0.08949759,0.11706129026569465,0.114832036,18.13596,1048.4858021725536,2.838444,18.272326,17.726984,0.5453415,2016.0,J134849.81+324402.2,207.207581,+32.733961,17.238,16.998,16.498,15.513,0.016,0.021,0.019,0.016,433792902809,1,2010.2808,1
0.037100,1458282276217635456,206.9899208661049,32.89836400435638,61.61003563311956,76.48845473944237,-0.011705214091564907,0.13663287,-0.2462390225883147,0.13747828,0.139593629203142,0.17760521,18.804932,566.205288798481,1.2676668,19.00473,18.42535,0.57938004,2016.0,J134757.57+325354.1,206.989915,+32.898373,18.349,17.882,17.278,16.865,0.039,0.045,0.037,0.054,433792777655,1,2010.2808,-1
