angDist,source_id,ra,dec,l,b,pmra,pmra_error,pmdec,pmdec_error,parallax,parallax_error,phot_g_mean_mag,phot_g_mean_flux,phot_g_mean_flux_error,phot_bp_mean_mag,phot_rp_mean_mag,bp_rp,ref_epoch,AllWISE,RAJ2000,DEJ2000,eeMaj,eeMin,eePA,W1mag,W2mag,W3mag,W4mag,Jmag,Hmag,Kmag,e_W1mag,e_W2mag,e_W3mag,e_W4mag,e_Jmag,e_Hmag,e_Kmag,ID,ccf,ex,var,qph,pmRA,e_pmRA,pmDE,e_pmDE,d2M
1.420064,3961812627084176896,192.48112004095455,27.39421704043421,174.50910475477832,89.57121226393568,0.009883360749010459,0.25118494,-0.21547182972221574,0.27279872,-0.0329139437898036,0.27559903,18.999037,473.5129013334513,1.8930101,19.349358,18.670874,0.67848396,2016.0,J124955.57+272339.5,192.4815493,+27.3943189,0.1120,0.1021,10.1,15.662,14.746,11.681,8.721,,,,0.044,0.059,0.210,0.366,,,,1926127201351034584,0000,0,00nn,AABC,329,362,-45,397,
0.259838,3961816612813792384,192.19224481825466,27.28963966651746,197.56463448327406,89.3850433887656,0.03320057637455316,0.26906967,0.015861384807989435,0.23336239,-0.24570231259041064,0.25233403,18.957657,491.9078689223363,1.3944107,19.28057,18.442305,0.83826447,2016.0,J124846.15+271722.7,192.1923244,+27.2896541,0.0771,0.0725,3.6,15.235,13.944,10.921,8.418,,,,0.037,0.039,0.095,0.257,,,,1926127201351034505,0000,0,110n,AAAB,175,230,313,248,
0.239340,3961825374547123584,192.35819347034032,27.44292963213195,177.58227602819514,89.45456351029668,-0.11262062940933792,0.15370266,0.07985631006844035,0.17717198,-0.18773900813109087,0.18057047,18.291658,908.4137726173022,2.4543748,18.427168,18.020786,0.4063816,2016.0,J124925.94+272634.4,192.3581214,+27.4429115,0.0630,0.0598,173.6,14.816,13.451,10.520,8.202,,,,0.031,0.032,0.075,0.291,,,,1926127201351042024,0000,0,000n,AAAB,246,188,29,199,
0.359386,3961943232745599744,193.0086752184355,27.838502740695052,112.41011692949155,89.27752015738534,-0.09122360954451551,0.24144113,0.08806330608743047,0.23094925,0.2708187950899402,0.2426229,18.830465,553.0455653813619,3.3429816,19.016724,18.497908,0.518816,2016.0,J125202.07+275018.2,193.0086519,+27.8384051,0.1281,0.1162,17.2,15.938,14.766,11.362,9.199,,,,0.052,0.064,0.150,0.541,,,,1926127201351055082,0000,0,00nn,AABC,534,420,676,457,
0.068840,3961953403228165376,193.2045067403104,28.065665589079853,104.94596699220533,89.01397722992519,0.17774694875770805,0.23135513,-0.01541635265338113,0.28027463,-0.3287562905598157,0.24554487,18.914669,511.7749179152201,1.8278944,19.017519,18.642462,0.37505722,2016.0,J125249.08+280356.4,193.2045100,+28.0656845,0.0814,0.0765,11.5,15.255,14.247,11.500,8.572,,,,0.035,0.044,0.173,,,,,1937128701351007631,0000,0,11nn,AABU,386,239,20,258,
0.053872,3961955121215050496,192.80109750698728,27.872884893267305,126.89669858950111,89.25356660848887,0.21069963447524215,0.21191916,-0.19311186528642002,0.18466066,-0.02303506427605964,0.19263923,18.779465,579.6436764487613,1.2988763,18.959818,18.479593,0.4802246,2016.0,J125112.25+275222.4,192.8010828,+27.8728924,0.0743,0.0700,5.0,15.213,13.974,11.243,8.873,,,,0.034,0.039,0.137,0.444,,,,1926127201351057778,0000,0,00nn,AABC,238,215,231,233,
0.202966,3961971265996658816,193.01430524252257,28.259513040860785,116.05824503354128,88.86046134992577,-0.11130896952314874,0.24125515,0.33062021588943313,0.22369264,0.1998977301618584,0.24060594,18.92032,509.11801572606566,1.7203153,19.078703,18.59476,0.48394203,2016.0,J125203.42+281534.0,193.0142725,+28.2594646,0.1326,0.1211,16.0,16.042,14.779,11.963,9.016,,,,0.056,0.060,0.263,,,,,1937128701351010223,0000,0,01nn,AABU,607,431,-620,470,
0.252471,3961994080863232000,192.11271800208098,27.940211420243806,161.95825665772637,88.95226488891284,0.17020798709957904,0.22293267,0.04991630066482394,0.216458,0.007777129549632746,0.22105636,18.834103,551.1953630573264,2.7731004,18.918863,18.590479,0.3283844,2016.0,J124827.03+275624.9,192.1126647,+27.9402634,0.0702,0.0667,12.8,14.930,14.000,11.726,9.081,,,,0.032,0.039,0.217,0.457,,,,1926127201351063255,0000,0,11nn,AABC,275,177,336,191,
0.723751,3962003224848695936,192.25699551316006,28.145237559715884,150.48450652179577,88.85146484377195,-0.2634053762645877,0.2850581,-0.2887513910676987,0.32619625,0.22047776119688414,0.3398895,17.630808,1669.6443273228992,18.897467,16.20776,15.09155,1.11621,2016.0,J124901.73+280842.8,192.2572235,+28.1452407,0.0649,0.0437,78.6,12.511,12.420,10.915,8.432,13.872,13.245,12.829,0.032,0.035,0.156,,0.037,0.049,0.040,1920128701351002638,0000,4,nnnn,AABU,26,49,140,50,0.551
0.145039,3962026829988970496,192.57476069861775,28.265414560235417,135.36561987609707,88.83522887367154,-0.21453136735561545,0.21828035,-0.10477925869051191,0.21743697,0.12536277624956388,0.22244015,18.983345,480.40665896842427,1.6372684,19.14342,18.680904,0.46251488,2016.0,J125017.94+281555.3,192.5747837,+28.2653797,0.1447,0.1317,21.8,16.166,15.323,12.122,8.810,,,,0.054,0.085,0.294,,,,,1920128701351000259,0000,0,0nnn,AABU,-402,487,183,524,
0.094512,3962030055509187840,192.32670532338662,28.295448586388574,144.8121204516561,88.7411095635911,-0.04021649406255187,0.14732558,0.29748150792811107,0.16956219,-0.005792778424864117,0.14751525,18.204914,983.9677239137532,4.5827456,18.315119,17.81761,0.497509,2016.0,J124918.41+281743.6,192.3267351,+28.2954487,0.0763,0.0717,14.9,15.280,13.835,10.514,8.603,,,,0.038,0.036,0.077,0.322,,,,1920128701351002702,0000,0,000n,AAAB,309,242,495,256,
0.028965,3962252367311419776,190.91423620129905,27.55107334806104,198.73666713260866,88.22108530279652,0.032879961603519185,0.14245564,-0.0973808208821501,0.13845329,-0.21042645838087937,0.13682094,18.135443,1048.9854342799197,7.4677753,18.110298,17.509462,0.6008358,2016.0,J124339.41+273303.8,190.9142271,+27.5510732,0.0448,0.0437,142.6,13.785,12.820,10.211,7.943,,,,0.025,0.024,0.067,0.205,,,,1909127201351046009,0000,0,000n,AAAB,245,118,222,117,
0.059620,3962255008715515648,190.17766293724276,27.094101990329886,213.14016133686096,87.61265154842678,0.058321841522630785,0.17500463,-0.17508009246356476,0.19164202,0.1838776109147211,0.17943664,18.49765,751.4271969060025,3.1916585,18.638775,18.231548,0.40722656,2016.0,J124042.63+270538.7,190.1776515,+27.0940889,0.0684,0.0650,178.3,14.890,13.654,10.957,8.863,,,,0.033,0.035,0.113,0.472,,,,1909127201351013610,0000,0,011n,AABC,104,197,38,209,
0.072075,3962263495571199744,190.4062878703625,27.243653964172072,209.34466199619382,87.81480187529243,0.16374482902614934,0.22277705,-0.32219088896502257,0.20776607,-0.13620825577942333,0.24030337,18.825691,555.4827667932593,3.1311557,18.78431,18.47187,0.31243896,2016.0,J124137.51+271437.2,190.4063050,+27.2436670,0.0589,0.0554,179.8,14.455,13.350,10.547,8.180,,,,0.030,0.032,0.077,0.277,,,,1909127201351037862,0000,0,110n,AAAB,180,152,71,164,
0.234222,3962281912391047680,190.29763847314703,27.427058531553154,204.86973359323093,87.70356662389837,0.04976251099821517,0.16318093,0.07974601713896576,0.18676604,-0.09730622336325442,0.20170869,18.437654,794.1175153798338,2.9769528,18.699415,18.05289,0.6465244,2016.0,J124111.42+272537.5,190.2975906,+27.4271078,0.0784,0.0729,10.1,15.239,13.949,11.029,8.698,,,,0.037,0.038,0.115,0.329,,,,1909127201351040470,0000,0,000n,AABB,112,233,-190,252,
0.030022,3962475671250959616,190.17583997901104,27.604642978932446,201.01330219851516,87.56961126297979,0.21358109547886506,0.19078144,0.09142477805902473,0.17952095,-0.1170932593805768,0.17762248,18.449186,785.7278963656648,1.4667413,18.645552,18.05641,0.58914185,2016.0,J124042.20+273616.7,190.1758482,+27.6046390,0.0722,0.0683,11.9,15.233,13.877,10.599,8.912,,,,0.036,0.035,0.078,0.382,,,,1909127201351040451,0000,0,110n,AAAC,321,224,153,240,
0.081289,3962476152287281664,190.0489646890551,27.599240583240032,201.60222042835522,87.45997955946304,0.09827692325736358,0.24499547,0.029290192820945315,0.2353204,0.13909292607425477,0.23283976,18.712246,616.6636415467855,1.756248,19.003225,18.222427,0.78079796,2016.0,J124011.75+273557.1,190.0489751,+27.5992200,0.0802,0.0745,7.5,15.334,13.904,10.605,8.836,,,,0.040,0.037,0.089,0.442,,,,1892127201351050517,0000,0,000n,AAAC,-73,246,369,268,
0.341760,3962635336659952384,191.31753552518774,27.831309403632908,185.3771324116089,88.46195738879938,0.13685856441235092,0.21299517,0.18906111101858608,0.26615563,-0.18257851259720903,0.2754244,18.840492,547.9613078758108,1.5840664,19.017399,18.470764,0.5466347,2016.0,J124516.20+274952.3,191.3175277,+27.8312147,0.1253,0.1134,17.2,15.904,14.802,11.363,8.683,,,,0.050,0.065,0.187,,,,,1909127201351056643,0000,0,01nn,AABU,-309,405,999,443,
0.035150,3962661797953737984,191.52801692965318,28.014561889813827,175.72057809068895,88.52403021626594,0.1803054620592977,0.22636437,0.02131884595700466,0.17791472,-0.06415287400852442,0.19487616,18.581806,695.3832663057121,4.599595,18.623392,18.260948,0.36244392,2016.0,J124606.72+280052.4,191.5280119,+28.0145706,0.0697,0.0663,4.9,14.973,13.857,10.925,8.561,,,,0.033,0.036,0.108,0.355,,,,1909127201351054028,0000,0,110n,AAAB,244,202,222,218,
0.047574,3962679660722395904,190.83290235964077,27.742178656022073,193.6207658155985,88.09949101903419,0.1426872161268329,0.16732232,-0.08621192844660003,0.15892026,-0.043751979114547666,0.18433383,18.498423,750.8923464824186,3.2509716,18.535973,18.102604,0.43336868,2016.0,J124319.89+274431.7,190.8328973,+27.7421662,0.0547,0.0544,160.8,14.412,13.262,10.258,7.704,,,,0.029,0.029,0.070,0.208,,,,1909127201351059237,0000,0,001n,AAAB,28,188,135,178,
0.154143,3962714089179959936,191.29556396375006,28.162071336231612,175.83942203080346,88.27143588283349,-0.1313656400471822,0.16018136,0.07733641053167638,0.13967165,-0.002421279583344052,0.15500858,18.112965,1070.929075707206,2.2507896,18.424837,17.647438,0.77739906,2016.0,J124510.93+280943.3,191.2955471,+28.1620312,0.0607,0.0577,171.3,14.752,13.498,10.702,8.070,16.848,15.876,15.456,0.031,0.031,0.089,0.177,0.149,,,1920128701351010471,0000,0,110n,AAAB,47,172,244,183,0.097
0.094224,3962736564744365184,191.08922448407455,28.43429022338938,172.69781290612008,87.96076007144156,0.025538516397410317,0.13138063,-0.16181450752439408,0.15884794,-0.06327696482287974,0.15471554,18.12011,1063.9059337822832,4.5789876,18.296793,17.787712,0.5090809,2016.0,J124421.41+282603.5,191.0892245,+28.4343164,0.0721,0.0684,9.3,14.993,13.910,11.299,8.334,,,,0.033,0.039,0.154,,,,,1902128701351024275,0000,0,00nn,AABU,88,203,319,219,
0.055068,3962778410610155648,191.87051346379621,28.535382689846298,154.56420213107222,88.34325284785452,0.13189376138288905,0.26617137,0.2923665331065223,0.21462029,-0.03953383438462773,0.23552376,18.893202,521.9942393397712,1.8121908,19.104597,18.56545,0.5391464,2016.0,J124728.92+283207.3,191.8705243,+28.5353707,0.1411,0.1295,23.0,16.089,15.187,11.428,9.190,,,,0.055,0.083,0.171,,,,,1920128701351018448,0000,0,0nnn,AABU,290,487,333,521,
0.225662,3962813633637592320,192.30173138994502,28.806015606537233,139.1646956650615,88.25141986502727,-0.02350770006281797,0.16970907,-0.15959533807105325,0.1872229,-0.17809673246722124,0.18453501,18.562485,707.869329329706,1.5201303,18.882427,18.086498,0.79592896,2016.0,J124912.43+284821.7,192.3017946,+28.8060449,0.0974,0.0911,10.7,15.547,14.409,11.850,8.799,,,,0.042,0.048,0.251,0.506,,,,1920128701351029170,0000,0,00nn,AABC,320,300,456,322,
0.082549,3962842014781417216,191.39731764386897,28.761884224157004,160.92419094030564,87.91746680005889,-0.40053756657757233,0.48094985,0.5094028391755923,0.46447292,-0.3089756336987398,0.4959125,18.319273,885.5992395646575,4.431742,16.682001,15.54203,1.1399708,2016.0,J124535.35+284542.8,191.3973303,+28.7619043,0.0430,0.0420,129.6,12.656,12.661,10.405,8.203,14.306,13.553,13.300,0.024,0.025,0.070,0.229,0.052,0.057,0.048,1920128701351036958,0000,5,110n,AAAB,53,73,16,69,0.107
0.020647,3962845446459824768,191.72028299801815,28.826392604392183,153.31099796110425,88.02624554922627,-0.10376063849026533,0.1846149,0.04460606098146913,0.19387844,-0.059100610818143814,0.21840136,18.840807,547.802190157817,2.3117437,18.9981,18.532623,0.465477,2016.0,J124652.86+284935.0,191.7202882,+28.8263891,0.1108,0.1033,11.6,15.775,14.667,12.179,8.526,,,,0.046,0.057,0.362,,,,,1920128701351034552,0000,0,01nn,AACU,527,351,331,381,
0.139283,3962874342999850368,191.67444646155465,28.985125135117606,152.04286491377914,87.86893512522853,0.017486742343423043,0.17485529,0.15587604722608087,0.16684645,-0.054497854036582034,0.18796517,18.725357,609.2612594692755,1.9698632,18.785717,18.367447,0.4182701,2016.0,J124641.86+285906.5,191.6744478,+28.9851638,0.0581,0.0568,176.8,14.523,13.356,10.564,7.828,,,,0.029,0.031,0.081,0.219,,,,1920128701351042493,0000,0,110n,AAAB,238,162,262,168,
0.119753,3962880669487104512,192.09369550006608,29.17374220566088,141.01997314090724,87.84597147800575,-0.022476699831548465,0.12399939,0.29502615381932545,0.1591375,-0.1057079920795658,0.12763536,18.040459,1144.8893527703153,2.529504,18.22432,17.627274,0.5970459,2016.0,J124822.48+291025.5,192.0936918,+29.1737753,0.0591,0.0568,12.7,14.812,13.404,10.288,8.093,,,,0.031,0.030,0.061,0.278,,,,1920128701351045021,0000,0,000n,AAAB,276,198,285,188,
0.098229,3962961341857166208,190.08803328822896,28.42756096938772,184.37270387819996,87.22509168498586,0.004728825766234025,0.12186648,0.023135649178312328,0.11878034,0.15573901823710917,0.11321998,17.947172,1247.607714907014,2.6573048,18.189177,17.522358,0.6668186,2016.0,J124021.12+282539.3,190.0880365,+28.4275881,0.0602,0.0558,162.3,14.590,13.301,10.450,7.837,,,,0.030,0.031,0.082,0.215,,,,1902128701351015885,0000,0,nnnn,AAAB,469,159,-33,165,
0.096225,3962984431601401344,190.13234616748412,28.730060545039965,178.68337008823588,87.1068118528675,-0.08343046738861208,0.17102489,-0.19207517530903176,0.16389611,0.033182830020624984,0.15845565,18.416943,809.4120021139393,1.7457561,18.621214,18.08773,0.5334835,2016.0,J124031.76+284348.3,190.1323534,+28.7300865,0.0867,0.0810,15.5,15.448,14.272,10.875,8.313,17.497,16.185,15.595,0.039,0.044,0.105,,0.243,0.201,0.179,1902128701351032170,0000,0,011n,AAAU,172,282,-312,302,0.307
0.248564,3962985050076702336,190.2129969530925,28.778990614636797,177.08995233590753,87.13837014591559,0.2282553968303447,0.26591074,0.08471556073841505,0.23847999,-0.2389511661113906,0.22637072,18.99449,475.50018393043143,1.1856142,19.352636,18.505535,0.8471012,2016.0,J124051.10+284644.2,190.2129269,+28.7789591,0.1514,0.1400,17.8,16.175,15.227,11.541,8.506,,,,0.058,0.085,0.184,,,,,1902128701351032275,0000,0,00nn,AABU,-157,540,-412,576,
0.069147,3963009862103590656,190.37353263286423,28.869995596516166,173.92123292700717,87.19807946468256,0.06739911213969105,0.084281,0.015595196042903523,0.08185305,-0.010678014967512167,0.074808605,17.250868,2369.189419843364,14.947486,17.36858,17.013687,0.35489273,2016.0,J124129.64+285212.0,190.3735317,+28.8700148,0.0406,0.0400,125.7,13.437,12.154,9.283,7.083,16.497,15.584,14.806,0.025,0.023,0.034,0.096,0.111,0.116,0.078,1902128701351032100,0000,0,0110,AAAA,153,59,106,200,0.020
0.123923,3963046008548774656,191.0143440001167,28.900999246337193,165.08128357190333,87.59258762591404,0.16579990061880012,0.5649197,-0.056850916699898134,0.54698384,-0.537875885275187,0.61018795,18.24629,947.1766334373795,8.274112,16.223677,14.976165,1.2475119,2016.0,J124403.44+285403.7,191.0143626,+28.9010296,0.0407,0.0378,124.8,11.783,11.845,11.040,8.879,13.473,12.961,12.632,0.023,0.022,0.127,,0.054,0.070,0.057,1902128701351026873,0000,5,00nn,AABU,-188,46,-33,47,0.032
0.092441,3963111150316640384,191.02423386982994,29.300853525955134,159.1643154317619,87.29170339405403,0.1906805867583569,0.15996307,-0.08147581226917967,0.17418244,-0.05406926052654144,0.16531903,18.400423,821.821934339377,1.4801093,18.60926,18.003136,0.6061249,2016.0,J124405.81+291803.1,191.0242271,+29.3008785,0.0766,0.0723,21.8,15.342,13.908,10.483,8.725,,,,0.038,0.037,0.073,0.439,,,,1902128701351053526,0000,0,000n,AAAC,-110,248,2,258,
0.095341,3960977170045682688,191.40564948189348,25.39825395671803,265.60543508643605,87.83380176636528,0.10222064247748337,0.18753321,-0.07594374716302035,0.16494504,0.24383910283710025,0.1826516,18.513731,740.3793000531003,1.1971347,18.77811,18.048098,0.7300129,2016.0,J124537.36+252353.7,191.4056756,+25.3982659,0.0720,0.0675,10.9,15.092,13.991,10.784,8.559,17.072,16.415,15.844,0.033,0.039,0.093,,0.191,0.256,0.267,1916125701351016241,0000,0,000n,AAAU,235,216,189,232,0.979
0.155997,3960978406996535040,191.64789890659503,25.379151382201687,270.8120032686389,87.94090381623761,0.14950887939762783,0.24972898,-0.19393168077854636,0.28908992,-0.1497634110654785,0.25874156,18.936874,501.41434933513375,2.894894,19.122747,18.60942,0.51332664,2016.0,J124635.50+252244.8,191.6479428,+25.3791339,0.0735,0.0700,179.0,15.008,14.060,11.562,8.057,,,,0.033,0.039,0.210,,,,,1916125701351018978,0000,0,11nn,AABU,144,205,475,221,
0.093675,3961009158962082560,190.6589612032435,25.300621791551052,255.23339710012775,87.30983588350468,-0.04514943830819179,0.11393154,-0.07920386783287489,0.12607573,-0.04491757197109014,0.105799094,17.58128,1747.5701331200066,3.5791764,17.769985,17.277044,0.4929409,2016.0,J124238.15+251802.3,190.6589822,+25.3006396,0.0449,0.0443,153.9,13.953,12.668,9.649,7.284,15.901,15.863,15.097,0.027,0.024,0.039,0.110,0.066,0.130,0.121,1900125701351024328,0000,0,0000,AAAB,361,204,181,167,0.086
0.120342,3961034344650625536,191.4960382065054,25.64518725388533,263.1532873404693,88.07877299165045,0.12194067339698082,0.19155897,0.07724053291547224,0.18598428,-0.17848135484393446,0.19220798,18.68974,629.5804916402782,2.0947044,18.98105,18.165617,0.8154335,2016.0,J124559.05+253842.6,191.4960753,+25.6451863,0.1084,0.0996,15.4,15.748,14.685,11.293,8.376,,,,0.045,0.055,0.172,,,,,1916125701351032177,0000,0,11nn,AABU,816,362,43,390,
0.226336,3961044652571862400,190.96808770736024,25.601918694474072,254.5169907513205,87.7193872219104,0.13570482278010068,0.16506782,-0.07672676428094886,0.14728256,-0.0961501842682585,0.1811354,18.360884,852.3014154412447,2.594161,18.603909,17.945591,0.65831757,2016.0,J124352.32+253606.8,190.9680241,+25.6018929,0.1037,0.0969,9.8,15.544,14.798,12.055,8.860,,,,0.041,0.062,0.328,,,,,1916125701351037882,0000,0,00nn,AABU,-262,322,321,350,
0.317954,3961087499165723648,191.86996133501452,25.729696236208714,270.3527190571158,88.34438660878789,-0.03147916591552567,0.1616342,-0.09203059640386346,0.15019271,0.08256962068448943,0.16130644,18.243427,949.6765827463709,1.5472498,18.470882,17.883486,0.5873966,2016.0,J124728.78+254347.2,191.8699290,+25.7297796,0.1146,0.0869,12.2,15.413,14.313,10.636,8.744,,,,0.046,0.051,0.086,0.496,,,,1916125701351029473,0000,0,nnnn,AAAC,,,,,
0.093912,3961136049475852544,191.75944539354273,25.814068792305964,265.84134800928615,88.35785581315204,-0.04258336394913924,0.1997777,0.15864528653405124,0.20670988,0.31751933185114434,0.19163923,18.413206,812.2028004974641,4.733319,18.477524,18.128342,0.34918213,2016.0,J124702.26+254850.7,191.7594535,+25.8140938,0.0524,0.0508,1.1,14.244,13.043,10.205,7.792,,,,0.029,0.027,0.062,0.144,,,,1916125701351032074,0000,0,113n,AAAB,126,149,146,144,
0.208326,3961189444509588096,191.96405882963845,26.36649089230651,256.34089795071264,88.89562911432293,-0.11804906016394276,0.15461083,0.09746890456654064,0.13507006,0.05260699951902759,0.15202636,18.138384,1046.1489705549168,1.6548427,18.372301,17.745813,0.62648773,2016.0,J124751.35+262159.2,191.9639986,+26.3664701,0.0851,0.0789,14.1,15.439,14.183,10.785,8.434,,,,0.040,0.040,0.089,0.343,,,,1916125701351056579,0000,0,000n,AAAB,76,272,-80,293,
0.453632,3961214424039096832,190.73885436523088,25.71751246098423,249.06293019895332,87.63434270218781,-0.04121192209295847,0.19590776,-0.16650546583715087,0.1972691,-0.0017257688309631107,0.19202079,18.673935,638.8118457804158,4.4198284,18.739708,18.395063,0.34464455,2016.0,J124257.29+254302.9,190.7387165,+25.7174913,0.0569,0.0558,176.6,14.447,13.366,10.567,8.008,,,,0.029,0.030,0.094,0.195,,,,1900125701351026983,0000,0,110n,AAAB,296,163,64,174,
0.044932,3961219273058336896,190.44982113162433,25.68347162350899,246.19057815857533,87.40291255795842,0.06750741423789607,0.2133033,-0.0361366502559185,0.21182494,-0.2541495179813522,0.2005569,18.41829,808.4090922228827,3.6300545,18.200682,17.131102,1.0695801,2016.0,J124147.95+254100.5,190.4498158,+25.6834831,0.0398,0.0381,135.0,13.297,12.285,9.232,6.609,15.960,15.112,14.201,0.023,0.022,0.034,0.068,0.071,0.069,0.059,1900125701351029734,0000,0,1111,AAAA,61,57,56,59,0.308
0.257136,3961219474920607104,190.30838948265546,25.558672913773076,246.83229728239735,87.22703005786934,-0.20908842905558464,0.19884129,0.09464576734265664,0.16073985,0.1820263524379085,0.15639612,18.423895,804.2459614086317,3.8486624,18.535978,18.150843,0.38513565,2016.0,J124114.01+253331.4,190.3083819,+25.5587440,0.0815,0.0760,9.5,15.382,14.134,11.195,8.542,,,,0.038,0.040,0.128,,,,,1900125701351021908,0000,0,00nn,AABU,-168,242,96,265,
0.308555,3961269816233444864,190.20565752884448,25.750376738868187,242.4433300013614,87.2532885802843,-0.12168246754020871,0.48734593,-0.042929164660996645,0.45125657,0.011521401577294588,0.44857842,18.423471,804.5588671066711,5.7491407,16.690739,15.395757,1.294982,2016.0,J124049.34+254501.1,190.2055964,+25.7503110,0.0473,0.0418,41.3,12.495,12.509,11.582,8.655,14.110,13.407,13.082,0.023,0.026,0.200,0.485,0.060,0.055,0.060,1900125701351029727,0000,4,nnnn,AABC,-56,53,-69,56,0.219
0.045337,3961277547174583680,190.39996231808027,25.880816085413734,241.92126791335107,87.47015843752222,-0.23431315099255537,0.14336628,-0.10324550965310311,0.1481215,-0.11855243086723265,0.1595463,18.12712,1057.0596327776548,2.6814647,18.192257,17.79614,0.39611626,2016.0,J124135.99+255250.9,190.3999712,+25.8808064,0.0520,0.0506,6.9,14.203,13.098,10.040,7.494,16.950,16.738,15.539,0.028,0.028,0.061,0.151,0.164,,0.147,1900125701351029754,0000,0,0000,AAAB,128,179,53,171,0.563
0.008407,3961297540246285184,190.26653053373468,26.097116675091648,236.32622591607173,87.46286918346817,-0.3237141375583447,0.2236716,0.2327024524072746,0.17292374,0.10959509070348214,0.18042,18.543434,720.3995788476634,1.7125163,18.835781,18.025438,0.8103428,2016.0,J124103.96+260549.6,190.2665327,+26.0971180,0.0811,0.0761,20.7,15.249,14.424,11.180,9.012,16.928,16.020,15.641,0.035,0.047,0.127,0.416,0.154,0.150,0.184,1900125701351048888,0000,0,00nn,AABC,184,247,301,264,0.217
0.206405,3961302316249937024,190.14652153585442,26.22622949751479,232.72911842956668,87.4135400556442,0.030652735425465243,0.18005371,-0.0967990452953778,0.1645268,0.1922031900529787,0.158041,18.511671,741.7848472509925,1.6005812,18.680449,18.199987,0.48046112,2016.0,J124035.16+261334.6,190.1465379,+26.2262849,0.0957,0.0892,15.7,15.621,14.285,11.282,8.768,,,,0.044,0.045,0.137,,,,,1900125701351059370,0000,0,00nn,AABU,382,296,396,320,
0.115389,3961327884191277824,190.4408215377003,26.374093499283532,231.63294191145343,87.71238536922367,0.05596042614024688,0.15364976,0.25981783353606713,0.15414411,-0.0972530494083154,0.17059305,18.245,948.3022470285729,2.2215536,18.35821,17.996244,0.36196518,2016.0,J124145.79+262226.8,190.4408274,+26.3741251,0.0650,0.0614,6.2,14.785,13.610,10.626,8.470,,,,0.031,0.034,0.079,0.302,,,,1900125701351056841,0000,0,110n,AAAB,318,188,209,200,
0.579451,3961334683123871360,190.51865052158246,26.459033462155944,230.16079001990983,87.80598890028665,-0.047887511654872365,0.14522402,-0.13771819549170322,0.13435696,0.06827736159751809,0.13104446,17.902395,1300.1358882419572,4.6173344,18.047972,17.597654,0.45031738,2016.0,J124204.45+262732.9,190.5185485,+26.4591660,0.0832,0.0784,12.4,15.256,14.291,10.558,8.324,,,,0.037,0.048,0.080,0.236,,,,1900125701351056869,0h00,0,000n,AAAB,31,275,219,288,
0.021102,3961363751462043136,191.0091208612654,26.360944029554044,237.4215349375207,88.17816075919296,-0.04220326658671789,0.18858284,0.005410140761491109,0.15809596,0.01150315540669994,0.18046388,18.602737,682.1053101957426,1.4713693,18.903246,18.17651,0.72673607,2016.0,J124402.18+262139.3,191.0091240,+26.3609389,0.0977,0.0907,13.0,15.494,14.579,10.965,8.414,,,,0.040,0.053,0.135,,,,,1916125701351064545,0000,0,00nn,AABU,12,321,25,346,
0.136127,3961376606299940992,191.6544209482712,26.41675269284791,246.136700677579,88.71015128080958,0.07275342418338132,0.08149216,-0.0027617162582965673,0.087807454,-0.06161101727797881,0.08605159,17.255665,2358.7445024107415,2.649944,17.579634,16.767591,0.81204224,2016.0,J124637.07+262500.3,191.6544629,+26.4167567,0.0566,0.0544,14.4,14.578,13.637,9.773,7.528,16.049,15.518,15.152,0.029,0.032,0.046,0.137,0.102,0.136,0.175,1916125701351059247,0000,0,1110,AAAB,151,186,190,187,0.382
0.103910,3961457209950720640,191.3141222066107,26.90784027967491,221.67619599402494,88.60577501675094,0.04985241925746055,0.1493621,-0.02721409579149127,0.15589657,0.07824491980748535,0.14817676,18.00405,1183.9319560756082,3.935574,18.115232,17.707317,0.40791512,2016.0,J124515.39+265428.3,191.3141402,+26.9078643,0.0487,0.0471,149.8,14.071,12.910,9.881,7.444,,,,0.026,0.027,0.052,0.124,,,,1909127201351021825,0000,0,1110,AAAB,160,182,150,175,
0.249162,3961501671451832960,192.4323051570758,26.27491161057795,278.741030212024,89.06521888589718,0.018145463157133168,0.18534118,-0.10923157945177618,0.18146044,0.18871605174455944,0.19273804,18.689398,629.7778786244974,1.4016706,18.890297,18.302933,0.5873642,2016.0,J124943.75+261629.9,192.4322947,+26.2749802,0.1743,0.1580,14.2,16.225,15.882,12.154,8.798,,,,0.060,0.133,,,,,,1916125701351054167,0000,0,0nnn,ABUU,-124,587,110,644,
0.459065,3961528957380041344,193.09592562832697,26.645272884976315,326.5734042707288,89.4729900738025,-0.22253929193135677,0.30970725,-0.030577327539646672,0.29092497,-0.2581881385793203,0.31278437,18.520008,736.1115277589753,3.4115481,17.496729,16.345291,1.1514378,2016.0,J125223.05+263842.8,193.0960569,+26.6452230,0.0604,0.0451,121.7,13.168,12.992,9.197,6.158,15.021,14.290,14.033,0.031,0.034,0.044,0.083,0.073,0.087,0.076,1926127201351002801,0000,0,nnnn,AAAA,-229,56,257,59,0.427
0.034998,3961535618873400064,192.9610400689058,26.650021819469668,313.68008626495475,89.51326927850802,0.06137810183815692,0.13617995,0.07209488825833082,0.12954147,-0.00816641777050733,0.14879026,18.11908,1064.915739591403,1.7021496,18.644087,17.444954,1.1991329,2016.0,J125150.64+263900.1,192.9610316,+26.6500279,0.0585,0.0571,179.1,14.552,13.656,10.677,8.122,16.377,15.724,15.432,0.029,0.033,0.087,0.230,0.140,0.160,0.190,1926127201351002835,0000,0,111n,AAAB,199,177,96,186,0.441
0.014675,3961558644193943552,192.52381124611318,26.518777547896608,276.68225011859477,89.32089327501347,0.01063874471436439,0.034524467,0.05127741360180667,0.03982363,-0.016622836562809044,0.036400117,15.378849,13286.392618042082,9.335961,15.55672,14.982681,0.5740385,2016.0,J125005.71+263107.5,192.5238155,+26.5187761,0.0344,0.0337,115.0,12.472,11.438,8.191,6.058,14.339,13.835,13.183,0.024,0.021,0.020,0.054,0.036,0.048,0.036,1926127201351005394,0000,0,1100,AAAA,187,41,103,42,0.163
0.085848,3961576232084364544,192.3588460745389,26.683715796814365,257.69580491634963,89.3699859559649,0.26647518361508415,0.23373345,-0.15720861935158503,0.22309151,-0.2303966869210739,0.2375064,18.904175,516.7459863853825,2.4492455,18.979227,18.608545,0.37068176,2016.0,J124926.12+264101.4,192.3588700,+26.6837263,0.0697,0.0664,178.2,14.955,13.854,11.232,8.537,,,,0.032,0.036,0.157,0.363,,,,1926127201351008047,0000,0,00nn,AABC,54,195,10,210,
0.183317,3961588876468104832,192.56658787261142,26.727111954112377,269.8018069614961,89.52135248951582,-0.24988307744351917,0.15373276,0.142716153109623,0.16888942,-0.1843390576302766,0.14889428,18.157295,1028.0840042826671,4.4548893,18.304026,17.859442,0.4445839,2016.0,J125015.99+264337.5,192.5666424,+26.7270971,0.0768,0.0716,1.2,15.251,13.876,11.001,8.335,,,,0.035,0.039,0.125,0.308,,,,1926127201351005459,0000,0,00nn,AABB,151,234,392,254,
0.088234,3961651003170657664,193.31708063837553,27.09444229286295,28.291527570404956,89.59127895965628,-0.7389943307753158,0.5360606,-0.38012428933974096,0.52042884,0.5641169418362263,0.499295,18.361073,852.1528249952833,5.843172,16.190634,14.792831,1.3978024,2016.0,J125316.09+270539.9,193.3170776,+27.0944179,0.0377,0.0359,135.0,11.318,11.375,9.546,8.068,13.242,12.608,12.258,0.023,0.021,0.037,0.223,0.065,0.077,0.065,1926127201351023856,0000,5,110n,AAAB,52,49,-215,46,0.158
0.070979,3961699519121640704,193.2504539393724,27.20951298419474,46.17098380121741,89.6427981421638,0.3398945295480572,0.21146643,-0.1675306581395407,0.18623953,-0.16517262204168748,0.21129097,18.711405,617.1420744736548,1.5891167,18.872051,18.347763,0.5242882,2016.0,J125300.10+271234.2,193.2504324,+27.2095084,0.0906,0.0861,9.9,15.589,14.168,10.963,8.655,,,,0.041,0.042,0.160,0.403,,,,1926127201351026697,0000,0,000n,AABC,556,300,185,321,
0.248467,3961719993229751424,193.0289711996474,27.454863373430545,98.21300304923355,89.64032813864868,0.009704423438722099,0.19576381,-0.11365559809734063,0.18360807,-0.31592441283817346,0.20418476,18.778522,580.1470597670046,1.9921335,18.94794,18.422169,0.5257721,2016.0,J125206.97+272717.5,193.0290482,+27.4548731,0.0918,0.0862,11.0,15.503,14.281,11.230,9.033,,,,0.041,0.045,0.157,0.524,,,,1926127201351047195,0000,0,00nn,AABC,110,292,14,313,
0.063644,3961763423938696704,192.06780591556065,26.78674595484716,238.57695204888068,89.2160566381223,0.05157404541147766,0.12781247,-0.15578132812837128,0.11019651,-0.008870644458554929,0.123881,18.006712,1181.0328821884302,4.328623,18.211483,17.642317,0.5691662,2016.0,J124816.27+264712.3,192.0677942,+26.7867602,0.0701,0.0661,9.1,15.129,13.781,10.645,8.142,,,,0.034,0.035,0.092,0.257,,,,1926127201351010560,0000,0,011n,AAAB,95,215,101,230,
0.065781,3961770776922721280,192.13647130001348,26.8868729270853,233.3092085836245,89.31210063787019,0.1634083083807221,0.12671596,-0.1268468752314648,0.11391749,0.08030237726366689,0.1252033,18.014084,1173.0414146835033,8.685224,18.037556,17.761703,0.2758522,2016.0,J124832.75+265312.8,192.1364636,+26.8868899,0.0435,0.0419,128.0,13.461,12.355,9.878,7.820,,,,0.025,0.024,0.046,0.156,,,,1926127201351013065,0000,0,220n,AAAB,226,58,201,260,
0.024919,3961783047645114368,191.74240658823052,26.936064236502734,223.60948972550196,88.98657920525433,-0.05623384187565879,0.0913726,-0.013983790367820315,0.09277078,-0.038492878566881175,0.09972431,17.473644,1929.6964270425774,8.087193,17.61626,17.126036,0.49022484,2016.0,J124658.17+265609.8,191.7424024,+26.9360701,0.0549,0.0535,177.5,14.582,13.318,9.853,7.757,16.490,16.008,15.613,0.029,0.029,0.053,0.191,0.152,0.219,,1909127201351024872,0000,0,000n,AAAB,240,202,312,190,0.568
0.164717,1513210574308297600,191.20116921349165,30.050705816260795,149.02386264388932,86.73501702234717,-0.11097424850794403,0.1466772,0.056839910478493016,0.14798523,-0.09176395771836966,0.15772551,18.441307,791.4511433735972,3.0665574,18.629742,18.15654,0.47320175,2016.0,J124448.27+300302.6,191.2011484,+30.0507479,0.1256,0.1140,15.9,15.918,14.928,11.178,8.877,,,,0.050,0.066,0.154,0.416,,,,1913130201351017998,0000,0,00nn,AABC,368,425,190,466,
0.071273,1513238508775750912,191.3405383215055,30.498749303031595,144.1169209547592,86.37639334927401,-0.3871630200340998,0.20800869,-0.05208535359235462,0.21087173,0.4249715674620534,0.27128214,18.701942,622.5440236729679,3.7980762,18.865181,18.254684,0.6104965,2016.0,J124521.73+302955.4,191.3405424,+30.4987298,0.0822,0.0767,12.9,15.416,14.010,10.954,8.576,,,,0.040,0.038,0.095,0.284,,,,1913130201351044086,0000,0,001n,AAAB,190,253,33,273,
0.250334,1513249916208899456,191.5452987942068,30.521557366074408,141.36037079546136,86.41679059261952,0.02682601021245528,0.049855873,0.03344760163997509,0.06811244,-0.04418898597619887,0.059017275,16.436506,5015.843844237435,4.490049,16.761253,15.903892,0.8573618,2016.0,J124610.87+303117.8,191.5452938,+30.5216268,0.0450,0.0438,139.5,13.497,12.976,10.265,8.109,15.450,14.627,14.150,0.025,0.025,0.060,0.238,0.050,0.057,0.056,1913130201351046710,0000,0,110n,AAAB,138,116,167,109,0.293
0.044042,1513251187519245184,191.50110342072006,30.581585823316413,141.61709333267405,86.34758388008746,-0.0949743610535206,0.22280896,0.21976977835030903,0.22931601,-0.06483716653406327,0.21484785,18.959887,490.8986998074452,1.3872492,19.23445,18.491177,0.7432728,2016.0,J124600.26+303453.6,191.5011066,+30.5815739,0.0892,0.0827,15.7,15.449,14.351,11.626,8.088,,,,0.040,0.045,0.194,0.204,,,,1913130201351046788,0000,0,11nn,AABB,301,270,360,290,
0.150630,1513263836198624640,191.36672409865693,30.625608391032635,143.06860627187626,86.26648864919252,-0.09558693920014887,0.5809664,0.7648714599464085,0.59294724,0.7691247126912877,0.52330387,18.39927,822.6955306155236,6.323209,16.407284,15.121147,1.2861366,2016.0,J124528.02+303732.3,191.3667550,+30.6256407,0.0413,0.0392,119.2,12.127,12.158,11.533,8.876,13.610,13.001,12.815,0.023,0.023,0.179,,0.038,0.042,0.043,1913130201351044011,0000,5,00nn,AABU,125,47,109,48,0.313
0.130881,1513280255857747584,190.89649492437607,30.40190016107715,150.19299287910104,86.30186866912231,-0.015168127841179154,0.19819295,-0.11022105369155737,0.18391335,-0.09609646887533144,0.18783528,18.430693,799.226778961567,2.935817,18.514353,18.271368,0.24298477,2016.0,J124335.16+302406.9,190.8965012,+30.4019361,0.0668,0.0646,20.6,14.856,13.739,11.039,9.111,,,,0.032,0.034,0.115,0.529,,,,1913130201351033365,0000,0,000n,AABC,172,187,134,198,
0.047457,1513286135668786432,190.83533473147367,30.57782043303032,149.64960810758126,86.12176472477975,-0.2138466681160521,0.39415315,-0.32274980249966356,0.42331687,-0.3111633699120961,0.38354388,18.529953,729.3996513986909,5.7073503,17.74622,16.640665,1.1055546,2016.0,J124320.47+303440.1,190.8353250,+30.5778306,0.0403,0.0388,137.0,12.994,12.368,9.244,6.552,15.405,14.638,14.216,0.024,0.023,0.033,0.057,0.057,0.068,0.061,1913130201351041225,0000,0,0000,AAAA,163,53,148,55,0.114
0.067916,1513295412798487296,191.10998303559197,30.73467613933138,145.5178387267275,86.08219093445246,-0.1940157883427784,0.3694304,0.017248310448736707,0.26660302,-0.4639754532716389,0.24595585,18.94183,499.13154981813517,7.716065,18.59605,17.738733,0.857317,2016.0,J124426.39+304404.9,191.1099807,+30.7346949,0.0532,0.0514,176.1,14.165,13.406,10.467,8.090,17.289,15.722,14.942,0.027,0.030,0.074,0.196,0.213,0.141,0.099,1913130201351041241,0000,0,000n,AAAB,3,156,138,156,0.433
0.342750,1513310904744159616,190.78483476562465,30.80571911110732,148.70539719332402,85.89925261584767,-0.11400524353419367,0.2225257,-0.37747574722973837,0.23191047,-0.06768065290592842,0.23759975,18.932787,503.3057768460023,1.1105608,19.410969,18.274258,1.1367111,2016.0,J124308.35+304820.2,190.7848121,+30.8056259,0.2326,0.2082,17.7,16.560,16.650,12.733,8.843,,,,0.075,0.276,,,,,,1913130201351060608,0000,0,0nnn,ABUU,-543,792,-897,874,
0.072492,1513311763737629696,190.77666478844392,30.834790577909676,148.61048368891326,85.87013246507357,-0.05529116125140143,0.18697545,0.1316344589012535,0.17097521,-0.1281939505373783,0.18914546,18.584822,693.4542409758507,2.4577055,18.641617,17.675343,0.96627426,2016.0,J124306.39+305005.3,190.7766633,+30.8348107,0.0622,0.0538,41.2,13.461,12.471,10.138,8.218,16.917,15.696,14.704,0.034,0.027,0.061,0.265,0.177,0.138,0.093,1913130201351060025,0000,0,nnnn,AAAB,,,,,0.232
0.047657,1513319597757971712,191.2023473486793,30.819212581691122,143.97886660379058,86.03471449915395,0.0728310504404614,0.13866504,-0.03299673043793186,0.14020362,0.01587594189950354,0.14912918,18.064125,1120.2025757683946,6.3137217,18.209496,17.719738,0.48975754,2016.0,J124448.55+304909.1,191.2023320,+30.8192112,0.0616,0.0593,11.9,14.915,13.608,10.063,7.847,16.711,17.704,15.811,0.032,0.033,0.052,0.173,0.142,,0.209,1913130201351057414,0000,0,000n,AAAB,365,196,162,204,0.391
0.051199,1513346673231923072,191.1895419971899,31.209366000947544,142.19145094788473,85.66641148732978,0.1213602061624513,0.2548225,0.13099056100213086,0.23215266,0.26084921089172614,0.24819382,18.964182,488.96107026681295,2.209224,19.078785,18.631838,0.4469471,2016.0,J124445.49+311233.7,191.1895586,+31.2093661,0.1384,0.1270,18.3,16.136,15.038,11.418,8.982,,,,0.055,0.070,0.166,0.487,,,,1905131801351000217,0000,0,11nn,AABC,45,481,-32,519,
0.136705,1513385950708450432,192.34906793432998,31.09990970953007,129.21511239289174,86.00340469907724,0.15918552048903117,0.23895587,-0.036538461399296285,0.20760855,-0.08118809700550934,0.21016426,18.780014,579.3497582266652,2.2571785,18.88178,18.462528,0.4192524,2016.0,J124923.78+310559.7,192.3491036,+31.0999323,0.0596,0.0572,17.1,14.761,13.416,10.515,8.061,,,,0.031,0.030,0.075,0.227,,,,1923131801351005586,0000,0,000n,AAAB,313,178,61,188,
0.125572,1513414877312493952,192.3968511223742,31.565347866546812,128.01276699566344,85.54463278844875,0.007548065959321452,0.1777101,0.23427043379478626,0.19594727,-0.19735109616566493,0.18936688,18.371433,844.0605359565706,2.410924,18.487001,18.176914,0.3100872,2016.0,J124935.24+313355.3,192.3968673,+31.5653799,0.0725,0.0695,12.8,15.128,13.869,11.060,8.444,,,,0.034,0.037,0.118,,,,,1923131801351019528,0000,0,000n,AABU,13,218,537,228,
0.203313,1513436317789700608,191.74697989698626,31.43879814798887,135.34912996603666,85.58168557549622,-0.08480889665385453,0.21965791,-0.40364815394236214,0.2170794,-0.08835862052832687,0.24684867,18.73778,602.3300759795175,5.3909817,18.74978,18.100286,0.6494942,2016.0,J124659.29+312619.7,191.7470454,+31.4388063,0.0564,0.0539,164.0,14.385,13.381,10.713,8.281,17.294,16.597,15.342,0.029,0.030,0.088,0.323,0.250,0.316,0.140,1923131801351013914,0000,0,110n,AAAB,293,144,152,159,0.482
0.114327,1513436592667346176,191.81016891867054,31.44473072400517,134.64890282101123,85.58765274918453,0.10743619430053325,0.10725563,-0.04727599779287718,0.12589422,-0.00961573590767707,0.13052414,17.726196,1529.2136520611998,2.5019572,18.008646,17.336227,0.6724186,2016.0,J124714.44+312641.0,191.8102046,+31.4447397,0.0640,0.0608,175.5,14.802,13.782,10.058,8.336,16.296,16.048,15.726,0.032,0.036,0.051,0.320,0.120,0.198,0.240,1923131801351016747,0000,0,110n,AAAB,-42,213,160,215,0.354
0.110757,1513461331678998400,191.80824694449456,31.541867170765965,134.40743763677227,85.49233414610988,-0.24052484019997028,0.16931792,-0.035122685927831646,0.1549325,0.1064834034691243,0.20692638,18.400007,822.1361209067262,6.436297,18.663078,17.992323,0.6707554,2016.0,J124713.98+313230.6,191.8082812,+31.5418574,0.0701,0.0672,10.9,15.062,13.664,10.524,7.875,,,,0.036,0.034,0.082,0.191,,,,1923131801351016751,0000,0,000n,AAAB,62,226,91,233,
0.117479,1513461812715104512,191.861249947899,31.571860609654937,133.76892733794713,85.47208628400938,-0.2100851337318245,0.23597345,0.3114651404646587,0.23783387,0.2159763377666199,0.23709403,18.818521,559.1625739912535,4.220422,19.113993,18.30608,0.8079128,2016.0,J124726.70+313418.5,191.8612536,+31.5718281,0.0918,0.0858,13.5,15.519,14.166,10.952,8.292,,,,0.042,0.043,0.131,,,,,1923131801351016784,0000,0,000n,AABU,-173,298,84,322,
0.590001,1513469371857595136,192.0451093868552,31.706199020223284,131.54236436875559,85.36747382436721,0.008878349398958804,0.20434913,-0.07498936230713024,0.18674313,-0.2288625809779238,0.18516895,18.786139,576.091222515043,5.3976727,18.861738,18.557974,0.30376434,2016.0,J124810.78+314222.2,192.0449173,+31.7061861,0.0767,0.0726,16.2,15.143,14.035,11.643,8.632,,,,0.036,0.038,0.198,0.352,,,,1923131801351035616,0000,0,00nn,AABB,19,206,81,220,
0.460282,1513490885349669504,191.94065807154806,32.07677483603352,131.8784799611381,84.98748161954478,-0.3059661022851594,0.2121033,-0.15300146538127585,0.18340714,-0.04407008907614905,0.18899788,18.803535,566.9338331476921,2.3177605,18.983217,18.436562,0.54665565,2016.0,J124745.73+320436.0,191.9405622,+32.0766761,0.0840,0.0784,11.8,15.339,14.173,11.421,8.566,,,,0.039,0.042,0.172,,,,,1923131801351043724,0000,0,11nn,AABU,42,247,35,267,
0.081522,1513496584770835072,190.42779887000864,30.85315924033873,152.07742437618253,85.71096710482226,0.13158747567772971,0.14471442,-0.08166838149625623,0.19848375,0.0020183665840197255,0.17575954,18.299591,901.7998690343691,3.7209003,18.435163,18.010096,0.4250679,2016.0,J124142.67+305111.4,190.4278102,+30.8531797,0.0581,0.0564,5.1,14.585,13.352,10.684,8.346,,,,0.031,0.030,0.091,0.311,,,,1895130201351055209,0000,0,000n,AAAB,78,153,146,163,
0.038534,1513542558100352384,191.1062489316006,31.499187094211955,141.78538632835244,85.36967956699303,-0.1555822816582015,0.1665923,-0.09391093257936105,0.15698841,-0.251888953050837,0.1519613,18.446459,787.7048406796287,3.2648575,18.624352,18.142046,0.48230553,2016.0,J124425.50+312957.1,191.1062520,+31.4991975,0.0684,0.0656,14.9,15.050,13.813,10.907,8.831,,,,0.033,0.036,0.107,0.406,,,,1905131801351021649,0000,0,220n,AAAC,-149,202,268,213,
0.014180,1513559703609682560,190.9551894895136,31.624855494185347,142.72701594708053,85.20726187697245,-0.06219114833503961,0.14922838,0.03684141921064869,0.13938095,0.07070486919626547,0.13382237,18.27778,920.0995170846403,5.091381,18.343622,17.97357,0.37005234,2016.0,J124349.24+313729.4,190.9551861,+31.6248582,0.0579,0.0557,168.3,14.529,13.458,10.645,8.907,,,,0.029,0.031,0.098,0.415,,,,1905131801351021614,0000,0,000n,AAAC,217,154,40,166,
0.106494,1513578056005566592,190.35389077253464,31.48229217319808,148.97569386960544,85.12896625197108,-0.09087723074870406,0.40506825,0.2460517765664472,0.39122146,-0.3375219832974829,0.36590776,18.05556,1129.0750975087394,6.439457,16.43068,15.129124,1.3015556,2016.0,J124124.93+312856.3,190.3539041,+31.4823195,0.0411,0.0395,124.2,12.084,12.148,11.114,8.575,13.396,12.812,12.567,0.023,0.023,0.117,,0.033,0.035,0.034,1905131801351016017,dd00,5,000n,AABU,-45,47,100,48,0.198
0.022005,1513613721414001664,190.76045281827902,31.866815484001343,143.5063504781087,84.92182029227185,-0.00602509003534989,0.22439319,0.3198435324007539,0.20136072,-0.16043436600172822,0.20530638,18.931402,503.94859089765043,3.9340363,18.848043,18.154373,0.6936703,2016.0,J124302.50+315200.5,190.7604500,+31.8668211,0.0533,0.0520,5.1,14.258,13.308,10.438,7.548,17.030,16.244,15.695,0.027,0.030,0.070,0.149,0.195,0.228,0.236,1905131801351032575,0000,0,000n,AAAB,146,176,78,165,0.225
0.096804,1513682853208011776,191.83654301070408,32.150186951249374,132.72185516465578,84.90006538762914,-0.15471069080701516,0.10555106,0.035256452605975167,0.096127614,0.07916633099336473,0.09541934,17.8405,1376.4067736217798,5.0359516,18.007812,17.519798,0.48801422,2016.0,J124720.76+320900.5,191.8365399,+32.1501602,0.0476,0.0459,147.4,14.083,12.941,10.360,7.967,16.154,16.052,15.552,0.026,0.025,0.082,0.181,0.092,0.195,0.184,1923131801351043676,0000,0,111n,AAAB,248,130,204,127,0.544
0.056689,1513709997401228800,190.8779576184871,32.016217598113116,141.8713301564218,84.81746082682284,0.13286872324103213,0.14793096,0.023594839691112396,0.13892712,0.0018889961253071123,0.1336013,18.355461,856.5696349107402,3.3702488,18.541851,18.004686,0.5371647,2016.0,J124330.70+320058.4,190.8779444,+32.0162286,0.0818,0.0758,19.3,15.340,13.957,10.595,8.777,,,,0.041,0.037,0.081,0.412,,,,1905131801351048828,0000,0,000n,AAAC,448,262,222,271,
0.165139,1513750331438488448,191.5198581853488,32.513635854046825,134.7817120424425,84.49080966660424,-0.25547120103732446,0.2264068,-0.041667541848759856,0.23011869,0.2181579352910668,0.22929442,18.977234,483.1181650132514,2.2474563,19.183664,18.692099,0.4915657,2016.0,J124604.76+323049.2,191.5198686,+32.5136809,0.0717,0.0683,19.9,15.238,13.698,10.672,8.364,,,,0.037,0.033,0.082,0.284,,,,1923131801351064930,0000,0,221n,AAAB,75,220,487,233,
0.641467,1513791429981150464,192.42753666487306,31.64961302561821,127.5854056636219,85.46301600667545,0.17687478316753166,0.4375669,-0.0256227184818041,0.47253755,-0.4107952663476831,0.40494642,18.571915,701.7479296799594,3.0053253,17.769716,16.688915,1.080801,2016.0,J124942.55+313858.6,192.4273280,+31.6496270,0.0553,0.0547,0.6,14.027,13.751,12.332,8.876,15.898,15.107,14.456,0.026,0.034,,,0.086,0.105,0.075,1923131801351033036,0000,0,11nn,AAUU,-47,110,216,114,0.546
0.461290,1513792250319435776,192.58130082999347,31.665110845382756,125.92226077529938,85.45667682874522,-0.17138748947238433,0.21443267,-0.014453540456006829,0.2696594,-8.276427437618229E-4,0.23020798,18.789246,574.4448024262464,1.7312676,19.063734,18.433481,0.63025284,2016.0,J125019.49+313954.7,192.5812140,+31.6652155,0.1321,0.1219,15.1,15.894,15.066,12.500,9.091,,,,0.050,0.074,0.410,,,,,1923131801351030508,0000,0,00nn,AACU,267,424,1177,459,
0.143119,1513833894321918720,192.844641574356,32.24998231644409,123.07249299206852,84.87825148331285,0.25392304086051914,0.17466973,-0.09255194003973802,0.24212398,-0.24937333454120572,0.20329763,18.718557,613.0897472613841,2.156555,18.864223,18.376135,0.4880886,2016.0,J125122.72+321459.9,192.8446882,+32.2499771,0.0773,0.0732,10.5,15.051,14.164,11.082,8.466,,,,0.034,0.043,0.128,0.286,,,,1923131801351048928,0000,0,000n,AABB,94,224,-100,241,
0.058208,1513851280349801472,192.32526278189297,32.06323819239408,128.17884210675916,85.04322452016477,0.1091056400588832,0.17914282,0.07220137907610993,0.24598661,-0.2924896103689786,0.21277456,18.699423,623.9904096475011,1.6586629,18.879269,18.314661,0.5646076,2016.0,J124918.05+320347.6,192.3252437,+32.0632387,0.0879,0.0812,10.2,15.480,14.143,10.942,8.409,,,,0.041,0.042,0.124,0.312,,,,1923131801351046378,0000,0,111n,AABB,202,282,363,302,
0.246004,1513859664125900544,192.4092501579856,32.186532483524886,127.2448003210332,84.92662818793742,-0.005897297044146214,0.17888467,-0.23094062156638168,0.25391033,0.03092428334588801,0.20484972,18.512749,741.0496540315798,6.6444697,18.609772,18.193645,0.41612625,2016.0,J124938.20+321111.3,192.4091864,+32.1864906,0.0591,0.0572,0.7,14.532,13.523,10.582,7.925,,,,0.029,0.031,0.097,0.221,,,,1923131801351046336,0000,0,110n,AAAB,-188,194,46,190,
0.081912,1513864203906968448,192.17258711475102,32.11418252559565,129.59353886050167,84.97848269603341,-0.056436796185907995,0.1891855,0.11001619475984142,0.18086255,-0.19975243739878673,0.18166016,18.55564,712.3464892654761,2.4928694,18.762539,17.833553,0.9289856,2016.0,J124841.42+320650.9,192.1726011,+32.1141631,0.0573,0.0550,1.2,14.504,13.318,10.321,7.682,,,,0.030,0.029,0.069,0.163,,,,1923131801351046329,0000,0,220n,AAAB,179,170,379,175,
0.311424,1513909176509549312,192.57283437697055,32.58137285037331,125.47175658766938,84.54122171916539,-0.11078579176601439,0.24060822,-0.31134828467108067,0.29446885,0.13303969545493857,0.25529182,18.982046,480.9817903374187,2.1643476,19.23559,18.606354,0.6292362,2016.0,J125017.46+323452.6,192.5727845,+32.5812972,0.1198,0.1096,13.9,15.903,14.757,11.638,8.581,,,,0.049,0.061,0.197,,,,,1925133301351005440,0000,0,00nn,AABU,429,392,226,427,
0.142991,1513920343423647488,193.40918488397273,32.33496728608442,117.82842693510011,84.77147743594958,-0.07546243644459665,0.12630166,-0.1380564665724457,0.17301525,-0.1499824176065183,0.1428525,18.188133,999.2949635649937,2.140854,18.428772,17.807901,0.6208706,2016.0,J125338.19+322005.7,193.4091513,+32.3349395,0.0828,0.0769,16.4,15.313,14.326,10.776,8.666,,,,0.037,0.044,0.088,0.340,,,,1941131801351064673,0000,0,000n,AAAB,174,263,178,279,
0.056611,1513942097433807744,193.4087578994448,32.58081485093348,118.07369000580273,84.5266952964212,-0.010065698273139224,0.20725459,-0.3300345148169501,0.27980262,-0.006568283474988813,0.21970488,18.8654,535.5332934539457,3.4152186,18.849411,18.499737,0.34967422,2016.0,J125338.10+323450.9,193.4087765,+32.5808138,0.0727,0.0684,8.3,15.040,13.954,11.538,8.236,,,,0.034,0.037,0.178,0.249,,,,1925133301351000059,0000,0,11nn,AABB,220,210,-116,228,
0.053292,1513990029268792064,192.93208834102035,32.692664093471414,122.30176268241142,84.43523054354353,0.17571340677100156,0.17300828,0.022467636693061024,0.1972564,-0.08325336319344272,0.16969761,18.453758,782.4269144971423,4.332666,18.48228,17.679747,0.8025341,2016.0,J125143.70+324133.5,192.9320838,+32.6926498,0.0502,0.0481,147.8,14.064,13.040,10.231,7.813,16.458,15.811,15.023,0.026,0.027,0.066,0.167,0.110,0.144,0.098,1925133301351002727,0000,0,011n,AAAB,-34,131,105,148,0.369
0.135516,1514021876451079296,193.494647157717,32.981288023993685,117.7228457029901,84.12124417601949,0.018873662458965393,0.22765811,-0.36582918530396163,0.3336995,0.030051766436259064,0.32286754,18.96944,486.5982655590256,2.6274652,19.143011,18.633583,0.509428,2016.0,J125358.72+325852.7,193.4946676,+32.9813215,0.1579,0.1438,21.9,16.239,15.370,11.476,8.600,,,,0.058,0.097,0.185,0.318,,,,1925133301351024990,0000,0,0nnn,AABB,147,550,416,591,
0.119915,1514079051055203712,191.8225265953579,32.54348936911125,132.1084997067484,84.51067106644732,-0.2231977925447929,0.17481923,-0.1320861365871604,0.15286815,-0.12235502921664299,0.14866537,18.44746,786.9787653810334,3.0770426,18.605719,18.089293,0.5164261,2016.0,J124717.41+323236.6,191.8225632,+32.5435020,0.1139,0.1049,1.6,15.750,14.649,11.048,8.705,,,,0.046,0.055,0.138,0.362,,,,1923131801351062447,hhh0,0,000n,AABC,152,368,230,401,
0.929243,1514110460152094592,192.1606286885204,32.82119348220288,128.82959387853495,84.27501239471648,-0.00858458958651977,0.16615187,-0.07915193267506548,0.17309877,0.21382484548506567,0.18845719,18.437033,794.5728402542644,1.8926742,18.616812,18.04655,0.570261,2016.0,J124838.61+324916.8,192.1608787,+32.8213435,0.0703,0.0677,9.1,15.020,13.856,10.799,8.553,,,,0.034,0.036,0.103,0.370,,,,1925133301351008188,0000,0,000n,AAAC,306,212,235,222,
0.083802,1514124547644794240,191.5763419164992,32.48238704309445,134.36465017849613,84.53148580070528,-0.2974518593756082,0.21454291,-0.04091129419666674,0.18713155,0.019088997103796933,0.19021896,18.706373,620.008020723157,2.5644178,18.94187,18.37293,0.5689392,2016.0,J124618.32+322856.5,191.5763367,+32.4823642,0.1070,0.1000,13.8,15.758,14.608,11.774,8.577,,,,0.047,0.051,0.215,,,,,1923131801351064995,0000,0,21nn,AABU,338,351,401,377,
0.237209,1514156841503071104,191.52523186727242,33.00753433625048,133.71402507270304,84.00859306138489,0.32087506572097707,0.17052259,0.07622023931141644,0.17957112,-0.0398493482167262,0.17483683,18.52576,732.2213278768439,1.3908794,19.146421,17.758375,1.3880463,2016.0,J124606.06+330027.2,191.5252889,+33.0075796,0.1685,0.1575,6.7,16.042,16.256,12.671,9.130,,,,0.057,0.204,,,,,,1907133301351024962,0000,0,0nnn,ABUU,589,557,145,604,
0.304802,1514159938175323776,191.93913293146593,32.863085788042426,130.61778795073903,84.21012854878317,0.2550389814077784,0.16503769,-0.04573995167183896,0.17962351,-0.008468234040756042,0.16326335,18.450161,785.0224614152327,2.5498483,18.656664,18.093683,0.56298065,2016.0,J124745.36+325147.0,191.9390333,+32.8630731,0.1245,0.1134,14.5,15.873,14.853,11.601,8.498,,,,0.051,0.061,0.184,,,,,1925133301351014431,0000,0,11nn,AABU,82,399,11,439,
0.078476,1514162957536689792,192.00622907674565,32.97796848468131,129.91686899639188,84.10392530513128,-0.29490414149814903,0.23396644,0.17085169183614635,0.24398464,0.05735627666960774,0.21992679,18.850632,542.8675902209148,1.3281424,19.029736,18.496004,0.53373146,2016.0,J124801.49+325840.6,192.0062122,+32.9779519,0.0727,0.0698,4.5,15.103,13.947,11.225,8.922,,,,0.033,0.038,0.140,,,,,1925133301351014004,0000,0,11nn,AABU,281,216,333,228,
0.018264,1514172238961685760,192.23312248812087,33.187604302603845,127.88422271180136,83.91653650480852,-0.03614441416956428,0.12199256,0.1584406897434606,0.18935353,-0.12417145935984983,0.17479269,18.135796,1048.645224552793,6.515031,18.186972,17.828058,0.35891342,2016.0,J124855.94+331115.3,192.2331223,+33.1876094,0.0489,0.0482,166.8,14.179,13.025,10.390,8.302,,,,0.027,0.026,0.070,0.229,,,,1925133301351035599,0000,0,000n,AAAB,403,129,170,128,
0.098015,1514245455268075008,193.19846593414394,33.56769773206981,120.41523322269103,83.55392512436173,-0.18428017090868717,0.1633287,0.003850450016265901,0.19202399,0.19745343273450458,0.17817159,18.250397,943.6009724045791,7.2329273,18.31279,17.712948,0.5998421,2016.0,J125247.63+333403.7,193.1984921,+33.5677141,0.0573,0.0508,3.3,13.620,12.556,9.949,7.598,16.827,16.005,15.128,0.035,0.026,0.051,0.127,0.141,0.180,0.106,1925133301351051984,0000,0,001n,AAAB,243,66,108,74,0.277
0.135431,1514253289288804480,192.6742664269441,33.51460958809472,124.31989461299362,83.61164371845854,0.02733271566817266,0.18324108,-0.1242023826438936,0.2367876,-0.06672734895198981,0.21463396,18.664633,644.3082977636209,3.3671472,18.80469,18.359924,0.4447651,2016.0,J125041.81+333052.6,192.6742218,+33.5146149,0.1195,0.1098,17.3,15.993,14.580,11.398,8.278,,,,0.053,0.052,0.155,,,,,1925133301351047006,0000,0,11nn,AABU,138,404,172,437,
0.077762,1514258069587976192,193.018928100551,33.641448915838396,121.76184994156255,83.48535204217609,0.03787855007020588,0.074447796,-0.10167504504155433,0.11396511,-0.02497655065996976,0.09219519,17.395922,2072.900042918261,5.357695,17.5632,17.099735,0.46346474,2016.0,J125204.54+333829.2,193.0189517,+33.6414580,0.0457,0.0448,161.4,14.083,12.619,9.597,7.436,16.553,15.757,15.284,0.027,0.024,0.038,0.127,0.118,0.157,0.120,1925133301351049438,0000,0,1100,AAAB,163,72,29,246,0.286
0.108897,1514524250185678976,191.15284555428008,32.83236770459444,137.0408923495821,84.10774855235927,0.15140533183785207,0.24379312,-0.16888958711477114,0.34283108,0.20370669568737368,0.28722385,18.99182,476.67147374136476,1.7831804,19.277918,18.565836,0.7120819,2016.0,J124436.69+324956.5,191.1528757,+32.8323843,0.0846,0.0787,17.0,15.455,14.020,11.043,8.594,,,,0.041,0.039,0.133,0.355,,,,1907133301351002977,0000,0,000n,AABB,187,260,164,281,
0.061942,1514565928548440192,190.0324272599593,32.749448808852904,145.786512232402,83.868970997593,0.32228386629678,0.2053754,-0.036355735612007486,0.2618421,-0.13459631414196563,0.24321893,18.669493,641.4309203182098,3.4856222,18.718122,17.73789,0.98023224,2016.0,J124007.78+324457.9,190.0324405,+32.7494357,0.0443,0.0441,172.9,13.708,12.777,9.905,7.536,17.086,15.836,14.896,0.025,0.025,0.050,0.124,0.235,0.162,0.131,1907133301351011142,0000,0,2200,AAAB,125,270,109,169,0.373
0.206908,1514580741890671360,190.18619427624515,33.06384985390971,143.56192567232733,83.63046723509966,-0.08544060684223422,0.120238595,-0.05077078708146439,0.11529577,0.10210855872266134,0.10963695,17.731062,1522.377078017049,10.127957,17.805487,17.452265,0.3532219,2016.0,J124044.67+330349.6,190.1861660,+33.0637975,0.0477,0.0463,152.6,13.894,12.959,10.243,7.567,16.128,15.818,15.280,0.026,0.025,0.074,0.133,0.103,0.165,0.210,1907133301351013780,0000,0,1100,AAAB,150,125,162,130,0.659
0.049556,1514610016387783296,190.54418732840355,33.28407288400048,140.36552044566776,83.52775602738672,-0.06439194596785211,0.04126387,-0.033189768981795195,0.038643893,0.005650876996409367,0.037763055,15.433375,12635.622686744466,64.24849,15.720085,14.406765,1.3133202,2016.0,J124210.60+331702.6,190.5441730,+33.2840797,0.0308,0.0297,143.6,10.681,9.830,6.698,3.975,13.520,12.804,11.942,0.023,0.020,0.016,0.023,0.036,0.038,0.028,1907133301351035393,0000,0,1111,AAAA,165,34,11,34,0.039
0.259812,1514799235467231872,190.11801418265352,33.38677006694812,142.9779504253887,83.30934047719907,0.13732869632765105,0.1638871,0.26859419197681433,0.17891693,0.07393857196617183,0.14878753,18.47109,770.0349643718259,9.515683,18.590324,18.217342,0.37298203,2016.0,J124028.31+332312.1,190.1179936,+33.3867000,0.0847,0.0737,17.1,15.009,14.010,11.289,8.742,,,,0.037,0.039,0.154,0.437,,,,1907133301351038250,0000,0,nnnn,AABC,,,,,
0.051121,1514907709161423488,191.4808682604696,33.041745747412406,133.9962076104404,83.96759896724454,0.028752392645983265,0.20845449,0.06296390289345459,0.21727829,-0.14417417016409365,0.2085284,18.910515,513.7373415612394,2.3131158,19.021517,18.5878,0.43371773,2016.0,J124555.41+330230.3,191.4808823,+33.0417537,0.0653,0.0616,8.2,14.957,13.702,10.836,9.035,,,,0.032,0.032,0.101,0.481,,,,1907133301351024805,0000,0,000n,AAAC,-45,196,101,207,
0.149774,1514963573800244224,191.62353789884725,33.710168833203674,131.82186532032117,83.33253823777389,-0.14119918950315777,0.23633364,-0.06548829102876233,0.2196764,0.3890279705302829,0.25155306,18.94396,498.1529069910834,1.3791182,19.165985,18.409542,0.756443,2016.0,J124629.64+334236.7,191.6235342,+33.7102103,0.0987,0.0917,13.8,15.671,14.451,11.496,8.559,,,,0.043,0.047,0.190,,,,,1907133301351052093,0000,0,11nn,AABU,330,318,33,345,
0.207971,1514969522331070976,190.92301591185466,33.22585236332664,137.80445872475798,83.67720607371747,0.1818785481364443,0.18213359,0.015130110207338447,0.25880364,-0.13838963768392487,0.22858904,18.754465,593.1443685893604,1.8402544,18.834957,18.425768,0.40918922,2016.0,J124341.52+331333.2,190.9230169,+33.2259101,0.0789,0.0732,16.5,15.258,13.891,11.096,8.464,,,,0.038,0.037,0.137,0.273,,,,1907133301351032777,0000,0,11nn,AABB,323,231,71,250,
0.160778,1514975393549931392,190.889858517083,33.36461365225563,137.70449598945424,83.53614257134389,0.22156288387203024,0.19357085,-0.2321249554460325,0.2830472,0.31287795459485856,0.2617438,18.812113,562.4729457659638,3.161889,19.041044,18.421762,0.61928177,2016.0,J124333.56+332152.4,190.8898571,+33.3645690,0.1246,0.1141,22.7,15.959,14.594,11.233,8.710,,,,0.055,0.056,0.141,,,,,1907133301351032838,0000,0,00nn,AABU,-434,405,-160,434,
0.016105,1514999995122709120,190.8149591356879,33.68438004292559,137.47683364860197,83.21139723102317,-0.012107913824330997,0.22186288,-0.14340032901876337,0.28332946,0.37462608765310806,0.24967326,18.944473,497.91793664645496,3.6120403,19.122725,18.69565,0.42707443,2016.0,J124315.58+334103.7,190.8149558,+33.6843836,0.0805,0.0748,5.1,15.373,13.979,10.875,8.313,,,,0.039,0.037,0.104,0.285,,,,1907133301351046496,0000,0,000n,AAAB,36,248,-133,268,
0.015102,1515034183062670336,191.32224514191645,34.07556575099969,133.3299991725576,82.92812188072404,0.09769971666908629,0.23232526,0.1303493443564907,0.20518032,-0.33594318967565784,0.202048,18.68847,630.3159389323163,4.5500093,18.684057,18.172516,0.51154137,2016.0,J124517.33+340432.0,191.3222407,+34.0755678,0.0522,0.0506,176.0,14.189,13.169,10.373,7.934,,,,0.028,0.028,0.067,0.167,,,,1918134801351008361,0000,0,011n,AAAB,86,144,108,143,
0.183642,1515093969007361664,192.12275317924735,34.20865987213935,127.86121390510351,82.89136398550934,0.29588444171913836,0.16397044,0.025656025129927887,0.20210993,-0.2203688748704906,0.17761074,18.578665,697.3979406456868,1.9290493,18.711008,18.20174,0.5092678,2016.0,J124829.45+341231.3,192.1227125,+34.2086982,0.0972,0.0912,13.9,15.679,14.380,10.833,8.484,,,,0.044,0.047,0.101,0.291,,,,1918134801351002822,0000,0,000n,AAAB,216,323,-45,346,
0.369360,1515111836071222912,191.70786253488401,34.003535083771204,130.85064540212764,83.0537506844935,0.3599235762280291,0.22381552,-0.2040342266148024,0.21594083,0.2381819206272902,0.23531269,18.887318,524.8308274500961,3.3715737,19.08605,18.388798,0.6972523,2016.0,J124649.90+340012.4,191.7079540,+34.0034660,0.0766,0.0729,17.0,15.208,13.990,11.058,8.322,,,,0.036,0.038,0.138,0.232,,,,1925133301351065645,0000,0,11nn,AABB,231,235,196,247,
0.060514,1515112420186799616,191.75856228888938,34.06613494295751,130.43394865916466,82.99785748700981,-0.20690770258722124,0.1599926,-0.06754735599392528,0.18668589,0.13200243192607009,0.18764119,18.61273,675.85729537113,3.86091,19.098625,17.889599,1.2090263,2016.0,J124702.05+340358.1,191.7585669,+34.0661513,0.0428,0.0423,128.8,13.846,12.434,9.577,7.197,16.496,15.670,15.603,0.026,0.024,0.036,0.116,0.123,,0.184,1925133301351065588,0000,0,1100,AAAB,167,292,177,203,0.269
0.189993,1515122178352583040,191.86593772022223,34.252627534478705,129.5208919872619,82.82470998289128,0.16076742793294027,0.084974796,-0.03619434298637924,0.094049476,-0.04986491792729223,0.088170476,17.530369,1831.468825939796,3.4812205,17.68638,17.209135,0.47724533,2016.0,J124727.82+341509.6,191.8659323,+34.2526801,0.0641,0.0613,6.6,14.803,13.842,10.132,7.680,16.731,16.318,16.054,0.030,0.037,0.055,0.150,0.150,0.265,,1918134801351005570,0000,0,110n,AAAB,72,219,41,228,0.741
0.112889,1515151040532874880,191.84371281139278,34.457482020299985,129.46542866754197,82.61915549979828,0.008705870804030043,0.113660544,-0.029921243725981365,0.14657566,-0.17291472607741745,0.11770597,18.045717,1139.3564182883565,2.576677,18.188622,17.70244,0.48618126,2016.0,J124722.48+342726.8,191.8437023,+34.4574519,0.0721,0.0678,17.5,15.012,14.009,10.513,8.201,,,,0.034,0.039,0.073,0.245,,,,1918134801351019032,0000,0,110n,AAAB,220,228,-11,242,
0.518589,1515171484576875776,191.94883884408372,34.65749507418431,128.62740763897565,82.430431725488,0.2663953155262816,0.21231495,-0.4032390869506626,0.29341915,0.07555799692132711,0.259937,18.986422,479.04685022679683,0.9985127,19.359327,18.480429,0.8788986,2016.0,J124747.70+343926.4,191.9487770,+34.6573603,0.5137,0.4696,15.3,17.483,17.138,12.801,8.986,,,,0.160,,,,,,,1918134801351020058,0000,0,nnnn,BUUU,1840,1912,1446,2057,
0.148040,1515184678716828672,190.44482514577732,33.66817124632196,139.9960474535343,83.13716444279372,0.07597915726166492,0.14432463,0.08438110108948566,0.14210975,-0.05685824316633667,0.15520085,18.208984,980.2869728421795,3.6340888,18.387552,17.834034,0.5535183,2016.0,J124146.75+334005.5,190.4448152,+33.6682115,0.0552,0.0532,167.0,14.406,13.274,10.638,8.555,,,,0.029,0.028,0.081,,,,,1907133301351043518,0000,0,000n,AAAU,44,148,101,151,
0.201168,1515199315965255296,190.35003445776601,33.822101842646084,140.21210934833158,82.96621376038554,0.2637828317147401,0.2629039,-0.1701346361335092,0.2462484,-0.22090790098069787,0.23875116,18.827934,554.3364275840893,2.1825929,19.022842,18.493689,0.5291538,2016.0,J124124.00+334919.7,190.3500085,+33.8221534,0.1149,0.1060,12.8,15.908,14.620,11.180,8.480,,,,0.049,0.053,0.142,,,,,1907133301351062969,0000,0,000n,AABU,-298,383,-362,417,
0.980957,1515200179254062976,190.51703586214447,33.845865980354006,139.07295014028685,82.98634315751121,-1.017105755381203,0.55905074,-0.24657036150425216,0.5486238,0.2153074618507522,0.49599928,17.386229,2091.486503271612,10.794282,17.738232,16.582998,1.1552334,2016.0,J124204.01+335045.2,190.5167125,+33.8459123,0.0767,0.0751,179.6,14.768,14.585,12.614,9.102,15.543,15.034,15.333,0.032,0.057,0.533,0.503,,,0.155,1907133301351062900,d000,0,00nn,AACC,94,196,-136,205,1.314
0.128854,1515238382987558528,190.5791776600253,34.234858333307066,137.78738683113275,82.62846632773116,0.2903348903044667,0.2765948,0.026017279293920934,0.28538653,-0.4464204122076908,0.290386,18.86088,537.7675837481133,5.3228374,18.532667,17.48005,1.052618,2016.0,J124219.00+341405.6,190.5791794,+34.2348941,0.0446,0.0441,9.7,13.810,12.884,9.876,7.364,16.378,15.660,14.872,0.025,0.025,0.043,0.126,0.106,0.136,0.105,1900134801351002772,0000,0,9800,AAAB,0,69,0,75,0.258
0.145533,1515280301868230912,190.2475834124288,34.4373120687867,139.3425296356712,82.35518410377325,0.05374678852718075,0.15378326,0.02540381977047329,0.1750733,0.12107804826127544,0.2051882,18.706093,620.1686471245902,2.6030083,18.892267,18.28823,0.60403633,2016.0,J124059.41+342614.4,190.2475702,+34.4373510,0.0822,0.0764,11.7,15.391,14.108,11.051,8.451,,,,0.038,0.040,0.128,0.315,,,,1900134801351022137,0000,0,000n,AABB,231,257,196,278,
0.265175,1515310297920083200,190.4224266154275,34.675279789864646,137.80443319181168,82.16947622330602,-0.25093353923938716,0.14054994,0.11835597776529222,0.2321134,0.26114550699159156,0.21346676,18.943481,498.37275401654296,5.6624427,19.108833,18.373915,0.7349186,2016.0,J124141.39+344030.8,190.4224887,+34.6752267,0.0806,0.0744,9.4,14.994,14.494,12.134,9.078,,,,0.034,0.049,0.274,,,,,1900134801351022110,0000,0,00nn,AABU,232,208,196,227,
0.206043,1515328203639170048,191.30194170081518,34.53524998921997,132.77467584021488,82.47356948710305,-0.047623498786282685,0.15715694,0.11044032005146454,0.14477997,-0.24564089392517072,0.16019367,18.240423,952.3080465417754,1.6561788,18.461103,17.830181,0.6309223,2016.0,J124512.48+343206.9,191.3020030,+34.5352769,0.0626,0.0592,6.5,14.908,13.518,9.969,7.724,,,,0.033,0.033,0.048,0.163,,,,1918134801351013710,0000,0,000n,AAAB,82,215,74,226,
0.155162,1515368984353162496,191.67455528945726,34.880921620792265,130.0953920948969,82.18129617910249,0.003727013414066612,0.0784065,-0.14844317119404138,0.12550533,-0.06729125128682142,0.11644441,18.069618,1114.5507070101899,3.3217492,18.204605,17.803623,0.4009819,2016.0,J124641.90+345251.3,191.6746078,+34.8809239,0.0742,0.0697,6.6,15.072,13.977,11.211,8.480,,,,0.034,0.038,0.169,0.361,,,,1918134801351035167,0000,0,00nn,AABC,244,215,271,231,
0.102725,1515370603556326144,191.69047511308142,34.97642707555845,129.90762339277845,82.08839054635342,-0.2721356161326654,0.21778601,-0.2907010897610488,0.41006932,0.34563805384030555,0.35147086,18.608118,678.7341072804004,4.2089458,17.887516,16.691683,1.1958332,2016.0,J124645.72+345835.1,191.6905028,+34.9764444,0.0522,0.0513,144.3,13.819,13.522,11.221,8.748,15.472,14.620,14.105,0.025,0.033,0.171,,0.057,0.065,0.057,1918134801351032355,0000,0,00nn,AABU,-12,98,162,108,0.266
0.089875,1515392589493520256,190.91577902377335,34.70535463367597,134.85288302622607,82.24212169440601,-0.028929563758365053,0.095895745,0.05952013365858464,0.14255168,-0.13465877564076428,0.13925928,18.260294,935.0373884344461,3.066889,18.509659,17.843924,0.66573524,2016.0,J124339.78+344219.3,190.9157616,+34.7053751,0.0536,0.0526,34.1,14.704,13.111,9.973,7.767,,,,0.031,0.027,0.048,0.161,,,,1900134801351027690,0000,0,110n,AAAB,222,196,32,193,
0.083601,1515412694235769088,190.78277261523843,34.99528202977254,135.1476122466428,81.93499504394256,-0.010446166827447537,0.048522096,0.05624645816829399,0.0929473,0.053665256273044554,0.07704495,17.340965,2180.522949563865,9.304766,17.404182,17.078815,0.32536697,2016.0,J124307.86+345943.0,190.7827787,+34.9953047,0.0421,0.0410,132.5,13.311,12.263,9.958,7.654,16.532,15.563,15.134,0.024,0.023,0.051,0.142,0.141,0.124,0.139,1900134801351052319,0000,0,011n,AAAB,101,107,45,107,0.093
0.200799,1515447324556574976,191.09282495126448,35.31973714482611,132.93193408224352,81.67085856191962,0.014243611879808072,0.12508336,0.020839877204720275,0.1832083,0.06875819146750088,0.1836035,18.882061,527.3784629528642,1.1507579,19.20143,18.408337,0.7930927,2016.0,J124422.29+351911.0,191.0928926,+35.3197294,0.1044,0.0965,17.9,15.739,14.676,11.374,8.706,,,,0.044,0.053,0.167,,,,,1918134801351064335,0000,0,00nn,AABU,127,340,-245,366,
0.157595,1515452684675643264,191.266924911407,35.36765781443896,131.90937601155602,81.64926196920563,0.16483945591074348,0.12985484,-0.23690690612850507,0.19589645,0.3162919182146637,0.2041778,18.970232,486.2436936635787,1.4793992,19.179193,18.572924,0.60626984,2016.0,J124504.06+352203.7,191.2669246,+35.3677016,0.1201,0.1095,29.0,15.955,14.769,11.736,9.067,,,,0.051,0.056,0.205,,,,,1918134801351064364,0000,0,01nn,AABU,138,400,-91,424,
0.020398,1515518724092919680,194.12741865619648,33.45630673926996,113.43132008758647,83.57812718149876,0.06357194571480695,0.16883536,-0.033295262952731317,0.24543226,-0.10219708436114588,0.18094324,18.5326,727.622794553601,5.472715,18.71947,18.218472,0.50099754,2016.0,J125630.58+332722.7,194.1274235,+33.4563107,0.0916,0.0845,17.0,15.577,14.313,10.994,8.467,,,,0.042,0.044,0.103,0.360,,,,1943133301351035393,0000,0,011n,AAAC,399,286,596,309,
0.040622,1515524329026120832,194.35039471627783,33.616711107407816,112.0898579071934,83.38554084297874,-0.17829756455889292,0.19935629,-0.15282963127496574,0.19698097,0.3250074127196267,0.24976419,18.807613,564.8092022440553,1.8184475,19.14046,18.363781,0.7766781,2016.0,J125724.09+333700.1,194.3504055,+33.6167042,0.0716,0.0665,15.3,15.261,13.769,10.851,8.578,,,,0.037,0.034,0.100,0.308,,,,1943133301351046144,0000,0,000n,AAAB,-67,206,269,222,
0.275396,1515592597530751872,193.82525891910842,33.98460170379222,116.25754529767507,83.09351584258349,0.14827344219919306,0.23949744,-0.384424616479658,0.33223587,0.21106766642837646,0.28947985,18.822935,556.8944394780401,3.4831526,18.98607,18.453102,0.5329685,2016.0,J125518.04+335904.4,193.8251792,+33.9845632,0.1105,0.1022,15.5,15.837,14.681,11.403,8.072,,,,0.046,0.055,0.196,0.236,,,,1943133301351065264,0000,0,00nn,AABB,302,372,36,400,
0.057922,1515635341045043840,194.72808310295184,34.099419270616444,110.40964552550717,82.84620666714783,-0.03878239126774052,0.115098275,-0.1190357755462437,0.077562645,-0.06970908718350177,0.1484145,18.099302,1084.4905902745252,2.0969043,18.348135,17.634716,0.71341896,2016.0,J125854.74+340557.8,194.7280995,+34.0994106,0.0621,0.0599,38.4,14.606,13.803,11.056,8.794,16.335,15.915,15.231,0.030,0.035,0.102,,0.102,0.150,0.131,1955134801351010604,0000,0,000n,AAAU,240,157,264,166,0.267
0.042299,1515663485967501952,194.95327173857288,34.389618620403375,109.54132320549151,82.51964308439015,0.00922506879934204,0.038446125,-0.03252932844751886,0.02973357,-0.017802950397837358,0.050226863,16.299763,5689.076496591401,8.234784,16.498066,15.918829,0.579237,2016.0,J125948.78+342322.5,194.9532812,+34.3896098,0.0441,0.0419,135.0,13.677,12.579,9.728,7.272,15.672,14.856,14.872,0.024,0.024,0.044,0.101,0.060,0.063,0.096,1955134801351013188,0000,0,1100,AAAA,-14,198,-137,147,0.103
0.195998,1515714196644661376,194.77831662099948,34.424979068079764,110.68290018601719,82.5198598218575,0.23333208428112587,0.19586873,0.09006526262950137,0.13675965,0.0102260955073978,0.2514416,18.98459,479.8553612381463,1.1616158,19.164413,18.68341,0.4810028,2016.0,J125906.80+342529.7,194.7783538,+34.4249341,0.1647,0.1507,6.6,16.204,15.509,11.995,8.755,,,,0.059,0.099,0.249,,,,,1955134801351013455,0000,0,0nnn,AABU,111,573,-158,625,
0.649444,1515855728702445312,193.3832193841328,34.481095622799145,119.56287333063813,82.63344528728041,0.07164294430984987,0.18266797,0.13851385347604211,0.27032527,-0.20547505629609847,0.22128864,18.749142,596.0600149893595,3.291392,18.930883,18.469423,0.4614601,2016.0,J125332.02+342851.9,193.3834382,+34.4810968,0.0749,0.0721,19.1,15.176,14.040,11.957,8.957,,,,0.036,0.037,0.238,0.437,,,,1937134801351016244,0000,0,00nn,AABC,491,208,75,220,
0.141664,1515870709548344064,193.10124418787618,34.551493459573805,121.39112612990523,82.57386319348055,0.1894246172471658,0.20454593,-0.4002216515045533,0.2374122,0.3970798057229807,0.19861919,18.869333,533.5970983633704,1.7650704,19.313713,18.266306,1.0474072,2016.0,J125224.29+343305.2,193.1012235,+34.5514580,0.0718,0.0675,20.9,15.171,13.974,10.502,8.034,,,,0.035,0.037,0.070,0.205,,,,1937134801351013472,0000,0,000n,AAAB,169,226,-183,239,
0.133270,1515874862781098624,193.40081815581496,34.63382719752402,119.52649886635976,82.48009993588572,-0.041478060570079696,0.20586422,0.07024324262069401,0.29858434,-0.023139220281013104,0.22920424,18.942493,498.8262470153196,2.07586,19.162968,18.437435,0.72553253,2016.0,J125336.20+343801.6,193.4008508,+34.6338017,0.1038,0.0964,13.3,15.683,14.527,11.671,8.570,,,,0.044,0.051,0.202,,,,,1937134801351016307,0000,0,00nn,AABU,-39,332,301,358,
0.200393,1515888091280753152,193.98160103600785,34.37003728023484,115.62885187894197,82.69445940348062,0.0280952717002324,0.2215355,-0.21490725659434395,0.19293314,0.32749407519942525,0.2413579,18.808395,564.4020534265753,2.4191382,18.963093,18.484476,0.4786167,2016.0,J125555.57+342211.9,193.9815789,+34.3699847,0.1119,0.1029,20.4,15.931,14.596,11.345,9.268,,,,0.050,0.052,0.138,0.535,,,,1937134801351021700,0000,0,00nn,AABC,109,370,342,399,
0.088209,1515938634455626368,194.35947759659473,34.90297890519249,113.92286290860255,82.12004426105118,-0.1200395997392738,0.09580915,-0.07277029343110059,0.073645495,0.08669270742003893,0.13419321,18.161253,1024.3439580087918,1.1058567,18.428616,17.749203,0.67941284,2016.0,J125726.27+345410.6,194.3594805,+34.9029545,0.0876,0.0818,14.4,15.365,14.624,10.828,8.885,,,,0.037,0.053,0.110,0.470,,,,1937134801351026960,0000,0,000n,AABC,-13,297,137,314,
0.135509,1515949595212285440,194.35197497387242,35.08560567560825,114.18738574578094,81.94103185916532,-0.10352383395514483,0.11040691,-0.152658203525948,0.096303314,-0.17575097483255547,0.20702933,18.665499,643.7945310954549,1.0417947,18.816387,18.26488,0.55150795,2016.0,J125724.48+350508.0,194.3520035,+35.0855761,0.0516,0.0508,179.2,14.586,13.132,9.792,7.189,,,,0.030,0.027,0.042,0.125,,,,1937134801351050936,0000,0,0000,AAAB,265,232,262,198,
0.149414,1515988834033096832,193.681233003651,35.27555958717382,118.21029056806829,81.82253421201358,-0.07923724199369941,0.08132086,0.013016083835705227,0.10869638,-0.033450394359984245,0.13784099,18.412283,812.8937432559965,5.141795,18.450853,18.103567,0.34728622,2016.0,J125443.50+351632.1,193.6812710,+35.2755872,0.0558,0.0543,170.3,14.553,13.415,10.480,8.114,,,,0.029,0.030,0.078,0.226,,,,1937134801351045439,0000,0,000n,AAAB,26,160,136,167,
0.120797,1515995057441702400,193.93064467220978,35.16465720249613,116.6962552678562,81.91165147586231,0.04044218219950546,0.04787077,-0.01432705184373335,0.054384157,0.08304184061747229,0.08768434,17.544436,1807.8928204449421,3.094684,17.560823,17.148907,0.41191673,2016.0,J125543.34+350952.8,193.9306231,+35.1646857,0.0435,0.0424,127.6,13.492,12.473,9.901,7.302,16.511,15.917,14.778,0.025,0.024,0.047,0.103,,0.235,0.124,1937134801351048231,0000,0,1100,AAAA,141,114,87,117,0.446
0.124718,1515999214970067328,194.17020524535442,35.21658350591151,115.37126678712649,81.83455804601698,-0.1387792816102996,0.40163177,0.2720149002416294,0.41542998,-0.612674420108086,0.67496556,18.896759,520.2873005251604,4.288798,17.055609,15.740293,1.3153162,2016.0,J125640.85+351259.7,194.1702449,+35.2165957,0.0458,0.0433,132.7,12.892,12.910,12.045,9.106,14.305,13.780,13.526,0.023,0.026,0.308,,0.055,0.075,0.055,1937134801351048228,0000,5,11nn,AABU,-19,60,81,61,0.251
0.133805,1516004987406117632,194.289835395848,35.37315727894384,114.86015339994533,81.66523401697808,-0.08012706234908436,0.07009408,-0.06411887608621195,0.071181744,0.10940052822900236,0.13856289,18.178377,1008.3137724262974,1.3067166,18.39047,17.768744,0.621727,2016.0,J125709.56+352223.2,194.2898440,+35.3731208,0.0680,0.0647,15.4,15.115,13.791,11.135,8.923,,,,0.033,0.034,0.106,0.379,,,,1937134801351053605,0000,0,11nn,AAAC,-344,194,-56,206,
0.165016,1516014432038228224,193.84010318221314,35.395338982704594,117.39218367763208,81.69067782522224,0.10519976340749539,0.08096451,0.1065932884576438,0.101176776,0.006868973528706711,0.15501744,18.389015,830.5023286584867,1.2846444,18.515749,18.109962,0.4057865,2016.0,J125521.61+352343.0,193.8400724,+35.3953006,0.0712,0.0663,26.1,14.948,13.567,10.666,8.175,,,,0.037,0.032,0.080,0.216,,,,1937134801351059092,0000,0,111n,AAAB,125,228,-114,237,
0.105938,1516021647583316864,194.00399736495254,35.54144936792328,116.59637877271204,81.53041033393869,0.10177667441555113,0.09898221,0.04293193332723,0.10926918,0.03363811297432825,0.18859707,18.68862,630.2297104300436,1.8341863,18.858997,18.312492,0.546505,2016.0,J125600.96+353229.3,194.0040052,+35.5414781,0.0958,0.0890,22.6,15.767,14.399,11.242,8.604,,,,0.044,0.044,0.118,,,,,1937134801351056191,0000,0,01nn,AABU,78,316,176,338,
0.070650,1516052781803236480,195.47527127604707,34.75866014375339,107.20741712883188,82.04759523442405,0.35203992666862305,0.51832944,0.5626873934217085,0.36919367,-0.29670355760547934,0.55178034,18.941252,499.3970257185916,5.260787,17.666204,16.310059,1.3561459,2016.0,J130154.06+344531.2,195.4752513,+34.7586709,0.0482,0.0474,149.0,13.360,13.326,12.270,9.142,14.907,14.381,14.065,0.025,0.028,0.405,,0.054,0.059,0.070,1955134801351032633,0000,5,11nn,AACU,10,71,165,73,0.182
0.069712,1516054980826498304,195.55589108031685,34.85934856164951,106.96752071057747,81.93182708867724,0.008000919114565082,0.12417668,-0.031358171094724295,0.10242022,-0.05242263601681179,0.14319171,18.356422,855.8111293612757,2.3284163,18.669315,18.117718,0.5515976,2016.0,J130213.41+345133.6,195.5559142,+34.8593526,0.0652,0.0619,6.8,15.103,13.518,10.369,8.083,,,,0.034,0.032,0.071,0.185,,,,1955134801351032679,0000,0,011n,AAAB,231,196,91,209,
0.233940,1516066177804455552,195.84496465941893,34.818559873255566,105.27484341468205,81.89614761335436,0.05518413182091782,0.16040726,-0.012783121663503233,0.114540935,-0.1925449714542548,0.16407704,18.595041,686.9586137139183,2.2377818,18.78983,18.175894,0.6139355,2016.0,J130322.81+344906.8,195.8450438,+34.8185579,0.0965,0.0902,14.5,15.715,14.404,11.481,8.660,,,,0.044,0.044,0.170,0.365,,,,1955134801351030008,0000,0,00nn,AABC,686,323,498,346,
0.128003,1516067930151134976,195.80335254412148,34.897975780864314,105.68553044643224,81.83215652896023,0.08840483297898565,0.14587396,-0.0625916945122342,0.11921153,0.06256194565881258,0.16858739,18.676445,637.3360111853907,1.3185688,18.839796,18.306574,0.5332222,2016.0,J130312.81+345352.6,195.8033948,+34.8979678,0.0850,0.0799,18.0,15.506,14.107,11.319,8.548,,,,0.041,0.039,0.179,,,,,1955134801351029988,0000,0,00nn,AABU,394,260,164,277,
0.210257,1516084422825604736,195.66416184002168,35.035268783799786,106.74400123517486,81.73736301450424,-0.09539235298356255,0.12246655,-0.10868522491732445,0.12030732,-0.1961394473185603,0.17776263,18.574781,699.8974520974818,1.4482036,18.765577,18.203978,0.56159973,2016.0,J130239.40+350207.1,195.6642082,+35.0353132,0.1263,0.1182,19.3,16.000,14.754,11.409,8.811,,,,0.056,0.056,0.157,0.399,,,,1955134801351046465,0000,0,00nn,AABC,177,437,78,464,
0.165946,1516089061390339840,195.9580006784619,35.173541538890454,105.47502180799125,81.53042319234292,0.046670291340550826,0.083858594,-0.05511001603878181,0.08841697,0.16337239106423126,0.12797706,18.2557,939.0024799002412,1.3501678,18.639477,17.630957,1.0085201,2016.0,J130349.93+351024.6,195.9580452,+35.1735133,0.0655,0.0628,12.4,14.921,13.728,10.719,8.090,,,,0.031,0.034,0.087,0.205,,,,1955134801351048862,0000,0,111n,AAAB,225,194,204,202,
0.049070,1516150913215961088,195.36411318381383,35.324553141482326,108.92420055895424,81.52946722297432,0.43433833031882585,0.36448672,-0.4647114216161299,0.4405555,-0.3608420375874312,0.60559314,18.939789,500.0704712992225,2.8810809,17.201359,15.862128,1.3392305,2016.0,J130127.38+351928.4,195.3641061,+35.3245655,0.0455,0.0438,119.6,12.988,12.921,11.874,8.784,14.482,13.792,13.507,0.024,0.026,0.217,,0.043,0.047,0.050,1955134801351059764,0000,1,11nn,AABU,-138,62,3,64,0.226
0.100940,1516169123877176576,196.25394171132498,35.178043072730325,103.9488423965961,81.44383003912026,-0.44583857414925293,0.32557318,0.36979096320609117,0.34642398,-0.4762693970708508,0.44941387,17.86423,1346.6520949564388,7.441948,15.103014,13.791112,1.311902,2016.0,J130500.94+351041.0,196.2539560,+35.1780686,0.0350,0.0327,125.9,9.979,10.007,9.183,7.808,11.930,11.274,10.784,0.022,0.019,0.027,0.159,0.044,0.049,0.031,1955134801351051492,0000,5,111n,AAAB,-359,38,2,37,0.197
0.107359,1516197638163268224,196.10410014383888,35.55724440050808,105.55942461100847,81.12885068050142,0.08499118027598024,0.06284434,0.0375620022859574,0.082940824,-0.0584581405141819,0.11215382,18.06332,1121.0344578422598,1.3254184,18.251968,17.717527,0.534441,2016.0,J130424.97+353326.0,196.1040643,+35.5572380,0.0894,0.0830,16.5,15.587,14.427,10.898,8.275,,,,0.039,0.046,0.093,0.269,,,,1955134801351057027,0000,0,011n,AAAB,16,293,165,314,
0.079142,1516244371703712256,196.01142622634137,35.5546636597729,106.0174988624385,81.1556056688364,0.02606216197229935,0.068736464,-0.12864512368828113,0.08364256,0.18040916499671925,0.111241415,18.11383,1070.0763182122585,6.234575,18.195288,17.249794,0.9454937,2016.0,J130402.74+353316.8,196.0114526,+35.5546686,0.0410,0.0388,138.9,13.355,12.238,9.314,7.100,16.105,15.372,14.367,0.025,0.023,0.031,0.102,0.087,0.100,0.070,1955134801351056938,0000,0,5400,AAAA,110,55,124,58,0.073
0.066386,1516245123321880320,196.04375015403653,35.614428270904035,105.97947760711662,81.09057930474168,0.02390914342857526,0.0804132,0.0436862214123053,0.100540765,-0.18964175378856793,0.14563257,18.429417,800.1666458445864,2.8724887,18.651104,17.922731,0.7283726,2016.0,J130410.50+353651.8,196.0437524,+35.6144099,0.0454,0.0442,144.3,13.944,12.574,9.574,7.055,16.795,16.199,15.564,0.027,0.024,0.038,0.090,0.149,,,1958136301351005443,0000,0,1100,AAAA,264,69,45,210,0.130
0.157776,1516258489260114688,195.50056558768856,35.661865724928056,108.80787209252851,81.17476100338382,0.09073859969757189,0.10529645,-0.24023347918984722,0.136242,-0.164172697279488,0.20681092,18.787415,575.4146324692077,0.91364986,19.203773,18.212023,0.9917507,2016.0,J130200.14+353942.8,195.5005995,+35.6618998,0.0544,0.0523,162.7,14.705,13.262,10.258,8.019,,,,0.029,0.027,0.061,0.164,,,,1958136301351008189,0000,0,000n,AAAB,-78,165,28,169,
0.113402,1516280307694124928,196.4011935391554,35.97491039362881,105.00088115888711,80.654778899115,0.02217621118391014,0.089465655,0.005268375815027371,0.11362512,-0.0038544850382647225,0.16441609,18.507778,744.4501291898556,3.1420698,18.662529,18.147867,0.5146618,2016.0,J130536.28+355829.5,196.4011762,+35.9748822,0.0662,0.0632,14.9,15.107,13.775,10.846,9.188,,,,0.033,0.034,0.089,0.465,,,,1958136301351021803,0000,0,110n,AAAC,184,196,-57,207,
0.127703,1516328656142115584,194.53880746341832,35.328615351663096,113.42674969841984,81.67529867785494,-0.02437228373971124,0.027022868,0.007897700475430874,0.02813686,-0.05866293548770014,0.04801178,16.288542,5748.172567439945,45.76339,16.394175,15.8921585,0.50201607,2016.0,J125809.32+351942.9,194.5388480,+35.3286026,0.0432,0.0419,132.8,13.442,12.604,10.531,8.390,16.834,15.917,15.125,0.024,0.023,0.074,0.294,0.152,0.152,0.137,1937134801351053565,0000,0,110n,AAAB,200,83,125,84,0.722
0.052865,1516337654097040128,194.62398426387048,35.478793101802054,113.14773738274148,81.51495412978939,0.04798806924191208,0.054950878,-0.013940383567193607,0.056386303,-0.07529016740469831,0.10087108,17.642923,1651.1150605915202,2.2408602,17.93786,17.104622,0.8332386,2016.0,J125829.75+352843.6,194.6239989,+35.4787845,0.0503,0.0492,175.0,14.299,13.215,10.146,7.606,16.483,15.794,15.246,0.027,0.028,0.060,0.122,0.107,0.135,0.133,1955134801351065244,0000,0,110n,AAAB,270,180,186,174,0.038
0.079541,1516418025821600384,194.8011473248279,35.909738086701765,112.75542563029313,81.06452330024563,-0.6397451462319375,0.5428994,0.22559661865790664,0.6141511,0.3598876029217817,0.84904486,18.510458,742.614731904289,4.362738,16.303223,14.910502,1.3927202,2016.0,J125912.28+355435.0,194.8011711,+35.9097490,0.0402,0.0371,117.0,11.536,11.611,10.862,8.581,13.352,12.752,12.458,0.023,0.021,0.092,,0.052,0.054,0.047,1939136301351024695,0000,5,111n,AAAU,0,42,0,42,0.195
0.251497,1516447227302926464,195.53650413319136,35.78783717506572,108.84373442910282,81.0455738042514,0.05388257423683181,0.064075574,-7.063321710999787E-4,0.08243215,0.03161919988814141,0.12647049,18.034704,1150.972802770325,1.405895,18.189335,17.669699,0.51963615,2016.0,J130208.78+354716.1,195.5365834,+35.7878099,0.0724,0.0690,21.2,15.237,13.860,10.606,7.988,,,,0.035,0.037,0.073,0.191,,,,1958136301351008221,0000,0,000n,AAAB,-10,232,54,242,
0.687855,1516700806467582848,192.59015899796324,35.2490757133495,124.48846986327813,81.87591817971986,-0.28285838597200136,0.31458876,1.0455241565310096,0.6578709,-0.3998945197888677,0.5277589,18.72218,611.0469986471938,5.3801622,17.270987,15.89991,1.3710766,2016.0,J125021.68+351456.3,192.5903579,+35.2489751,0.0634,0.0467,134.8,12.911,12.874,11.644,8.250,14.525,13.884,13.454,0.030,0.033,0.249,,0.065,0.083,0.068,1918134801351051103,0000,4,nnnn,AABU,211,59,-7,61,0.628
1.042767,1516814189308899584,193.18587663695382,35.767480514131535,121.16947273474133,81.35630123581844,0.07157476573639485,0.08562405,0.12794785128105657,0.12031538,-0.23184101045085215,0.15132906,18.409052,815.3164846575417,4.8331504,18.580402,17.968027,0.61237526,2016.0,J125244.69+354603.0,193.1862301,+35.7675213,0.0783,0.0738,17.8,15.121,14.189,11.412,8.457,,,,0.035,0.042,0.162,,,,,1939136301351010911,0000,0,11nn,AABU,77,220,407,238,
0.014461,1516855730232622464,193.07471581345118,35.98658439530344,121.80112621674638,81.13977523044872,-0.06744753793636561,0.090922676,-0.043829964341710534,0.12149131,5.571148187118874E-5,0.17226335,18.543524,720.3395459361068,2.7407663,18.774807,18.172485,0.6023216,2016.0,J125217.93+355911.6,193.0747111,+35.9865832,0.0861,0.0798,7.2,15.235,14.382,11.232,8.597,17.148,16.196,15.951,0.037,0.047,0.134,0.355,0.194,0.218,0.208,1939136301351013736,0000,0,00nn,AABB,116,263,-658,281,0.801
0.111007,1516900982007698432,191.8367324369549,35.5266155889603,128.60960142896644,81.55648773359566,-0.013287939612673716,0.13391648,0.008228832558648603,0.25836852,0.20394977327031355,0.20174605,18.784855,576.7726382238625,6.0174103,18.944845,18.381365,0.5634804,2016.0,J124720.80+353135.8,191.8366946,+35.5266140,0.0716,0.0676,8.3,15.094,13.814,11.076,8.689,,,,0.035,0.035,0.130,,,,,1918134801351059165,0000,0,110n,AABU,240,207,208,225,
0.094386,1516906720083981696,192.4566837778857,35.490275585047144,125.18575905801924,81.63092243054852,-0.010481245137553205,0.10291084,0.03282552611899559,0.22971906,-0.015599573252299742,0.18370862,18.762684,588.6720199030984,4.4529443,18.853283,18.496813,0.3564701,2016.0,J124949.59+352924.9,192.4566517,+35.4902734,0.0719,0.0684,0.1,15.055,13.835,11.434,8.224,,,,0.034,0.035,0.171,,,,,1918134801351053738,0000,0,00nn,AABU,94,202,344,220,
0.047892,1516928297999814400,192.10087686266803,35.72447309111586,127.04411699624767,81.37953538038003,-0.1258188047373935,0.1362707,-0.3414825103883127,0.23670113,-0.051834669591710625,0.2512159,18.404516,818.7297937748039,6.6199236,18.339691,17.932854,0.40683746,2016.0,J124824.21+354328.0,192.1008781,+35.7244598,0.0520,0.0499,154.3,14.069,13.064,10.367,8.080,,,,0.027,0.029,0.062,0.184,,,,1921136301351005703,0000,0,001n,AAAB,137,142,17,152,
0.096571,1516956610424110208,191.42014400319826,35.51532128031676,130.90487993696652,81.52361646099205,0.07493029573199135,0.12073949,0.28500652024343853,0.23901719,0.3447945868757239,0.22021136,18.926777,506.1000364479583,2.5515106,19.048382,18.619833,0.4285488,2016.0,J124540.82+353055.2,191.4201151,+35.5153342,0.0590,0.0569,5.8,14.747,13.561,10.615,7.989,,,,0.031,0.030,0.089,0.190,,,,1918134801351061621,0000,0,001n,AAAB,144,177,341,183,
0.242183,1516964203926440832,191.47980933057474,35.79020071128362,130.3157523965064,81.25878724374411,-0.04356504779420638,0.095722415,0.15716288328889572,0.14999937,-0.004995940079793898,0.14644851,18.331615,875.5888136660468,3.055089,18.95759,17.554087,1.4035034,2016.0,J124555.16+354724.5,191.4798595,+35.7901471,0.1038,0.0956,10.0,15.594,15.058,11.030,8.706,,,,0.040,0.069,0.124,0.357,,,,1921136301351011080,0000,0,000n,AABC,-116,339,75,368,
0.217136,1516996300217357696,191.6900781972284,35.98958755070206,129.0474547281821,81.08305085295825,0.0912289299113883,0.08484004,0.17121957892884904,0.16797365,-0.22058311981164064,0.1434829,18.136238,1048.2179826843312,1.7724886,18.33157,17.753595,0.5779743,2016.0,J124645.60+355922.3,191.6900301,+35.9895415,0.0767,0.0724,18.3,15.397,14.060,10.416,7.929,17.098,16.530,15.882,0.038,0.038,0.067,0.192,0.181,0.247,0.223,1921136301351016483,0000,0,001n,AAAB,325,251,288,263,0.168
0.142561,1517018526672745472,192.80152381379122,35.91604679549657,123.23914814479093,81.21206491356963,0.018031362475081754,0.08582513,-0.12508391125979612,0.16879398,-0.05124100560419303,0.14160055,18.199945,988.482332984839,5.8738637,18.395998,17.758572,0.6374264,2016.0,J125112.36+355457.9,192.8015223,+35.9160864,0.0656,0.0624,13.6,15.011,13.788,10.494,8.248,17.189,16.511,16.067,0.033,0.034,0.077,0.233,0.204,0.242,0.251,1921136301351024326,0000,0,000n,AAAB,537,198,213,211,0.092
0.114232,1460281802533907712,198.13978269765514,28.36292270111058,48.951061391745185,85.16696357212473,-0.1707422434947884,0.11786718,0.01344047893147826,0.098792635,-0.09294293387479281,0.18577738,18.518473,737.1529006018221,1.0032649,18.76565,18.105398,0.6602516,2016.0,J131233.54+282146.5,198.1397541,+28.3629420,0.1333,0.1239,15.2,15.824,14.966,12.412,8.662,,,,0.052,0.072,0.523,,,,,1988128701351013382,0000,0,00nn,AACU,154,420,355,452,
0.034581,1460318159434565376,195.3195172328967,26.386535886797144,14.830700564911986,87.68159454017383,0.04025546565589008,0.215932,0.19610201364517274,0.30463645,-0.09865068993630084,0.2627597,18.987938,478.3787786684462,1.4739294,19.176699,18.63055,0.5461483,2016.0,J130116.68+262311.5,195.3195231,+26.3865439,0.0907,0.0846,10.7,15.729,14.333,11.001,8.559,,,,0.042,0.042,0.115,0.301,,,,1950125701351056611,0000,0,000n,AABB,294,288,76,312,
0.057125,1460337744485111680,195.941607743357,26.553908412632193,21.834230649981937,87.19068514480246,0.11756235479497089,0.14342488,-0.1259366449643206,0.20182295,-0.22888345499904592,0.13025518,18.088728,1095.1050731108953,5.250677,18.135712,17.680992,0.45471954,2016.0,J130345.98+263314.0,195.9416094,+26.5538926,0.0477,0.0464,158.0,14.061,12.943,9.959,7.369,16.970,16.171,15.395,0.026,0.026,0.050,0.089,0.147,0.183,0.142,1960127201351005429,0000,0,1110,AAAA,228,120,99,121,0.466
0.033028,1465907148835758080,194.01016122539383,32.44379560006111,112.57352442808471,84.59158791211874,-0.19993941434275958,0.24651355,-0.17425276900405487,0.2758771,0.17215181001033145,0.2583331,18.973415,484.8203260871441,1.4388266,19.15906,18.64257,0.516489,2016.0,J125602.43+322637.6,194.0101556,+32.4438034,0.1004,0.0929,15.7,15.798,14.409,11.777,8.403,,,,0.046,0.045,0.215,,,,,1941131801351059502,0000,0,00nn,AABU,125,322,423,349,
0.013921,1465923774653155840,196.8877454827607,30.149223418990157,74.39626358434367,85.35037915005597,-0.09885828841077779,0.1647225,-0.040247473896467226,0.11626493,0.0916209454513689,0.2011365,18.968079,487.2089775100042,1.0460848,19.195911,18.634878,0.56103325,2016.0,J130733.05+300857.1,196.8877450,+30.1492196,0.1293,0.1196,7.4,16.098,14.919,11.266,8.842,,,,0.053,0.064,0.126,,,,,1965130201351029049,0000,0,00nn,AABU,133,439,177,478,
0.059094,1471381960828388224,206.01409641268737,35.89978459351546,74.27263551189064,75.78630734437994,0.05943356163282647,0.09028887,-0.23849843879184465,0.1369222,-0.12643659355004178,0.16424884,18.756237,592.1777511365171,1.9640598,18.905317,18.366034,0.53928375,2016.0,J134403.38+355359.2,206.0141166,+35.8997837,0.0732,0.0694,21.2,15.282,13.836,10.845,8.412,,,,0.036,0.036,0.115,0.278,,,,2051136301351024267,0000,0,001n,AABB,270,248,55,251,
0.074920,1471385121924674688,206.22631669615896,35.99595562114215,74.20201248818583,75.59019404254211,-0.09153254113805877,0.068748385,0.007137752013062835,0.09663669,-0.14925710096551142,0.11973697,18.237627,954.7634078165854,1.3351339,18.497707,17.787804,0.7099037,2016.0,J134454.31+355945.5,206.2263213,+35.9959761,0.0763,0.0729,14.9,15.268,14.389,10.693,8.224,17.113,16.164,15.937,0.034,0.043,0.090,0.237,0.159,0.156,0.208,2070136301351013802,0000,0,001n,AAAB,321,257,48,272,0.509
0.227857,1460386947630329344,194.95287227636223,26.654922877289458,19.181046496452538,88.0739439338617,-0.03123680280190696,0.16803059,-0.11222072186183865,0.23732273,-0.2868750290278622,0.17736495,18.482403,762.0532802499526,0.9969663,18.717623,18.073435,0.6441879,2016.0,J125948.67+263917.6,194.9528112,+26.6548908,0.0758,0.0708,20.0,15.344,13.913,10.526,8.165,,,,0.038,0.035,0.082,0.228,,,,1943127201351000086,0000,0,000n,AAAB,345,227,97,243,
0.081489,1465968373593926272,197.48775360462747,30.674805878213366,75.22695245265416,84.61638980988766,0.19085255661427683,0.119589135,0.09880219917417275,0.09171112,-0.13961978706737857,0.13839413,18.243214,949.862880667842,2.9226959,18.425196,17.848944,0.576252,2016.0,J130957.06+304029.3,197.4877665,+30.6748256,0.0758,0.0718,3.8,15.277,14.285,10.886,8.582,,,,0.035,0.040,0.083,0.247,,,,1982130201351039239,0000,0,000n,AAAB,79,248,-24,267,
0.131169,1465972531122306816,197.3779473590776,30.728384654016075,76.31934961292582,84.65316094783122,0.1404354997100376,0.16876876,0.15880950088114093,0.13401663,-0.21419302220194408,0.22171396,18.862635,536.898912813727,1.8694947,18.988047,18.54332,0.44472694,2016.0,J130930.71+304342.1,197.3779894,+30.7283801,0.0512,0.0499,152.2,14.434,13.243,10.369,7.895,,,,0.027,0.027,0.067,0.147,,,,1965130201351051532,0000,0,001n,AAAB,137,142,136,144,
0.107063,1460410720272371840,195.70615580631272,26.98536458062762,30.354219439576752,87.46090743891622,-0.12726688787122015,0.12395416,0.09993384974659661,0.1788062,0.14844993203478352,0.12951049,18.010338,1177.0943979950537,1.9741693,18.219713,17.64577,0.5739441,2016.0,J130249.47+265907.4,195.7061369,+26.9853891,0.0568,0.0543,164.7,14.848,13.454,10.423,8.473,,,,0.030,0.029,0.064,0.279,,,,1960127201351015921,0000,0,001n,AAAB,357,152,42,161,
0.148596,1460414946520219264,195.66951003672816,27.067297476432685,32.17652679402828,87.49773530412682,-0.10692097870424891,0.14395945,-0.08597690622466365,0.19941318,0.08975357359885114,0.16960578,18.112942,1070.9523377711482,1.991852,18.269733,17.786787,0.4829464,2016.0,J130240.67+270402.3,195.6694698,+27.0673180,0.0827,0.0778,9.7,15.575,14.269,11.348,9.066,,,,0.037,0.041,0.170,0.503,,,,1960127201351015996,0000,0,00nn,AABC,174,260,178,282,
0.178868,1465990535625383296,197.29571759132585,30.942591396816372,78.5106433467093,84.56116072139213,-0.21072293760848773,0.16353536,-0.10350868147262196,0.13197348,-0.09225410532526546,0.1816539,18.681202,634.5502899559428,1.2154213,18.93025,18.271349,0.6589012,2016.0,J130910.97+305633.1,197.2957404,+30.9425457,0.0840,0.0781,11.8,15.482,14.300,11.053,8.637,,,,0.037,0.042,0.110,,,,,1965130201351054311,0000,0,110n,AABU,-384,261,-36,282,
0.074520,1460454632017959296,196.06236062762005,26.97886013419642,30.66321664745779,87.14374172454635,-0.167882598904108,0.15040311,0.2798648289448944,0.21884029,-0.059671476647615594,0.15882076,18.310083,893.1265710712911,2.1425264,18.377056,17.983381,0.39367485,2016.0,J130414.96+265843.9,196.0623380,+26.9788648,0.0503,0.0493,155.3,14.419,13.300,10.281,7.972,17.663,16.506,15.937,0.027,0.027,0.068,0.170,0.289,0.207,0.216,1960127201351018516,0000,0,000n,AAAB,28,134,0,138,0.125
0.178165,1466020810850943360,196.64273595540132,30.82602290164494,82.00407651852005,85.038244541602,0.06263690611889147,0.1802991,0.06429268055791837,0.123123296,-0.21704699336273778,0.19200794,18.932095,503.62726892794313,4.112688,18.799044,18.056509,0.74253464,2016.0,J130634.27+304933.7,196.6427920,+30.8260345,0.0484,0.0462,159.5,13.990,12.953,10.196,8.022,,,,0.026,0.026,0.057,0.218,,,,1965130201351060017,0000,0,011n,AAAB,219,145,226,134,
0.106432,1466052451874125440,196.72872082686948,31.151531755395954,83.82831192233802,84.74663167365645,0.06442486195242864,0.15284689,-0.055702867890492294,0.11253378,0.28492138995982896,0.19657277,18.754816,592.9528363135437,1.248932,19.049294,18.425303,0.623991,2016.0,J130654.90+310905.5,196.7287554,+31.1515308,0.0659,0.0626,9.1,15.159,13.632,10.139,7.948,,,,0.034,0.033,0.062,0.187,,,,1958131801351000058,dd00,0,110n,AAAB,99,206,96,216,
0.061382,1460502735652505216,196.52973669170422,27.542299541020263,41.00978669383936,86.71352746844757,0.13848465564284979,0.15807085,-0.21596220814139216,0.20556356,0.08597746391808747,0.15221572,18.3802,837.2723330757958,2.1066313,18.584415,17.94124,0.6431751,2016.0,J130607.13+273232.3,196.5297326,+27.5423162,0.0686,0.0647,175.8,15.122,13.964,10.953,8.905,,,,0.033,0.036,0.099,0.394,,,,1960127201351048612,Dd00,0,n00n,AAAC,85,194,262,212,
0.221862,1466066814244118912,197.48858838517498,30.789152119491135,76.14222807159426,84.54156244843672,-0.02256620955213379,0.14849122,-0.025770694495247354,0.12000288,-0.1233989232211738,0.1967515,18.757355,591.5686693608549,3.23105,18.928465,18.372438,0.55602646,2016.0,J130957.25+304721.1,197.4885798,+30.7892133,0.0723,0.0680,4.4,15.339,14.080,11.359,8.791,,,,0.034,0.035,0.135,0.365,,,,1982130201351061502,0000,0,00nn,AABC,69,214,120,231,
0.079846,1466095057949594112,197.50138763201633,31.266068358287914,79.64283364162351,84.20988938305476,0.17591714471755418,0.12328699,-0.08549881758050694,0.09472298,-0.1891648482829837,0.14151621,18.342676,866.7142570161494,1.8492013,18.548994,17.935707,0.613287,2016.0,J131000.33+311557.7,197.5013980,+31.2660480,0.0762,0.0716,9.7,15.329,14.276,11.294,8.808,,,,0.034,0.041,0.119,0.353,,,,1976131801351005113,0000,0,00nn,AABB,123,230,490,251,
0.069731,1466105297151255680,197.8757679347179,31.268603298017403,77.52848975538613,83.97520387212602,-0.036706962112080806,0.12915593,-0.20455373308294955,0.113668725,0.01575363755123152,0.1807852,18.531252,728.5280333829177,3.1852474,18.595009,18.131674,0.46333504,2016.0,J131130.18+311606.9,197.8757906,+31.2686032,0.0852,0.0791,18.9,15.591,14.279,11.266,9.326,,,,0.041,0.039,0.117,,,,,1976131801351002653,0000,0,00nn,AABU,321,270,-159,291,
0.281010,1460538710298012032,196.1931807812413,27.331073157033025,37.60791174359244,87.0289005708278,-0.11378164077069589,0.21809497,-0.14387114274276724,0.3096939,0.07452443413770361,0.28224632,18.80585,565.7272435327054,1.9136642,18.962543,18.499985,0.46255875,2016.0,J130446.34+271951.9,196.1930946,+27.3310884,0.0853,0.0789,14.1,15.688,14.297,11.252,8.393,,,,0.040,0.040,0.120,0.234,,,,1960127201351031367,0000,0,11nn,AABB,-131,265,-44,288,
0.056375,1466107667972908800,198.088597338304,31.297411819557805,76.59447083669744,83.82010432003787,0.07927620813576619,0.10861817,0.011999777548491115,0.09385996,-0.23815284233490272,0.11964697,18.172531,1013.7587467795225,3.855977,18.327686,17.786879,0.5408077,2016.0,J131221.26+311750.6,198.0885963,+31.2973962,0.0581,0.0561,177.7,14.984,13.486,10.436,8.352,16.874,15.953,15.650,0.031,0.029,0.064,0.243,0.198,0.185,0.235,1976131801351002596,0000,0,110n,AAAB,322,172,286,180,0.837
0.240019,1466125917290592768,197.90312284065527,31.50807281702838,79.02658378006213,83.79511417808222,-0.34471663429292904,0.56411654,0.28138591533287705,0.55387324,-0.0671872157864329,0.68256843,18.610266,677.3923401851908,4.4374194,16.000553,14.669015,1.3315382,2016.0,J131136.75+313029.2,197.9031544,+31.5081338,0.0386,0.0364,124.4,11.130,11.184,10.552,9.424,12.854,12.245,12.018,0.022,0.021,0.064,0.493,0.036,0.042,0.035,1976131801351022703,0000,5,000n,AAAC,-41,38,37,38,0.210
1.183251,1471575165637304448,203.60435984989746,34.638642813737505,74.7602064205101,78.12053905598833,-0.21839415393814102,0.44363874,0.3123296192725474,0.36487916,-0.14503947338200543,0.5622687,18.979666,482.0374361143364,2.0848942,17.407125,16.092909,1.3142166,2016.0,J133424.99+343818.0,203.6041565,+34.6383599,0.0467,0.0453,142.8,13.094,13.131,12.553,9.292,14.767,14.291,13.880,0.024,0.028,0.411,,0.086,0.096,0.072,2028134801351024309,0000,1,11nn,AACU,-142,57,84,61,1.146
0.263489,1466138973991106176,197.15679671887492,31.25239030400375,81.66974647421917,84.42599595291536,-0.13375516527909356,0.15409128,-0.14149932392961762,0.13230197,-0.007724617084038944,0.19059472,18.784786,576.8088381763635,2.5215344,18.877209,18.184471,0.6927376,2016.0,J130837.63+311508.3,197.1568266,+31.2523217,0.0691,0.0656,9.4,14.739,14.013,12.391,8.270,17.071,16.340,15.501,0.031,0.039,0.368,,0.201,0.222,0.192,1976131801351007650,0000,0,00nn,AACU,175,162,134,176,0.703
0.188502,1460588634997613568,194.86767023855307,26.973174743873802,28.433568899240438,88.20480642792305,-0.136957319616594,0.2481462,-0.4214283597587598,0.29631877,0.19034977060704267,0.23850961,18.907047,515.380165872612,2.9742079,19.015734,18.669054,0.3466797,2016.0,J125928.23+265823.2,194.8676322,+26.9731349,0.0858,0.0808,3.2,15.485,14.241,11.145,8.828,,,,0.038,0.043,0.147,0.431,,,,1943127201351021301,0000,0,110n,AABC,212,262,60,285,
0.124919,1471591211635176832,204.175172837806,34.74625981714838,73.87097521677408,77.67656417768141,-0.04475196543001225,0.48867273,-0.4657958411727071,0.40480548,-1.020745658407754,0.56361073,18.643393,657.0367039616351,4.382821,16.29664,14.910213,1.3864269,2016.0,J133642.04+344446.6,204.1751785,+34.7462942,0.0380,0.0355,122.2,11.383,11.353,9.723,8.008,13.234,12.255,12.013,0.022,0.021,0.041,0.228,0.052,,,2046134801351034956,0000,5,100n,AAAB,-153,38,63,40,0.213
0.100037,1460596095357170560,194.5131958445918,26.915971989896214,25.10858604903143,88.51161464975453,-0.11778158294906116,0.51816964,-0.2825121993131619,0.6484322,0.008213869024025211,0.57060575,18.275488,922.0440998232859,5.452059,16.461102,15.154342,1.3067598,2016.0,J125803.16+265457.4,194.5131907,+26.9159446,0.0413,0.0398,136.8,12.074,12.114,11.303,9.133,13.728,13.233,12.793,0.023,0.023,0.155,,0.058,0.076,0.058,1943127201351018452,0000,5,00nn,AABU,59,47,93,49,0.133
0.098857,1466162884073246976,197.2724646784711,31.570247834501476,83.1023956095584,84.12537272401583,-0.20554172021427206,0.16940215,0.05792069654850521,0.13668127,-0.0033843097665059814,0.19840506,18.844576,545.9038147597772,1.2592149,19.052475,18.503643,0.54883194,2016.0,J130905.39+313412.8,197.2724934,+31.5702353,0.0990,0.0937,2.5,15.712,14.439,11.128,8.784,,,,0.044,0.048,0.122,0.355,,,,1976131801351017026,0000,0,01nn,AABB,-246,322,34,345,
0.046307,1466168385927183488,197.5862829763617,31.44392991426113,80.37669941019571,84.03313358034265,0.37282520180300155,0.56272614,-0.2655982989732652,0.48235252,-0.19150705421884762,0.680178,18.836287,550.0876380645452,2.873868,16.503796,15.036882,1.4669132,2016.0,J131020.71+312638.1,197.5862980,+31.4439311,0.0369,0.0345,125.5,11.233,11.290,9.938,8.125,13.101,12.337,12.021,0.021,0.020,0.047,0.193,0.044,0.044,0.041,1976131801351019933,0000,5,010n,AAAB,-24,40,-108,41,0.076
0.243544,1466177486961685888,197.83077904013535,31.655542709367147,80.39466865057604,83.73616810741072,0.15003570615348388,0.13346681,-0.0988968094626234,0.114355005,0.031139725757748288,0.16614261,18.550549,715.6933054102573,1.9601941,18.745434,18.16651,0.5789242,2016.0,J131119.39+313919.7,197.8308268,+31.6554886,0.0599,0.0570,18.0,14.876,13.516,10.467,8.244,,,,0.031,0.030,0.063,0.224,,,,1976131801351032669,0000,0,000n,AAAB,228,176,100,184,
0.100199,1460633302658053248,194.9235746527651,27.307517410445442,38.98146033600071,88.15574375902888,0.2245694344095446,0.13831659,-0.05994771297935492,0.18615301,-0.0089365447068539,0.1633177,18.281849,916.6574551730049,2.3431118,18.458155,17.96628,0.4918747,2016.0,J125941.66+271826.9,194.9235944,+27.3074958,0.1101,0.1001,16.9,15.743,14.723,11.291,9.070,,,,0.045,0.059,0.153,0.500,,,,1943127201351027304,0000,0,00nn,AABC,438,356,60,388,
0.160768,1466211537462194048,196.18658405071082,30.982834363153437,86.69201023608687,85.17197542031211,0.009484431844114075,0.13218261,-0.0111811358011145,0.09021964,0.08748077750768976,0.1580294,18.557674,711.0121078165372,0.8521315,18.723064,18.232624,0.49044037,2016.0,J130444.78+305858.0,196.1866117,+30.9827965,0.1116,0.1033,15.1,15.837,14.707,11.445,8.576,,,,0.047,0.056,0.162,,,,,1965130201351063106,0000,0,00nn,AABU,-187,374,46,398,
0.497587,1460646501093329536,194.47859532766725,27.05755542580698,30.493055577734253,88.55682901414329,0.31586158666882586,0.32216936,0.10874190022567601,0.40936106,-0.6719533018299426,0.3472225,18.07881,1105.15378323081,4.2364106,17.300879,16.31215,0.9887295,2016.0,J125754.83+270327.5,194.4784909,+27.0576577,0.0499,0.0483,142.6,13.515,13.287,11.637,8.435,15.242,14.709,14.140,0.025,0.029,0.233,,0.070,0.083,0.068,1943127201351018478,0000,1,00nn,AABU,76,89,402,95,0.392
0.089019,1471654463617101184,203.45716740692856,35.200300811721654,77.25531813184219,77.87384970212976,-0.024717841742183007,0.10557454,-0.21267374648319132,0.12748356,-0.17380219752450843,0.17868847,18.720392,612.0541794934385,1.0309992,19.12038,18.073368,1.0470123,2016.0,J133349.72+351201.1,203.4571805,+35.2003231,0.0498,0.0484,157.1,14.289,13.040,10.166,7.779,16.850,16.151,15.655,0.028,0.026,0.063,0.165,0.157,,0.160,2028134801351050799,0000,0,110n,AAAB,261,172,90,162,0.180
0.117685,1471666425102445312,204.1019499989906,35.22948970448523,75.84778107920866,77.44042441411864,0.02841055285422486,0.064712,-0.1409802686098356,0.08051184,-0.13103053483065277,0.11226449,18.133282,1051.0760520517115,1.6002789,18.272175,17.812939,0.45923615,2016.0,J133624.47+351346.2,204.1019665,+35.2295195,0.0542,0.0525,5.5,14.777,13.388,10.505,8.167,,,,0.029,0.028,0.082,0.223,,,,2046134801351043290,0000,0,000n,AAAB,48,203,27,188,
0.191552,1460662680233963904,194.28515184804527,27.225161241327616,37.62685217070108,88.72802917193944,0.13895306237090604,0.15839311,-0.11939518433859267,0.150121,0.11215480152347217,0.14816049,18.292368,907.8196934291752,1.8939301,18.620832,17.775452,0.8453808,2016.0,J125708.42+271330.5,194.2850938,+27.2251484,0.0593,0.0578,1.4,14.798,13.426,10.289,8.001,17.026,15.980,16.116,0.031,0.030,0.064,0.207,0.172,0.189,0.295,1943127201351032582,0000,0,000n,AAAB,134,204,176,198,0.371
0.093053,1460664192062464768,194.2961083504263,27.249353305978154,38.673518223866985,88.7163927356019,0.05771405033944616,0.23026086,-0.06366740772978641,0.22286844,-0.27611236552070195,0.20746112,18.832317,552.1021332517943,1.8832527,19.078629,18.393167,0.68546104,2016.0,J125711.06+271457.5,194.2960931,+27.2493313,0.1585,0.1445,14.8,16.203,15.514,11.320,8.396,,,,0.058,0.102,0.150,,,,,1943127201351032777,0000,0,0nnn,AABU,-124,556,61,606,
0.351840,1460666391085723264,194.12395431699088,27.251835266139956,39.49099339589969,88.86849122161014,-0.07546733531830145,0.21940963,0.2919371651302046,0.23658101,-0.09121529780891283,0.23821382,18.934778,502.3832660227504,1.3975204,19.140198,18.663261,0.47693634,2016.0,J125629.74+271506.2,194.1239219,+27.2517419,0.1234,0.1139,13.9,15.884,15.023,11.461,8.285,,,,0.047,0.072,0.200,,,,,1943127201351035322,0000,0,00nn,AABU,58,421,-610,454,
0.131554,1466234803301680000,196.1209951165104,31.218965899103118,88.87056916991287,85.01636421462204,0.08900911049101437,0.08586101,-0.09769687445150269,0.061046872,-0.09079148635170053,0.10282619,17.759628,1482.843213347415,4.190544,17.826838,17.553045,0.27379227,2016.0,J130429.04+311308.1,196.1210283,+31.2189429,0.0483,0.0468,151.0,13.994,12.908,10.255,7.988,16.770,16.525,15.411,0.027,0.026,0.057,0.172,0.148,0.262,0.166,1958131801351003176,0000,0,010n,AAAB,203,154,171,144,0.455
0.293722,1466238892110589312,196.56947400354605,31.091457304693048,84.54109304751955,84.88095759973086,-0.047516554052179416,0.06647691,0.009664357443733704,0.049286135,-0.06694256170535741,0.08603718,17.266087,2336.211680032596,6.610711,17.408512,16.92781,0.48070145,2016.0,J130616.69+310529.3,196.5695657,+31.0914796,0.0512,0.0493,15.3,14.531,13.169,9.499,7.191,16.238,15.925,15.340,0.029,0.028,0.034,0.114,0.100,0.170,0.162,1958131801351000036,0000,0,0000,AAAB,99,244,96,219,0.195
0.230359,1460678593088954368,194.35766212019706,27.546158703822364,50.70794176625604,88.60507663576882,-0.19205561353752992,0.53149164,-0.3959258329475803,0.64559346,-0.2174678660537678,0.5306684,18.23001,961.4865034175848,9.35657,16.297134,14.9661455,1.3309889,2016.0,J125725.83+273245.9,194.3576356,+27.5460992,0.0451,0.0397,147.6,11.937,12.048,11.771,8.520,13.429,12.822,12.618,0.024,0.024,0.263,,0.047,0.056,0.052,1943127201351045927,0000,5,nnnn,AABU,162,48,122,49,0.185
0.338956,1466261878775519488,196.2191964477049,31.408537489150675,89.3397438130501,84.81326982316676,0.040645256260905226,0.15660945,-0.11495813212859844,0.10553008,0.01422667665383835,0.20405433,18.680857,634.7523976300113,1.7467043,18.862906,18.337492,0.5254135,2016.0,J130452.62+312430.4,196.2192609,+31.4084611,0.0601,0.0578,5.4,14.888,13.518,10.258,7.894,,,,0.031,0.032,0.057,0.222,,,,1958131801351022364,0000,0,000n,AAAB,254,189,106,191,
0.063581,1460703950575873152,194.6317034028508,27.673522322969323,52.4524333491558,88.33482226608454,-0.6019542315031687,0.58532214,-0.38473906229181115,0.7503631,0.7931054817181962,0.68697995,18.92891,505.1061680644569,5.727623,17.05211,15.75169,1.3004208,2016.0,J125831.60+274024.6,194.6316836,+27.6735203,0.0464,0.0436,137.1,13.003,13.025,12.248,8.788,14.382,13.814,13.568,0.024,0.027,0.398,,0.054,0.063,0.059,1943127201351048718,0000,5,00nn,AACU,-10,66,82,69,0.085
0.077517,1460713532647418624,194.74698107070927,27.885717489346046,57.71034870956531,88.16252012454551,-0.056672680349586606,0.137179,0.05177851926861704,0.17994078,0.13689794730667457,0.17879252,18.17176,1014.478259437591,5.6242304,18.341125,17.83696,0.50416565,2016.0,J125859.27+275308.5,194.7469758,+27.8856965,0.0583,0.0567,6.8,14.632,13.235,10.210,7.823,,,,0.031,0.029,0.070,0.188,,,,1943127201351057358,0000,0,011n,AAAB,298,167,377,174,
0.062783,1466285857576417536,196.06799133730306,31.402266206466237,90.48366435959872,84.89176696972132,0.01375635766982724,0.14876798,0.04019951149280495,0.10310823,-0.21425249626499115,0.20183583,18.615826,673.9331310929603,2.3972793,18.779613,18.239363,0.5402508,2016.0,J130416.32+312408.1,196.0680083,+31.4022565,0.0664,0.0632,12.6,15.105,13.660,10.804,8.580,,,,0.034,0.033,0.095,0.330,,,,1958131801351022383,0000,0,001n,AAAB,174,192,-136,203,
1.163226,1471733838909098880,204.9812584673791,35.54011052002684,75.06272893277128,76.67916074970671,0.06766666248272979,0.092626855,-0.09710032278512659,0.1412967,-0.010986704574876237,0.19822727,18.914587,511.81414254732175,0.9418377,19.111364,18.569546,0.5418186,2016.0,J133955.49+353225.5,204.9812357,+35.5404331,0.0667,0.0637,9.7,15.013,13.958,10.962,8.815,,,,0.032,0.036,0.103,0.375,,,,2046134801351057290,0000,0,00nn,AAAC,-5,230,193,230,
0.230803,1460730510654268800,195.7260612000701,27.69669490998675,46.181500881198,87.39264801861862,0.04804757069100558,0.21403866,-0.12945111596205383,0.28930777,0.030653270261044294,0.25572443,18.89299,522.0963670017412,1.0764983,19.165718,18.461235,0.70448303,2016.0,J130254.24+274147.9,195.7260109,+27.6966488,0.0785,0.0741,10.7,15.482,14.057,11.011,8.382,,,,0.038,0.037,0.112,,,,,1960127201351042965,000P,0,001n,AABU,-73,236,-238,255,
0.069901,1460758578263687680,196.00725559897398,27.818192991925052,47.53147658845278,87.1233510159856,-0.31614599705928864,0.21694826,0.4212070104116629,0.3216585,-0.17056303470568732,0.29217708,18.886402,525.2741991063125,0.96599114,19.101812,18.52267,0.5791416,2016.0,J130401.73+274905.4,196.0072415,+27.8181781,0.0763,0.0719,21.9,15.498,13.989,10.750,8.385,,,,0.038,0.036,0.092,0.223,,,,1960127201351059233,0000,0,000n,AAAB,314,231,224,245,
0.075157,1460767894049616000,195.71974585818182,27.866603581415884,49.81496081606364,87.35768474825399,0.48367233802382487,0.5146288,-1.1167971606713438,0.68743014,-0.06442414433470789,0.63595986,18.170717,1015.4532765702136,6.8492475,16.058954,14.734819,1.3241348,2016.0,J130252.73+275159.7,195.7197289,+27.8665890,0.0409,0.0384,133.8,11.577,11.626,10.895,9.016,13.242,12.537,12.217,0.023,0.022,0.102,,0.044,0.055,0.037,1960127201351061692,0000,5,120n,AAAU,57,41,60,42,0.119
0.183234,1466335782276746240,196.2393817690449,31.81557213538995,91.63044415137287,84.466518465475,0.13142367334232732,0.18868473,0.0511688062248684,0.124208845,0.3140857059167883,0.23229577,18.774641,582.2242355854769,1.3987756,18.937628,18.410408,0.5272198,2016.0,J130457.46+314856.1,196.2394251,+31.8156073,0.1292,0.1178,15.6,15.999,14.891,11.442,9.128,,,,0.053,0.064,0.154,0.503,,,,1958131801351030989,0000,0,01nn,AABC,-237,431,76,469,
0.127061,1466337225385427200,196.16640834082827,31.88929600667668,92.58077660354506,84.43760178593085,0.06542958333943627,0.13225412,0.017374905446477632,0.093035534,0.041561359511923156,0.1857053,18.37794,839.0173455638252,1.4321623,18.572351,18.1605,0.41185188,2016.0,J130439.94+315321.4,196.1664459,+31.8892808,0.0534,0.0521,23.8,14.354,13.236,10.823,9.137,,,,0.028,0.029,0.107,0.493,,,,1958131801351030792,0000,0,011n,AAAC,61,131,-56,138,
0.012032,1460783046694222976,195.80426433570983,28.185487674716114,55.67514552274181,87.1856749487661,-0.052270143746982196,0.06049505,-0.04504711706680398,0.08455252,0.025503007103400394,0.08165167,16.654736,4102.536684099967,4.995527,16.786243,16.356787,0.4294567,2016.0,J130313.02+281107.7,195.8042625,+28.1854906,0.0382,0.0367,129.4,13.268,11.895,9.131,7.270,16.193,15.515,15.261,0.024,0.022,0.029,0.098,0.086,0.116,0.122,1954128701351002478,0000,0,1100,AAAA,224,49,146,51,0.203
0.095311,1460787857057509760,195.22550731530183,27.783732672305128,50.81362817674725,87.80057616457582,0.6501099835543821,0.52745265,0.3562251546362283,0.6682689,0.41556406561545545,0.5215299,18.854969,540.7036076087157,3.1276858,17.121748,15.825813,1.2959347,2016.0,J130054.12+274701.5,195.2255204,+27.7837565,0.0455,0.0438,115.5,12.870,12.924,11.687,8.905,14.586,13.998,13.736,0.023,0.026,0.252,,0.071,0.084,0.070,1960127201351064163,0000,3,11nn,AABU,162,65,35,68,0.406
0.084139,1460797718302460800,195.36312299177936,27.999199473302934,54.933672336379495,87.61583019942077,-0.14919365225436632,0.4062424,0.11348561245788,0.55785775,-0.05243648683852553,0.4736863,18.368727,846.1665304113401,3.857376,16.833908,15.455034,1.3788738,2016.0,J130127.14+275957.1,195.3630972,+27.9992047,0.0445,0.0432,128.7,12.646,12.646,11.823,8.734,14.071,13.383,13.141,0.024,0.025,0.293,,0.048,0.055,0.049,1960127201351064156,0000,0,11nn,AABU,34,56,190,59,0.112
0.281298,1466367324516289408,196.53944614848274,31.733882486073593,88.98650143773732,84.38995783930375,0.058695631553677616,0.20472986,-0.17891336266955526,0.1483982,0.17955089242250896,0.23332462,18.958853,491.3670132028169,1.2414968,19.222223,18.62886,0.5933628,2016.0,J130609.48+314402.1,196.5395201,+31.7339288,0.1312,0.1209,17.5,16.028,14.957,11.765,8.959,,,,0.052,0.066,0.202,0.402,,,,1958131801351028170,0000,0,00nn,AABC,-347,440,89,474,
0.042201,1460800673239930112,195.28932362940807,28.033112730788,56.28046906764073,87.66398995521769,-0.14959248114325774,0.4059306,-0.03526805687993535,0.53451717,-0.09837633418034458,0.43780515,18.571941,701.7301467908161,3.716895,17.517942,16.225546,1.2923965,2016.0,J130109.43+280159.1,195.2893168,+28.0331027,0.0534,0.0530,7.6,13.620,13.648,12.381,8.942,15.031,14.456,14.146,0.026,0.035,,,0.067,0.072,0.066,1954128701351004941,0000,0,00nn,AAUU,138,88,-6,93,0.058
0.053062,1460804384091642624,194.92626108579694,27.924744323589533,56.89564327051877,88.00164054473704,-0.43148368523367064,0.3840584,0.39382094878751467,0.5285946,-0.7626326333879854,0.4684883,17.914612,1285.5887672791137,6.1319466,16.61419,15.265422,1.3487673,2016.0,J125942.30+275529.0,194.9262730,+27.9247340,0.0444,0.0428,135.0,12.542,12.573,12.035,8.503,13.858,13.326,12.979,0.024,0.025,0.328,,0.044,0.062,0.045,1943127201351054441,0000,1,11nn,AABU,-27,58,107,60,0.187
0.656264,1482067251049183232,209.77051576032866,34.36217467366187,63.56535900826601,73.79539850197912,-0.09286944034522956,0.09597211,0.004256826058534427,0.12076898,0.1260472716189494,0.14254686,18.481657,762.5775433687395,1.3441792,18.68251,18.105934,0.57657623,2016.0,J135904.87+342144.1,209.7703311,+34.3622747,0.0807,0.0758,10.5,15.285,14.383,10.743,8.416,,,,0.037,0.043,0.088,0.296,,,,2101134801351008106,0000,0,000n,AAAB,-77,237,265,250,
0.288360,1466387360539672448,197.2353667792865,32.01656290250034,86.08822138161074,83.80636497461961,-0.1740679999368905,0.19155434,-0.20204281457864598,0.14731412,-0.1303255770053114,0.22909395,18.925655,506.6230014052625,1.1854631,19.148092,18.580105,0.56798744,2016.0,J130856.48+320059.3,197.2353381,+32.0164866,0.1574,0.1439,14.9,16.290,15.281,11.680,9.085,,,,0.061,0.081,0.188,,,,,1976131801351043917,0000,0,00nn,AABU,300,561,-45,609,
0.170407,1460820906829619328,195.51440790919804,28.052006944134984,54.97730159897759,87.47223572531789,0.15358656513249888,0.19501793,0.046535564475773394,0.23423159,-0.3686215098326237,0.20267187,18.70763,619.290547997147,1.2029719,18.758493,18.467207,0.29128647,2016.0,J130203.44+280307.3,195.5143704,+28.0520408,0.0518,0.0514,150.8,14.318,13.214,10.760,8.305,,,,0.028,0.028,0.088,0.228,,,,1954128701351004951,0000,0,110n,AAAB,151,131,195,131,
0.147375,1471849901808955008,203.39998028139692,35.4555505623025,78.33022821353153,77.74805704909424,-0.1485075776095881,0.09083882,-0.04946079221701765,0.120638035,-0.00888762181999296,0.20036872,18.80803,564.5921917174215,1.2116939,18.948956,18.469461,0.4794941,2016.0,J133335.98+352720.0,203.3999394,+35.4555744,0.0754,0.0707,8.3,15.467,13.882,10.700,8.287,,,,0.038,0.034,0.082,0.232,,,,2028134801351056112,0000,0,010n,AAAB,686,242,358,262,
0.048929,1460843004437581696,195.25361489076334,28.329094715692975,63.02308884626869,87.5643129205974,-0.01655517640671604,0.066089846,-0.051201173261586255,0.09461103,-0.02996335207156638,0.06996181,16.89445,3289.7810831328648,2.971371,17.090258,16.5173,0.572958,2016.0,J130100.86+281944.7,195.2536231,+28.3291062,0.0386,0.0364,140.2,13.381,11.954,9.022,6.728,16.084,15.336,15.119,0.024,0.021,0.029,0.082,0.081,0.086,0.108,1954128701351017199,0000,0,1100,AAAA,288,52,207,55,0.124
0.057232,1460844786847102464,195.33385025656926,28.360343894704798,62.86689048254669,87.48738675972636,0.07336180247038603,0.19073261,-0.10985537916206257,0.24183482,0.1077667531738967,0.2071251,18.678074,636.3814778235968,2.597428,18.901262,18.245243,0.6560192,2016.0,J130120.12+282137.2,195.3338661,+28.3603515,0.1012,0.0933,7.6,15.721,14.446,11.702,9.016,,,,0.044,0.048,0.221,,,,,1954128701351017316,0000,0,00nn,AABU,-8,315,-221,346,
0.158888,1460853930834773376,195.5261942212732,28.560341331670735,64.82167524891463,87.24135510848967,-0.20658142148229902,0.23513731,0.18461097469556337,0.29377332,0.13091830663810702,0.26469323,18.932913,503.24718663265963,2.0243504,19.019562,18.609425,0.41013718,2016.0,J130206.29+283337.1,195.5262296,+28.5603100,0.0712,0.0675,10.0,15.000,13.986,11.064,9.045,,,,0.033,0.037,0.116,0.498,,,,1954128701351017249,0000,0,000n,AABC,-14,198,-82,213,
0.169817,1471886529290074112,203.33814851419046,35.564101705967474,78.87337990056074,77.7164729657005,-0.1369164068072036,0.076780684,-0.05462770096355268,0.103792705,0.1244927225098385,0.16561514,18.576214,698.974820161173,0.8044279,18.729082,18.219927,0.5091553,2016.0,J133321.14+353350.7,203.3380919,+35.5640917,0.1006,0.0945,11.7,15.643,14.837,11.376,8.531,,,,0.041,0.057,0.156,,,,,2028134801351056154,0000,0,00nn,AABU,239,313,138,337,
0.114446,1460864376194927232,197.05876413451057,27.515851177014582,39.82462119688091,86.24929279184168,-0.16107656250038144,0.38783288,-0.4193211060911919,0.4236093,0.5917452660001532,0.5110887,18.325533,880.5079037635439,5.1256847,16.589506,15.355139,1.2343674,2016.0,J130814.09+273057.0,197.0587308,+27.5158394,0.0404,0.0381,115.1,12.192,12.194,11.436,8.629,13.902,13.158,12.940,0.022,0.022,0.178,,0.048,0.054,0.055,1977127201351038526,hO00,5,1nnn,AABU,194,45,156,46,0.067
0.241922,1466430065398757760,196.70571214136098,32.14471431342992,90.18543696112604,83.97290122167881,-0.17614725667856382,0.16678156,-0.08569790703213898,0.12022493,-0.14326478092606387,0.1824513,18.755253,592.7147393359803,1.1359644,19.120842,18.148232,0.9726105,2016.0,J130649.35+320841.1,196.7056613,+32.1447659,0.0999,0.0920,10.5,15.643,14.511,11.173,8.974,,,,0.043,0.049,0.123,0.463,,,,1958131801351052750,0000,0,011n,AABC,6,322,248,350,
0.131525,1466431164910404480,196.64975404554696,32.19299138069315,90.81657691920432,83.95973783477393,-0.28117681829271984,0.19858208,-0.1606085549489774,0.13897793,-0.07367983013604643,0.21035878,18.924631,507.10079069944015,4.1848454,19.000048,18.569555,0.4304924,2016.0,J130635.94+321134.8,196.6497715,+32.1930248,0.0646,0.0613,175.2,14.846,13.621,10.670,8.264,,,,0.032,0.032,0.096,0.231,,,,1958131801351052685,0000,0,001n,AAAB,224,195,-106,205,
0.311744,1471895741996603264,203.51743348575286,35.79316966208251,79.24175114020815,77.45683594130088,-0.009530378349329656,0.057113502,0.005029259614939908,0.08307292,0.09340082064292403,0.12293696,18.07627,1107.7429709856656,1.7986888,18.231722,17.73582,0.4959011,2016.0,J133404.17+354735.6,203.5173934,+35.7932499,0.0833,0.0780,17.7,15.463,14.252,10.770,8.471,,,,0.039,0.042,0.099,0.360,,,,2033136301351002918,0000,0,100n,AAAC,342,256,77,276,
0.214319,1471901892389461760,203.60051648926992,35.98676330961957,79.70902049030215,77.27916338076761,-0.013683339884999682,0.077095896,0.06688489813544174,0.102109246,-0.06340598400983294,0.14018542,18.404686,818.6014243070064,2.4061737,18.48712,18.05437,0.4327488,2016.0,J133424.14+355912.2,203.6005881,+35.9867496,0.0636,0.0542,2.7,14.193,13.160,10.313,8.025,,,,0.031,0.030,0.094,0.275,,,,2033136301351022194,hh00,1,411n,AAAB,359,86,-54,93,
0.510347,1460886637008651776,196.87186807471488,27.783183111484295,44.275812386293325,86.37998900996433,-0.22505371550643422,0.16147505,-0.1327077536028005,0.20776924,0.06205802237202966,0.19010247,18.728905,607.2741378933832,2.190138,18.929863,18.31623,0.6136322,2016.0,J130729.25+274659.9,196.8719119,+27.7833195,0.0521,0.0511,178.0,14.363,13.225,10.289,7.827,16.691,16.075,15.650,0.028,0.028,0.067,0.152,0.120,0.151,0.175,1960127201351054350,h0O0,0,00nn,AAAB,294,146,271,148,0.898
0.055364,1460918389704100992,197.24272544841494,28.054431941033815,47.35078231621024,86.0066362205952,-0.5412446854230947,0.45109987,-0.1158704388237388,0.33899832,-0.2606731492032323,0.6624492,18.998594,473.7059550721725,1.9963112,16.76474,15.387397,1.3773432,2016.0,J130858.25+280316.0,197.2427183,+28.0544460,0.0400,0.0374,125.0,12.020,12.090,10.883,9.108,13.659,12.938,12.704,0.022,0.022,0.094,0.527,0.038,0.047,0.045,1971128701351005300,0000,5,221n,AAAC,-1,49,-221,48,0.021
0.049852,1466489576464874624,198.24360484351095,31.532449562991257,77.4002447844905,83.56533144475618,0.06608694065672716,0.14175783,-0.06596189145387218,0.12170856,-0.20725591485394015,0.14979678,18.475016,767.2557595054928,2.881425,18.700268,18.08013,0.62013817,2016.0,J131258.46+313156.7,198.2436049,+31.5324357,0.0436,0.0427,160.2,14.046,12.555,9.626,7.050,,,,0.026,0.023,0.037,0.077,,,,1976131801351025279,0000,0,2210,AAAA,133,325,36,269,
0.076134,1460920309552474240,197.25589247845235,28.11755683265492,48.195033375223986,85.98131644836658,-0.1280635299908538,0.11472549,0.028456982960679153,0.088506386,-0.12762240057292518,0.16874805,18.436642,794.8592713090453,0.8875276,19.367306,17.45958,1.9077263,2016.0,J130901.40+280703.1,197.2558703,+28.1175487,0.0607,0.0578,165.4,14.414,13.846,11.318,8.537,16.056,15.531,14.719,0.029,0.035,0.162,0.274,0.116,0.144,0.130,1971128701351005336,0000,0,00nn,AABB,140,143,89,155,0.357
0.055580,1460926361162881536,196.54616748844592,27.700159310601546,43.689979846060126,86.67786940434029,-0.7009652030497643,0.49943674,-0.4465098615150008,0.7224512,0.6942584400329807,0.48984838,18.61531,674.2528113781242,5.6785707,16.755651,15.445541,1.3101101,2016.0,J130611.07+274200.5,196.5461515,+27.7001655,0.0431,0.0407,121.2,12.331,12.392,11.904,9.043,14.076,13.414,13.196,0.023,0.023,0.233,,0.080,0.088,0.067,1960127201351048546,0000,5,00nn,AABU,98,47,51,49,0.117
0.020331,1466526345681676928,198.5268109367819,31.979072256046503,78.83610410763812,83.0861154266281,0.03305904146757058,0.15153395,0.0559349908518685,0.13518724,0.14472785971102198,0.16397795,18.472897,768.7550461209406,4.4326982,18.20402,17.146189,1.0578308,2016.0,J131406.43+315844.6,198.5268116,+31.9790779,0.0428,0.0409,135.0,13.344,12.629,10.317,8.001,15.986,15.393,14.516,0.024,0.024,0.056,0.166,0.103,0.123,0.087,1976131801351051681,0000,0,421n,AAAB,19,106,52,100,0.195
0.109841,1460957113128695680,196.45357470366665,28.106522633563053,50.836130902185126,86.66870989412593,0.017897451895465682,0.44577858,0.5107191049451811,0.6217196,-0.11312607385687183,0.46231407,18.525085,732.6771077621711,8.8329115,16.748472,15.398852,1.3496199,2016.0,J130548.85+280623.5,196.4535542,+28.1065472,0.0430,0.0409,127.9,12.678,12.738,12.297,9.381,14.152,13.422,13.114,0.023,0.024,0.318,,0.056,0.060,0.044,1971128701351010222,0000,1,00nn,AABU,77,53,29,55,0.031
0.200229,1466529438058199168,198.83728163516628,31.989396597388396,77.44642168152002,82.88447531558616,0.029190753371307186,0.074468665,-9.235587482800462E-4,0.06608121,-0.03198838021471322,0.085993774,17.48344,1912.3645844507107,4.006452,17.583607,17.217358,0.36624908,2016.0,J131520.93+315921.7,198.8372307,+31.9893616,0.0435,0.0421,126.3,13.758,12.669,9.861,7.458,16.535,16.310,15.216,0.025,0.024,0.040,0.103,0.142,0.227,0.154,1994131801351040276,0000,1,5400,AAAA,265,152,242,150,0.559
0.067706,1460986593784231808,196.6946359972943,28.39846643473611,54.338557607604706,86.37667175734757,-0.12474591350278635,0.124870285,0.09217421453628515,0.14572023,-0.10461098393237378,0.15695769,18.31348,890.3366146345606,2.1643221,18.4613,17.894938,0.5663624,2016.0,J130646.70+282354.5,196.6946199,+28.3984788,0.0524,0.0518,12.4,14.472,13.155,10.494,8.376,17.197,16.746,15.739,0.029,0.027,0.063,0.256,0.201,0.274,0.175,1971128701351015224,0000,0,000n,AAAB,103,146,38,141,0.394
0.063078,1466556273013731712,197.9168560711915,31.821243694885286,80.97849627727545,83.56690801894773,0.7109185896128052,0.5796953,0.6773117035410223,0.46444908,-1.0036850867121798,0.6326987,18.951347,494.7748138586759,4.149435,17.089344,15.712582,1.3767624,2016.0,J131140.05+314916.4,197.9168754,+31.8212375,0.0435,0.0412,128.8,12.361,12.309,12.000,9.300,14.098,13.402,13.097,0.024,0.024,0.238,,0.041,0.047,0.046,1976131801351030215,0000,5,11nn,AABU,25,49,49,51,0.264
0.036554,1466563522918530688,197.90869516041957,32.0297648884258,82.29615508632021,83.42116005760084,-0.23365597230931395,0.19119687,-0.024692283433729208,0.15639298,-0.2077991769731813,0.23613271,18.98015,481.82194042553806,1.7307657,19.104494,18.657936,0.446558,2016.0,J131138.08+320147.1,197.9086971,+32.0297749,0.1602,0.1488,11.5,16.288,15.348,12.274,8.584,,,,0.061,0.086,0.314,,,,,1976131801351049388,0000,0,0nnn,AABU,293,581,78,623,
0.130420,1461028061691778944,197.43705384804161,28.45979062322221,52.192131032819795,85.7376232075304,0.08655191299600383,0.12923473,-0.04822660634276002,0.09078805,-0.046656606126951064,0.1765609,18.477589,765.4405877812574,3.823902,18.551107,18.170921,0.38018608,2016.0,J130944.88+282735.2,197.4370130,+28.4597956,0.0470,0.0460,164.6,14.068,12.982,10.358,7.994,17.069,16.437,15.643,0.026,0.026,0.062,0.165,0.169,0.232,0.169,1971128701351020177,0000,0,110n,AAAB,11,116,82,116,0.437
0.066358,1461037716778620800,197.92413494498695,28.47909276272216,50.88280012085632,85.32130975684589,0.03851717978967733,0.14528106,-0.05617045501727526,0.111441776,-0.024801702626762453,0.21417627,18.67123,640.404416795649,1.4581203,18.782103,18.337185,0.44491768,2016.0,J131141.79+282844.6,197.9241413,+28.4790752,0.1033,0.0806,65.6,14.747,13.505,11.052,8.285,,,,0.057,0.043,0.144,,,,,1971128701351022771,0000,0,nnnn,AABU,,,,,
0.105518,1461040469854016512,198.13873362960402,28.533561863061617,50.90596597481202,85.12502883280789,-0.21761976466301555,0.16234529,-0.1291533906281553,0.13141786,0.40124901740992214,0.25022295,18.988512,478.12564208216156,1.0907763,19.149914,18.584396,0.5655174,2016.0,J131233.29+283200.7,198.1387284,+28.5335329,0.0678,0.0639,12.8,15.019,13.719,10.710,8.072,,,,0.034,0.033,0.098,0.205,,,,1988128701351013280,0000,0,001n,AAAB,356,196,616,209,
0.125310,1461042600157797120,198.24590682377186,28.600188091913395,51.355864608000175,85.01638045240536,0.022320682221640704,0.11561074,-0.07050184002984398,0.086707026,0.05592776281012439,0.15491295,18.28989,909.8937303015834,1.2423149,18.445955,17.990837,0.45511818,2016.0,J131259.00+283600.6,198.2458673,+28.6001902,0.0928,0.0860,18.5,15.514,14.144,11.004,7.967,,,,0.043,0.045,0.142,,,,,1988128701351013331,0000,0,01nn,AABU,73,286,325,311,
0.024512,1472120828346108032,205.31050747837836,35.89435916691824,75.617053953693,76.25474413753683,-0.016996234139518323,0.06500969,0.018236843472616122,0.0986221,-0.05436342585613173,0.12077876,18.261734,933.7986704912572,3.4775279,18.210144,17.632753,0.5773907,2016.0,J134114.52+355339.6,205.3105149,+35.8943560,0.0417,0.0393,132.6,13.405,12.343,9.870,7.681,16.347,15.657,14.543,0.024,0.022,0.048,0.138,0.097,0.107,0.074,2051136301351018989,0000,0,110n,AAAB,78,52,78,55,0.249
0.050152,1472132751175329664,205.16076033499917,35.98581951800046,76.23088021451491,76.29784809822638,-0.0017558780197159535,0.093430735,0.1198987595318105,0.12193605,-0.1239137599482812,0.162417,18.746614,597.4493543660536,1.6763073,18.97462,18.31566,0.65896034,2016.0,J134038.58+355908.9,205.1607689,+35.9858316,0.0868,0.0815,7.3,15.728,14.340,11.091,8.296,,,,0.041,0.040,0.152,,,,,2051136301351019095,0000,0,111n,AABU,44,314,101,336,
0.059209,1466710754397181440,198.76161803662924,32.83978859394487,82.5418127936559,82.33792133051372,-0.0830190712755336,0.13069376,-0.06435676004497756,0.10703185,-0.1621839067952381,0.13034615,18.157118,1028.2529069763248,3.1381378,18.451126,17.622902,0.8282242,2016.0,J131502.78+325023.1,198.7616155,+32.8397723,0.0658,0.0622,16.8,15.087,14.073,10.852,8.598,17.037,16.761,15.639,0.031,0.036,0.074,0.254,0.170,0.297,0.205,1979133301351000070,0000,0,110n,AAAB,207,199,76,212,0.369
0.089457,1461139219741731328,196.2596030297381,28.100268400645994,51.59620777140115,86.83442432573742,-0.2990800074766454,0.25690755,0.18866496578053443,0.33842888,0.18427138823828482,0.26676056,18.774519,582.2894505412754,4.2359385,18.519705,17.532791,0.9869137,2016.0,J130502.29+280600.9,196.2595775,+28.1002579,0.0478,0.0462,142.6,13.933,13.138,10.800,7.993,16.385,15.754,15.027,0.025,0.028,0.084,0.156,0.129,0.166,0.106,1954128701351000040,0000,0,000n,AAAB,221,95,0,104,0.345
0.013406,1466715457385450496,198.4510297887651,32.773413923959154,83.65929121200378,82.56376441132224,0.01816223251831333,0.16995826,-0.07423410782468351,0.13571616,0.2756222781162325,0.18580113,18.668407,642.0720458556356,2.1388097,18.806177,18.294333,0.51184464,2016.0,J131348.24+324624.2,198.4510324,+32.7734109,0.0553,0.0532,5.5,14.736,13.384,10.489,8.082,,,,0.029,0.028,0.068,0.183,,,,1979133301351002395,0000,0,111n,AAAB,191,159,264,165,
0.039105,1466715972781526272,198.5566535208911,32.77274428866674,83.15068591988678,82.50443069583672,-0.01873180397693925,0.15575762,0.07414032827549305,0.1360109,-0.10851361754333963,0.1883804,18.601006,683.1947410695424,1.045413,19.055006,17.944769,1.1102371,2016.0,J131413.59+324621.8,198.5566468,+32.7727350,0.0579,0.0557,179.8,14.599,13.731,10.762,8.308,17.123,16.463,15.194,0.029,0.032,0.076,0.193,0.204,0.259,0.154,1979133301351000054,0000,0,111n,AAAB,-42,154,131,162,0.142
0.215802,1461160625858681600,195.89168961693315,28.33968852281139,57.925620349814864,87.05553935611309,0.04730192463536027,0.15810813,0.13883451559043877,0.19738553,0.18550470350887135,0.16121078,18.154251,1030.970223654772,6.941659,18.229969,17.94829,0.28167915,2016.0,J130334.01+282023.0,195.8917238,+28.3397404,0.0587,0.0567,166.7,14.676,13.559,11.087,8.916,,,,0.029,0.031,0.103,0.397,,,,1954128701351019760,hh00,0,11nn,AAAC,189,152,38,160,
0.236638,1466764316933629952,198.98039889053038,33.38845591431686,84.2539968555948,81.80977826120903,0.08548028838386434,0.14089933,0.10550902469071248,0.1157749,-0.20031504295517769,0.1595943,18.542587,720.9607951043279,3.7427144,18.68884,18.25729,0.43155098,2016.0,J131555.31+332318.5,198.9804689,+33.3884860,0.0831,0.0769,16.3,15.441,14.258,11.395,8.483,,,,0.037,0.041,0.130,0.272,,,,1997133301351036783,0000,0,11nn,AABB,-52,243,299,263,
0.044462,1461193164530958080,196.38141250270635,28.650268612785116,59.80415107164021,86.53520637161945,-0.07534821189226387,0.18511413,-0.046623380954686856,0.2603434,-0.12748632704787974,0.20611872,18.579552,696.8288839450357,2.6666315,18.37116,17.51073,0.86042976,2016.0,J130531.54+283900.9,196.3814223,+28.6502775,0.0393,0.0384,138.0,13.438,12.402,9.310,6.745,16.493,15.729,14.765,0.024,0.022,0.031,0.060,0.112,0.123,0.091,1971128701351036028,0000,0,6600,AAAA,240,56,63,60,0.494
0.089519,1461194573280230016,196.32539371302633,28.63806516480905,59.97073130890791,86.58486531697616,0.02424420082541931,0.08099687,0.06819192666929272,0.11429625,-0.03247752478322984,0.090845406,17.395254,2074.1718028603823,2.6259608,17.675484,16.984058,0.6914253,2016.0,J130518.09+283817.1,196.3253947,+28.6380900,0.0486,0.0477,21.0,14.361,13.338,9.624,7.332,16.299,15.733,15.280,0.027,0.028,0.037,0.104,0.095,0.100,0.130,1971128701351036037,0000,0,0000,AAAA,102,178,196,164,0.195
0.218784,1461194603343733504,196.2872637001692,28.621195937088057,59.95603947963311,86.62233429321387,0.010315912091994638,0.18241905,0.3897039062600155,0.26988968,-0.16797401741308074,0.21815394,18.75017,595.4965104936272,2.7572923,18.973291,18.388823,0.58446884,2016.0,J130508.94+283716.5,196.2872593,+28.6212566,0.1028,0.0946,17.3,15.991,14.582,11.391,8.943,,,,0.045,0.048,0.123,,,,,1971128701351036135,0000,0,00nn,AABU,330,358,23,386,
0.252803,1466776484576634240,197.7019228225363,32.381483553955555,85.4397146005464,83.27371233404757,-0.012385268088166389,0.108588405,-0.11120147458937146,0.086600915,-0.044141244986419276,0.121111155,18.149057,1035.9147412353375,1.3250065,18.485762,17.717697,0.7680645,2016.0,J131048.44+322253.4,197.7018529,+32.3815216,0.0708,0.0663,11.5,15.219,13.803,10.335,7.972,,,,0.036,0.035,0.056,0.180,,,,1976131801351059143,0000,0,000n,AAAB,189,226,272,239,
0.046788,1466783219085358592,197.74751134002094,32.559569326932355,86.14646235761661,83.11191760028697,-0.05026949708455765,0.18095528,-0.029418222865309644,0.15557662,0.16432077822805524,0.18185657,18.794228,571.8155659617776,20.00299,18.954836,17.965443,0.98939323,2016.0,J131059.40+323334.4,197.7475266,+32.5595709,0.0541,0.0525,176.1,14.441,13.326,10.116,7.669,,,,0.028,0.030,0.057,0.164,,,,1976131801351059119,0000,0,971n,AAAB,94,146,169,153,
0.119721,1466800429017988608,197.56066043621172,32.71785034440505,87.99036152818306,83.08504848364524,0.1807617042742,0.1387769,-0.015677024554149935,0.10513779,0.1891166148973217,0.15249023,18.501284,748.916507034817,1.1360927,18.828173,17.984688,0.8434849,2016.0,J131014.56+324304.3,197.5606973,+32.7178623,0.0795,0.0754,9.7,15.345,13.940,10.718,8.064,16.861,16.378,16.048,0.039,0.037,0.090,0.214,0.186,0.254,0.341,1979133301351007679,0000,0,011n,AAAB,66,251,182,267,0.462
0.318829,1466828917537394688,197.9126654263893,32.87751357391906,86.8914096632961,82.77721203805038,0.11059484996917565,0.14665388,-0.01983820442281692,0.114335455,-0.1783902076118746,0.16501287,18.562086,708.1292416039203,6.148571,18.57764,18.272226,0.3054142,2016.0,J131139.02+325238.7,197.9126198,+32.8774337,0.0565,0.0544,168.5,14.347,13.365,10.983,8.336,,,,0.028,0.030,0.114,,,,,1979133301351018781,0000,0,001n,AABU,266,129,47,138,
0.147239,1461268442421784704,196.00710739534847,29.113155614206864,69.23076151860707,86.58758773449831,0.21888961438115584,0.18086678,0.15979629134177464,0.23361397,0.009264217430329041,0.18736868,18.68301,633.4941827949592,1.8386495,18.842072,18.332176,0.5098953,2016.0,J130401.70+290647.4,196.0071236,+29.1131940,0.0935,0.0887,21.8,15.613,14.345,10.864,8.484,17.465,16.398,15.802,0.044,0.044,0.098,0.274,0.228,0.228,0.199,1954128701351049400,0000,0,110n,AAAB,160,314,108,329,0.025
0.380925,1466864097613288192,197.20627507694866,32.86704022485778,90.7326771097194,83.13851697550977,-0.13480692311554907,0.18982244,0.07039609870314116,0.13862914,-0.10489935339839906,0.19925913,18.674395,638.5408026318195,2.5072045,18.798937,18.342442,0.45649529,2016.0,J130849.50+325201.7,197.2062585,+32.8671451,0.1359,0.1200,3.5,16.193,14.745,11.480,8.554,,,,0.059,0.055,0.194,,,,,1979133301351013394,0000,0,00nn,AABU,244,412,475,452,
0.043600,1461301569505614848,196.71229730953215,28.99724663982804,62.62723275609772,86.12065931490955,0.23973439376548408,0.23168233,0.12778771921438153,0.18629208,-0.33186174649417843,0.29147384,18.980682,481.5862218337401,3.3791873,18.672215,17.656502,1.0157127,2016.0,J130650.95+285950.1,196.7122964,+28.9972587,0.0506,0.0501,156.0,14.253,13.408,10.239,7.482,16.677,15.737,15.058,0.026,0.029,0.060,0.092,0.140,0.129,0.095,1971128701351041402,00Pp,0,11n0,AAAA,107,159,161,155,0.094
0.025495,1461314381391560448,197.24633836373297,29.099605902454208,60.9520467400974,85.65798719862887,-0.12106994856577463,0.16901658,-0.05392235423946208,0.11360021,0.07213896040288162,0.19394138,18.953882,493.6210360146103,1.0953496,19.17118,18.593554,0.5776272,2016.0,J130859.12+290558.6,197.2463371,+29.0996129,0.0595,0.0573,15.7,14.773,13.572,10.791,8.572,,,,0.031,0.031,0.087,0.257,,,,1971128701351043983,0000,0,000n,AAAB,108,159,23,167,
0.092281,1466884576017857280,197.8171850375127,33.194451425435545,88.90443966407757,82.57467726836254,-0.16023323278702545,0.1584936,-0.02722333089347478,0.11988937,0.2239512074264711,0.17297155,18.673277,639.1986862439909,2.1650672,18.754675,18.398357,0.35631752,2016.0,J131116.12+331140.0,197.8172077,+33.1944687,0.0740,0.0698,11.2,15.246,14.036,11.311,8.263,,,,0.035,0.037,0.133,0.235,,,,1979133301351033044,0000,0,000n,AABB,-140,219,171,233,
0.134957,1461349089023753728,196.45387094275247,29.041139628931166,64.86782251094736,86.29690060633835,-0.19764731940336364,0.17338856,0.09687898117954558,0.18982671,0.17783324406492942,0.22526146,18.827724,554.4431380586535,1.1659024,19.002527,18.547024,0.45550346,2016.0,J130548.92+290228.2,196.4538724,+29.0411771,0.1130,0.1042,13.8,15.887,14.965,11.477,8.942,,,,0.046,0.061,0.143,0.377,,,,1971128701351038795,0000,0,00nn,AABC,285,389,-300,422,
0.062533,1461356540790573824,196.7095172908693,29.15801083122392,64.70441172658055,86.04503273776483,0.21346945325497488,0.12250061,-0.055114529435157204,0.093525805,-0.03277887518871358,0.17190607,18.318623,886.1298488036939,1.4487743,18.463282,17.985085,0.4781971,2016.0,J130650.28+290928.9,196.7095132,+29.1580278,0.0663,0.0629,18.8,15.179,13.836,10.692,8.286,,,,0.034,0.033,0.072,0.199,,,,1971128701351041427,0000,0,111n,AAAB,235,197,233,208,
0.076032,1461367402764298496,196.3552666877128,29.296480002376626,68.8887074499607,86.23331902599975,0.5649673605155581,0.52224547,0.7845937647181493,0.65730315,-0.16454819389345166,0.6386725,18.558744,710.3122568277245,5.4011436,16.235802,14.9019985,1.3338032,2016.0,J130525.26+291747.4,196.3552634,+29.2965009,0.0403,0.0378,133.9,11.631,11.693,11.213,9.135,13.370,12.736,12.527,0.024,0.021,0.110,,0.054,0.070,0.058,1971128701351062378,0000,5,100n,AABU,0,41,0,43,0.055
0.152458,1461387228331838208,196.95568197065907,29.55096354821277,67.79220630584983,85.65688637956804,-0.009774518439728472,0.17902142,0.11783186968844914,0.11801532,-0.03518202835757917,0.2101359,18.95664,492.36861176340943,1.4100084,19.099379,18.647728,0.45165062,2016.0,J130749.35+293303.5,196.9556363,+29.5509781,0.0776,0.0744,8.6,15.372,14.241,11.677,9.114,,,,0.035,0.040,0.171,0.496,,,,1965130201351002492,0000,0,00nn,AABC,129,236,244,252,
0.329061,1461412482741087104,197.01667377406463,29.841059718907747,70.50069258109363,85.44976775423365,0.05931590576928978,0.15719609,-0.014753734572196628,0.105352886,0.13526024987433594,0.18625599,18.737715,602.3665861184223,1.22309,18.93667,18.299622,0.6370487,2016.0,J130803.99+295027.5,197.0166272,+29.8409777,0.0642,0.0617,10.9,15.205,13.781,10.632,8.401,,,,0.034,0.031,0.072,0.250,,,,1965130201351021371,0000,0,000n,AAAB,-2,195,110,205,
0.021972,1461421961732983680,199.77854021344024,27.470799035229632,37.70510624059583,83.84284462758639,-0.2493334878797715,0.24368633,-0.18390535558820176,0.15585338,0.1032506901615738,0.2167229,18.574894,699.8250334919018,2.0273223,18.807596,18.225386,0.58221054,2016.0,J131906.84+272814.8,199.7785380,+27.4708048,0.0622,0.0599,7.7,15.002,13.748,11.055,8.275,,,,0.031,0.032,0.132,,,,,1994127201351047861,0000,0,001n,AABU,180,190,199,197,
0.082740,1461460414575376768,200.07549990528113,27.837726355197066,40.91448657070254,83.56009901806894,0.24367792229755406,0.3052575,0.3342826114556563,0.18457505,0.30898389827809636,0.22122575,18.851255,542.555650968886,3.4176865,18.967424,18.468124,0.4993,2016.0,J132018.12+275015.7,200.0755199,+27.8377117,0.0738,0.0698,4.8,15.351,14.162,10.929,8.133,,,,0.035,0.038,0.107,0.192,,,,1994127201351053273,0000,0,000n,AAAB,90,250,105,268,
0.077103,1467018338478822272,198.16432391771963,33.709460605413355,89.44059227708814,81.98821028363348,0.04469680224007231,0.14628874,-0.05888240237322873,0.11654743,0.05012855598089673,0.16423722,18.445244,788.5857707897915,1.7989553,18.590511,18.114569,0.4759426,2016.0,J131239.44+334234.0,198.1643479,+33.7094684,0.0947,0.0871,17.7,15.650,14.578,10.472,8.040,,,,0.043,0.050,0.076,0.188,,,,1979133301351047238,0000,0,000n,AAAB,-45,325,483,347,
0.342412,1467025249082279936,198.56170824614958,33.91070194046213,88.43074181159616,81.62928697208933,0.03118627871449809,0.11540101,-0.14488850441465365,0.08796195,-0.05101752874162941,0.12091041,18.088312,1095.5243955906626,3.9686756,18.158493,17.810747,0.3477459,2016.0,J131414.81+335438.8,198.5617234,+33.9107962,0.0506,0.0485,150.8,14.163,13.113,10.453,7.853,16.912,16.194,15.806,0.027,0.027,0.079,0.184,0.174,0.200,0.240,1979133301351058057,0000,0,000n,AAAB,223,141,197,149,0.275
0.175895,1461474639507036672,199.89771103486396,27.969266956656224,42.22727836690049,83.70429590964426,-0.1969840149700848,0.43967196,0.24112170476016298,0.3000219,0.09963812744384853,0.3463937,18.707417,619.412974401562,5.0381308,18.083447,16.913689,1.1697578,2016.0,J131935.46+275809.4,199.8977619,+27.9692861,0.0629,0.0607,165.4,14.558,14.410,12.122,8.586,15.797,15.106,14.845,0.028,0.042,,,0.071,0.077,0.147,1994127201351055929,0000,0,00nn,AAUU,163,137,431,149,0.126
0.105536,1461499000561522048,199.51725083102994,27.901486994950517,41.923402385169794,84.04565404292947,-0.3073787805657577,0.44524932,-0.07549018896927048,0.30487135,0.29792256464347167,0.41586217,17.841593,1375.0216853979398,11.678057,16.726221,15.676534,1.0496874,2016.0,J131804.14+275405.4,199.5172698,+27.9015110,0.0455,0.0440,133.2,13.236,13.100,12.171,8.982,14.485,13.920,13.523,0.024,0.026,0.317,,0.038,0.039,0.049,1994127201351058453,0000,0,11nn,AABU,-48,62,-27,67,0.067
0.148122,1467084068658758784,195.780146907235,31.825846437946304,95.21465609697792,84.65914170258068,-0.1043605243227901,0.18185548,-0.20955952124354615,0.12560362,0.39269445139223647,0.20661029,18.955929,492.6918695546692,3.4315825,19.188248,18.552034,0.6362133,2016.0,J130307.23+314933.1,195.7801439,+31.8258875,0.0999,0.0909,17.9,15.755,14.327,11.447,8.819,,,,0.045,0.044,0.192,,,,,1958131801351033693,0000,0,01nn,AABU,187,310,-306,338,
0.264082,1467088844662456192,195.7387803996691,31.930247805744195,96.07850397601796,84.58445444412001,0.1726196102098792,0.12132395,-0.06765587437442858,0.07749987,-0.06275526046833504,0.14528571,18.249615,944.2800794787361,3.0348728,18.446577,17.82146,0.62511635,2016.0,J130257.31+315548.6,195.7388151,+31.9301806,0.0768,0.0739,20.2,15.257,14.014,10.951,8.323,,,,0.037,0.039,0.111,,,,,1958131801351033638,0000,0,000n,AABU,117,238,153,248,
0.178196,1467094754537590528,196.13928019945075,32.10989279656858,93.94426280236014,84.26104147487693,-0.059239045479509214,0.1429704,-0.04761705707432588,0.10225198,0.07651693623064812,0.17644978,18.474976,767.2842283984979,3.180461,18.691162,18.065485,0.6256771,2016.0,J130433.43+320635.7,196.1392974,+32.1099401,0.0571,0.0553,171.7,14.692,13.379,10.567,8.328,17.248,16.440,15.672,0.030,0.029,0.085,0.270,0.232,0.248,0.200,1958131801351049699,0000,0,000n,AAAB,389,162,200,172,0.300
0.134707,1467097881273796608,195.87775497957108,32.12473105730775,95.9616020412593,84.3573446474112,0.025860643980592214,0.15104565,0.02258264618741619,0.09400001,-0.047431906701704635,0.18846843,18.633955,662.7723660091978,2.1224494,18.75982,18.35847,0.40135002,2016.0,J130330.67+320729.0,195.8777981,+32.1247393,0.0687,0.0648,10.8,14.948,13.806,10.947,8.629,,,,0.033,0.036,0.114,0.336,,,,1958131801351047043,0000,0,100n,AABB,26,195,135,210,
0.109684,1467116126294300672,195.80371791404136,32.319860858210525,97.42989193058155,84.21371659078729,-0.08048587328838105,0.093975626,0.003009452261446244,0.064608656,-0.048932313562685875,0.12871364,17.884884,1321.274567876497,6.586693,18.081583,17.434023,0.6475601,2016.0,J130312.90+321911.4,195.8037502,+32.3198472,0.0655,0.0632,3.9,14.693,14.221,11.690,8.983,,,,0.028,0.041,0.241,,,,,1958131801351060890,0000,0,11nn,AABU,111,169,190,182,
0.059765,1461580738083596800,200.29605985996554,28.351005938919805,45.17413780304324,83.30668667076584,-0.0015430164247475578,0.195179,-0.0635775109222033,0.12890504,0.10864038753713609,0.14745364,18.266924,929.3449400822636,2.7328305,18.46477,17.885586,0.5791836,2016.0,J132111.05+282103.5,200.2960758,+28.3509971,0.0609,0.0582,6.7,15.043,13.733,10.246,8.038,,,,0.031,0.032,0.064,0.227,,,,2005128701351016534,0000,0,000n,AAAB,87,387,290,314,
0.064573,1461591458322135808,200.3169167805916,28.505596216095622,46.45281570763867,83.26332203296057,-0.30444418035269627,0.25070715,0.17960982597480482,0.1548936,0.060060548356156325,0.21128505,18.820957,557.9097044506328,1.1328139,18.968565,18.5149,0.45366478,2016.0,J132116.06+283020.2,200.3169229,+28.5056133,0.0599,0.0570,170.7,14.857,13.625,10.664,8.333,,,,0.031,0.030,0.093,0.283,,,,2005128701351016533,0000,0,002n,AAAB,166,234,310,228,
0.060010,1467138013448139392,194.99837803980705,32.03497285029617,102.69106402438372,84.75293961080317,0.32619627515511285,0.23394467,-0.23944950456725386,0.33903393,0.3004689107163405,0.32758558,18.996689,474.538100292624,1.758046,19.177637,18.656548,0.52108955,2016.0,J125959.61+320205.9,194.9983972,+32.0349765,0.0819,0.0761,18.0,15.514,13.994,11.023,8.222,,,,0.040,0.037,0.103,0.223,,,,1941131801351051312,0000,0,000n,AAAB,158,256,192,273,
0.047159,1461614444986597120,200.70338485383957,28.620661492671662,46.89607377368646,82.90890946067135,-0.0029905405419730115,0.23871773,0.0941119956855071,0.17115851,-0.02157354619364764,0.17940614,18.759296,590.5109327060843,1.380951,18.967674,18.450928,0.5167465,2016.0,J132248.80+283714.3,200.7033700,+28.6206605,0.0654,0.0622,1.8,15.128,13.788,10.785,8.403,,,,0.032,0.032,0.089,0.278,,,,2005128701351032488,0000,0,000n,AAAB,274,249,-27,256,
0.088868,1461635404427404544,199.98589780830724,28.495488498673758,46.819142803429365,83.55134809347739,0.04130408190384809,0.23805778,-0.12320815365120869,0.15161347,-0.2872942157590307,0.18896928,18.61554,674.1101333789971,1.967521,18.694975,18.227446,0.4675293,2016.0,J131956.61+282943.8,199.9859039,+28.4955126,0.0536,0.0527,162.5,14.509,13.359,10.710,8.291,,,,0.027,0.030,0.104,0.312,,,,2005128701351013705,0000,0,111n,AAAB,218,174,115,172,
0.139749,1461637298508264064,199.99041204980605,28.553072355663865,47.31558277416817,83.53665767493197,0.07848282161259157,0.12712383,-0.04301516283566324,0.08063926,-0.05631998747163571,0.09997841,17.43394,2001.5694549757175,3.251409,17.958376,16.693514,1.2648621,2016.0,J131957.69+283311.1,199.9903961,+28.5531086,0.0439,0.0424,121.2,13.669,12.822,9.749,7.710,15.682,15.251,14.328,0.025,0.025,0.042,0.142,0.063,0.098,0.065,2005128701351013692,0000,0,0000,AAAB,52,64,-17,67,0.049
0.012148,1467184369031267840,195.39268940404128,32.60236097461495,101.68677575805498,84.10217840496131,0.13827540431809787,0.112839386,-0.04507880837920372,0.077121735,-0.03740836373995897,0.122564204,18.066032,1118.2377126085385,1.5556988,18.369375,17.622377,0.74699783,2016.0,J130134.24+323608.5,195.3926934,+32.6023612,0.0900,0.0844,21.4,15.417,14.584,10.989,8.532,,,,0.039,0.049,0.102,0.305,,,,1961133301351010887,0000,0,110n,AAAB,433,291,180,309,
0.099870,1461649388840933632,199.9518322213824,28.590203435326817,47.69858542575897,83.56264497095044,-0.026353806078740154,0.28988433,0.031368005424266945,0.18510999,0.10858699997531844,0.20821047,18.734295,604.2664393057787,3.3334632,18.850758,18.494253,0.35650444,2016.0,J131948.44+283524.6,199.9518384,+28.5901762,0.0666,0.0637,1.6,15.024,13.877,10.800,8.244,,,,0.032,0.035,0.095,0.248,,,,2005128701351013732,0000,0,000n,AAAB,51,213,21,232,
0.032837,1467199311221320064,196.43145196784633,32.36117383381173,93.14874267756817,83.91823821199071,-0.1286992354560462,0.14874618,0.03154141279211641,0.10558162,-0.040419968202264775,0.16951643,18.614418,674.8067445046588,1.3005228,18.761164,18.285297,0.47586632,2016.0,J130543.54+322140.2,196.4314474,+32.3611821,0.0751,0.0708,16.6,15.297,13.886,11.120,8.693,,,,0.037,0.035,0.136,0.373,,,,1958131801351058092,0000,0,11nn,AABC,48,224,27,235,
0.040592,1461669665381834368,200.31135171537832,28.796937213408608,48.88764637784788,83.21127694824423,-0.0677834691867046,0.10606544,0.022447302717356357,0.06604547,0.12660411528657853,0.09852413,17.311571,2240.3617517902317,3.2859297,17.54831,16.850464,0.69784546,2016.0,J132114.72+284749.0,200.3113546,+28.7969482,0.0444,0.0434,165.6,14.223,12.920,9.503,7.170,15.933,15.415,15.181,0.026,0.025,0.037,0.091,0.077,0.121,0.125,2005128701351035127,0000,0,0000,AAAA,85,68,161,73,0.111
0.204072,1461673475017170048,200.54609077997978,28.842856524900466,48.89324145296564,83.00054999871182,0.06757083442708442,0.27135164,-0.09271166642544973,0.1622769,0.11554292543389494,0.19477506,18.915155,511.5455652294133,3.5313597,19.12179,18.593393,0.5283966,2016.0,J132211.04+285034.2,200.5460263,+28.8428512,0.1413,0.1290,19.3,16.273,15.250,12.260,8.806,,,,0.053,0.076,0.305,,,,,2005128701351032673,0000,0,00nn,AABU,335,490,192,532,
1.013483,1461678422819538560,200.50955486448677,28.978048147025685,50.03333492114436,83.00148484156036,0.4403569352119624,0.2578696,0.12738342322292429,0.1581893,0.12497081455494062,0.19640198,18.729944,606.6932899402916,1.4151407,19.149076,18.154526,0.9945507,2016.0,J132202.28+285841.9,200.5095067,+28.9783265,0.0768,0.0727,11.6,15.093,14.481,11.090,8.423,,,,0.034,0.045,0.136,0.301,,,,2005128701351046173,0000,0,110n,AABB,166,287,722,283,
0.082822,1482813991242925568,209.5688975698661,34.44265148213836,64.05956900976787,73.91896908235736,-0.017051431694968786,0.114320494,-0.17735678145623038,0.14902239,-0.028956087564899813,0.1712799,18.884523,526.1840759661588,2.0635028,19.094799,18.488653,0.60614586,2016.0,J135816.53+342633.6,209.5688895,+34.4426735,0.1076,0.0995,12.8,15.905,14.677,11.258,8.565,,,,0.047,0.052,0.130,,,,,2101134801351013437,0000,0,00nn,AABU,751,332,332,359,
0.128903,1482823611969696512,209.6440303742126,34.56424359886617,64.3776351784653,73.8150110798841,0.020163869948233777,0.084224515,-0.1535745290077032,0.12882277,0.03986798319438726,0.16097328,18.63025,665.0374812658953,1.396421,18.82013,18.250935,0.5691948,2016.0,J135834.57+343351.2,209.6440738,+34.5642428,0.0761,0.0727,7.5,15.317,13.997,11.174,8.240,,,,0.036,0.037,0.123,0.242,,,,2101134801351016012,0000,0,001n,AABB,135,181,27,194,
0.090833,1482828731570698752,209.39831698435674,34.50714312420184,64.47197089901293,74.02369347461197,0.02857563719608517,0.08467994,-0.13658100893172687,0.112369314,-0.031805214537490356,0.13467817,18.461672,776.7438763747891,2.871352,18.547413,18.173561,0.37385178,2016.0,J135735.60+343025.7,209.3983393,+34.5071604,0.0521,0.0509,144.8,14.471,13.205,10.538,8.059,,,,0.028,0.028,0.071,0.222,,,,2101134801351013308,0000,0,220n,AAAB,71,162,227,149,
0.573870,1467248754884518784,196.38730243342707,32.921736178667764,95.9994559596432,83.45192650542826,-0.11564361486974284,0.16382955,-0.05570456485608528,0.10321681,0.07074128784778229,0.15686443,18.45248,783.3471385456899,0.96006674,18.771276,17.93971,0.83156586,2016.0,J130532.92+325517.7,196.3871894,+32.9216081,0.0893,0.0852,10.3,15.304,14.694,11.569,8.860,,,,0.036,0.057,0.194,0.475,,,,1961133301351021638,0000,0,00nn,AABC,-387,274,265,294,
0.171435,1467252774973808896,196.67891866505255,32.96755340731262,94.35199334456644,83.29120012959616,-0.20177873479969988,0.21720439,-0.035311190556315444,0.14903922,0.005052606891134458,0.21585599,18.971811,485.5367074762577,1.0463097,19.34681,18.433823,0.91298676,2016.0,J130642.94+325803.0,196.6789253,+32.9675061,0.1026,0.0963,7.2,15.620,14.556,11.867,8.593,,,,0.042,0.054,0.255,,,,,1961133301351021665,0000,0,11nn,AABU,305,323,471,346,
0.026483,1482845945799661952,209.9339322437894,34.651217926919124,64.33588715807556,73.56131820030879,-0.1342327297632856,0.07017648,-0.06228214052545418,0.113431305,-0.028556976562138077,0.13449015,18.438341,793.61551142578,3.5092287,18.54335,18.206543,0.33680725,2016.0,J135944.14+343904.4,209.9339252,+34.6512224,0.0649,0.0625,13.9,14.917,13.826,11.154,8.778,,,,0.032,0.033,0.112,0.343,,,,2101134801351015989,0000,0,00nn,AABB,16,162,137,172,
0.150975,1467260716369469568,195.79453433009897,32.581496187915235,98.62744840500334,83.98272578964468,-0.0053243085579664385,0.10358646,-0.058484252979950156,0.067045316,-0.030325745261099213,0.12317177,17.859018,1353.1306337920198,4.2599044,18.022575,17.499935,0.5226402,2016.0,J130310.68+323453.2,195.7945169,+32.5814569,0.0702,0.0654,19.0,15.067,13.877,10.522,8.355,,,,0.034,0.036,0.071,0.306,,,,1961133301351008194,0000,0,000n,AAAB,49,216,-384,228,
0.320698,1472680204886362624,199.79628190955228,32.99220612525181,78.95053053891179,81.61206947440019,-0.007596145234100949,0.09732027,-0.15424559738507754,0.09744117,0.14831629848265457,0.11680233,17.909323,1291.8670138548953,2.93718,18.12937,17.477919,0.6514511,2016.0,J131911.10+325932.2,199.7962528,+32.9922918,0.0550,0.0528,12.5,14.754,13.629,10.182,7.894,,,,0.029,0.030,0.055,0.136,,,,1997133301351017833,0000,0,001n,AAAB,36,173,42,178,
0.129151,1461731822149351680,198.82909092892154,28.473157553262823,48.60125876129368,84.55157302211953,0.2022275815903071,0.44182524,0.5426541959768063,0.36852747,-0.8801146496839425,0.5492952,18.793406,572.2486109639931,3.928564,17.24368,15.878649,1.3650303,2016.0,J131518.99+282823.4,198.8291266,+28.4731750,0.0485,0.0444,88.1,12.937,12.973,12.198,8.476,14.470,13.835,13.566,0.024,0.028,0.360,,0.058,0.079,0.064,1988128701351018375,0000,4,nnnn,AACU,110,65,221,67,0.072
0.103751,1482870719171154560,209.64734755637505,35.021410964326314,65.86968630692644,73.63026772978766,0.04163215636418692,0.080535196,-0.09754000329573212,0.14925404,-0.3304175168324302,0.17208573,18.882902,526.9696799592695,2.2830102,19.099491,18.42631,0.67318153,2016.0,J135835.36+350116.9,209.6473571,+35.0213832,0.0861,0.0808,14.4,15.570,14.306,11.062,8.286,,,,0.040,0.041,0.103,0.224,,,,2101134801351042780,0000,0,000n,AAAB,-26,253,9,270,
0.123494,1467281980751200640,195.5209833168807,32.80147489631911,101.46763746114576,83.8768453125625,0.047403911638945584,0.1951913,-0.1724058479332063,0.117990114,-0.18165545628494284,0.22855388,18.771175,584.0854067653418,1.4718424,18.865953,18.541363,0.32459068,2016.0,J130205.04+324805.2,195.5210165,+32.8014549,0.0799,0.0747,12.2,15.265,14.049,11.465,8.828,,,,0.037,0.039,0.176,,,,,1961133301351010854,0000,0,00nn,AABU,246,227,-37,246,
0.072316,1461744908913613952,199.4495976400883,28.540590727451935,48.080170156298095,84.00459959626943,0.21365686016087157,0.26957408,0.014514321292335961,0.15824352,-0.17901398190897838,0.20058359,18.71075,617.513785776543,1.5065857,18.811577,18.525232,0.28634453,2016.0,J131747.90+283226.1,199.4495908,+28.5406099,0.0572,0.0553,168.4,14.615,13.366,10.892,8.632,,,,0.029,0.030,0.106,0.405,,,,1988128701351023522,0000,0,000n,AAAC,327,150,181,158,
0.486004,1472694361098715392,199.8808033051576,33.30424134362186,80.16158515120615,81.34714115932881,-0.16446292290433684,0.15948215,-0.11244558714540204,0.13756248,-0.02856132163449177,0.17359494,18.717276,613.8132775465787,1.2138975,18.824272,18.35488,0.46939278,2016.0,J131931.37+331814.8,199.8807139,+33.3041289,0.0638,0.0609,14.8,15.023,13.783,10.765,8.089,,,,0.032,0.033,0.077,0.145,,,,1997133301351031450,0000,0,110n,AAAB,118,183,186,192,
0.068645,1461747451534302208,199.59133051891186,28.6596825173523,48.926238978596054,83.85740034317676,0.23821296790990157,0.2687649,-0.15622452619731123,0.18886535,-0.19489047923157637,0.19388875,18.872816,531.8880138707424,5.0224075,19.107698,18.61669,0.49100876,2016.0,J131821.92+283934.7,199.5913410,+28.6596658,0.1121,0.1047,6.4,15.885,14.444,11.536,8.345,,,,0.048,0.053,0.192,,,,,1988128701351026232,0000,0,01nn,AABU,-164,374,777,402,
0.096520,1461753155250765952,199.18675150875868,28.53682491512726,48.52629652547333,84.23096981444407,-0.04809663233421011,0.32580972,0.3618795160166215,0.2518064,0.3829147431212542,0.38846868,14.523543,29209.851102678615,47.003105,14.725297,13.828612,0.89668465,2016.0,J131644.81+283212.6,199.1867253,+28.5368386,0.0438,0.0415,128.9,12.697,12.722,11.933,9.100,13.205,12.764,12.727,0.023,0.026,0.239,,0.024,0.032,0.028,1988128701351020791,0000,0,00nn,AABU,60,54,93,56,0.188
0.276589,1472714672000386176,200.13273210422213,33.29156920400084,79.1518199661043,81.20209655593347,-0.47375244929360516,0.5678634,-0.15855610646139773,0.7032736,0.17609812452030288,0.6916088,18.82732,554.6498569064426,5.1364036,16.595387,15.150953,1.4444332,2016.0,J132031.86+331729.8,200.1327915,+33.2916278,0.0373,0.0360,108.9,11.526,11.552,9.535,7.863,13.618,12.970,12.577,0.023,0.021,0.034,0.135,0.062,0.088,0.056,1997133301351028676,0000,5,000n,AAAB,0,78,0,106,0.208
0.185187,1482916658141360896,209.55478441298544,35.05896505777683,66.10230460166221,73.68383468224602,-0.06751095019691529,0.08471375,0.06199495193323598,0.15169336,-0.08549050011252722,0.17658797,18.997246,474.29528855091263,1.223712,19.140121,18.715984,0.42413712,2016.0,J135813.15+350332.4,209.5548282,+35.0590020,0.0957,0.0893,6.4,15.710,14.419,11.591,8.343,,,,0.043,0.044,0.175,,,,,2101134801351040078,0000,0,00nn,AABU,386,271,152,293,
0.096908,1472737452506908032,199.91102981895926,33.61985484175708,81.52580888832021,81.10845366127047,0.07098237500524913,0.110173196,-0.0648376253259448,0.098386355,0.03992516668654978,0.11900524,18.198505,989.7941020873297,3.0565813,18.33226,17.914698,0.41756248,2016.0,J131938.65+333711.5,199.9110506,+33.6198755,0.0618,0.0586,14.1,15.237,13.775,10.301,7.788,,,,0.033,0.032,0.049,0.137,,,,1997133301351045216,0000,0,000n,AAAB,303,197,10,210,
0.075137,1467353006626702080,194.48846604308716,32.491479536200124,108.56701573727933,84.45391044412777,-0.111072171692655,0.1608866,0.1548673344899727,0.1432276,0.02611296866264813,0.13617107,18.145271,1039.5323156101947,33.583008,18.206648,17.49115,0.715498,2016.0,J125757.23+322929.3,194.4884899,+32.4914852,0.0351,0.0324,135.0,12.187,11.134,8.405,6.139,15.721,15.013,14.125,0.023,0.020,0.021,0.049,0.067,0.068,0.054,1941131801351056666,0000,0,8800,AAAA,167,40,144,41,0.094
0.070825,1467370392654355584,195.03320166230472,32.65960948597532,104.65167035818546,84.15690980479636,-0.12378654076670545,0.14002196,-0.08856551904688728,0.11085204,-0.12184757251514748,0.18692692,18.481758,762.50620046508,2.6074605,18.6189,18.153782,0.4651184,2016.0,J130007.96+323934.6,195.0331931,+32.6596278,0.1127,0.1033,21.3,15.981,14.700,11.096,8.649,,,,0.049,0.055,0.123,,,,,1943133301351000160,0000,0,000n,AABU,268,378,-143,408,
0.160260,1467386159478029184,195.0119807616811,32.86192523495436,105.45056869969096,83.97136699920144,-0.1256930396364648,0.19348541,-0.17827624889418217,0.13266833,-0.2044005844513589,0.20010763,18.594196,687.49272425002,1.424231,18.818998,18.174097,0.6449013,2016.0,J130002.88+325142.9,195.0120332,+32.8619189,0.0860,0.0804,14.6,15.546,14.164,10.932,7.867,,,,0.041,0.041,0.093,0.177,,,,1943133301351024569,0000,0,000n,AAAB,31,276,46,293,
0.037519,1472793665038857088,199.96027280520957,33.80937199094895,82.19316308803529,80.94486659598654,-0.04551816557098214,0.07929922,-0.07080965811499042,0.074552275,-0.10024815181099953,0.08395048,17.60886,1703.7362373635915,3.9725184,17.806307,17.23501,0.5712967,2016.0,J131950.46+334833.7,199.9602723,+33.8093616,0.0550,0.0538,169.5,14.821,13.479,10.345,7.905,16.815,16.715,15.848,0.029,0.029,0.051,0.149,0.135,0.239,0.239,1997133301351058372,0000,0,000n,AAAB,148,167,74,171,0.158
0.350851,1472800223452847488,199.51445367431126,33.698999942925,83.4375982029542,81.28046768720178,0.05740689385115589,0.1645238,-0.11559973323369918,0.1523733,-0.32409703129950135,0.19498812,18.892513,522.3261721439866,1.2680155,19.0548,18.685984,0.36881638,2016.0,J131803.48+334156.0,199.5145096,+33.6989143,0.0652,0.0622,0.4,15.129,13.869,11.104,8.915,,,,0.033,0.033,0.088,0.337,,,,1997133301351042462,0000,0,110n,AAAB,260,192,93,207,
0.027980,1472801670857825536,199.4302209891254,33.774953681499575,84.11643347074315,81.27181504649,-0.010725575265569331,0.13781305,-0.05902650322851627,0.12513015,-0.0018163188810489395,0.15090604,18.392715,827.6760362207632,3.479098,18.32049,17.533598,0.78689194,2016.0,J131743.25+334629.8,199.4302119,+33.7749555,0.0419,0.0404,144.8,13.622,12.636,9.511,6.759,16.493,16.057,15.010,0.025,0.024,0.030,0.057,0.111,0.154,0.124,1997133301351042399,0000,0,1100,AAAA,159,63,152,66,0.282
0.033087,1472802426772088064,199.59906441375298,33.793707471106266,83.52171465316538,81.16318830547927,-0.12169295187032916,0.06317285,7.128049162804174E-4,0.061683085,-0.14309068670444486,0.08250208,17.33739,2187.7132879511596,17.046318,17.264353,16.429054,0.83529854,2016.0,J131823.77+334737.3,199.5990744,+33.7937115,0.0369,0.0344,142.0,12.696,11.784,8.937,6.609,15.480,14.726,13.874,0.023,0.021,0.026,0.061,0.056,0.066,0.053,1997133301351060895,0000,0,1200,AAAA,172,41,90,43,0.074
0.010174,1472804866313872256,199.44245811642216,33.83757030131233,84.3423422005824,81.21850533472843,0.24728340072726976,0.56746835,0.3896260898649902,0.53257865,-0.8273817012457749,0.68814826,18.974676,484.25761180814,4.252337,16.82492,15.48464,1.3402805,2016.0,J131746.19+335015.2,199.4424610,+33.8375688,0.0407,0.0379,133.0,12.325,12.303,10.676,8.715,14.185,13.403,13.052,0.023,0.022,0.067,,0.069,0.075,0.053,1997133301351060890,0000,5,120n,AAAU,-190,46,33,48,0.116
0.133783,1461872800155733760,199.58454330998725,29.16826746479349,53.48368990687328,83.73047186900142,-0.1351399859652481,0.09187587,0.012474527878502489,0.08212867,0.1356387162566659,0.12042343,17.79361,1437.1521888565792,2.2867248,17.81845,17.590157,0.22829437,2016.0,J131820.29+291005.8,199.5845712,+29.1682955,0.0462,0.0446,146.0,13.781,12.768,10.350,8.141,,,,0.025,0.026,0.057,0.204,,,,1988128701351049537,0000,0,000n,AAAB,80,106,206,112,
0.015193,1461880355002458880,199.93929261567433,29.111453103468154,52.20076885784759,83.44987930081854,0.14817060530208107,0.11786038,0.02855125932523936,0.11087778,-0.08410621660120901,0.1638878,18.350368,860.5958318504958,1.4433019,18.552738,17.955091,0.5976467,2016.0,J131945.42+290641.2,199.9392916,+29.1114572,0.0659,0.0623,13.9,15.170,13.692,10.192,8.003,16.566,15.945,14.965,0.034,0.034,0.052,0.236,0.143,,,2005128701351040559,0000,0,110n,AAAB,4,236,-110,237,0.155
0.048716,1472832766421069184,200.48587668151384,33.904868624396514,80.70160986055095,80.56770286733244,0.3764028564179102,0.29100317,-0.26581802570998,0.31637084,-0.2865939140253421,0.3570357,18.94912,495.7915529668941,1.351895,18.338985,17.50605,0.83293533,2016.0,J132156.61+335417.5,200.4858929,+33.9048672,0.0618,0.0591,21.9,14.822,14.409,9.982,6.965,16.637,16.268,15.472,0.029,0.044,0.041,0.069,0.134,0.222,0.142,1997133301351053129,0000,0,0000,AAAA,26,209,9,213,0.305
0.131304,1472852175377169792,200.32319170377593,34.1313487676578,82.25753804744497,80.50424345715255,-0.02930983937945449,0.17149144,0.1076934711391733,0.1817581,-0.26039730918439075,0.22754513,18.909266,514.3280911783409,1.5786998,19.139153,18.60505,0.5341034,2016.0,J132117.55+340752.8,200.3231477,+34.1313497,0.0893,0.0824,22.9,15.939,14.335,11.191,8.866,,,,0.044,0.040,0.097,0.322,,,,2010134801351010965,0000,0,01nn,AAAB,122,296,944,317,
0.052384,1467467252756750592,194.6936610252378,33.37627849102139,109.15744411431848,83.55460775621142,-0.12747655165343055,0.13277653,-0.021799165523124997,0.10813295,0.2723450818011106,0.15562354,18.176477,1010.0799195239254,1.3898047,18.347916,17.858057,0.48985863,2016.0,J125846.48+332234.6,194.6936774,+33.3762834,0.0944,0.0876,19.3,15.446,14.277,10.796,8.503,,,,0.042,0.047,0.114,0.353,,,,1943133301351029976,0000,0,110n,AABB,512,302,96,320,
0.377086,1467469000807400192,194.71159291170133,33.41766248342371,109.12226683325233,83.51077781127148,-0.19574125735017636,0.20637505,-0.008308050187041996,0.15564679,-0.16747036500922008,0.22989507,18.922615,508.04334038651206,1.35025,19.046978,18.691767,0.35521126,2016.0,J125850.75+332503.4,194.7114823,+33.4176130,0.0648,0.0615,22.6,14.812,13.605,10.887,8.266,,,,0.033,0.032,0.114,0.278,,,,1943133301351029942,0000,0,110n,AABB,103,180,39,188,
0.366822,1467482852078335616,195.7344869042771,33.211289217335136,101.41669522339934,83.42966153300416,-0.224660903896131,0.19994025,-0.06802643195233725,0.14982039,0.020857227116467227,0.24324492,18.979614,482.05975142613124,1.6469364,19.202675,18.53663,0.66604424,2016.0,J130256.27+331240.2,195.7344754,+33.2111878,0.0846,0.0802,22.5,15.426,14.261,11.503,8.746,,,,0.038,0.041,0.172,,,,,1961133301351034872,0000,0,11nn,AABU,257,251,-100,268,
0.911260,1467486356771931264,195.59154887506728,33.21508833115496,102.39854157718577,83.47179122754713,0.49434615218010947,0.6641117,-0.10719429706830261,0.53004515,0.5079371561695116,0.730345,18.743235,599.3117252907468,5.8652797,16.534546,15.225524,1.309022,2016.0,J130221.97+331253.4,195.5915530,+33.2148352,0.0617,0.0429,177.5,12.437,12.504,11.923,8.444,13.824,13.034,12.879,0.028,0.030,0.277,,0.039,0.037,0.038,1961133301351037354,0000,4,nnnn,AABU,-155,43,-39,48,1.087
0.265938,1472897598951283712,200.25590087291468,34.11609100610664,82.4346339549081,80.55411050593516,-0.03480652963171538,0.13610575,0.09485145704487272,0.13262527,0.003838179487390396,0.16099097,18.244781,948.4926046735984,5.6606245,18.314013,17.650557,0.66345596,2016.0,J132101.42+340658.1,200.2559198,+34.1161632,0.0476,0.0466,159.6,14.013,13.155,10.674,8.325,16.798,16.386,15.126,0.026,0.026,0.066,0.213,0.162,0.217,0.148,2010134801351010890,0000,0,120n,AAAB,-6,110,165,110,0.131
0.111162,1483094817681016960,208.95499878189386,35.15062288437049,67.15286708913948,74.08901570329975,-0.3521373196762746,0.24967988,0.03632735483829684,0.44160137,-0.7125123755559065,0.52353287,18.855991,540.1943054107053,2.738138,17.104986,15.806539,1.2984476,2016.0,J135549.20+350902.3,208.9550105,+35.1506522,0.0436,0.0409,120.4,12.779,12.800,12.259,9.159,14.346,13.772,13.473,0.022,0.025,0.366,,0.052,0.069,0.060,2083134801351050837,0000,5,00nn,AACU,-46,50,31,50,0.150
0.183497,1461968904343931520,199.47623106729046,29.68572804004796,58.204327051687386,83.64434331055998,0.14451532272648157,0.13323066,-0.03164261146150452,0.12686749,0.09860819305487968,0.17740902,18.546791,718.1753234103692,2.0723665,18.64685,17.996908,0.6499424,2016.0,J131754.29+294108.4,199.4762115,+29.6856800,0.0630,0.0599,19.1,14.660,13.730,11.047,8.531,,,,0.031,0.034,0.116,0.296,,,,2000130201351008060,0000,0,00nn,AABB,54,164,10,175,
0.082179,1467527622817378944,195.6052174474663,33.49258719317236,103.18481758472004,83.20944566303282,0.09964896540916127,0.12594715,0.15064675758659177,0.09956583,-0.01143056206521335,0.16244009,18.45297,782.99466270088,2.5699344,18.585642,18.107414,0.47822762,2016.0,J130225.25+332933.2,195.6052328,+33.4925683,0.0622,0.0597,10.7,14.786,13.624,10.613,8.397,16.789,16.451,15.685,0.031,0.033,0.088,0.318,0.150,0.261,0.206,1961133301351040073,0000,0,001n,AAAB,356,184,259,189,0.836
0.313643,1483102686061104128,209.09324528316046,35.24912608467777,67.2957776648191,73.94439190034639,-0.011967945497803048,0.1071552,0.0077181386194350304,0.20369305,-0.2597282664488884,0.21662486,18.740612,600.7617581018866,4.2013135,17.820168,16.452679,1.3674889,2016.0,J135622.37+351457.1,209.0932093,+35.2492081,0.0473,0.0409,136.8,13.100,12.670,9.705,7.153,15.282,14.522,14.009,0.025,0.026,0.042,0.105,0.073,0.085,0.070,2083134801351050839,0000,5,nnnn,AAAA,392,364,-178,137,0.235
0.088040,1461986011197241088,201.0626908254258,28.779772628993932,47.675193921242986,82.56986140007687,0.3210684642011772,0.2788821,0.10852119175523411,0.17344157,-0.2545722360553577,0.201446,18.780016,579.3488474171537,2.653191,18.891808,18.476582,0.41522598,2016.0,J132415.05+284647.1,201.0627182,+28.7797677,0.0720,0.0691,15.5,15.279,14.121,11.270,8.520,,,,0.034,0.037,0.146,0.255,,,,2005128701351029864,0000,0,11nn,AABB,266,233,74,240,
0.058946,1467546692472105344,195.01460391001777,33.39336308356956,106.91861570922805,83.46474042659447,0.09453476580386547,0.1585704,0.07782160606919816,0.11001668,0.19707328643562066,0.19278987,18.786266,576.0233670985556,1.5477128,18.911577,18.489481,0.42209625,2016.0,J130003.50+332336.0,195.0146048,+33.3933467,0.0636,0.0608,25.4,14.862,13.499,10.604,8.297,,,,0.032,0.033,0.075,0.374,,,,1943133301351027292,0000,0,000n,AAAC,157,192,257,198,
0.032995,1483118693402711040,208.87113062359197,35.39226171630076,68.05249317377078,74.04336316303448,0.012925562255509223,0.052023478,0.0993796241636147,0.090000406,0.07651244163242779,0.1026279,17.668056,1613.3326752709545,4.3306127,17.768354,17.143394,0.62495995,2016.0,J135529.07+352332.1,208.8711417,+35.3922634,0.0426,0.0415,137.8,13.438,12.395,9.692,7.280,16.336,15.851,15.151,0.025,0.024,0.039,0.092,0.120,0.191,0.147,2083134801351056218,0000,0,3310,AAAA,180,53,72,387,0.297
0.161771,1472949172918806784,200.17360388979534,34.717956473398914,85.1775734248885,80.15932393667644,0.17745125170897472,0.13367498,-0.1265089292798565,0.11466557,0.12909067255441517,0.14259358,18.393118,827.3699489576647,2.8833783,18.575405,18.073177,0.5022278,2016.0,J132041.67+344304.6,200.1736583,+34.7179517,0.0866,0.0799,34.4,15.626,14.415,11.119,8.801,,,,0.039,0.042,0.100,0.304,,,,2010134801351037258,0000,0,nnnn,AAAB,770,260,486,277,
0.101491,1472949898769129088,200.41317350542255,34.62875915610112,83.97687730310143,80.09310818377018,0.048913583480959796,0.11608623,0.009512858775338947,0.11809556,-0.18542443939770167,0.1316301,18.267744,928.6440154300656,2.475058,18.369156,17.949223,0.41993332,2016.0,J132139.16+343743.4,200.4131814,+34.6287317,0.0550,0.0536,2.7,14.744,13.460,10.797,8.462,,,,0.029,0.029,0.073,0.211,,,,2010134801351013608,0000,0,111n,AAAB,83,144,73,150,
0.059818,1462028445474889600,201.6917677319128,29.305003088337056,50.61896847069265,81.92111076693175,0.10044794760106042,0.294166,-0.0558368949804316,0.15908736,-0.05314436939171611,0.19411412,18.60953,677.8523406685968,2.6291049,18.732368,18.330004,0.40236473,2016.0,J132646.02+291818.0,201.6917866,+29.3050011,0.0752,0.0698,7.1,15.315,13.942,11.200,8.819,,,,0.036,0.036,0.146,0.463,,,,2022128701351064119,0000,0,11nn,AABC,100,231,-48,241,
0.162146,1462029338828097280,201.69868278601774,29.384292089201434,51.155924014089614,81.89638583689234,-0.38778389057287094,0.2953882,-0.18137097353876785,0.19985177,0.3184690649701061,0.23367609,18.785248,576.5641366690855,2.070654,19.404411,18.115896,1.2885151,2016.0,J132647.67+292303.3,201.6986644,+29.3842500,0.0853,0.0794,16.8,15.369,14.783,11.424,8.468,,,,0.036,0.052,0.151,,,,,2022128701351064145,0000,0,00nn,AABU,-221,277,-12,286,
0.043736,1472985731680166528,199.04702960119724,33.97420046168667,86.56941943351491,81.32910961552018,-0.030739210558474974,0.16095547,0.055952962307395354,0.14819984,-0.012608051931881095,0.19311656,18.672031,639.932610428356,2.3725314,18.729216,18.40993,0.31928635,2016.0,J131611.28+335827.1,199.0470160,+33.9741959,0.0590,0.0562,55.4,14.592,13.417,10.560,8.158,,,,0.030,0.029,0.071,0.245,,,,1997133301351063615,0000,0,000n,AAAB,-44,168,188,170,
0.091962,1467597476165425664,195.22286769876354,33.80995980259629,106.5663252898264,83.01538025228058,-0.03287892683811132,0.09819763,-0.0785840263386777,0.067005366,-0.0355350529016043,0.12421946,17.856443,1356.342147036207,2.4076638,17.95051,17.554857,0.39565277,2016.0,J130053.49+334835.8,195.2228935,+33.8099459,0.0456,0.0446,147.2,13.928,12.676,9.863,7.606,16.621,16.616,15.290,0.026,0.024,0.054,0.122,0.131,0.270,0.145,1943133301351054426,0000,0,011n,AAAB,144,204,129,179,0.581
0.047086,1462055284725668608,200.8356432770216,29.168641438939083,50.969158611446915,82.679065909896,-0.026238674587885934,0.072686754,0.023489856254868692,0.048921764,0.0025211091829957163,0.055838212,16.599327,4317.335958196477,11.05941,16.715912,16.323595,0.39231682,2016.0,J132320.55+291007.0,200.8356295,+29.1686364,0.0368,0.0353,121.0,12.980,11.637,8.789,6.727,16.018,15.550,14.759,0.023,0.021,0.025,0.072,0.077,0.128,0.091,2005128701351048991,0000,0,1100,AAAA,233,42,144,44,0.181
0.076931,1473005557249433728,199.62066466938472,34.20968498489864,85.2166546205728,80.84206082983849,-0.17598623728380533,0.12018267,-0.12044508014886053,0.10192733,0.05988231404298773,0.11910654,18.087055,1096.7937951259548,4.673802,17.997469,17.553871,0.4435978,2016.0,J131828.95+341234.8,199.6206394,+34.2096896,0.0374,0.0365,141.4,13.005,11.879,8.920,6.502,16.563,15.710,14.744,0.024,0.021,0.027,0.058,0.111,0.120,0.080,1991134801351002322,0000,0,1100,AAAA,200,46,144,48,0.183
0.071588,1483182709891672704,208.40478064858752,35.68824922557599,69.65665463519225,74.24210379078264,-0.36257582762993257,0.20443004,0.15253967288756426,0.29747152,-0.09382641219503612,0.40300184,18.296597,904.2913971001054,4.392017,16.734657,15.388392,1.3462648,2016.0,J135337.14+354117.7,208.4047900,+35.6882676,0.0426,0.0401,120.8,12.498,12.539,11.654,9.068,13.954,13.233,12.924,0.023,0.024,0.183,,0.031,0.031,0.034,2089136301351008192,0000,1,00nn,AABU,54,43,-62,44,0.155
0.127592,1483188443671717376,208.48584481221147,35.70798210388145,69.60488058944512,74.1748373331063,0.017136118802571976,0.0796358,0.16723748198715144,0.120378286,0.042949120570964255,0.15590855,18.615377,674.2112040732429,2.4078577,18.746456,18.26972,0.47673607,2016.0,J135356.60+354228.8,208.4858434,+35.7080175,0.1027,0.0945,17.4,15.828,14.448,11.538,8.907,,,,0.046,0.045,0.174,0.415,,,,2089136301351008326,0000,0,00nn,AABC,204,296,142,317,
0.074600,1467636268309855744,196.67197322866005,33.261821393946434,95.62553984642352,83.03888206068022,0.20547392872198905,0.19490586,0.003152859856820183,0.13048151,-0.25522973825063666,0.200659,18.801361,568.0709343847183,1.1316805,19.03139,18.446026,0.5853634,2016.0,J130641.27+331542.6,196.6719902,+33.2618365,0.0711,0.0670,13.3,15.235,13.795,10.827,8.595,,,,0.035,0.035,0.105,0.313,,,,1961133301351029656,0000,0,110n,AAAB,156,213,261,226,
0.083234,1467636710690121216,196.66590386433253,33.29078165752639,95.77824903516846,83.01606119316072,0.021886792922252,0.23788545,-0.07564308640797467,0.14213255,0.10279893993679308,0.2135463,18.967974,487.2556585763103,1.0810022,19.226116,18.541222,0.68489456,2016.0,J130639.82+331726.8,196.6659315,+33.2907801,0.1196,0.1076,20.8,16.019,14.778,11.452,8.647,,,,0.050,0.057,0.159,0.326,,,,1961133301351029730,0000,0,00nn,AABB,247,396,298,430,
0.139559,1473023664831604608,199.40205919164933,34.42109237537699,86.93672603848272,80.79742686065529,0.06834608732596423,0.12862565,0.11683101748187069,0.10215407,-0.16562166376978757,0.118866235,18.162666,1023.0105333863087,14.72706,18.282204,17.658499,0.6237049,2016.0,J131736.48+342516.0,199.4020312,+34.4211235,0.0428,0.0405,136.2,13.637,12.516,9.444,7.099,,,,0.025,0.024,0.034,0.084,,,,1991134801351022639,0000,0,9900,AAAA,195,56,195,59,
0.279752,1462097237966616832,201.27665549569517,29.617529928117126,53.48087752287228,82.18926423552067,-0.283967621628857,0.19241187,0.14185383688685327,0.16003951,0.11585858821725911,0.18605758,18.745365,598.1373577013035,2.3334258,18.910154,18.420134,0.49002075,2016.0,J132506.37+293703.0,201.2765661,+29.6175276,0.0594,0.0576,0.7,14.811,13.610,11.050,8.590,,,,0.031,0.030,0.108,0.329,,,,2017130201351008360,0000,0,001n,AAAB,103,169,41,175,
0.290822,1462105381224199680,200.87730060694332,29.555287837796122,53.78755537693225,82.53972169419447,0.16797915372310668,0.15870719,-0.01906547119622551,0.15049659,-0.4032761653921588,0.20207594,18.756851,591.842566450381,1.7253048,18.894281,18.432981,0.4612999,2016.0,J132330.53+293318.9,200.8772111,+29.5552663,0.0524,0.0504,171.2,14.405,13.197,10.433,7.892,,,,0.028,0.028,0.067,0.179,,,,2017130201351011009,0000,0,111n,AAAB,201,271,90,200,
0.116586,1467659800434582016,197.32130120056777,33.51384165955489,92.93801713291613,82.54502128259543,0.20908304216815068,0.18968728,0.11860232434079493,0.12854485,0.16863081923372125,0.19925861,18.818789,559.0250496869456,2.7333264,18.84284,18.301596,0.5412445,2016.0,J130917.12+333049.8,197.3213381,+33.5138519,0.0788,0.0747,10.1,15.049,14.318,11.566,8.945,,,,0.034,0.047,0.186,,,,,1979133301351041544,0000,0,00nn,AABU,495,221,-37,238,
0.789772,1467666161282572672,197.1826908049084,33.49078168708518,93.60416265304984,82.62565128329535,0.04543742324149183,0.1985399,-0.09446811044460163,0.16761704,-0.08617821620478626,0.22580639,18.884094,526.3913651150807,2.877175,18.931782,18.437548,0.49423409,2016.0,J130843.86+332927.5,197.1827755,+33.4909894,0.0568,0.0554,14.5,14.403,13.492,10.789,8.743,,,,0.028,0.030,0.094,0.423,,,,1979133301351041521,0000,0,001n,AAAC,369,155,219,160,
0.040668,1462126198929771904,201.71853353106042,29.42634904980304,51.414787469427445,81.86933239255218,-0.05858757301276306,0.06468125,-0.05710123532873155,0.045587156,0.03755433276698134,0.05137741,16.410332,5138.239601850583,8.002557,16.59179,16.04803,0.5437584,2016.0,J132652.44+292534.8,201.7185208,+29.4263471,0.0383,0.0368,128.9,13.130,11.799,9.235,7.623,15.484,14.986,14.508,0.024,0.022,0.032,0.149,0.059,0.076,0.083,2022128701351064033,0000,0,000n,AAAB,80,45,76,47,0.196
0.105107,1462140733099141888,201.56247237299777,29.55860242118087,52.57219670996275,81.96663041140489,0.13667858746152103,0.2204855,0.04501959502221998,0.1466084,0.29999364956599256,0.18305153,18.65261,651.4815817727784,3.16252,18.829964,17.891119,0.9388447,2016.0,J132614.98+293330.8,201.5624518,+29.5585793,0.0547,0.0540,0.8,14.342,13.705,11.757,8.695,,,,0.027,0.031,0.219,,,,,2017130201351005668,0000,0,22nn,AABU,218,123,30,130,
0.222580,1483240498675398016,209.48816627991653,35.96422488928039,69.05464134981925,73.33682917407924,0.09977775582803136,0.09744866,-0.03566863887896601,0.14881898,-0.06804177372276003,0.19945408,18.913666,512.247834269968,3.159558,18.93951,18.338795,0.60071564,2016.0,J135757.16+355751.4,209.4881973,+35.9642814,0.0681,0.0650,18.0,14.975,13.919,10.850,8.331,,,,0.033,0.036,0.084,0.242,,,,2089136301351021612,0000,0,110n,AAAB,142,185,130,204,
0.043337,1467702857482781440,196.43256204051434,33.592112263165916,98.31764277350246,82.8399940088588,-0.10293522938846088,0.09426644,-0.10342514448074101,0.07142039,-0.038275604629690194,0.09559874,17.726416,1528.9037891070195,9.987034,17.719196,17.354095,0.36510086,2016.0,J130543.81+333531.5,196.4325732,+33.5921046,0.0410,0.0396,123.1,13.470,12.376,9.873,7.442,16.687,15.778,15.007,0.023,0.023,0.046,0.142,0.144,0.130,0.120,1961133301351048180,0000,0,1100,AAAB,248,202,211,146,0.069
0.104650,1473086165195235072,198.71019858427624,34.51992925893774,90.1885906282579,81.06680382806584,0.23563204903085777,0.15295486,-0.004266780461217915,0.12775362,0.018691606846872374,0.1645202,18.436438,795.0081909101938,2.271435,18.58822,18.061693,0.5265274,2016.0,J131450.43+343111.7,198.7101634,+34.5199277,0.1045,0.0969,5.6,15.713,14.622,11.225,8.964,,,,0.044,0.052,0.157,0.493,,,,1991134801351016601,0000,0,00nn,AABC,568,338,-64,368,
0.071550,1462160116288045440,202.28679744214517,29.840048827244814,53.266374676658664,81.28481864662784,-0.24039994737624232,0.31058532,-0.21122984644988999,0.15972832,-0.3532135445135216,0.2575935,18.768543,585.503294163117,3.8517394,17.59973,16.487078,1.1126518,2016.0,J132908.83+295024.2,202.2868053,+29.8400675,0.0430,0.0410,118.4,13.076,12.454,10.165,8.177,15.386,14.685,14.190,0.024,0.024,0.056,0.222,0.072,0.065,0.073,2017130201351024102,0000,0,660n,AAAB,64,210,53,209,0.220
0.107901,1473102657869947776,199.7142898976082,34.39123475487396,85.59469843585583,80.65431494235202,-0.02869697187806288,0.14797612,0.08047507811912684,0.11030626,-0.1635194539652472,0.14801389,18.510256,742.7531853981984,2.101586,18.735619,18.147772,0.58784676,2016.0,J131851.43+342328.4,199.7143259,+34.3912387,0.1120,0.1023,12.4,15.934,14.851,11.261,8.542,,,,0.046,0.059,0.114,,,,,1991134801351022794,0000,0,00nn,AABU,-160,379,107,414,
0.011168,1467722232079038720,196.78138684254967,33.72049665812199,96.74691366332006,82.59271878548928,0.021108937935371892,0.12810676,0.07695189687123613,0.10832072,0.00255989064377337,0.15456218,18.438269,793.6681639896578,3.2664711,18.576218,18.06743,0.50878716,2016.0,J130707.53+334313.7,196.7813905,+33.7204970,0.0740,0.0695,15.2,15.228,13.902,11.195,8.854,,,,0.035,0.036,0.144,0.401,,,,1961133301351051115,0000,0,00nn,AABC,538,214,485,231,
0.035730,1473110938566938368,199.99365645988803,34.57375076947493,85.26968119899053,80.36540221651163,-0.05106387937252059,0.14334768,0.16751303346001767,0.12708646,-0.0498027446565978,0.16132829,18.59197,688.9043688124126,3.4906993,18.754343,18.217175,0.5371685,2016.0,J131958.47+343425.5,199.9936447,+34.5737530,0.0724,0.0696,16.2,15.314,13.947,11.171,8.887,,,,0.036,0.035,0.099,,,,,1991134801351025405,0000,0,00nn,AAAU,140,219,132,232,
0.079366,1462205707364797696,201.5125435946134,29.966172698546032,55.439114339249066,81.88936366729415,-0.022954033070412848,0.17301573,0.3615397976534699,0.19935465,0.04689547932217275,0.19809136,18.904696,516.498037189308,0.9330222,19.486635,18.196388,1.290247,2016.0,J132603.01+295758.2,201.5125597,+29.9661898,0.1723,0.1574,15.6,16.375,15.897,11.941,9.180,,,,0.059,0.122,,0.511,,,,2017130201351016787,0000,0,0nnn,ABUC,-44,642,188,682,
0.086195,1462218420468097792,201.27925151388067,30.143102002049584,57.108500582357,82.02168312325784,0.1263899471594768,0.17883256,-0.09474053541054495,0.18668543,0.15562401489002953,0.2074074,18.991636,476.7519025337287,1.2844728,19.035109,18.432442,0.60266685,2016.0,J132507.01+300835.0,201.2792447,+30.1430788,0.0636,0.0615,178.4,14.845,13.952,11.159,8.698,,,,0.030,0.035,0.128,0.323,,,,2017130201351034911,0000,0,00nn,AABB,-33,180,44,188,
0.695632,1467757038493789824,197.42333757344144,33.67731486346902,93.05420342971617,82.36140645067492,-0.04862318583405101,0.1585666,0.14364639542846347,0.12559068,-0.14554053628481955,0.1888379,18.760887,589.6471956723249,2.2580304,18.817947,18.532671,0.2852764,2016.0,J130941.61+334037.6,197.4233984,+33.6771284,0.0779,0.0720,13.1,15.114,14.179,11.102,8.465,,,,0.036,0.041,0.112,0.239,,,,1979133301351041547,0000,0,111n,AABB,80,226,20,246,
0.003948,1467758176661749376,197.56982042060784,33.738811436449666,92.53344997645567,82.2440779225373,-0.10573565991106221,0.100798845,-0.06115499788512888,0.08542216,-0.03488817924903952,0.11925489,18.131285,1053.0100366969102,2.2338603,18.372099,17.678377,0.6937218,2016.0,J131016.75+334419.7,197.5698196,+33.7388106,0.0617,0.0588,4.4,14.775,13.662,10.893,8.987,,,,0.031,0.033,0.098,0.455,,,,1979133301351044301,0000,0,000n,AAAC,180,171,71,180,
1.103916,1467762024952471680,197.73728936533936,33.81974211940451,92.00176253021186,82.10026395212637,-0.11842709458222733,0.46648186,0.6463039609602192,0.4587651,-0.9236526270592583,0.58214307,18.848284,544.0432816329262,4.481268,17.397326,16.096613,1.3007126,2016.0,J131056.96+334912.1,197.7373523,+33.8200443,0.0882,0.0545,0.4,13.573,13.492,11.902,8.497,14.833,14.091,13.809,0.046,0.049,,,0.043,0.050,0.057,1979133301351063374,0000,0,nnnn,AAUU,93,64,-32,73,1.116
0.098532,1462256392274551808,201.8670225503812,30.495262356729768,58.16481097270231,81.42305799026929,-0.1061798572958623,0.11569368,-0.024884564737020807,0.12472779,-0.03712432411861741,0.17713967,18.520025,736.0998011232692,2.9885547,18.654127,18.062653,0.59147453,2016.0,J132728.08+302943.0,201.8670287,+30.4952892,0.0407,0.0384,120.9,13.132,11.946,9.405,7.269,17.161,16.640,15.063,0.024,0.022,0.039,0.095,0.214,0.244,0.091,2017130201351045797,0000,0,1100,AAAA,148,45,164,47,0.144
0.189233,1462261576299685888,201.7870829322705,30.61196557495688,59.06280568487217,81.44469332078303,0.05491123666869906,0.15625557,0.1632375179642247,0.15075333,-0.22086799268698862,0.2148984,18.685846,631.841075504285,1.1173418,18.743734,18.300812,0.4429226,2016.0,J132708.90+303643.2,201.7871186,+30.6120083,0.0584,0.0569,9.0,14.789,13.759,11.206,8.458,17.195,16.652,16.024,0.029,0.032,0.127,0.270,0.218,0.248,0.229,2017130201351045827,0000,0,00nn,AABB,103,167,343,172,0.796
0.021220,1473179937217579392,199.45120885956254,34.87533418696973,88.47981888174714,80.41718994035865,-0.003675340653175762,0.08618464,-0.018309335874020925,0.07821639,-0.002623525584745899,0.09661952,17.841288,1375.4087257353917,2.5414991,17.952478,17.56452,0.38795853,2016.0,J131748.28+345231.2,199.4512017,+34.8753340,0.0424,0.0412,144.7,13.780,12.533,9.842,7.449,16.557,16.120,15.691,0.025,0.023,0.042,0.117,0.111,0.141,0.211,1991134801351030254,0000,0,0000,AAAB,200,61,183,86,0.253
0.049233,1467773638543986560,197.291428720464,33.83300583500456,94.36335121203783,82.28597697897804,0.05859935440981731,0.10247683,0.15257740004361198,0.08007539,0.008415053724950716,0.10506764,17.729795,1524.152384715878,3.8758929,17.945658,17.307377,0.63828087,2016.0,J130909.94+334958.8,197.2914209,+33.8330179,0.0536,0.0522,9.0,14.535,13.203,10.056,7.918,16.560,16.087,15.707,0.029,0.029,0.056,0.167,0.129,0.187,0.230,1979133301351066119,0000,0,110n,AAAB,160,160,375,163,0.736
0.151964,1473220756586774912,199.8575540111806,35.39781825022406,88.81606935567213,79.80068432501935,0.13148442335029314,0.08443722,-0.09798167343049416,0.12217895,0.15112349452097287,0.15484153,18.417162,809.2492309861647,2.6100764,18.641237,18.02356,0.6176777,2016.0,J131925.81+352352.2,199.8575454,+35.3978599,0.1069,0.0988,21.6,15.889,14.718,11.592,8.409,,,,0.047,0.051,0.199,0.230,,,,1991134801351055662,0000,0,00nn,AABB,803,362,648,387,
0.265387,1462317101636298496,200.59578062669786,29.955653915596873,57.33888606587111,82.64151541812932,-0.1805072299683141,0.15875903,4.983717419100193E-4,0.15154664,0.04996714352259311,0.2428766,18.723001,610.5850338478185,1.0147188,19.164852,18.056725,1.1081276,2016.0,J132222.96+295720.3,200.5956964,+29.9556432,0.0673,0.0651,15.2,14.951,14.208,10.866,8.079,16.688,16.571,15.818,0.031,0.038,0.105,0.180,0.143,,0.197,2000130201351023715,0000,0,110n,AAAB,-117,240,-280,242,0.357
0.131824,1462324665075235200,200.79787935691365,30.062320048989392,57.62832342914316,82.44003738825822,0.07633283761056396,0.09876154,-0.0787100740572186,0.09884711,0.1169781933352223,0.1409096,18.086712,1097.1398186192896,1.92016,18.23949,17.72753,0.511961,2016.0,J132311.48+300344.3,200.7978393,+30.0623318,0.0678,0.0649,13.1,15.215,13.823,10.647,8.027,,,,0.035,0.033,0.083,0.212,,,,2000130201351023555,0000,0,011n,AAAB,216,234,103,240,
0.099726,1467815385626147840,197.98948579584106,34.365247360649086,92.86205721165321,81.52911562005593,0.5403672292483468,0.6948347,-0.20806384753644122,0.57612306,0.12856184966278536,0.7924314,18.483261,761.4519729216911,11.420284,15.939548,14.670459,1.2690887,2016.0,J131157.47+342154.9,197.9894875,+34.3652750,0.0394,0.0373,127.9,11.289,11.348,10.142,8.170,12.860,12.293,12.029,0.023,0.022,0.053,0.205,0.032,0.037,0.033,1973134801351024103,0000,5,330n,AAAB,-155,40,-57,41,0.149
0.052194,1473259102055288960,200.85518749560597,34.51647461377092,82.01736917357685,79.92141601024896,-0.027734929544401696,0.0487315,-0.010917936873789084,0.04177406,-8.060648992836428E-4,0.058131766,16.860683,3393.697257697846,6.1781464,16.961117,16.489746,0.4713707,2016.0,J132325.24+343059.2,200.8551751,+34.5164643,0.0359,0.0348,132.5,12.677,11.444,8.773,6.601,15.782,15.101,14.342,0.023,0.021,0.023,0.054,0.080,0.104,0.066,2010134801351018801,0000,0,1111,AAAA,156,42,156,43,0.106
0.047018,1462360880239394432,199.98476603485574,30.118987898852637,60.16561301640172,83.06930440547882,0.1946158894608591,0.47684366,0.4135286107075538,0.41798732,-0.5644831314172026,0.6058365,18.444788,788.9169170437051,3.7396083,16.488998,15.133408,1.3555908,2016.0,J131956.34+300708.4,199.9847715,+30.1190001,0.0374,0.0359,121.5,11.763,11.792,9.155,7.619,13.672,13.019,12.573,0.022,0.021,0.030,0.131,0.068,0.078,0.045,2000130201351018504,0000,5,110n,AAAB,-17,75,52,90,0.360
0.154269,1473278618386769152,201.49200342132684,34.75740076983815,80.94213401197273,79.37802176406231,-0.009059139306387872,0.10596621,0.0750475348920317,0.083968095,0.09074319652073087,0.1359321,18.293087,907.2189913454438,1.4050908,18.502924,17.893055,0.609869,2016.0,J132558.09+344526.7,201.4920480,+34.7574230,0.0453,0.0443,173.9,14.387,12.867,9.843,7.698,,,,0.028,0.024,0.038,0.139,,,,2010134801351029369,0000,0,110n,AAAB,296,150,401,150,
0.131174,1467846373813913088,197.09234090208784,34.2790857622805,97.01513560620234,81.97856607487493,0.12025883764159322,0.1260952,0.08232472202667677,0.11950192,0.12434310029032779,0.16018052,18.516203,738.6952739873695,3.2486165,18.558292,18.303131,0.2551613,2016.0,J130822.17+341644.6,197.0923775,+34.2790655,0.0549,0.0525,174.7,14.436,13.316,10.675,7.805,,,,0.028,0.029,0.075,0.145,,,,1973134801351008241,0000,0,000n,AAAB,172,143,139,150,
0.074708,1467857162771756160,197.54026557466963,34.274786475280244,94.71319978747229,81.80086847339592,0.004344943511610722,0.09934313,0.00736392091917663,0.091894485,0.028733040967357695,0.11611493,17.981813,1208.4293641368497,3.2444324,18.01827,17.680847,0.33742332,2016.0,J131009.66+341629.2,197.5402781,+34.2748045,0.0460,0.0444,164.8,13.883,12.706,9.878,7.587,,,,0.027,0.025,0.043,0.118,,,,1973134801351005438,0000,0,000n,AAAB,104,149,314,153,
0.402336,1467868505781639680,197.90329214739413,34.58298708988617,94.04582316877618,81.38238251215719,-0.03161783857851913,0.16826287,-0.275704370091053,0.15335888,0.290657067569045,0.17668478,18.789568,574.274280673194,1.3636863,19.039381,18.301247,0.7381344,2016.0,J131136.81+343459.0,197.9033810,+34.5830716,0.0846,0.0794,8.6,15.412,14.250,10.851,9.135,,,,0.039,0.043,0.086,0.501,,,,1973134801351021475,0000,0,001n,AAAC,247,269,176,289,
0.034858,1473310847821239808,200.7555419444207,34.65439359139054,82.90261115325097,79.88070867203929,-0.10404284001188664,0.0963139,0.046122936663775524,0.09040414,-0.08548899495447804,0.10156363,17.94849,1246.0928426057164,2.8555298,18.253536,17.487381,0.76615524,2016.0,J132301.32+343915.8,200.7555305,+34.6543914,0.0723,0.0685,18.5,15.101,14.634,11.945,9.210,16.523,16.587,15.901,0.031,0.047,0.200,,0.155,,0.250,2010134801351016257,0000,0,01nn,AABU,248,203,-7,219,1.023
0.049763,1462401493450158976,200.40082229416217,30.588857315907894,62.36947543504786,82.54618860928562,0.6138968850330093,0.682847,0.6463366070499144,0.66303676,0.4694448703344494,0.82813174,18.911697,513.1777301165986,3.5523274,16.915369,15.599902,1.3154669,2016.0,J132136.19+303519.9,200.4008245,+30.5888710,0.0422,0.0404,125.3,12.535,12.553,10.390,8.559,14.145,13.508,13.212,0.023,0.024,0.064,0.320,0.053,0.067,0.052,2000130201351046931,0000,5,110n,AAAB,75,62,-81,60,0.129
0.105401,1467886265470363904,197.69345552389606,34.77512841874537,95.68267885090282,81.30487746474046,0.3300728930814551,0.1922906,0.061182279893175935,0.15629148,-0.1857400956909929,0.21381131,18.861115,537.6513820180197,1.5921189,19.008743,18.317854,0.69088936,2016.0,J131046.42+344630.5,197.6934563,+34.7751577,0.0743,0.0706,19.4,14.957,14.166,11.031,8.447,,,,0.033,0.040,0.115,0.258,,,,1973134801351029467,0000,0,000n,AABB,385,229,34,232,
0.051826,1467895920556519808,196.2483697760944,33.70832156990224,99.82604199602787,82.80152012869517,-0.09931155925978198,0.14548005,-0.022161732606966956,0.114689596,0.07307559746813673,0.18484786,18.613518,675.3666199060954,1.4867686,18.823195,18.172539,0.65065575,2016.0,J130459.61+334229.9,196.2483865,+33.7083179,0.0942,0.0867,14.8,15.740,14.397,11.100,8.911,,,,0.042,0.044,0.128,0.431,,,,1961133301351045551,0000,0,110n,AABC,111,308,81,331,
0.122468,1473354209811078400,201.06459040004745,35.28079900850828,84.26998172497017,79.25201095341568,-0.1404699058467496,0.11624722,-0.04394142613956341,0.11126705,0.05235793945623753,0.20847668,18.888275,524.3689635725082,0.88111883,19.47583,18.21127,1.2645607,2016.0,J132415.49+351650.7,201.0645826,+35.2807656,0.0813,0.0763,15.4,15.379,14.710,11.038,8.508,,,,0.035,0.049,0.089,0.200,,,,2010134801351045303,0000,0,000n,AAAB,504,257,143,274,
0.060829,1467924473498891520,196.09685298532443,34.07725588781307,101.89007752722621,82.51448023341966,0.024861093757649517,0.1501105,-0.03225604155101654,0.11805667,-0.022543770738035332,0.16899368,18.587004,692.0626703099567,1.2142562,18.745157,18.244774,0.5003834,2016.0,J130423.24+340438.1,196.0968511,+34.0772727,0.0774,0.0743,19.1,15.140,14.422,11.600,8.732,,,,0.034,0.046,0.168,,,,,1955134801351002599,0000,0,11nn,AABU,-212,221,61,236,
0.041355,1467929872274278912,196.60400040901575,34.0266516761073,98.81721838269851,82.3872309474497,-0.012516026066656086,0.17320746,0.017791675249875946,0.13151339,0.06455370759428015,0.19421612,18.669163,641.6254831540998,4.087616,18.634466,18.069965,0.5645008,2016.0,J130624.96+340135.9,196.6040047,+34.0266626,0.0458,0.0443,140.7,13.842,12.738,10.144,8.243,17.118,16.551,15.407,0.026,0.025,0.052,0.209,0.204,0.251,0.161,1961133301351056124,0000,0,220n,AAAB,224,177,331,151,0.483
0.078078,1467931139288592512,196.61258224919774,34.077562119427476,98.93684586282023,82.33834669862227,0.031813441362368536,0.105847925,-0.04926106349425805,0.09158966,-0.05562096070589114,0.12893382,18.20416,984.6518085280879,2.6905253,18.273844,17.95298,0.32086372,2016.0,J130627.02+340439.2,196.6126084,+34.0775619,0.0578,0.0554,0.3,14.641,13.550,10.637,8.406,,,,0.030,0.030,0.082,0.285,,,,1973134801351010936,0000,0,111n,AAAB,55,178,7,181,
0.089017,1473392383480439552,202.09061051938488,35.29403416420515,81.21302054549012,78.65303815899371,-0.007783501373188412,0.073179394,0.13242622200641596,0.08916685,-0.10503791166464194,0.13746981,18.342098,867.1768741251126,1.5795897,18.398354,17.988764,0.40958977,2016.0,J132821.75+351738.5,202.0906407,+35.2940366,0.0434,0.0425,116.3,13.739,12.657,9.987,7.967,17.156,16.045,15.570,0.025,0.024,0.045,0.193,0.190,0.155,0.168,2028134801351040156,0000,0,000n,AAAB,66,133,182,126,0.315
0.118632,1462479352617386112,200.6343072726066,30.53662561346863,61.355441628198186,82.3865779464627,-0.06001365855970076,0.1227949,0.08291573387722467,0.1086776,-0.030841287686002583,0.14759262,18.14378,1040.9615441941478,2.1296365,18.339037,17.798208,0.5408287,2016.0,J132232.23+303211.9,200.6343127,+30.5366582,0.0566,0.0545,177.8,14.690,13.540,10.333,7.912,16.508,15.929,15.574,0.029,0.030,0.061,0.183,0.136,,0.212,2000130201351049446,0000,0,110n,AAAB,283,278,99,252,0.645
0.127032,1467954710069153792,196.49177686304066,34.299176759225745,100.30868142667904,82.1803481198048,-0.1116398888495161,0.18476756,-0.016596868977937322,0.13920571,-0.3294408734887512,0.19202256,18.895777,520.7580104500092,1.246758,19.131529,18.491413,0.64011574,2016.0,J130558.03+341756.9,196.4918169,+34.2991644,0.1245,0.1165,12.2,16.046,14.904,11.246,9.023,,,,0.053,0.061,0.134,0.437,,,,1973134801351011086,0000,0,11nn,AABC,244,429,-44,456,
0.033072,1467955264120918912,196.53483460018165,34.34527659607678,100.2120156193844,82.12364251617682,-0.028860183944309677,0.074338734,0.004756228703870793,0.057843506,-0.06379879996160044,0.08494498,17.272512,2322.4249923573575,4.105284,17.370691,17.014345,0.35634613,2016.0,J130608.35+342043.0,196.5348324,+34.3452856,0.0431,0.0422,131.8,13.447,12.352,9.771,7.361,16.095,15.672,15.398,0.026,0.024,0.039,0.105,0.082,0.122,0.165,1973134801351010889,0000,0,1111,AAAA,80,57,205,212,0.147
0.127827,1473421932855755648,202.00474154299093,35.51443674555015,82.26112886796086,78.55021705216795,0.08565424578272333,0.09865499,0.027994124857783353,0.12946862,-0.20434096323877532,0.20399046,18.936394,501.6363919910443,1.0164627,19.119192,18.646101,0.47309113,2016.0,J132801.14+353052.0,202.0047561,+35.5144702,0.0917,0.0849,14.9,15.757,14.464,11.309,8.762,,,,0.041,0.044,0.137,,,,,2028134801351064492,0000,0,00nn,AABU,298,295,145,321,
0.020158,1467976665941512192,195.86498593857524,34.19086951909481,103.57797841113766,82.48022928682512,0.2759098680430055,0.19437617,-0.056559881667710116,0.13403493,-0.12079771107481296,0.20873573,18.771807,583.7463525141352,1.633249,19.131277,18.210524,0.9207535,2016.0,J130327.59+341127.1,195.8649873,+34.1908640,0.0564,0.0547,178.9,14.828,13.254,9.966,7.817,,,,0.031,0.028,0.059,0.179,,,,1955134801351002556,0000,0,110n,AAAB,396,204,183,202,
0.056240,1473434302361568896,202.02962016535037,35.58777363803892,82.4518025756523,78.48428367132706,-0.10382280140901974,0.05926535,0.0697172091505708,0.08393478,-0.012595693035713491,0.12777896,18.198242,990.034070130822,1.1317401,18.407475,17.725204,0.68227005,2016.0,J132807.10+353516.0,202.0296100,+35.5877869,0.0654,0.0636,3.9,15.100,13.919,10.720,9.125,16.998,16.565,15.958,0.032,0.036,0.078,0.456,0.174,0.257,0.239,2014136301351000053,0000,0,000n,AAAC,0,197,110,207,0.355
0.704665,1462517178392651392,201.11484559868327,30.977900939916005,62.971959561004056,81.82442518435468,0.2699666561096083,0.32906303,-0.12914193569144639,0.3670675,0.19519778124975676,0.44251546,18.357195,855.2026532708735,5.56782,16.205215,14.86063,1.3445854,2016.0,J132427.59+305841.0,201.1149769,+30.9780611,0.0568,0.0422,38.0,12.080,12.180,11.463,8.712,13.490,12.906,12.588,0.029,0.030,0.203,,0.056,0.067,0.050,2017130201351064285,0000,4,nnnn,AABU,15,39,26,42,0.558
0.394053,1462519721013800448,201.2514606174903,31.015255868395784,62.849050574156294,81.70277313769944,0.14485960789398417,0.12892386,0.0023950579342329036,0.13409021,-0.14863742895410906,0.15762877,18.599422,684.1918425385319,1.3023556,18.808353,18.26062,0.5477333,2016.0,J132500.35+310055.3,201.2514852,+31.0153633,0.0844,0.0786,13.4,15.661,14.358,11.092,8.462,,,,0.039,0.040,0.124,,,,,2017130201351061720,0000,0,000n,AABU,217,293,-40,321,
0.081344,1473443334675773056,202.20797671150117,35.79358623217867,82.6701046220148,78.23648780050588,-2.8919988258619984E-4,0.0831617,0.020926781689121515,0.12788971,0.05042899577201246,0.18016814,18.860561,537.9257697780105,1.6422254,19.042572,18.487246,0.55532646,2016.0,J132849.90+354736.8,202.2079532,+35.7935741,0.1121,0.1032,19.1,16.019,14.861,11.478,9.352,,,,0.047,0.056,0.134,,,,,2014136301351000159,0000,0,00nn,AABU,16,378,109,407,
0.074776,1473484158341503872,201.46157229817942,35.89266279185645,85.18790277397318,78.5830593633159,-0.07141385212283675,0.04831454,0.007068789964645611,0.07686789,0.02648532918521237,0.10297559,17.90703,1294.5979997819397,1.2676215,18.057636,17.611525,0.44611168,2016.0,J132550.77+355333.5,201.4615538,+35.8926484,0.0495,0.0485,28.0,14.848,13.242,10.088,8.045,,,,0.029,0.026,0.043,0.150,,,,2014136301351019037,hh00,0,111n,AAAB,216,148,45,153,
0.102929,1468047756240478720,196.99159699435882,34.63050341769254,98.6689225842796,81.70410002502922,-0.03880308081507477,0.17871638,-4.085996875567466E-4,0.13933937,0.08409507791336313,0.19162428,18.76355,588.2023251866437,2.0173965,18.812023,18.465002,0.3470211,2016.0,J130757.98+343749.7,196.9916075,+34.6304762,0.0734,0.0698,14.6,15.052,14.118,11.972,8.551,,,,0.034,0.039,0.257,,,,,1973134801351016088,0000,0,00nn,AABU,213,192,58,207,
0.100176,1462584562136698368,198.59637274694677,29.16718660313578,56.221829766904484,84.54701515733443,-0.054402509624295686,0.087794654,-0.12318600442316052,0.075666755,-0.006648827560112938,0.113777615,17.818712,1404.3064823421603,3.524003,17.971827,17.5089,0.46292686,2016.0,J131423.12+291001.8,198.5963418,+29.1671934,0.0618,0.0596,10.7,14.628,13.464,10.715,7.814,17.181,16.756,15.669,0.031,0.033,0.109,0.186,0.181,0.259,0.165,1988128701351041613,0000,0,111n,AABB,82,156,11,167,0.370
0.066304,1462593839266064256,198.6569282549579,29.31802723563459,57.488706607012126,84.44320495348124,0.2662439005714581,0.20096482,0.07681375991762468,0.17587507,-0.41384903836154596,0.3085407,18.514624,739.7707266038814,2.3380451,17.687159,16.661974,1.0251846,2016.0,J131437.65+291904.9,198.6569130,+29.3180400,0.0592,0.0579,164.6,14.002,14.017,11.883,8.966,15.522,14.821,14.652,0.027,0.041,0.373,,0.084,0.080,0.098,1988128701351059872,0000,0,00nn,AACU,244,123,34,130,0.140
0.025173,1468070609762563712,197.30998987517876,34.75293748551258,97.45624619793867,81.47590153404893,-0.18690517761457492,0.1625847,-0.01510527947613231,0.16317561,-0.21460592201177922,0.20220938,18.437971,793.8869526136255,5.4707246,18.177227,17.188463,0.9887638,2016.0,J130914.39+344510.5,197.3099941,+34.7529314,0.0377,0.0364,141.4,12.967,11.927,8.770,6.101,15.903,15.138,14.389,0.023,0.023,0.024,0.047,0.085,0.083,0.076,1973134801351032054,0000,0,0000,AAAA,131,50,45,53,0.134
0.089597,1473551056751684224,200.5124593014072,35.513885659556095,86.92133894814543,79.37541256027217,0.030701586057177304,0.2585938,-0.1768238547573251,0.3204886,-0.6544561837514271,0.453328,18.57042,702.71468531584,6.403843,16.075708,14.735244,1.3404646,2016.0,J132202.99+353049.9,200.5124826,+35.5138696,0.0396,0.0372,131.4,11.261,11.371,10.697,9.309,13.018,12.577,12.258,0.023,0.022,0.068,0.460,0.050,0.071,0.060,2010134801351061169,0000,1,320n,AAAC,-50,38,66,39,0.310
0.062181,1462631944216325888,197.754670230424,29.1568241916008,59.244258591161234,85.23126323263314,0.16223120346143888,0.15401694,0.1727763915870327,0.12528925,0.3383681197752815,0.2200803,18.77,584.718404712532,3.1012013,18.837055,18.404554,0.43250084,2016.0,J131101.11+290924.5,197.7546641,+29.1568078,0.0592,0.0563,13.1,14.687,13.588,10.867,8.355,,,,0.030,0.032,0.087,0.234,,,,1971128701351049115,0000,0,000n,AAAB,179,157,74,166,
0.109239,1468092045943379328,196.95678340882705,35.02787962253386,100.01449584771575,81.35844943976832,-0.06723030581121299,0.10140188,-0.007331800854970917,0.09065802,3.741988032928542E-4,0.09580206,17.609116,1703.3363834865847,25.74811,17.546335,16.912169,0.6341667,2016.0,J130749.62+350140.2,196.9567804,+35.0278494,0.0372,0.0357,121.9,12.586,11.471,8.916,7.080,15.910,15.123,14.252,0.024,0.021,0.028,0.087,0.080,0.072,0.063,1973134801351043015,0000,0,4400,AAAA,147,42,125,43,0.041
0.056551,1473570671865913984,200.8945621842003,35.69113812801957,86.27242014105191,79.03899472766088,0.009150647252495406,0.10232539,-0.0724253828275627,0.118821345,0.17790060231623492,0.2063203,18.980448,481.689921499147,1.6520046,19.167473,18.623304,0.5441685,2016.0,J132334.69+354128.1,200.8945673,+35.6911533,0.0738,0.0704,7.2,15.399,14.182,11.416,8.776,,,,0.034,0.038,0.126,,,,,2014136301351008211,0000,0,11nn,AABU,50,221,-23,236,
0.271423,1462658087680179584,198.2738213056748,29.61146583412171,61.73023184940508,84.62856985454762,0.1921275144445708,0.17819427,-0.020585040487122983,0.13835613,-0.28949623437355293,0.21869054,18.960735,490.5151033690571,1.8795704,19.166594,18.600721,0.5658722,2016.0,J131305.72+293641.5,198.2738512,+29.6115366,0.1086,0.1000,18.7,15.911,14.530,11.582,8.762,,,,0.048,0.048,0.173,0.371,,,,1982130201351005239,0000,0,00nn,AABC,-592,346,-166,373,
0.094367,1462665238802362368,198.44867455552924,29.70037870069506,61.86214924959537,84.45296601105007,-0.009713369885794907,0.11501612,-0.01876418592876019,0.09731103,0.12214288066150453,0.16683875,18.191204,996.4725465889711,1.6249441,18.356651,17.836264,0.52038765,2016.0,J131347.67+294201.3,198.4486464,+29.7003882,0.0630,0.0594,15.3,15.118,13.698,10.008,7.839,,,,0.033,0.032,0.050,0.144,,,,1982130201351002419,0000,0,011n,AAAB,260,205,90,212,
0.007528,1462669258891697408,198.0920958987482,29.629931246277824,62.67738579451276,84.76134843842043,0.1013856653242177,0.13928072,-0.09273063797216563,0.119730145,-0.14326162028445355,0.18070409,18.524715,732.9264547387904,5.4665737,18.35658,17.517096,0.83948517,2016.0,J131222.10+293747.7,198.0920955,+29.6299292,0.0436,0.0431,106.1,13.482,12.610,10.198,7.849,16.357,15.422,14.449,0.025,0.024,0.056,0.162,0.127,0.132,0.077,1982130201351005092,0000,0,110n,AAAB,107,109,28,98,0.117
0.163845,1468132178117442432,196.59571567307546,35.11768317329246,102.05916803789752,81.39620074716545,-0.04841497776538448,0.13297793,0.058230481700141966,0.13578735,0.09487140893260591,0.18427661,18.829906,553.3301664169153,1.5766522,19.060205,18.477673,0.5825329,2016.0,J130622.97+350703.5,196.5957299,+35.1176392,0.1445,0.1320,19.8,16.186,15.203,11.858,8.769,,,,0.056,0.075,0.241,,,,,1973134801351040645,0000,0,00nn,AABU,20,484,-442,521,
0.088985,1468138951282140672,196.920211427712,35.03177443202148,100.20626007692181,81.367542013969,0.20293868674690896,0.17731234,-0.13277341471613233,0.15046987,-0.2617724015149468,0.18215846,18.798994,569.3100138999602,1.689979,19.065943,18.385386,0.68055725,2016.0,J130740.85+350154.3,196.9202207,+35.0317509,0.0945,0.0884,20.8,15.722,14.388,11.485,8.539,,,,0.042,0.045,0.149,0.284,,,,1973134801351043125,0000,0,02nn,AABB,73,300,-178,320,
0.135978,1462697532660254336,199.2812105550561,29.688758739111773,58.822256667907816,83.79973940042439,0.07387897786644113,0.09900779,0.07657257757495638,0.091482006,0.12195029113223921,0.12236203,18.209934,979.4297120941304,2.1092496,18.447435,17.722322,0.7251129,2016.0,J131707.49+294119.6,199.2812390,+29.6887873,0.0813,0.0770,17.1,15.357,14.087,10.529,8.407,,,,0.039,0.040,0.079,0.285,,,,2000130201351010690,0000,0,111n,AAAB,360,263,255,278,
0.080517,1473663378736835456,201.06230983274426,35.74936366679029,85.93572830281468,78.90561408572718,-0.12088965294038878,0.091484,0.01946883467164522,0.10894268,0.1319386462850969,0.17265636,18.771324,584.0055148397072,4.0946274,18.75027,18.344595,0.4056759,2016.0,J132414.95+354457.6,201.0623106,+35.7493413,0.0623,0.0597,5.0,14.934,13.942,11.211,8.881,17.368,16.302,15.703,0.029,0.034,0.101,0.321,0.236,0.209,0.166,2014136301351008196,0000,0,00nn,AAAB,259,172,182,182,0.278
0.237592,1462733168004978304,199.40776530904535,29.940996623251934,60.52626020372572,83.59795958221483,0.053501832128578945,0.099216506,0.06039854507639387,0.09494225,0.01858723747871473,0.1358282,18.14596,1038.8740016885833,2.7052658,18.351933,17.753366,0.59856606,2016.0,J131737.86+295627.8,199.4077502,+29.9410613,0.0549,0.0529,169.8,14.687,13.312,10.142,8.209,16.870,16.395,15.776,0.029,0.028,0.058,0.262,0.165,0.180,,2000130201351013130,0000,0,110n,AAAB,167,172,212,178,0.583
0.127807,1462750584095932288,199.43322197524475,30.23174503972217,62.7679187930258,83.45257127134856,-0.037366806789964215,0.15221766,-0.0016543326052738338,0.13086008,0.12521217539444607,0.18809448,18.603725,681.4852052123256,5.423824,18.77984,18.234385,0.54545593,2016.0,J131743.96+301354.2,199.4331809,+30.2317467,0.0921,0.0852,19.9,15.672,14.307,10.719,8.085,,,,0.043,0.044,0.084,0.191,,,,2000130201351036858,0000,0,011n,AAAB,132,303,564,323,
0.098451,1462777698225377792,198.4009913757232,29.970899288681366,64.51954204676854,84.36425559795231,-0.08395794618192134,0.089074336,0.006354610153600904,0.081890665,-0.06531393135558941,0.13087444,17.90076,1302.0944102110373,7.7551947,18.03661,17.638235,0.39837456,2016.0,J131336.23+295815.3,198.4009731,+29.9709216,0.0477,0.0457,149.7,14.104,12.860,10.209,7.954,16.801,16.695,15.576,0.026,0.027,0.055,0.173,0.147,0.297,0.177,1982130201351018754,0000,0,000n,AAAB,251,122,172,127,0.622
0.051078,1462789930292250112,198.64648572534938,30.30088642967254,66.30816867816844,84.01609161575678,0.10183428433361813,0.09922092,-0.11814174092153812,0.09476266,0.04518299270012702,0.12812096,18.036924,1148.6213015780056,3.4323328,18.392662,17.453217,0.9394455,2016.0,J131435.15+301803.2,198.6464942,+30.3008986,0.0585,0.0569,16.0,14.890,13.617,10.211,7.591,16.596,16.526,15.737,0.031,0.031,0.055,0.106,0.139,,0.220,1982130201351029311,0000,0,001n,AAAA,51,181,410,186,0.321
0.266283,1462797592513984128,199.06644527437328,30.264461059719718,64.33933223238174,83.71837617991879,-0.2888695993985102,0.32500014,0.45015649497438237,0.3355641,-0.10739232020133291,0.4164305,18.724926,609.5037085303037,4.346646,16.855507,15.565241,1.290266,2016.0,J131615.93+301551.8,199.0663947,+30.2644014,0.0316,0.0312,147.3,11.522,11.196,7.342,5.416,14.158,13.036,12.878,0.022,0.021,0.016,0.033,0.107,0.089,0.077,1982130201351026360,0000,5,3300,AAAA,40,35,72,36,0.467
0.201980,1462804911138215296,198.9852176321748,30.34505622437662,65.29572906481744,83.74078593377442,0.2762275094260897,0.14311028,-0.05499648494181847,0.124418676,-0.17869841350104584,0.16211541,18.522165,734.6502214398101,2.0413365,18.675941,18.10669,0.569252,2016.0,J131556.43+302042.1,198.9851578,+30.3450342,0.0785,0.0728,21.1,15.299,14.285,10.488,7.860,17.453,16.210,15.385,0.037,0.042,0.063,0.177,0.264,,0.160,1982130201351026435,0000,0,110n,AAAB,165,259,-8,269,0.379
0.191276,1462819372292267904,199.0708314162841,30.506838465966997,66.23469375343008,83.59620910762112,0.1505853083205559,0.17996071,-0.014503686976857411,0.14225197,0.022743484260360186,0.19199541,18.917307,510.5327814293786,1.2061003,19.130705,18.562395,0.5683098,2016.0,J131616.98+303024.5,199.0707716,+30.5068256,0.0917,0.0854,14.0,15.714,14.176,10.957,8.999,,,,0.045,0.040,0.114,0.447,,,,1982130201351048995,0000,0,011n,AABC,488,294,-26,317,
0.079002,1468243782845317120,202.84479772493162,31.015734539480295,59.316126480647426,80.4514009802549,-1.924709310945124E-4,0.13431652,0.012972401036736596,0.10684771,-0.009589311692738633,0.19229168,18.80967,563.7403626854671,1.7185646,18.77482,18.420826,0.35399437,2016.0,J133122.74+310056.7,202.8447852,+31.0157537,0.0552,0.0545,5.4,14.530,13.418,10.318,7.629,,,,0.028,0.030,0.060,0.138,,,,2034130201351064907,0000,0,001n,AAAB,29,238,-47,200,
0.145325,1468245393455341696,202.11280584374276,30.459511768584548,57.45123604150725,81.23710559319832,-0.1552710497570377,0.12454034,-0.15885308327887002,0.11947819,0.04529291705137211,0.1613665,18.556938,711.4947083710665,2.6355238,18.511847,18.238207,0.27363968,2016.0,J132827.07+302734.3,202.1127969,+30.4595514,0.0425,0.0408,126.0,13.542,12.432,9.705,7.361,16.575,16.160,15.094,0.024,0.023,0.045,0.127,0.114,0.173,0.110,2017130201351048432,0000,0,1100,AAAB,171,54,89,57,0.361
0.092772,1473805559334085120,198.35472084549852,34.37441059457735,91.20912798606231,81.3545515990484,0.0716842879043952,0.16584884,0.24843285678550223,0.14418077,0.2698989016900927,0.2005079,18.837477,549.4853845553126,1.6903065,18.947422,18.633156,0.3142662,2016.0,J131325.12+342227.8,198.3546903,+34.3744052,0.0596,0.0577,5.6,14.766,13.511,10.920,8.427,,,,0.031,0.030,0.101,0.281,,,,1991134801351013468,0000,0,000n,AAAB,230,161,94,169,
0.207640,1462864765802452992,197.99973271843172,29.866591611123226,65.3626682760437,84.71838540424989,0.029902896465428423,0.0793307,-0.06003600046196318,0.066198856,-0.021450943119092063,0.09502352,17.71705,1542.1483882270975,1.7079173,17.94286,17.32916,0.61369896,2016.0,J131159.93+295159.5,197.9997380,+29.8665341,0.0484,0.0474,177.1,14.507,13.052,9.753,7.456,,,,0.029,0.025,0.041,0.111,,,,1982130201351015910,0000,0,0011,AAAB,125,158,58,160,
0.116373,1473813182899598976,198.3959147321143,34.50023511427082,91.49368952619827,81.23154538568856,-0.3234960953367691,0.1929126,0.022458524462180947,0.18147385,-0.013342906470414521,0.21021938,18.957418,492.0163862214079,1.6443002,19.230047,18.441595,0.78845215,2016.0,J131335.02+343000.9,198.3959180,+34.5002673,0.1010,0.0920,29.3,15.592,14.347,11.065,8.355,,,,0.049,0.044,0.126,0.291,,,,1991134801351013488,0000,0,11nn,AABB,86,275,775,293,
0.137101,1468274431731335040,202.20953118770353,30.9055417117205,59.94806449751552,80.99778286287912,0.04668980089609157,0.11689335,-0.06304772037856236,0.09667886,0.09852988108603732,0.1519894,18.53198,728.0386357954166,4.6643248,18.39778,17.855488,0.54229164,2016.0,J132850.29+305420.0,202.2095653,+30.9055661,0.0521,0.0509,173.1,14.388,13.389,10.391,7.339,17.211,16.469,15.787,0.028,0.028,0.071,0.126,0.191,0.224,0.186,2017130201351056429,0000,0,0111,AAAB,243,88,31,95,0.469
0.230043,1468277966487653120,202.11658676178942,30.937461505212667,60.334107782643386,81.0590388746597,-0.1400550546211463,0.11278296,0.09547318112403455,0.10380956,-0.06962708612286787,0.15749608,18.449211,785.710588108937,0.9891901,18.653444,18.077171,0.57627296,2016.0,J132827.98+305615.0,202.1165884,+30.9375254,0.0751,0.0714,7.5,15.404,14.140,10.996,9.214,,,,0.036,0.037,0.115,0.520,,,,2017130201351056480,0000,0,000n,AABC,-244,268,396,281,
0.168484,1468289309498103808,202.60092869554643,30.96255349592433,59.48535939167807,80.66532580489284,0.18840974432329316,0.12011222,-0.03616716291557032,0.10372112,-0.003662870183047267,0.18936135,18.660345,646.857264736712,1.3821182,18.823591,18.312588,0.5110035,2016.0,J133024.22+305745.3,202.6009555,+30.9625943,0.0788,0.0735,2.6,15.449,14.084,11.274,8.977,,,,0.037,0.039,0.145,0.461,,,,2017130201351053858,0000,0,00nn,AABC,179,249,209,265,
0.037350,1462920802239345152,197.12364718326546,30.094165762273487,72.32708804114696,85.22477303501302,0.04954024221250244,0.046202347,0.010764055916095302,0.034384172,-0.047796992567967274,0.059654206,16.694715,3954.217436273782,4.615877,16.859964,16.362698,0.49726677,2016.0,J130829.67+300538.9,197.1236590,+30.0941641,0.0366,0.0343,121.1,12.760,11.548,9.010,6.695,15.282,15.170,14.275,0.023,0.020,0.028,0.067,0.045,0.077,0.065,1965130201351024083,0000,0,1110,AAAA,122,43,181,45,0.026
0.193398,1468310372017697536,202.45661648108418,31.170989855827184,60.96725371640403,80.69942807911826,-0.08745318084560898,0.07806046,0.08600926890211512,0.06316107,0.09664405906442,0.11178905,17.91099,1289.884602488851,3.221361,18.079853,17.587046,0.4928074,2016.0,J132949.59+311015.7,202.4566402,+31.1710396,0.0519,0.0510,153.2,14.490,13.215,10.341,7.848,,,,0.028,0.027,0.059,0.165,,,,2029131801351008412,0000,0,110n,AAAB,140,208,88,191,
0.007230,1473868094057909504,198.69059757673466,35.14846401532087,92.50703768716922,80.55846330936585,-0.3342848894704728,0.6038236,0.6742423575401497,0.8404565,1.1414083199350766,0.80230516,18.595554,686.6340301854964,5.2456794,16.104233,14.755284,1.3489485,2016.0,J131445.74+350854.4,198.6905988,+35.1484623,0.0394,0.0364,121.3,11.600,11.664,11.088,9.029,13.448,12.734,12.321,0.023,0.020,0.167,,0.071,0.072,0.050,1991134801351044220,0000,5,00nn,AABU,36,41,-74,42,0.141
0.060021,1462925990560243712,197.2606641440795,30.194447178858763,72.41926741808031,85.0697414613118,0.0837614687299137,0.1532856,-0.0199319741972121,0.11646424,-0.13386554145929908,0.19601363,18.808987,564.0951018479784,2.0536048,18.947155,18.442963,0.50419235,2016.0,J130902.56+301139.9,197.2606733,+30.1944325,0.0662,0.0632,2.8,15.154,13.836,10.851,8.551,,,,0.032,0.034,0.082,0.255,,,,1965130201351026481,0000,0,001n,AAAB,226,196,159,210,
0.099078,1468316586833351680,203.3233013862678,30.820264921555907,57.37936212536386,80.13497025189199,0.05431739569457694,0.069137394,-0.09285789686469825,0.05829844,0.13886309772440275,0.09403774,17.666443,1615.73423373404,2.88596,17.966665,17.22582,0.7408447,2016.0,J133317.59+304912.8,203.3233140,+30.8202396,0.0545,0.0522,173.1,14.588,13.223,10.139,8.285,16.990,16.182,15.439,0.030,0.028,0.052,0.229,0.161,0.182,0.131,2034130201351059543,0000,0,111n,AAAB,414,158,325,164,0.418
0.281421,1462931492414315264,197.56667387360102,30.07134121121457,69.49673561596401,84.9272416315942,0.06348932852303105,0.0882145,0.028983743041596597,0.07520292,0.14346228534430858,0.114281096,17.7764,1460.1148870976047,3.3810663,17.88884,17.463524,0.42531586,2016.0,J131016.00+300417.0,197.5667082,+30.0714135,0.0539,0.0519,165.0,14.700,13.508,10.592,8.262,,,,0.028,0.029,0.073,0.198,,,,1982130201351013353,0000,0,000n,AAAB,55,149,-96,158,
0.153517,1462931939090915072,197.5964656390249,30.09276258559659,69.53232649751195,84.89387297614608,-0.29247670493909833,0.52076894,0.22485812725914955,0.43180755,-0.6469121628159622,0.6159195,18.85411,541.1307540697219,5.2576203,16.992374,15.710932,1.2814426,2016.0,J131023.15+300534.0,197.5964770,+30.0928041,0.0449,0.0425,130.3,12.971,12.961,12.137,8.829,14.374,13.773,13.432,0.023,0.025,,,0.040,0.043,0.043,1982130201351013307,0000,1,00nn,AAUU,-91,58,139,61,0.119
0.091908,1468320847440924416,203.21390889740397,30.882081106362982,57.90528901495706,80.2026247782266,-0.007288601653902261,0.11019913,-0.04247033488821793,0.09072534,0.0661554916460139,0.14599495,18.471336,769.8609244954077,1.7495971,18.652393,18.05665,0.5957432,2016.0,J133251.33+305255.5,203.2138944,+30.8821034,0.0658,0.0635,175.2,15.093,13.735,10.470,8.376,16.775,16.351,15.953,0.033,0.032,0.078,0.264,0.157,0.227,0.218,2034130201351062266,0000,0,011n,AAAB,412,209,393,217,0.441
0.110595,1462939566952835584,197.56190432994444,30.29896549321577,71.59686335629428,84.7988638277455,0.09076880513078825,0.15305199,-0.08874557824045959,0.12723953,0.12470670258033861,0.19965321,18.627342,666.8224102503499,1.6304432,19.066704,17.967428,1.0992756,2016.0,J131014.86+301756.2,197.5619379,+30.2989554,0.0627,0.0596,9.2,14.965,13.873,10.547,8.220,,,,0.031,0.035,0.060,0.186,,,,1982130201351036805,0000,0,111n,AAAB,-39,188,132,200,
0.291644,1473917159764250752,198.26129801575527,35.275610661919494,94.73860197338185,80.63795200416371,0.08537042844623824,0.12832755,-0.2091894618149075,0.15572385,-0.09908366056811924,0.20456919,18.871016,532.7713639170606,0.99328285,19.108139,18.470463,0.63767624,2016.0,J131302.72+351632.4,198.2613505,+35.2756794,0.0829,0.0776,13.1,15.439,14.066,10.882,8.635,,,,0.040,0.039,0.117,,,,,1973134801351051305,0000,0,000n,AABU,256,262,365,278,
0.458600,1462981863790955648,198.42778850725034,30.377569309200172,67.89614735116278,84.13714688413066,-0.11069688793614635,0.18051259,-0.2768748927991155,0.17836587,0.0809182458404172,0.2323955,18.90581,515.9686596900519,1.7773892,19.12346,18.491251,0.6322098,2016.0,J131342.67+302239.6,198.4278286,+30.3776919,0.0536,0.0527,11.5,14.365,13.429,10.811,8.709,,,,0.028,0.029,0.078,0.291,,,,1982130201351031785,dd00,0,210n,AAAB,289,137,-209,135,
0.029612,1468365893057696384,203.6909337760977,31.43752559109663,60.03858128154909,79.62325220720894,0.1428783427938607,0.12100463,-0.014421111162545476,0.11054407,-0.27709847648806607,0.17578357,18.729452,606.9676661447758,2.0470984,19.021479,18.248177,0.7733021,2016.0,J133445.82+312615.0,203.6909289,+31.4375185,0.0574,0.0553,170.4,14.683,13.314,10.500,7.906,,,,0.031,0.029,0.075,0.180,,,,2029131801351024890,0000,0,110n,AAAB,344,157,-98,168,
0.073215,1468366034794764800,203.70720054825068,31.47334717606849,60.19426488656243,79.59703322656308,-0.09423815209904111,0.08009119,0.022103822833071274,0.071266785,0.09521303282662366,0.12169444,18.095808,1087.9856357020399,4.3410587,18.318007,17.70923,0.6087761,2016.0,J133449.72+312824.1,203.7072003,+31.4733675,0.0650,0.0623,4.1,14.914,13.658,10.634,8.294,,,,0.032,0.032,0.089,0.283,,,,2029131801351024906,0000,0,000n,AAAB,167,197,183,208,
0.071617,1468372043451351296,203.34141699046612,31.378424560700417,60.360571568450105,79.92193407784343,0.22591256591071673,0.13285305,-0.10149827442087161,0.12244317,0.14745815675803647,0.17399104,18.832523,551.9977940182704,2.7753074,18.968956,18.462782,0.5061741,2016.0,J133321.93+312242.3,203.3413972,+31.3784350,0.0633,0.0608,9.7,14.871,13.643,10.969,8.274,,,,0.032,0.032,0.119,0.264,,,,2029131801351021940,0000,0,000n,AABB,302,173,29,185,
0.061929,1468381080062111488,203.48492828838823,31.565394684603838,61.07165131881995,79.73706782160725,0.12465097623383165,0.09162113,-0.06261919559338344,0.07666148,-0.09336372670758132,0.14018445,18.139406,1045.163222287824,3.4028924,18.251276,17.75991,0.49136543,2016.0,J133356.38+313355.4,203.4849248,+31.5654116,0.0427,0.0406,139.2,13.664,12.624,9.994,7.463,17.010,16.439,15.834,0.023,0.023,0.049,0.133,0.175,0.247,0.198,2029131801351022058,hh00,0,2100,AAAB,137,148,93,120,0.640
0.040097,1473958185291545088,199.0547109930987,35.32196379760629,91.60992256681061,80.24831854280643,-0.19416057740825193,0.12997307,-0.051864112224186576,0.1645758,-0.00560844265096808,0.19164284,18.908527,514.6786167334441,2.5549822,18.933737,18.556461,0.37727547,2016.0,J131613.13+351919.1,199.0547096,+35.3219749,0.0536,0.0523,170.0,14.397,13.375,10.976,8.263,,,,0.027,0.029,0.105,0.195,,,,1991134801351060739,0000,0,111n,AAAB,242,133,52,136,
0.921091,1473966603427417856,198.72253203797388,35.31962808356006,92.94246393922467,80.40101073859962,-0.035894355092401006,0.1303772,0.050346298630260175,0.165249,0.08599236814624345,0.21974932,18.970758,486.0075884176583,1.1194474,19.230982,18.458775,0.77220726,2016.0,J131453.42+351911.5,198.7226120,+35.3198755,0.0690,0.0668,11.8,14.983,14.038,10.869,8.848,,,,0.031,0.038,0.089,0.414,,,,1991134801351063543,0000,0,000n,AAAC,315,209,66,219,
0.144077,1468404861299012992,202.75290109385324,31.362421740794876,61.42131679320204,80.39084950995088,-0.015769276120487306,0.1121382,0.07345818659485254,0.08659965,0.04864180480032001,0.15360627,18.492472,755.0196085409432,1.5030888,18.55364,18.177065,0.37657547,2016.0,J133100.70+312144.8,202.7529196,+31.3624585,0.0520,0.0506,157.4,14.423,13.271,10.199,7.554,,,,0.028,0.028,0.060,0.148,,,,2029131801351016658,0000,0,0000,AAAB,264,371,177,243,
0.116567,1468407988032129920,202.52720224399917,31.38807995163182,62.036619173791024,80.55644241012737,0.3065544457636568,0.567941,0.23105713361628946,0.42192528,-0.6592772412196457,0.73900706,18.56695,704.9639642306109,4.002983,16.119013,14.885894,1.233119,2016.0,J133006.53+312317.1,202.5272326,+31.3880993,0.0386,0.0363,132.5,11.472,11.543,10.927,9.109,13.364,12.709,12.418,0.023,0.021,0.100,0.536,0.055,0.066,0.055,2029131801351016631,0000,5,100n,AAAC,228,38,98,38,0.191
0.129786,1468411660229741952,202.91628502577828,31.46602884671787,61.65162930825601,80.22151904707745,0.0649308631165789,0.13094766,0.06797616872020784,0.10171506,-0.2419006787181838,0.1795969,18.660006,647.0601054124866,0.9833505,18.885324,18.306976,0.57834816,2016.0,J133139.90+312757.8,202.9162585,+31.4660569,0.0810,0.0757,6.5,15.311,14.530,11.349,8.546,,,,0.035,0.048,0.143,0.318,,,,2029131801351019373,0000,0,00nn,AABB,160,258,737,278,
0.073331,1463073153319517696,198.22788989487503,30.771716881387807,72.00489557367133,84.05658979276986,-0.038286509790498906,0.115093775,0.03669817924023129,0.101827346,-0.04737975028670285,0.15712161,18.237358,955.0010743792885,4.325324,18.318981,17.975834,0.34314728,2016.0,J131254.69+304618.2,198.2278751,+30.7717328,0.0579,0.0556,173.7,14.757,13.640,10.746,8.270,,,,0.029,0.031,0.076,0.208,,,,1982130201351056429,0000,0,110n,AAAB,307,164,167,173,
0.067621,1463073982249496960,198.3852390086598,30.795499821791363,71.42634590753492,83.93339777824691,-0.08864736043055682,0.18980803,-0.08211812138631128,0.16574802,-0.10684335190481213,0.24281487,18.9603,490.7117129754917,1.0777318,19.042843,18.697296,0.34554672,2016.0,J131332.46+304743.8,198.3852500,+30.7955161,0.0567,0.0549,176.7,14.897,13.479,10.576,8.567,,,,0.030,0.029,0.067,0.237,,,,1982130201351056425,0000,0,000n,AAAB,180,159,129,166,
0.269040,1474018654134805504,198.57591280156907,35.45339213568299,93.97540117024148,80.35237899639013,0.10612292668953799,0.08035803,-0.017708621079014508,0.117088415,-0.1431976698020775,0.1408664,18.399607,822.4394801738662,1.1768591,18.645454,17.931631,0.7138233,2016.0,J131418.20+352712.4,198.5758548,+35.4534500,0.0651,0.0628,15.4,14.953,13.715,10.560,8.165,16.700,15.937,15.553,0.033,0.033,0.079,0.240,0.137,0.159,0.193,1991134801351066226,0000,0,000n,AAAB,140,208,134,213,0.542
0.140593,1468450727251879552,203.1425097903565,31.871972929714588,63.325604519735165,79.87768301819618,-0.10364210398039596,0.11592232,-0.09636008560788596,0.09080097,0.20034036956843604,0.1553622,18.384867,833.6812965366965,4.618574,18.366339,18.074772,0.29156685,2016.0,J133234.19+315219.1,203.1424638,+31.8719730,0.0429,0.0420,112.2,13.811,12.642,9.717,7.195,17.247,16.399,15.355,0.025,0.024,0.040,0.093,0.226,0.225,0.131,2029131801351030168,0000,0,1111,AAAA,214,59,208,62,0.270
0.224243,1468480173547931648,201.65661998046966,31.154535719374586,62.68225172467449,81.329693599362,-0.010377119769351916,0.10411703,0.03212694990338073,0.11655407,-0.07342711228048146,0.14487292,18.34606,864.0185441567409,3.4668431,18.47295,18.06186,0.41109085,2016.0,J132637.59+310916.5,201.6566379,+31.1545961,0.0665,0.0643,18.2,15.217,13.798,10.803,8.280,,,,0.034,0.033,0.098,0.235,,,,2011131801351002857,0000,0,110n,AAAB,247,300,170,270,
0.142871,1463121119514084096,199.82281945093584,30.36911330596114,62.53805101034383,83.09022712489796,-0.03201189766546188,0.08630335,0.10160354224167512,0.0887298,-0.1567985255817908,0.12506284,17.946577,1248.290933218656,3.1039371,18.041342,17.674574,0.36676788,2016.0,J131917.47+302208.6,199.8228058,+30.3690754,0.0597,0.0561,6.8,14.720,13.372,10.302,7.730,,,,0.032,0.029,0.070,0.158,,,,2000130201351031516,0000,0,000n,AAAB,144,179,395,186,
0.144436,1463149122700870272,200.0375890562959,30.575247019945188,63.36549629726813,82.83239487783162,-0.11889778548996625,0.08339136,-0.06357197656634962,0.08051729,-0.10705247164836901,0.10056363,17.87947,1327.8797577552727,2.6867306,18.04181,17.53268,0.5091286,2016.0,J132009.03+303430.9,200.0376332,+30.5752599,0.0619,0.0594,172.9,14.631,13.497,11.099,8.931,,,,0.030,0.033,0.136,0.486,,,,2000130201351044407,0000,0,00nn,AABC,87,159,107,170,
0.169725,1463172491619312512,200.15001848986458,30.90369219511306,65.29770544671416,82.59329488436799,-0.08499286418513083,0.13288768,-0.05252975252542435,0.11759595,0.09308220217106068,0.15393381,18.16414,1021.621884186876,10.963174,18.139027,17.662298,0.47672844,2016.0,J132036.00+305413.4,200.1500360,+30.9037369,0.0455,0.0444,113.5,13.671,12.703,10.353,7.586,16.807,15.769,15.278,0.025,0.025,0.066,0.123,0.129,0.106,0.145,2000130201351057035,0000,0,1111,AAAB,91,99,104,96,0.062
0.110641,1463175858873673216,200.0910761900693,30.948907490656996,65.79563253239529,82.61550105258374,0.21909003167182028,0.3803549,0.29560263535130854,0.4186524,0.20519059314463406,0.5042004,18.772686,583.2738668895295,4.097398,17.13418,15.867874,1.2663059,2016.0,J132021.86+305656.1,200.0910909,+30.9489355,0.0471,0.0455,120.3,12.956,12.954,12.088,8.602,14.657,13.924,13.545,0.025,0.027,0.340,,0.054,0.071,0.049,2000130201351057027,0000,5,11nn,AABU,137,64,-14,67,0.169
0.143806,1468554528021416320,201.57360876296232,31.538453584199214,65.15349095610327,81.22050051359544,0.04306853504357242,0.15610188,-0.052238037808727766,0.1558306,-0.05332701160862315,0.2097005,18.753841,593.4858389820301,1.4911175,18.899956,18.371027,0.52892876,2016.0,J132617.67+313218.5,201.5736374,+31.5384852,0.0603,0.0586,175.3,14.803,13.805,11.110,8.785,,,,0.030,0.032,0.115,0.358,,,,2011131801351021654,0000,0,00nn,AABC,19,165,109,175,
0.074165,1468558067074484096,201.34793361399133,31.606256051743966,66.15262062473879,81.35713428620771,0.06534183738223055,0.12604058,0.0879420203514227,0.12876178,0.2933766852328837,0.17031609,18.58971,690.3390335698937,1.3055536,18.76974,18.240715,0.5290241,2016.0,J132523.50+313622.5,201.3479540,+31.6062671,0.0905,0.0840,16.0,15.674,14.485,10.998,8.127,,,,0.040,0.046,0.103,0.201,,,,2011131801351019065,0000,0,001n,AAAB,216,310,45,333,
0.146350,1468561576064879488,201.8446627620921,31.512243400923957,64.31231167075806,81.02755706313468,0.11657371691998494,0.18192689,0.062327439759465156,0.16843013,0.337448815852675,0.23102967,18.589207,690.6596108288778,1.748174,17.916227,16.918617,0.9976101,2016.0,J132722.72+313044.2,201.8446828,+31.5122803,0.0564,0.0556,5.3,14.226,14.044,11.801,8.365,15.756,15.230,14.619,0.027,0.037,0.208,,0.074,0.092,0.080,2011131801351024264,0000,0,11nn,AABU,63,110,90,117,0.205
0.138767,1468568340636803456,201.77940385829604,31.64406313607469,65.22614396582375,81.01615566878279,0.22798184544274386,0.1693785,-0.0038005545934737075,0.1566435,-0.2270851718935628,0.20248269,18.946445,497.01359867602815,1.0290595,19.168589,18.59275,0.5758381,2016.0,J132707.06+313838.6,201.7794490,+31.6440663,0.1044,0.0968,14.6,15.785,14.959,11.474,8.710,,,,0.043,0.058,0.167,,,,,2011131801351024401,0000,0,11nn,AABU,93,384,-59,419,
0.158670,1463220419157929728,199.66731270803263,30.96461941338845,67.35707609584868,82.92159591990387,-0.2960118491251816,0.18416283,-0.02660334595719913,0.15693252,0.09241139962260021,0.22295307,18.972792,485.0989859404319,2.768674,18.90107,18.369396,0.53167343,2016.0,J131840.16+305752.7,199.6673365,+30.9646585,0.0499,0.0483,174.5,13.919,13.025,10.373,8.384,17.442,16.406,15.732,0.027,0.027,0.078,0.289,0.240,0.195,0.218,2000130201351059709,0000,0,011n,AAAB,68,115,-87,119,0.563
1.441837,1474168565673682560,197.35145140203701,35.646689843430615,99.83936062560788,80.66143398617142,0.013220521233519224,0.10423425,0.020886561914572353,0.14814265,-0.06807632438326705,0.20329733,18.96725,487.5803426385547,1.3829458,19.138199,18.60765,0.5305481,2016.0,J130924.25+353848.9,197.3510511,+35.6469235,0.0971,0.0903,17.5,15.567,14.577,11.437,8.512,,,,0.040,0.053,0.147,0.303,,,,1977136301351008071,0000,0,01nn,AABB,-313,299,420,320,
0.189915,1463239561828559488,199.75437841650307,31.120456651230416,68.11204230465397,82.7766179709019,0.22073532073615265,0.3944802,0.058499142695766046,0.3935481,-0.23762949330580735,0.47074637,18.731035,606.0835869760864,5.559676,17.250422,15.903327,1.3470945,2016.0,J131901.05+310713.8,199.7544041,+31.1205046,0.0550,0.0525,84.9,13.235,13.214,11.994,8.397,14.705,14.024,13.719,0.027,0.030,,,0.067,0.059,0.055,1994131801351002643,0000,0,11nn,AAUU,38,75,-40,81,0.125
0.320160,1468594488397283840,201.85631169672433,32.01990288359205,67.10855560437135,80.77771860705792,-0.12265348208517753,0.15816174,0.07138424677614123,0.12622982,0.03838101889755538,0.19407853,18.97788,482.8303561195691,4.100297,19.019758,18.683971,0.33578682,2016.0,J132725.53+320111.5,201.8564152,+32.0198882,0.0617,0.0599,179.7,14.900,13.822,11.153,9.098,,,,0.031,0.033,0.120,0.510,,,,2011131801351050784,0000,0,000n,AABC,287,173,-99,187,
0.075947,1468604972414910720,202.66475765783332,31.628953113231145,63.057596821411096,80.34883588290458,-0.17699715187001594,0.09311345,0.025151327928575776,0.08018693,-0.04411740390020062,0.13537519,18.256163,938.6025519776151,2.048545,18.359188,18.041304,0.31788445,2016.0,J133039.53+313744.2,202.6647377,+31.6289656,0.0494,0.0486,148.9,14.449,12.971,10.065,7.736,,,,0.028,0.025,0.052,0.198,,,,2029131801351016654,0000,0,000n,AAAB,225,85,192,90,
0.215696,1468619811524808192,202.2342108192921,31.804081376020548,64.98869459473413,80.59923409370768,0.11768212378889409,0.13617092,0.062492633750452824,0.08877052,-0.23231486761347203,0.16696356,18.598103,685.0237178667911,2.1189935,18.832407,18.206005,0.6264019,2016.0,J132856.19+314814.5,202.2341599,+31.8040399,0.0814,0.0769,12.9,15.543,14.205,11.084,8.345,,,,0.038,0.039,0.121,0.260,,,,2029131801351038271,0000,0,00nn,AABB,387,278,1,290,
0.120621,1463300103688259712,200.9283342703327,31.515483021759866,66.81128488624702,81.71304663543792,-0.17081096068630877,0.44288334,-0.40676702995445707,0.60788393,0.13596562066471085,0.5833042,18.59212,688.8099463288032,6.4231086,16.579576,15.277155,1.3024216,2016.0,J132342.80+313055.7,200.9283713,+31.5154942,0.0404,0.0382,107.7,12.171,12.245,11.523,8.873,13.935,13.267,13.005,0.023,0.022,0.175,,0.078,0.086,0.065,2011131801351016157,0000,5,11nn,AABU,26,48,8,48,0.171
0.074567,1463300477348452224,200.57743498089573,31.244318801495012,66.192483775202,82.10763024317839,0.15664981559725538,0.16330068,0.004245443690571978,0.16607215,0.08551882405923927,0.20214245,18.784445,576.9909140641373,2.5783222,18.97152,18.45099,0.5205288,2016.0,J132218.58+311439.6,200.5774310,+31.2443392,0.0718,0.0682,6.8,15.145,13.908,11.361,8.771,,,,0.033,0.036,0.164,0.368,,,,2011131801351010830,d000,0,01nn,AABC,142,211,85,222,
0.097980,1468626928288109312,202.4316709872002,31.893533917437278,65.0024315666966,80.40915417468979,0.07690395069706538,0.13383083,-0.009023909835193748,0.11376902,0.11209660894647466,0.18297212,18.223408,967.350259240863,4.149552,17.557743,16.361593,1.1961498,2016.0,J132943.60+315336.8,202.4316813,+31.8935597,0.0415,0.0397,118.1,12.956,12.322,9.469,7.198,15.177,14.392,13.959,0.024,0.023,0.040,0.099,0.061,0.063,0.058,2029131801351035566,0000,4,0000,AAAA,55,48,156,49,0.043
0.513056,1474225912076573056,198.36429434604986,35.7735768662203,95.82108539184937,80.16631379067819,0.013600955288603125,0.05998505,-0.06536156468824106,0.095047586,-0.11986925851770874,0.12505884,18.188622,998.8455519191939,2.421163,18.324879,17.89418,0.4306984,2016.0,J131327.39+354624.6,198.3641434,+35.7735040,0.0575,0.0559,11.1,14.698,13.473,10.456,8.041,,,,0.031,0.030,0.064,0.218,,,,1977136301351000037,0000,0,000n,AAAB,-24,174,79,178,
0.218532,1474235601522827904,198.40910698557752,35.996799009943366,96.28081923398194,79.9545357762114,0.08073762255581891,0.06762991,-0.0028267355337769063,0.09722956,-0.025561754871750077,0.12193222,18.264025,931.8303963423056,2.3684812,18.39239,17.958147,0.43424225,2016.0,J131338.20+355948.5,198.4091733,+35.9968275,0.0842,0.0784,10.7,15.524,14.172,10.823,8.627,,,,0.039,0.040,0.103,0.346,,,,1977136301351024459,0000,0,001n,AAAB,409,268,410,290,
0.099211,1463329893581369088,200.3282093721642,31.38803478885747,67.89175285505814,82.21857448942846,-0.1402276691737066,0.401274,0.04252180177760659,0.42208058,-0.903533917399116,0.51463085,17.97506,1215.9706106118517,10.597887,15.596835,14.353578,1.2432575,2016.0,J132118.77+312316.9,200.3282343,+31.3880523,0.0406,0.0375,117.2,11.179,11.236,10.268,9.019,12.884,12.344,12.032,0.024,0.022,0.074,0.538,0.047,0.067,0.060,2011131801351013532,0000,5,000n,AAAC,-54,43,-10,44,0.304
0.127435,1474243645998244352,198.14036732653327,35.956055686752535,97.26487092373324,80.09562036660549,0.09184024281013492,0.12786919,-0.038206358741367165,0.19498985,-0.20713254775991552,0.22842647,18.986427,479.04469050711634,1.2811459,19.243008,18.52907,0.71393776,2016.0,J131233.69+355721.7,198.1404101,+35.9560482,0.0886,0.0832,11.8,15.530,14.130,11.302,8.380,,,,0.042,0.041,0.151,,,,,1977136301351021789,0000,0,01nn,AABU,26,278,247,299,
0.040008,1463338002479592832,199.9902828586236,31.340575667274713,68.73162569995658,82.4888103834599,0.4296003868789979,0.39699814,-0.6674262182089965,0.44426683,-0.5368753425575916,0.48637143,18.918549,509.94931170728626,4.888998,17.907356,16.605927,1.3014297,2016.0,J131957.67+312026.0,199.9902945,+31.3405706,0.0578,0.0555,169.4,13.914,13.727,11.909,8.504,15.386,14.649,14.211,0.027,0.035,,,0.063,0.059,0.064,1994131801351024116,0000,0,11nn,AAUU,195,114,195,122,0.105
0.145170,1468679464327621632,202.25539552826743,32.04385128955058,66.22425406421067,80.4706531103174,0.02074144453137975,0.11792208,0.11963306012789425,0.08951849,-0.07542658288939783,0.16236515,18.517693,737.6822768372652,1.4483378,18.690582,18.08774,0.60284233,2016.0,J132901.28+320237.9,202.2553554,+32.0438729,0.0835,0.0774,18.6,15.610,14.334,10.881,8.584,,,,0.039,0.040,0.097,0.330,,,,2029131801351040856,0000,0,001n,AAAB,137,302,19,309,
0.112799,1468690283347877248,201.98902352731122,32.11404222338979,67.2687766915187,80.63335546328281,0.03971578393967118,0.17900993,-0.13873879010369805,0.12090287,-0.32021694392920025,0.21510711,18.90768,515.0796286143453,1.5436218,19.403042,18.192566,1.2104759,2016.0,J132757.36+320650.6,201.9890306,+32.1140730,0.0585,0.0557,8.2,14.899,13.655,10.007,7.768,16.869,15.946,15.600,0.031,0.031,0.052,0.157,0.143,0.138,0.154,2011131801351050778,0000,0,000n,AAAB,107,326,26,267,0.347
0.129502,1468697292734420224,202.06909665644895,32.23923646721258,67.72361270069356,80.5120419700804,0.07524524346234324,0.16009215,0.01080824379008666,0.121608414,-0.04854416229898262,0.19418122,18.955902,492.70377428297974,2.1018913,19.054184,18.776339,0.27784538,2016.0,J132816.58+321421.3,202.0691220,+32.2392654,0.0685,0.0644,12.9,15.443,13.911,10.728,8.815,,,,0.034,0.033,0.092,0.428,,,,2029131801351040790,0h00,0,011n,AAAC,217,240,454,251,
0.120781,1463379882704118784,200.35951514445466,31.770522652565493,70.13869386999231,81.991024158094,0.05954109221202375,0.15475044,0.09346123476136398,0.15105933,-0.03892684123788051,0.18344095,18.656006,649.448507835085,2.8413472,18.809925,18.290531,0.5193939,2016.0,J132126.29+314613.8,200.3595535,+31.7705146,0.0748,0.0701,5.2,15.094,13.798,10.905,8.380,,,,0.035,0.036,0.127,0.326,,,,2011131801351037674,0000,0,000n,AABB,329,232,298,248,
0.246889,1463405961745041792,199.15653639520457,31.209522133239464,71.01989521310414,83.15468166263777,0.20843118507364738,0.13640574,-0.04439950259643081,0.116390884,-0.04533952673303678,0.16831738,18.533192,727.2266329528056,1.7910422,18.68199,18.169847,0.5121422,2016.0,J131637.57+311234.5,199.1565557,+31.2095887,0.0939,0.0882,10.5,15.554,14.651,11.455,8.722,,,,0.040,0.051,0.147,0.325,,,,1994131801351008316,0000,0,00nn,AABB,86,304,-173,326,
0.037367,1463408817899912960,198.92768533178617,31.024723157091792,70.68247185465131,83.42110494308682,-0.12182790853065986,0.11915166,-0.02533139005380329,0.1059849,-0.02858976495696632,0.14789218,18.417847,808.7380854862025,1.3356496,18.605528,18.080597,0.52493095,2016.0,J131542.64+310129.0,198.9276904,+31.0247326,0.0598,0.0573,7.8,14.995,13.621,10.503,7.992,,,,0.033,0.030,0.056,0.182,,,,1982130201351051342,0000,0,110n,AAAB,138,176,9,183,
0.128296,1468743231704419712,203.91629044175602,31.610552357387856,60.52473982397943,79.3803639027595,0.05154438835519926,0.089368135,-0.07313674269553472,0.079109855,-0.05059078456568843,0.13512166,18.227499,963.7112967325875,1.4103714,18.37384,17.757473,0.61636734,2016.0,J133539.91+313638.1,203.9162993,+31.6105872,0.0456,0.0445,115.3,13.858,12.710,10.093,7.543,17.099,16.238,16.010,0.025,0.025,0.054,0.133,0.205,0.231,0.255,2047131801351013243,0000,0,110n,AAAB,145,123,165,125,0.446
0.132778,1463433969228460800,199.4527545745954,31.328324530157868,70.63586254100078,82.87892846000882,-0.05597023629193781,0.0992421,-0.09157413515033777,0.102009594,-0.03342497751574861,0.13041677,18.147427,1037.4704476921584,2.113417,18.337109,17.805624,0.5314846,2016.0,J131748.66+311942.0,199.4527814,+31.3283534,0.0873,0.0827,15.2,15.470,14.232,10.879,8.446,,,,0.040,0.043,0.096,0.258,,,,1994131801351005518,0000,0,000n,AAAB,214,281,125,296,
0.347480,1468765294953966592,203.97313075607912,31.85572694402325,61.64376704628495,79.24118799347266,0.040282447106666605,0.12455846,-0.01856452215751983,0.11401436,0.23225150812651713,0.1562824,18.633791,662.873155218757,1.4587241,18.851845,18.23864,0.61320496,2016.0,J133553.57+315120.7,203.9732279,+31.8557771,0.1001,0.0922,17.5,15.608,14.424,11.637,8.782,,,,0.043,0.050,0.193,0.337,,,,2047131801351037752,0000,0,11nn,AABB,583,310,191,334,
0.179553,1474375617456962432,199.86825813647775,35.963618387649646,90.65281771015658,79.3427135480623,0.04250342911809313,0.06936913,-0.020271575280903436,0.097933844,0.13787453269591798,0.12057342,18.36071,852.4380384663767,1.0357281,18.544027,17.983763,0.5602646,2016.0,J131928.38+355749.1,199.8682888,+35.9636617,0.0760,0.0700,11.2,15.117,13.919,9.958,7.594,,,,0.041,0.035,0.050,0.138,,,,1995136301351021874,0000,0,000n,AAAB,346,210,259,216,
0.130297,1468774224188477312,204.35290233831913,31.881825795317678,61.10894808530888,78.93385353862945,0.10978788006155951,0.116051964,-0.1771115456462683,0.10856261,-0.2876536493857056,0.16596681,18.623848,668.9708337489956,0.72877824,18.933197,18.167084,0.7661133,2016.0,J133724.70+315254.5,204.3529449,+31.8818232,0.0854,0.0806,20.8,15.262,14.599,11.474,8.936,,,,0.036,0.053,0.173,0.526,,,,2047131801351035010,0000,0,00nn,AABC,202,258,188,275,
0.202002,1463477704878836736,198.43407108311578,31.308386132880226,74.933810691586,83.58751193358287,2.1918256141667796E-4,0.17347834,-0.048746211743512124,0.14320849,-0.09423985708610101,0.22296864,18.90403,516.8149955771213,3.68037,18.999643,18.567026,0.4326172,2016.0,J131344.19+311830.2,198.4341357,+31.3083963,0.0636,0.0608,169.9,14.875,14.006,11.726,9.013,,,,0.029,0.036,0.172,0.395,,,,1976131801351000069,0000,0,00nn,AABC,193,167,-15,180,
0.041203,1463500661480551680,198.9841159412301,31.592024591797166,74.30506803754533,83.04410738453755,-0.2026745048321119,0.19568288,-0.07069990102284449,0.15258354,-0.09389480979115511,0.2021122,18.856703,539.840626407852,4.5897365,18.90724,18.473215,0.4340248,2016.0,J131556.18+313531.3,198.9841197,+31.5920356,0.0607,0.0589,12.2,14.914,13.755,10.920,8.669,,,,0.031,0.033,0.077,0.233,,,,1994131801351016038,0000,0,000n,AAAB,287,164,99,173,
0.086518,1468792576586240768,204.11737570657422,32.062486286474055,62.39046854567444,79.04638172236861,-0.08400351256250205,0.070921086,0.05550816667338464,0.06254626,0.16610736465227144,0.094508454,17.718838,1539.6130721063741,6.5103154,17.785698,17.277184,0.5085144,2016.0,J133628.17+320345.0,204.1173886,+32.0625077,0.0391,0.0365,124.9,12.892,11.865,9.484,7.393,16.450,15.709,14.617,0.023,0.021,0.036,0.109,0.125,0.138,0.080,2047131801351040314,0000,0,2100,AAAA,129,136,105,105,0.154
0.114023,1468812604016606336,203.4098535527193,31.90787256974954,62.96725944792666,79.6568613555819,0.05007648769642878,0.14446189,0.11641233580341735,0.13220954,-0.172705576959963,0.21079926,18.88952,523.7676393635368,1.9413384,19.170492,18.429312,0.7411804,2016.0,J133338.35+315428.3,203.4098170,+31.9078663,0.0648,0.0612,12.3,15.071,13.637,10.349,7.825,,,,0.033,0.033,0.071,0.186,,,,2029131801351030218,0000,0,000n,AAAB,11,215,193,219,
0.037295,1463529038328914432,199.00046050538933,32.07371403001042,77.22086243597661,82.72495046588735,0.20350868050728504,0.13409722,0.16575829569460954,0.1302569,0.12337821977442373,0.16806775,18.617071,673.1598304561255,2.3722067,18.86913,18.198391,0.6707382,2016.0,J131600.10+320425.3,199.0004569,+32.0737041,0.0742,0.0698,22.6,15.513,14.119,10.911,8.612,,,,0.036,0.036,0.085,0.246,,,,1994131801351042982,0000,0,000n,AAAB,88,232,67,246,
0.159699,1468817178158846336,203.673211725744,32.02556672930087,63.03979620033001,79.40468030018619,-0.050092512250320284,0.26809928,-0.007527925687423307,0.24460235,-0.17160199486615463,0.36976877,18.663593,644.9253565659465,2.3858435,17.384525,16.109324,1.2752018,2016.0,J133441.58+320132.1,203.6732588,+32.0255861,0.0392,0.0386,150.0,12.714,12.624,9.205,6.179,14.636,14.113,13.667,0.023,0.024,0.029,0.051,0.071,0.103,0.069,2029131801351051395,0000,5,1100,AAAA,-15,50,53,53,0.301
0.063132,1468823362911757184,203.67621724984903,32.161010768910565,63.69928515759533,79.34496767160302,-0.005348991441720851,0.091654114,-0.052752682456932945,0.07817634,0.019266629457322146,0.11108644,17.975838,1215.0981936203523,1.4829825,18.086695,17.700914,0.38578033,2016.0,J133442.28+320939.6,203.6761979,+32.1610170,0.0332,0.0326,135.0,12.755,11.347,7.663,5.355,17.197,15.964,14.880,0.023,0.020,0.018,0.037,0.221,0.183,0.093,2029131801351051390,0000,0,0100,AAAA,216,38,106,39,0.191
0.139325,1463543817312057088,199.71635825588208,31.746418561919246,72.29588383237075,82.4541685219843,0.27641104396215765,0.49336565,-0.6647324552255043,0.49015424,1.073589370653876,0.5858951,18.843758,546.3160239704598,3.1571481,17.249374,15.864185,1.385189,2016.0,J131851.93+314447.1,199.7163970,+31.7464388,0.0438,0.0425,128.0,12.998,13.009,12.488,9.121,14.493,13.803,13.513,0.023,0.025,0.451,,0.056,0.057,0.054,1994131801351029592,0000,1,11nn,AACU,132,63,257,66,0.219
0.082681,1468852156372544000,204.00949633401297,32.344440660432205,63.93703729949785,79.01165644869751,-0.24197076053107636,0.28594798,0.08372881931643646,0.24153052,-0.4139060132255956,0.3831066,18.104313,1079.4975137370461,7.3129196,17.366356,16.34554,1.0208168,2016.0,J133602.27+322040.0,204.0094894,+32.3444629,0.0500,0.0474,161.1,13.757,13.325,10.757,8.012,15.290,14.674,14.018,0.025,0.029,0.090,0.213,0.053,0.057,0.053,2047131801351064672,0000,0,111n,AAAB,-55,117,3,113,0.071
0.240707,1468857031158683904,204.0118126168902,32.490218598276165,64.61920224110938,78.94647091413202,-0.12507067154909662,0.118889906,0.10609314839219311,0.110745884,-0.03078533868841133,0.15887485,18.485088,760.1716876173799,1.8263705,18.663368,18.117338,0.54603004,2016.0,J133602.81+322924.7,204.0117385,+32.4901948,0.0824,0.0760,17.8,15.565,14.252,10.717,8.492,,,,0.039,0.040,0.088,0.309,,,,2047131801351064756,0000,0,110n,AAAB,-194,266,337,284,
0.088881,1468859578075999872,203.7342498220615,32.279861960955394,64.16209291979679,79.24931899337855,0.03340257820113462,0.05237691,0.04446500356849978,0.045370076,-0.007289249073320722,0.06986226,17.047009,2858.5350211119962,5.8380427,17.158998,16.649677,0.5093212,2016.0,J133456.21+321647.4,203.7342215,+32.2798561,0.0388,0.0364,111.0,12.690,11.589,9.076,6.788,15.858,15.055,14.121,0.023,0.022,0.030,0.075,0.071,0.081,0.065,2029131801351054279,0000,0,2200,AAAA,133,45,98,46,0.094
0.293622,1463576282968945536,200.35654123840462,32.101452393889126,72.08468292354283,81.80574982637047,0.1383294152339548,0.10622514,0.10214972191981342,0.09760837,-0.11565308938146093,0.12358354,18.168953,1017.1047706927541,1.6671673,18.387726,17.74363,0.6440964,2016.0,J132125.58+320605.4,200.3565968,+32.1015190,0.0673,0.0637,22.2,14.892,13.894,10.485,8.331,16.343,16.064,15.267,0.032,0.037,0.071,0.248,0.109,0.179,0.118,2011131801351040175,0000,0,000n,AAAB,264,210,316,214,0.118
0.098310,1463577524215433344,200.12672270429104,32.003928147860584,72.32761467463233,82.02088828654935,-0.5131877380818275,0.6077432,-0.888395418169525,0.69763285,0.5637033714652566,0.9175177,18.49365,754.1995030985273,6.5694795,16.019133,14.67737,1.3417625,2016.0,J132030.42+320014.1,200.1267533,+32.0039366,0.0399,0.0371,123.3,11.499,11.575,10.880,8.463,13.229,12.504,12.134,0.023,0.021,0.115,,0.062,0.059,0.037,1994131801351050620,0000,5,000n,AABU,-91,43,138,44,0.104
0.048860,1468889432391216512,204.8617368694267,32.4519215600433,62.90293433178435,78.31304165565784,0.1811889544104241,0.11262489,0.07016339857759071,0.115594715,0.014150375766169333,0.17153,18.626986,667.0407300213028,1.8455588,18.770805,18.216442,0.55436325,2016.0,J133926.81+322706.8,204.8617253,+32.4519121,0.0568,0.0462,26.4,14.010,12.724,10.032,8.024,,,,0.030,0.027,0.054,0.266,,,,2047131801351059461,0000,0,nnnn,AAAB,347,159,446,154,
0.474747,1468890016506781824,204.8863971911277,32.495275650046416,63.056276765238,78.27637306289618,0.08870662378847785,0.14669521,-0.07493637449053653,0.14486474,-0.12039201393221591,0.21080224,18.987837,478.42317527840447,1.4777609,19.08712,18.689604,0.39751625,2016.0,J133932.76+322942.7,204.8865343,+32.4952123,0.1852,0.1682,16.7,16.412,15.372,12.016,9.001,,,,0.070,0.096,0.280,0.434,,,,2047131801351059727,0000,0,0nnn,AABC,-212,643,-254,699,
0.146841,1463604561033337856,199.28876602781423,31.89754789988184,74.92500023158135,82.65102938401763,-0.17772966396205978,0.19528013,-0.17048018752294275,0.16318257,0.16663279815837848,0.21517839,18.97928,482.20806895588095,1.3727221,19.057207,18.610243,0.44696426,2016.0,J131709.31+315351.1,199.2888139,+31.8975450,0.0660,0.0629,174.4,15.039,13.901,11.070,9.148,,,,0.031,0.035,0.095,0.476,,,,1994131801351032446,0000,0,00nn,AAAC,280,187,170,200,
0.181754,1463607997007251840,199.35831498201912,32.05020499189418,75.55396759941928,82.5089452659406,0.18084191305682598,0.20518169,0.1734221524397937,0.17076877,-0.24488902439968843,0.23160109,18.931952,503.6933689698701,1.5353743,19.01901,18.706245,0.31276512,2016.0,J131725.98+320300.6,199.3582573,+32.0501924,0.0771,0.0722,11.3,15.273,14.264,11.685,9.247,,,,0.034,0.039,0.162,0.424,,,,1994131801351045447,0000,0,00nn,AABC,124,222,-395,240,
0.029949,1463618206145534592,199.1160441386608,31.973802104247067,76.11878432793729,82.71574390204084,-0.061344479418101255,0.08960204,0.09221023053378116,0.07899035,-0.0332714457923372,0.10393584,17.753563,1491.1518804411153,2.8300517,17.855766,17.36741,0.48835564,2016.0,J131627.85+315825.6,199.1160539,+31.9738018,0.0396,0.0376,116.7,13.234,12.069,9.378,7.099,16.636,16.029,15.178,0.024,0.022,0.030,0.067,0.138,0.189,0.137,1994131801351042878,0000,0,1110,AAAA,83,51,73,68,0.214
0.929570,1463629269981715968,199.37153895858793,32.2480053192635,76.65208730754624,82.37334898286898,-0.1418452716709735,0.159292,-0.1920840807473783,0.14626099,-0.07770196125017348,0.20332634,18.654493,650.3534730639434,2.1567502,18.896133,18.243534,0.65259933,2016.0,J131729.12+321453.6,199.3713737,+32.2482224,0.0690,0.0658,6.8,15.131,14.190,11.363,9.145,16.622,16.017,15.282,0.033,0.037,0.126,0.408,0.121,0.125,,1994131801351045444,0000,0,00nn,AABC,-79,193,235,206,2.730
0.155181,1468916061188494464,204.99547887864017,32.62975451518511,63.470911412917665,78.1372492461343,0.07852794639689738,0.12779626,-0.09793604526115586,0.11101455,-0.07554469435358886,0.16014177,18.640865,658.5681941322316,0.8277303,18.877188,18.197481,0.6797066,2016.0,J133958.91+323747.2,204.9954853,+32.6297973,0.0952,0.0893,8.4,15.548,14.579,11.416,8.692,,,,0.040,0.051,0.163,,,,,2051133301351008194,0000,0,11nn,AABU,383,307,-48,331,
0.138250,1463667512370112128,199.57352917447872,32.681386694004225,78.22035402085916,81.95957401817837,0.06522021455164508,0.10413671,-0.0149591405307422,0.10224039,0.1512090668879623,0.13469465,18.110733,1073.1333314177662,2.423373,18.395275,17.631126,0.7641487,2016.0,J131817.65+324052.9,199.5735706,+32.6813706,0.0516,0.0505,178.7,14.600,13.288,10.227,7.782,16.666,16.003,15.640,0.028,0.028,0.050,0.123,0.127,0.135,0.200,1997133301351008063,0000,0,001n,AAAB,216,155,172,159,0.315
0.662423,1468959766775974528,204.50161754550444,32.79466204741638,65.08285818523036,78.4419567277993,0.05428378940454198,0.08848127,0.09455066228102423,0.079442285,-0.009575682384033453,0.11302435,18.022116,1164.3951113925352,2.9056292,18.176615,17.668785,0.50782967,2016.0,J133800.41+324740.2,204.5017487,+32.7945147,0.0662,0.0634,174.9,14.954,13.804,10.977,8.541,,,,0.031,0.035,0.108,,,,,2051133301351011001,0000,0,000n,AAAU,200,193,92,202,
0.024391,1463674380021347584,193.97101800795852,27.401467909193112,48.643447713553805,88.97488056485203,0.1065802215014242,0.1957583,-0.05383594682094123,0.26519364,0.09810968263400022,0.24465829,18.576653,698.6921922945847,6.2279234,18.406961,17.534336,0.87262535,2016.0,J125553.04+272405.2,193.9710139,+27.4014622,0.0472,0.0460,166.4,13.599,12.757,10.319,7.800,16.446,15.567,14.724,0.025,0.026,0.076,0.154,0.112,0.136,0.097,1943127201351035132,0000,0,970n,AAAB,88,166,202,148,0.118
0.062962,1463682351480737792,194.2621518453727,27.63367350180621,55.34027042659073,88.65584281640494,0.021845443021533476,0.2018458,-0.19555596568465033,0.2561057,0.3081475960974004,0.1808314,18.665434,643.8334756565165,2.6528018,18.89639,18.400148,0.49624252,2016.0,J125702.91+273801.1,194.2621481,+27.6336563,0.0670,0.0637,18.2,15.038,13.760,11.155,8.423,,,,0.033,0.034,0.133,0.301,,,,1943127201351046023,0000,0,011n,AABB,108,185,-22,200,
0.032421,1463686062332515712,194.29988066436277,27.704568820926724,57.52509428573346,88.59751319062022,-0.25158508814753383,0.16068968,0.09318423606695697,0.19055717,-0.2634655024016398,0.15796377,18.318405,886.3078511313346,2.1837692,18.386543,18.012335,0.37420845,2016.0,J125711.97+274216.4,194.2998750,+27.7045763,0.0482,0.0478,167.4,14.139,12.965,10.017,7.624,,,,0.026,0.027,0.061,0.151,,,,1943127201351045977,0000,0,111n,AAAB,263,198,74,174,
0.065039,1469001135901091584,204.448463124857,33.05593085243876,66.34199342583119,78.36333247547496,0.013553574169002536,0.14074792,0.01305193281913354,0.11809202,-0.029706305304502613,0.16543819,18.711897,616.8618624361719,0.8674294,18.860792,18.268297,0.59249496,2016.0,J133747.62+330321.3,204.4484463,+33.0559421,0.0532,0.0515,1.3,14.442,13.312,10.522,7.967,,,,0.029,0.028,0.067,0.178,,,,2051133301351013764,0000,0,000n,AAAB,163,167,32,159,
0.270025,1463714924513062784,194.63229170877827,27.89174565537368,59.23938177923641,88.2521057887896,0.2155875730812805,0.19698635,-0.21575029074022667,0.24986862,0.2954895896713101,0.24236226,18.746355,597.5917453143231,2.232308,18.912008,18.52708,0.38492775,2016.0,J125831.75+275330.0,194.6323299,+27.8916787,0.0789,0.0741,9.8,15.187,14.018,11.320,8.760,,,,0.035,0.041,0.152,0.423,,,,1943127201351057422,0000,0,110n,AABC,73,229,547,244,
0.035633,1463720460725563520,194.59097581888975,27.967778484804533,62.002709287814625,88.25028969965776,0.287713920599579,0.5805776,-1.391464065532431,0.8144131,0.19733527270906864,0.73314977,18.453749,782.4328662295131,5.850631,16.226799,14.816736,1.4100628,2016.0,J125821.83+275803.9,194.5909663,+27.9677732,0.0384,0.0364,114.6,11.388,11.438,9.873,8.434,13.325,12.538,12.344,0.022,0.021,0.051,0.315,0.076,0.066,0.065,1943127201351057283,0000,5,111n,AAAB,-17,49,52,53,0.023
0.051274,1469009249096281088,204.63030372006713,33.178058232524606,66.52695141574414,78.17176912592616,0.5051098725055626,0.41462606,0.4277513815331564,0.35618448,-1.0124379516439281,0.5455677,18.464827,774.4911291868484,5.6215997,16.577457,15.390166,1.1872911,2016.0,J133831.27+331041.0,204.6303158,+33.1780683,0.0418,0.0393,129.3,12.544,12.507,11.432,8.759,14.172,13.525,13.217,0.023,0.023,0.158,,0.051,0.070,0.057,2051133301351038035,0000,1,12nn,AABU,-29,52,78,53,0.171
0.081227,1469046838650202240,203.25196987311128,32.578662135968955,66.6089387620069,79.47519561208,-0.12494449897149143,0.45451573,0.039365410836192764,0.2694425,0.42965515339165894,0.4542449,18.609137,678.0970871845415,6.87472,16.905474,15.52554,1.3799334,2016.0,J133300.46+323443.1,203.2519444,+32.5786551,0.0441,0.0424,136.8,12.670,12.695,11.833,9.136,14.127,13.421,13.126,0.024,0.024,0.210,,0.062,0.067,0.047,2033133301351005394,0000,1,21nn,AABU,-21,51,51,54,0.221
0.071561,1469053981178285440,203.56530401500288,32.52981363409109,65.70379759748064,79.264810251814,-0.10780309333884341,0.12704319,-0.16965696055441915,0.11993964,0.024296473100972465,0.18416944,18.734066,604.394088669062,1.0841234,19.263176,18.084623,1.1785526,2016.0,J133415.66+323147.3,203.5652821,+32.5298210,0.0489,0.0478,170.8,14.438,12.960,9.802,7.576,,,,0.028,0.026,0.043,0.122,,,,2029131801351054311,0000,0,000n,AAAB,165,80,307,271,
0.082812,1463810620680108928,194.76732881128416,27.95914837564705,59.53049866567948,88.11538081093562,0.07111142533018966,0.6099124,-0.06270490182279082,0.7416912,0.009436554458888247,0.78082126,18.983822,480.1952105268896,5.452339,17.393805,16.058908,1.3348961,2016.0,J125904.15+275732.8,194.7673259,+27.9591255,0.0500,0.0484,149.6,13.259,13.286,12.187,8.412,14.703,14.010,13.837,0.024,0.030,,,0.057,0.077,0.062,1943127201351057313,0000,0,00nn,AAUU,134,77,210,82,0.020
0.105352,1469108583099992960,202.76232000855404,32.787818490738246,68.74638989174169,79.729792378355,-0.02888501710518547,0.10796934,-0.037103825366336135,0.085325554,-0.10881013251540735,0.14749494,18.371523,843.9909180620359,1.196077,18.851084,17.732635,1.1184483,2016.0,J133102.95+324716.2,202.7623222,+32.7878477,0.0652,0.0628,175.2,15.036,14.186,11.213,8.289,16.921,16.641,15.704,0.030,0.037,0.133,0.263,0.173,0.297,0.183,2033133301351010798,0000,0,110n,AABB,200,207,93,223,0.367
0.248311,1463840028320034048,194.8790678864247,28.451536983448758,69.92485573581254,87.77673819765549,0.03032245575140964,0.1736268,0.16367495976018095,0.2551922,0.2674590777680735,0.21043374,18.686274,631.5933454013157,1.8485836,18.82653,18.395336,0.4311943,2016.0,J125930.95+282705.5,194.8789895,+28.4515386,0.0769,0.0723,13.1,15.163,13.981,10.921,8.106,,,,0.035,0.040,0.115,0.227,,,,1954128701351012259,0000,0,000n,AABB,-178,241,246,254,
0.041014,1463847729197578112,195.09232798241197,28.40073073909934,66.231383952276,87.64999740234323,0.05565912884237798,0.087972715,-0.09092316894327192,0.120388,-0.02432150003740588,0.0992412,17.295937,2272.8577275116536,13.123546,17.048292,16.072844,0.9754486,2016.0,J130022.15+282402.6,195.0923315,+28.4007417,0.0377,0.0362,129.3,12.466,11.705,8.970,6.578,14.951,14.369,13.679,0.023,0.022,0.029,0.069,0.057,0.070,0.050,1954128701351014645,0000,0,1111,AAAA,100,46,95,48,0.089
0.069797,1463848004075507328,195.2004538813218,28.389093811685903,64.79957234909844,87.57498984563787,0.04236930299747104,0.087307915,0.041941692014959016,0.11979588,0.017030791070256145,0.090339735,17.402498,2060.3804858445055,1.7649579,17.606655,16.996143,0.6105118,2016.0,J130048.10+282320.7,195.2004416,+28.3891099,0.0499,0.0483,171.5,14.332,13.069,9.601,7.523,16.500,16.040,15.713,0.028,0.027,0.041,0.158,0.116,0.176,0.169,1954128701351014684,0000,0,0000,AAAB,404,86,150,93,0.500
0.059674,1463900746273790848,194.23574353537268,28.623369964838975,84.1166041139315,88.07250240558415,-0.01790855641683682,0.51681435,-0.10992373445737574,0.65614676,-0.03101633347776836,0.58202666,18.652777,651.3827873919707,7.1451426,16.775259,15.477183,1.2980757,2016.0,J125656.58+283724.1,194.2357624,+28.6233713,0.0437,0.0404,124.2,12.284,12.328,11.461,8.901,13.902,13.425,13.161,0.022,0.025,0.189,,0.058,0.076,0.075,1937128701351028370,0000,5,00nn,AABU,-170,53,297,53,0.377
0.123892,1469179501599817600,203.8644603578234,33.192914871181976,68.12692540465602,78.72715090136303,-0.07661248501347748,0.07511793,-0.01781369712894234,0.063136436,0.04481026212577399,0.09569894,17.679028,1597.112164650937,2.941395,17.797085,17.443659,0.35342598,2016.0,J133527.46+331134.6,203.8644489,+33.1929479,0.0529,0.0513,166.5,14.540,13.265,10.504,8.418,,,,0.028,0.028,0.073,0.239,,,,2033133301351029522,0000,0,000n,AAAB,151,160,161,161,
0.104149,1463926962753038464,194.91577437566903,28.926572835275515,78.14426462482366,87.4449828103814,2.8280568805356954E-4,0.6250638,0.29974866792217114,0.82175094,0.20362447922625315,0.7206445,18.76201,589.0370879058171,4.5276394,16.4833,15.161576,1.321723,2016.0,J125939.79+285535.7,194.9158008,+28.9265902,0.0393,0.0369,122.6,11.700,11.759,11.283,8.509,13.616,13.072,12.823,0.022,0.022,0.146,,0.068,0.088,0.085,1954128701351033196,0000,5,10nn,AABU,-272,43,-41,43,0.180
0.189256,1463948471950813696,194.63394636159472,29.150848995841375,85.62046631644326,87.4428997375357,0.1574967225376669,0.24424456,-0.09331644935642405,0.3021378,0.3830114287234956,0.26424304,18.9495,495.6179676737593,3.3121932,19.346823,18.305563,1.0412598,2016.0,J125832.13+290903.0,194.6338881,+29.1508357,0.1911,0.1761,10.1,16.221,15.882,12.487,8.531,,,,0.065,0.155,0.484,0.366,,,,1954128701351038759,0000,0,0nnn,ABCC,-246,666,-178,722,
0.072633,1469214239295347072,204.202536849581,33.489086052050695,68.71220308195021,78.33479065509346,-0.5522540642431467,0.50422627,0.013836879836336831,0.5011695,-0.4589195390708764,0.67244637,18.600462,683.5366417336318,4.616404,16.60631,15.274771,1.3315392,2016.0,J133648.60+332920.7,204.2025352,+33.4891062,0.0406,0.0391,120.5,12.224,12.364,11.532,9.002,13.745,13.327,12.885,0.022,0.023,0.185,0.514,0.047,0.066,0.047,2033133301351051469,0000,5,00nn,AABC,23,45,50,47,0.181
0.057017,1469215819843278848,203.99117736597958,33.430016075845515,68.89956898597909,78.51691456824067,-0.48689258881151587,0.56767577,-0.5365392481920377,0.44150558,0.886702197022309,0.72385097,18.340286,868.6249261252642,9.216162,16.000381,14.611992,1.3883896,2016.0,J133557.88+332548.1,203.9911783,+33.4300319,0.0379,0.0347,131.4,11.018,11.090,10.229,8.535,12.821,12.154,11.923,0.021,0.020,0.063,0.298,0.039,0.050,0.040,2033133301351026737,0000,5,110n,AAAB,-199,40,-343,40,0.131
0.003384,1463970599621368960,193.1770450840573,28.213382973267223,108.47519303386954,88.87901467273717,-0.10031480287906748,0.09802988,0.009894144831241153,0.13356471,0.08862619551485279,0.12750289,17.687603,1584.5485413343733,3.6057024,17.854301,17.347502,0.5067997,2016.0,J125242.49+281248.1,193.1770451,+28.2133839,0.0662,0.0630,15.2,15.022,13.675,10.534,8.220,,,,0.033,0.033,0.071,0.221,,,,1937128701351010119,0000,0,001n,AAAB,163,202,301,215,
0.094342,1463978807303806464,193.39902268627344,28.403436708590792,102.5316013796659,88.63837870094301,-0.10137598349174745,0.22168985,-0.023633769042038233,0.29078797,-0.40564655238841707,0.28145307,18.921421,508.6026797969292,2.4417589,19.085363,18.467838,0.6175251,2016.0,J125335.76+282412.3,193.3990006,+28.4034191,0.0501,0.0490,166.3,14.293,13.068,10.324,7.943,,,,0.028,0.026,0.075,0.218,,,,1937128701351015440,d000,0,000n,AAAB,158,139,186,141,
0.102607,1463979189555965824,193.2755772715567,28.37521967262353,106.57634761094666,88.69979982006993,-0.3065766275853473,0.17049964,-0.008343084775690894,0.20846418,-0.05573006922927423,0.19278088,18.347004,863.2667915770202,2.9362304,18.434639,18.081194,0.35344505,2016.0,J125306.13+282230.8,193.2755488,+28.3752333,0.0541,0.0517,168.6,14.215,13.188,10.534,7.897,,,,0.028,0.029,0.078,0.245,,,,1937128701351015441,0000,0,111n,AAAB,116,138,155,142,
0.209312,1463985679251547392,193.33159984522933,28.5595483102059,106.78158796209298,88.50907064473768,-0.12372184434358877,0.19494392,-0.06714634023441059,0.24702041,-0.025975829558254233,0.23421071,18.708042,619.0557743717131,1.4143602,19.28037,18.182922,1.0974483,2016.0,J125319.59+283334.5,193.3316342,+28.5595980,0.0666,0.0621,33.1,14.788,13.519,10.100,7.979,,,,0.034,0.033,0.062,0.275,,,,1937128701351015458,0000,0,111n,AAAB,309,263,364,252,
0.144930,1469259319272000512,203.62454090716412,33.71217930660443,70.91901438328719,78.63049743914644,-0.17325393976928816,0.10677673,0.09555709132497472,0.0903913,-0.0013233801776846472,0.13267557,18.147076,1037.8059889541541,2.1782348,18.280436,17.863928,0.41650772,2016.0,J133429.89+334243.9,203.6245818,+33.7122008,0.0791,0.0745,23.1,15.322,14.464,11.214,8.874,,,,0.035,0.043,0.118,0.441,,,,2033133301351048721,0000,0,00nn,AABC,43,262,-35,271,
0.315499,1469261277777494912,203.39237722715774,33.70218830659336,71.4110197777954,78.79821725884975,0.06172588390618659,0.08904703,-0.0619982832905628,0.07155509,-0.11895762567064413,0.11225386,17.726572,1528.6855396834621,3.3311388,17.974768,17.218477,0.75629044,2016.0,J133334.19+334207.9,203.3924755,+33.7022199,0.0481,0.0470,9.7,14.439,13.174,9.509,7.023,16.540,16.238,15.643,0.028,0.026,0.035,0.083,0.116,0.193,0.169,2033133301351045729,hh00,0,0011,AAAA,211,73,66,77,0.354
0.091367,1469262544790463232,203.60123906891297,33.74361587640877,71.10631669034565,78.62987806298023,0.09175505417036926,0.121284455,-0.04404653886689491,0.10458758,0.16792060803064693,0.15113612,18.40486,818.4701898136127,2.7176988,18.49319,18.140097,0.3530941,2016.0,J133424.29+334437.0,203.6012163,+33.7436328,0.0476,0.0473,143.3,14.338,13.086,9.979,7.528,,,,0.027,0.026,0.046,0.117,,,,2033133301351048654,0000,0,1110,AAAB,125,74,59,80,
1.187569,1469266294298918656,203.91183745552812,33.66868795284968,70.09525150851906,78.45091024500424,-0.2072734784965242,0.2898407,0.14279133687832757,0.24114992,0.2977731282044914,0.37012804,18.59862,684.6978753595766,3.3009076,16.884016,15.630322,1.2536936,2016.0,J133538.80+334008.3,203.9116982,+33.6689968,0.0696,0.0480,162.1,12.893,12.927,11.918,8.602,14.212,13.614,13.402,0.035,0.039,0.284,,0.056,0.067,0.061,2033133301351048624,0000,4,nnnn,AABU,188,47,25,50,1.183
0.062786,1474938086373961472,202.66829249961276,35.923886883774166,81.86139866639253,77.87849254591909,0.07858008571421564,0.06505318,-0.03337561831325726,0.08204191,-0.004706012468914202,0.119532734,18.270489,926.2986542908295,1.3057817,18.820011,17.610123,1.2098885,2016.0,J133040.38+355526.0,202.6682841,+35.9239029,0.0656,0.0624,15.1,14.771,14.226,10.540,7.893,16.849,16.360,15.872,0.030,0.042,0.070,0.153,0.131,0.217,0.192,2033136301351013242,0000,0,000n,AAAB,247,201,29,201,0.365
0.051268,1464032206632237824,193.1971614519273,28.571961796561776,111.32605628995725,88.52574143214567,0.2447775936544044,0.12776685,-0.07870101882488856,0.17417513,0.09391397504609168,0.16057731,18.00248,1185.6458922506058,3.6502178,18.155018,17.628267,0.52675056,2016.0,J125247.31+283419.0,193.1971453,+28.5719634,0.0472,0.0456,142.5,13.921,12.745,10.270,7.881,16.837,16.355,15.875,0.026,0.025,0.064,0.180,0.182,0.267,0.267,1937128701351015434,0000,0,001n,AAAB,219,129,242,121,0.626
0.143651,1469276499141247360,204.1358600885366,33.87596747095849,70.48347400462596,78.18358395134369,-0.0325821362137214,0.53005093,0.19902641980477104,0.44999874,1.4718624564295224,0.7588993,18.505367,746.1053552182551,3.6896966,16.621315,15.102273,1.519042,2016.0,J133632.60+335233.6,204.1358454,+33.8760055,0.0391,0.0368,126.1,11.788,11.767,9.896,7.969,13.465,12.912,12.488,0.023,0.022,0.043,0.212,0.046,0.064,0.043,2033133301351054178,0000,5,210n,AAAB,-66,52,-50,50,0.100
0.085142,1464037016995998720,193.1030028111217,28.70043991709679,115.19492365285639,88.41315347883517,0.2440836567156967,0.48113105,-0.5884843128959667,0.63737845,0.4712292922624239,0.5999929,18.689434,629.7570862605787,6.5232806,17.112339,15.778163,1.3341761,2016.0,J125224.71+284201.6,193.1029938,+28.7004622,0.0450,0.0434,124.5,13.041,12.908,11.795,8.487,14.573,13.884,13.521,0.023,0.027,0.252,,0.051,0.056,0.052,1937128701351035855,0000,0,00nn,AABU,-147,65,113,69,0.160
0.074288,1464044713576952064,192.7920547243307,28.651280549279022,125.15696507138772,88.47580411782326,-0.1374704840246938,0.16234104,0.10105957657291824,0.15590994,0.22258855791541235,0.15670751,18.35879,853.9478387621739,3.716713,18.514395,18.036766,0.4776287,2016.0,J125110.08+283904.5,192.7920322,+28.6512745,0.0899,0.0826,8.6,15.480,14.247,11.249,8.859,,,,0.040,0.043,0.141,0.491,,,,1920128701351026431,0000,0,00nn,AABC,-258,286,250,310,
0.129308,1469287150660083968,203.68645936880898,33.89039019563071,71.5337825254837,78.49070911101444,0.20184796492763266,0.40837556,0.15381182093000684,0.32333478,-0.8129982232241164,0.4815111,18.551582,715.012437598524,3.598853,16.452768,15.075261,1.3775072,2016.0,J133444.74+335325.5,203.6864386,+33.8904217,0.0392,0.0366,125.9,11.830,11.917,10.805,8.477,13.426,12.962,12.698,0.023,0.021,0.086,,0.049,0.073,0.069,2033133301351056810,0000,5,111n,AAAU,53,40,-64,41,0.142
0.049606,1464051757323338880,193.01551582616523,28.80176533473908,118.26058046229716,88.32082032602551,-0.1624350230649594,0.18652327,0.12722202729240897,0.25815067,0.2778409604155149,0.26080048,18.653833,650.7493861395998,1.7060825,18.804884,18.347603,0.4572811,2016.0,J125203.72+284806.3,193.0155044,+28.8017559,0.1012,0.0941,13.8,15.722,14.425,11.464,9.032,,,,0.045,0.046,0.166,0.487,,,,1937128701351035985,0000,0,11nn,AABC,313,321,175,347,
0.087040,1458321137081744768,207.34885572436391,33.42893595795142,63.19742289001964,76.0094339327453,-0.12112166262606613,0.13434625,0.12300965488443119,0.1372869,-0.06322668741650136,0.18203124,18.85559,540.3939463511894,1.9205362,18.937609,18.47258,0.46502876,2016.0,J134923.73+332544.1,207.3488771,+33.4289196,0.0652,0.0617,176.0,14.878,13.907,10.567,7.571,,,,0.031,0.036,0.075,0.119,,,,2069133301351029143,0000,0,111n,AAAB,48,165,216,174,
0.142447,1464055158937439744,193.02176571797597,28.869483132320664,118.26539314744502,88.25288171789722,0.18350975511328507,0.19983041,-0.05375378377291094,0.26613873,-0.15077311116263226,0.2333194,18.771494,583.9140000894142,2.5728202,18.924145,18.51436,0.40978432,2016.0,J125205.23+285210.2,193.0218052,+28.8695024,0.1017,0.0946,20.3,15.690,14.555,11.877,8.416,,,,0.043,0.049,0.244,,,,,1937128701351035996,0000,0,11nn,AABU,86,320,484,344,
0.055392,1469299550228319232,201.1351467917104,31.43227968098664,65.7160286612915,81.60000620062706,-0.03322281873459462,0.097552285,0.01326880689881134,0.082806766,0.13136435379034356,0.11121395,17.869165,1340.5435817455302,2.234494,18.031641,17.523947,0.50769424,2016.0,J132432.43+312556.2,201.1351370,+31.4322926,0.0548,0.0512,31.9,14.038,12.774,9.956,7.279,16.979,16.317,15.626,0.035,0.026,0.046,0.094,0.165,0.221,0.152,2011131801351018979,0000,0,1110,AAAA,268,70,238,76,0.357
0.106301,1469299790746489984,201.09017863756628,31.447433503003047,65.93394593214374,81.626299900495,0.06334551266559625,0.11166309,0.10952456383729556,0.10212772,-0.050236268314431176,0.13752478,18.268068,928.3661090795243,3.0136888,18.36298,18.09081,0.2721691,2016.0,J132421.64+312650.8,201.0901697,+31.4474620,0.0471,0.0462,152.4,14.068,12.854,10.435,8.445,,,,0.026,0.026,0.069,0.255,,,,2011131801351018983,0000,0,111n,AAAB,214,158,118,134,
0.040381,1458332166557142016,206.14641151376898,32.36388130966607,60.549184684098805,77.3444205697418,-0.12404680504899257,0.13059816,-0.014510505767136177,0.13542885,0.05201590167248595,0.18568484,18.869022,533.7497507965336,1.4355617,18.706661,17.889147,0.8175144,2016.0,J134435.14+322149.9,206.1464210,+32.3638734,0.0471,0.0464,166.4,14.088,12.983,9.970,7.780,16.926,16.042,15.550,0.026,0.026,0.047,0.168,0.169,0.163,0.183,2064131801351060906,0000,0,000n,AAAB,20,124,52,125,0.436
0.083294,1469310098668310144,201.24559484664297,31.688551738146653,66.9160987060541,81.39252989924076,-0.12721356992438232,0.13513431,-0.10538072008195519,0.13235043,-0.031967804935248256,0.1681286,18.604086,681.2596472056784,3.0886679,18.634052,17.986053,0.6479988,2016.0,J132458.94+314118.8,201.2455837,+31.6885728,0.0431,0.0416,133.1,13.715,12.505,9.602,7.346,17.129,16.413,15.222,0.026,0.023,0.040,0.146,0.215,0.239,0.164,2011131801351032341,0000,0,000n,AAAB,211,60,204,64,0.101
0.110347,1464082096972329088,193.23022585005742,29.077140023055268,113.49290988990344,88.02386587458923,0.07527534501693359,0.19219157,-0.13399721344320653,0.26732293,-0.45724268762303605,0.2604563,18.691473,628.5750974002209,1.5331571,19.02297,18.205256,0.8177147,2016.0,J125255.25+290437.6,193.2302111,+29.0771122,0.0936,0.0867,19.4,15.508,14.340,10.795,8.983,,,,0.041,0.047,0.097,,,,,1937128701351041414,0000,0,110n,AAAU,329,298,30,318,
0.243723,1464084944535314816,193.36395538616364,29.06326186999103,110.0979582555101,88.0144808119725,-0.09094918606000262,0.19153197,-0.12454694991692145,0.2410557,0.24689032049444434,0.19699226,18.609774,677.6998785871547,1.1841846,18.817717,18.205173,0.6125431,2016.0,J125327.33+290347.7,193.3638797,+29.0632762,0.0963,0.0891,11.7,15.545,14.334,11.257,8.840,,,,0.042,0.048,0.132,0.391,,,,1937128701351041411,0000,0,01nn,AABC,-154,298,-158,323,
0.073750,1458351987828769152,206.06726573889122,32.63521911470243,61.810914347997766,77.30643953383318,0.029595277720846684,0.12585902,0.1555247091125741,0.12133841,-0.12009993391617582,0.18439882,18.885338,525.7894555320407,2.324999,18.978096,18.45006,0.5280361,2016.0,J134416.14+323806.8,206.0672855,+32.6352310,0.0581,0.0563,177.5,14.676,13.496,10.736,8.423,,,,0.030,0.030,0.090,0.256,,,,2051133301351000061,0000,0,110n,AAAB,300,144,48,151,
0.253110,1464097554558992000,194.0236183893431,28.828392107713288,92.04177272974216,88.013223651583,-0.03292337010666982,0.19877802,0.10848351870919726,0.23874432,-0.25637357420364093,0.21432947,18.551838,714.8442729917466,2.1592612,18.666502,18.3324,0.33410263,2016.0,J125605.65+284942.3,194.0235567,+28.8284371,0.0869,0.0807,22.3,15.552,14.157,11.231,8.496,,,,0.041,0.040,0.145,,,,,1937128701351028442,0000,0,01nn,AABU,230,272,634,290,
0.120890,1458364769651220992,206.3350358266167,32.68680743211831,61.64366712946929,77.0781733600415,-0.04672653559137657,0.10592732,-0.030041676620593153,0.10878638,-0.07909026027070022,0.15564477,18.572618,701.2928427437863,0.9153782,18.830711,18.064137,0.76657486,2016.0,J134520.41+324112.6,206.3350582,+32.6868352,0.0775,0.0727,7.3,15.187,14.186,11.033,8.492,16.615,16.308,15.637,0.035,0.041,0.133,,0.143,0.228,0.198,2069133301351010777,0000,0,000n,AABU,154,214,158,228,0.623
0.137576,1469339583620872064,201.38476878434707,31.892540637855852,67.68734616111422,81.18767134688332,0.1626241315168382,0.18514995,-0.23205712168505374,0.20456053,-0.13654030637241427,0.2538258,18.715784,614.6575416007637,1.4683679,17.957514,17.084845,0.8726692,2016.0,J132532.34+315333.2,201.3847620,+31.8925784,0.0640,0.0618,7.8,14.655,14.457,10.367,7.211,16.132,15.457,14.722,0.029,0.045,0.065,0.098,0.095,0.106,,2011131801351029697,0000,0,0000,AAAA,-260,349,230,292,0.175
0.804864,1469353086998028544,201.29045795269045,32.01443255315494,68.63871374741214,81.19337804481995,0.2331708636611865,0.38317373,-0.3578814375060499,0.4190789,-0.2195751073832854,0.49490544,18.753016,593.9368626061765,3.3479977,17.186787,15.923649,1.2631378,2016.0,J132509.70+320052.7,201.2904577,+32.0146561,0.0645,0.0399,178.5,12.499,12.280,8.343,5.697,14.291,13.659,13.166,0.038,0.039,0.035,0.071,0.051,0.051,0.049,2011131801351045421,0000,5,nnnn,AAAA,96,37,-294,38,0.782
0.127454,1458376181382377472,206.15402069023685,32.735533871342916,62.10524821811807,77.20071664611498,0.017708350073621627,0.13657337,0.14528376896332007,0.13734607,-0.06120717169428375,0.19265272,18.931772,503.776079437193,0.8802088,19.147963,18.569674,0.57828903,2016.0,J134436.95+324408.0,206.1539962,+32.7355627,0.1003,0.0942,10.3,15.895,14.412,11.068,8.467,,,,0.048,0.044,0.106,0.271,,,,2069133301351010834,0000,0,011n,AAAB,274,274,131,291,
0.155995,1458376211444104832,206.1389113293862,32.73850250923123,62.13962198766898,77.21131855341424,0.11984087216224357,0.13179831,0.11427361447120989,0.142883,0.1697122241136155,0.19534826,18.913055,512.5362692355146,1.0365403,19.019245,18.612406,0.40683937,2016.0,J134433.35+324418.6,206.1389599,+32.7385170,0.0657,0.0630,6.4,15.002,13.805,11.192,8.653,,,,0.031,0.035,0.130,,,,,2069133301351010750,0000,0,11nn,AABU,470,166,288,167,
0.395081,1469354319651861120,201.26550879485853,32.08467827453096,69.10101601785327,81.17436898156495,-0.04344178073671804,0.14631116,-0.0021040125686706086,0.14254358,0.14676639392068427,0.17692204,18.690693,629.0279423641614,1.2325217,18.880156,18.263382,0.6167736,2016.0,J132503.72+320505.2,201.2655317,+32.0847863,0.0738,0.0688,9.4,15.343,13.896,10.298,7.891,,,,0.037,0.036,0.070,0.212,,,,2011131801351045483,0000,0,110n,AAAB,239,249,-66,258,
0.401999,1458377968088371072,206.24633522171925,32.784634577047754,62.17553602839518,77.11019951820684,-0.018066898522292915,0.12658067,0.003146369435492696,0.12747395,-0.066661728251862,0.1716389,18.823448,556.6310746777547,2.32214,18.961666,18.445702,0.5159645,2016.0,J134459.13+324705.0,206.2463969,+32.7847335,0.1059,0.0992,16.0,15.732,14.633,11.530,9.137,,,,0.044,0.056,0.156,0.502,,,,2069133301351010842,0000,0,00nn,AABC,697,322,438,346,
0.042877,1469359851569783424,201.22729415452596,32.142792412011076,69.533847634405,81.17075499894128,0.0548381381975684,0.1635584,0.12724738678694278,0.16017325,-0.26216620001795754,0.20967796,18.900604,518.4478295927481,0.943675,19.393696,18.135153,1.258543,2016.0,J132454.54+320834.0,201.2272863,+32.1427825,0.0658,0.0628,11.4,14.815,13.947,10.684,8.043,,,,0.031,0.038,0.095,0.240,,,,2011131801351045464,0000,0,110n,AAAB,466,205,318,217,
0.085162,1464130922160611072,194.4224033993131,29.135201099411926,88.81780042406581,87.56542694692817,-0.13838979603926543,0.2212652,0.005467144823559076,0.27728757,-0.009530573403825654,0.23332523,18.93593,501.8512495358611,1.9213697,19.171537,18.652693,0.5188446,2016.0,J125741.37+290806.6,194.4223799,+29.1351894,0.0920,0.0867,14.1,15.542,14.297,11.433,8.259,,,,0.041,0.045,0.189,,,,,1937128701351049532,0000,1,00nn,AABU,-1765,331,-282,359,
0.081723,1464171015680136320,193.69546312344045,29.26801942388821,104.12846524856955,87.73696660804164,0.1623128002580823,0.20887174,0.12653336473222215,0.25641206,0.18428823558477203,0.22593501,18.724085,609.9757518786932,2.622545,18.92768,18.375677,0.55200195,2016.0,J125446.90+291604.9,193.6954412,+29.2680317,0.0990,0.0931,12.0,15.544,14.398,11.705,8.554,,,,0.042,0.049,0.237,,,,,1937128701351057452,0000,0,01nn,AABU,373,314,332,337,
0.222576,1458447340400072192,205.94160713669436,33.09661930961271,63.92231642442015,77.22059137566116,-0.04260595921060271,0.1518847,-0.05987705297086459,0.14048703,0.057361062922073255,0.2011234,18.964508,488.8141409504238,1.6245388,19.1425,18.615204,0.52729607,2016.0,J134345.96+330547.7,205.9415364,+33.0966016,0.0892,0.0825,19.1,15.635,14.177,11.393,8.780,,,,0.043,0.039,0.160,0.394,,,,2051133301351024382,0000,0,21nn,AABC,592,282,283,304,
0.060141,1458451837228753792,205.85349307075347,33.20896560569587,64.52359583602762,77.24063422487099,0.04292240977522688,0.15271646,-0.16900357716425696,0.14035055,-0.1986459905126931,0.20033342,18.884317,526.2835297735079,1.7058135,19.01609,18.52325,0.4928398,2016.0,J134324.84+331232.2,205.8535100,+33.2089568,0.0579,0.0562,173.8,14.697,13.366,10.365,8.096,,,,0.030,0.030,0.066,0.217,,,,2051133301351027188,hh00,0,110n,AAAB,338,173,240,177,
0.030989,1469436989181882240,200.9962053856397,32.6234377158612,72.81964468141335,81.0624880737895,-0.1461903349418405,0.09509155,-0.028279238902137384,0.082028,0.0015397299601899554,0.108306155,17.766758,1473.139036003264,3.6567645,17.964771,17.438698,0.52607346,2016.0,J132359.09+323724.3,200.9962136,+32.6234429,0.0634,0.0603,11.9,14.903,13.431,10.303,8.137,,,,0.033,0.031,0.083,0.254,,,,2015133301351010340,0000,0,000n,AAAB,242,192,179,198,
0.273838,1469472006052135424,201.66432837723062,32.58742767942943,70.62729823882181,80.61934457973749,-0.19553509184527992,0.13829006,-0.004218892456234746,0.109011285,-0.21510505047513034,0.18214075,18.632347,663.7547916577021,2.6327567,18.915695,18.01367,0.9020252,2016.0,J132639.43+323515.0,201.6643035,+32.5875008,0.0449,0.0435,139.4,13.791,12.583,10.086,7.737,16.966,16.360,15.507,0.026,0.024,0.055,0.179,0.183,0.208,0.201,2015133301351004969,hh00,0,331n,AAAB,143,176,130,143,0.465
0.088725,1464240014331010432,195.52149489542114,28.870763005118476,70.10267825565748,87.0742746880666,0.19637381777225352,0.21877573,-0.054804595971186656,0.25274765,0.4556841952199982,0.2429371,18.713177,616.1353200106771,1.6979632,19.001137,18.245924,0.7552128,2016.0,J130205.16+285214.7,195.5215218,+28.8707558,0.0864,0.0802,9.6,15.454,14.171,10.571,8.469,,,,0.039,0.043,0.078,0.256,,,,1954128701351030362,0000,0,000n,AAAB,364,282,131,307,
0.203891,1469501448051132416,201.96214584480947,32.925594765975646,71.48528608594248,80.22347651668437,-0.20582021221579916,0.15688233,-0.008372204355748975,0.10289208,0.011843452957892716,0.18383779,18.85315,541.6108016188504,1.5862489,18.956848,18.329264,0.62758446,2016.0,J132750.90+325532.3,201.9621164,+32.9256457,0.0630,0.0568,4.8,14.545,13.416,10.613,8.661,,,,0.033,0.029,0.089,0.405,,,,2015133301351021048,0000,0,000n,AAAC,298,210,81,232,
0.803219,1464247436034500352,195.50194324574537,28.979752777983073,71.99546015872959,87.02256270119535,-0.137305552849722,0.19714937,-0.3303933695930098,0.2758426,0.03631745801301278,0.2394185,18.63832,660.1135077389371,1.1299876,18.812828,18.2759,0.5369282,2016.0,J130200.44+285846.3,195.5018580,+28.9795425,0.0782,0.0726,10.1,15.308,14.130,11.142,8.996,,,,0.035,0.039,0.137,0.485,,,,1954128701351043968,hh00,0,11nn,AABC,317,238,-95,259,
0.340983,1469512481823902080,201.41166451686513,32.57783941980325,71.30976884245504,80.80177953683004,-0.12621672456104338,0.29065886,-0.34750321803019835,0.32227877,0.059753976110901524,0.38454762,18.431183,798.8659713116663,4.1669474,16.88876,15.507818,1.3809414,2016.0,J132538.78+323439.9,201.4115860,+32.5777716,0.0394,0.0332,40.9,11.899,11.679,7.811,4.825,13.910,13.119,12.622,0.024,0.023,0.020,0.037,0.052,0.044,0.039,2015133301351007592,0000,5,nnnn,AAAA,512,36,486,37,0.367
0.079180,1469515466824292608,201.40791215187565,32.60433045665446,71.45787600813439,80.78951074585946,-0.09628365895021096,0.14521943,-0.06138574440298644,0.1362028,-0.014041923171382635,0.17632014,18.62674,667.1919192126508,2.0130649,18.80399,18.232906,0.57108307,2016.0,J132537.90+323615.6,201.4079201,+32.6043514,0.0920,0.0857,16.7,15.609,14.278,11.032,8.490,,,,0.041,0.044,0.133,,,,,2015133301351007692,0000,0,000n,AABU,175,297,406,316,
0.055857,1469518494778119296,201.38902120666157,32.716506941990566,72.08959955898965,80.7389465124511,0.26296164952650136,0.20217662,-0.2135687433673547,0.19475892,-0.48901901210391047,0.2494433,18.117462,1066.5024687065907,6.079339,17.167599,15.998667,1.168932,2016.0,J132533.36+324259.4,201.3890324,+32.7165193,0.0476,0.0466,154.1,13.262,13.170,12.305,8.804,14.835,14.095,13.834,0.025,0.028,0.388,,0.053,0.049,0.058,2015133301351007609,0000,1,00nn,AACU,62,68,55,73,0.191
0.077833,1458538771663384064,206.2183042851832,33.3327610337724,64.45155431949118,76.91185021147687,-0.14117675515408185,0.1258999,0.09828914729718809,0.11597556,0.24586812976688888,0.17114931,18.751286,594.8845471761431,2.3454556,18.996136,18.276228,0.71990776,2016.0,J134452.38+331957.9,206.2182823,+33.3327725,0.0506,0.0489,163.4,14.412,12.942,9.814,7.491,,,,0.028,0.027,0.048,0.124,,,,2069133301351037508,0000,0,0000,AAAB,81,165,112,170,
0.110346,1469535812086237056,201.23964674703825,32.86275045496121,73.28368252549086,80.7561824842457,-0.062287974508001075,0.09201382,-0.03515596752328187,0.08799437,0.004311513578706081,0.11075254,17.92306,1275.6238677988322,5.634085,18.249311,17.371614,0.877697,2016.0,J132457.50+325145.9,201.2396134,+32.8627629,0.0661,0.0640,24.9,14.783,13.684,10.540,8.580,16.732,15.767,15.854,0.032,0.036,0.090,0.421,0.152,,,2015133301351015498,0000,0,nnnn,AAAC,132,192,210,201,0.331
0.168708,1464280520166608512,196.04000459210428,29.328591623889288,71.81460413688684,86.43742768854823,-0.19233874446016966,0.21793011,0.021061867142799805,0.25271174,0.26492059983277266,0.21835722,18.793362,572.2714998500164,2.3776739,19.058867,18.345968,0.71289825,2016.0,J130409.59+291943.0,196.0399624,+29.3286207,0.1024,0.0959,12.3,15.746,14.515,11.687,8.684,,,,0.046,0.050,0.198,,,,,1954128701351051971,0000,0,00nn,AABU,104,323,91,345,
0.280283,1464292649153841792,195.65249732969852,29.37410310286699,75.97649556083338,86.66903984067233,-0.05138657323815139,0.1456283,0.11139063971598454,0.2055186,-0.05696740651489776,0.16572946,18.4723,769.1782993159009,1.3366547,18.65038,18.0905,0.5598793,2016.0,J130236.58+292227.0,195.6524516,+29.3741700,0.0999,0.0809,2.7,15.031,13.856,10.992,8.538,,,,0.047,0.039,0.115,0.351,,,,1954128701351054480,0000,0,nnnn,AABB,,,,,
0.221382,1469559344210353152,201.87736646563658,33.13278015402508,72.72351084946911,80.16426348225089,0.09498821896091826,0.15828729,-0.041757857784260985,0.10326065,-0.059077706681584685,0.17508689,18.678,636.4242341077769,1.7148837,18.848755,18.310995,0.5377598,2016.0,J132730.57+330758.2,201.8773849,+33.1328397,0.0894,0.0851,16.7,15.653,14.384,10.879,8.606,,,,0.040,0.043,0.104,0.346,,,,2015133301351021107,0000,0,001n,AAAB,271,306,52,321,
0.131690,1464303678629597056,195.10119838266175,29.029877603456363,77.32884926014444,87.25639581064989,-0.05965212399453071,0.19559312,-0.2207496696249615,0.24649243,-0.007619005343477807,0.21629764,18.67139,640.3106746098485,1.1637665,19.40116,17.908031,1.4931278,2016.0,J130024.29+290147.6,195.1012106,+29.0299126,0.1020,0.0957,5.8,15.472,14.802,11.175,8.010,,,,0.041,0.063,0.138,0.205,,,,1954128701351041214,0000,0,000n,AABB,-137,337,-18,362,
0.355404,1464314261429164416,195.3702979744318,29.251106300063544,77.32781726899393,86.93361817482548,0.03072544872486231,0.22819977,-0.15431378666654233,0.30547512,0.06634443067943899,0.29641435,18.97715,483.15552158521473,1.3647312,19.168953,18.653673,0.51527977,2016.0,J130128.85+291503.6,195.3702471,+29.2510181,0.1167,0.1056,18.6,16.010,14.541,11.303,8.461,,,,0.053,0.049,0.158,0.323,,,,1954128701351057368,0000,0,11nn,AABB,554,386,169,420,
0.174429,1469588657363542016,200.34431379818878,32.341779494989,73.47807241448265,81.67238228140044,0.031283427141424375,0.16070788,-0.11429201190133695,0.1484367,0.0732259064814802,0.19484651,18.703436,621.6883519615052,3.044456,18.946419,18.179888,0.766531,2016.0,J132122.64+322030.5,200.3443542,+32.3418139,0.0900,0.0844,17.2,15.451,14.267,11.194,9.024,,,,0.040,0.046,0.141,0.499,,,,2011131801351064028,0000,0,00nn,AABC,248,276,360,296,
0.086496,1469593536446421120,200.66772881105936,32.465083455228296,73.04758225376847,81.37956615052289,-0.06432161620159539,0.10624103,-0.07556396460361053,0.097829625,-0.02593877189733891,0.12150116,18.151354,1033.725755552727,2.2601564,18.323175,17.80978,0.5133953,2016.0,J132240.25+322754.2,200.6677183,+32.4650611,0.0895,0.0838,0.3,15.301,14.392,10.830,8.473,,,,0.038,0.048,0.117,0.363,,,,2011131801351061375,0000,0,000n,AABC,-245,286,-42,314,
0.193984,1464337351173586304,195.05938696012075,29.553613271342687,84.84757185867085,86.8967447730625,-0.23606742011881152,0.15841123,0.02455294440602229,0.22956742,0.1957523719999577,0.23224594,18.370762,844.5823863922182,1.8940939,18.558596,17.965044,0.59355164,2016.0,J130014.23+293313.0,195.0593255,+29.5536197,0.0976,0.0913,6.6,15.477,14.435,11.779,9.048,,,,0.042,0.051,0.218,0.541,,,,1947130201351002882,0000,0,11nn,AABC,645,287,725,312,
0.052197,1458608070958982016,208.00019161169345,32.93412380972163,60.49898395044147,75.6827232074906,-0.1417033639128409,0.11198249,-0.1245688978299427,0.13876253,-0.03397017736747576,0.17259651,18.694431,626.8651920659657,1.1694332,18.804867,18.47958,0.32528687,2016.0,J135200.05+325602.8,208.0002089,+32.9341229,0.0599,0.0569,1.7,14.756,13.423,10.518,8.158,,,,0.032,0.031,0.071,0.203,,,,2087133301351013400,0000,0,110n,AAAB,76,132,80,134,
0.288751,1469621466617626240,200.67827575717612,32.64149731041777,73.95035798825778,81.26707640776405,0.05381779230941452,0.14099343,0.022525091940296497,0.13500872,-0.11393677671678801,0.18058258,18.761293,589.4260556913337,2.7658908,18.869007,18.29314,0.5758667,2016.0,J132242.80+323829.2,200.6783661,+32.6414718,0.0509,0.0503,174.2,13.907,13.007,10.739,7.974,,,,0.027,0.027,0.118,0.254,,,,1997133301351000042,0000,0,000n,AABB,78,114,-26,116,
0.529356,1464359032167869056,195.41201356120433,29.660037747310017,81.96203902387963,86.61617139780421,-0.2657917133606138,0.20247065,-0.19200224195691618,0.280995,-0.0245578877237317,0.19429283,18.720263,612.1272938230119,1.5234178,18.913792,18.37163,0.54216194,2016.0,J130138.85+293935.7,195.4119025,+29.6599268,0.1029,0.0937,14.8,15.672,14.512,10.656,8.126,,,,0.044,0.053,0.085,0.321,,,,1947130201351000144,0000,0,000n,AAAB,232,340,149,369,
0.093823,1469627891888172928,201.0317829821032,32.800378231191566,73.61906655774122,80.93380470716572,0.05535665274120972,0.101515174,-0.07491379163575976,0.102576315,0.09497300257045967,0.12614107,17.99132,1197.8945179878046,5.477867,18.193058,17.626259,0.56679916,2016.0,J132407.62+324801.3,201.0317523,+32.8003742,0.0732,0.0693,21.5,15.121,13.684,10.347,7.918,16.810,16.012,16.267,0.037,0.036,0.084,0.174,0.162,0.162,,2015133301351010346,0000,0,110n,AAAB,491,228,293,240,0.101
0.123924,1458625697504790400,207.8380687030262,33.12036472399171,61.39851347832716,75.74510423057168,0.17020156198672784,0.0895163,-1.9306718297050553E-4,0.107115425,0.07246710100319526,0.1240659,18.27137,925.548190660785,1.2348031,18.450785,17.890127,0.5606575,2016.0,J135121.14+330713.4,207.8380927,+33.1203927,0.0604,0.0582,0.1,14.781,13.688,10.892,8.493,16.668,16.594,15.940,0.030,0.031,0.098,0.302,0.165,,,2069133301351023874,0000,0,110n,AAAB,109,149,159,159,0.099
0.600811,1458628141343822464,207.98733252422113,33.217391824937195,61.584052352472156,75.59372371684245,0.001909974812837889,0.14274234,0.1589779628520801,0.16807687,0.0564742821743483,0.1837409,18.882526,527.1527368266643,3.366437,18.885607,18.53942,0.3461876,2016.0,J135156.91+331302.4,207.9871444,+33.2173364,0.0619,0.0598,1.6,14.560,13.850,11.088,8.582,,,,0.029,0.035,0.122,0.347,,,,2087133301351037463,0000,0,110n,AABB,56,131,-126,140,
0.083469,1469636791061028608,200.70626621521606,32.80742177908019,74.71793998306111,81.14741367764081,-0.06272917759898078,0.1464284,-0.16894044922353973,0.14712022,0.02855789814429246,0.17964624,18.680664,634.8646233213195,2.0936213,18.878662,18.28379,0.5948715,2016.0,J132249.49+324826.7,200.7062467,+32.8074382,0.0792,0.0747,19.6,15.347,13.942,11.088,8.885,,,,0.039,0.037,0.125,0.448,,,,2015133301351010350,0000,0,001n,AABC,226,236,280,249,
0.690411,1464372883439216640,195.43283494908368,29.926828694497193,84.60510472944904,86.40254547702696,0.18539661982952926,0.22019817,0.30242798527092524,0.333995,-0.23889797423804193,0.24481548,17.907276,1294.3049842755763,4.1304965,16.649206,15.566373,1.0828333,2016.0,J130143.83+295536.2,195.4326345,+29.9267475,0.0560,0.0395,67.5,12.533,12.438,8.702,6.560,14.272,13.701,13.197,0.028,0.030,0.031,0.102,0.069,0.069,0.053,1947130201351024700,0000,4,nnnn,AAAA,76,46,270,46,0.641
0.108484,1458630134208128512,208.12849200434883,33.20548775717042,61.371055598948445,75.48760461827348,0.036290359795843455,0.36131203,-0.06721049419596614,0.39131358,0.6237674877558386,0.5031332,18.981726,481.1237118121721,1.9921496,17.262743,15.857547,1.4051962,2016.0,J135230.84+331219.7,208.1285272,+33.2054943,0.0425,0.0401,132.5,12.582,12.559,11.754,9.165,14.226,13.482,13.218,0.023,0.023,0.233,,0.040,0.042,0.044,2087133301351037437,0000,5,11nn,AABU,62,45,54,48,0.078
0.112088,1464380850602526976,196.23688587599705,29.55894305839791,72.9974609351758,86.16059558038044,-0.12876195722829603,0.13969086,-0.18427896056297663,0.15100934,0.03373719516670449,0.18288425,18.50111,749.0364885608495,1.1515105,18.721096,18.148678,0.5724182,2016.0,J130456.84+293332.1,196.2368537,+29.5589294,0.0823,0.0786,2.1,15.234,14.465,11.039,8.934,,,,0.035,0.047,0.116,0.469,,,,1965130201351007524,0000,0,011n,AABC,145,255,358,273,
0.066978,1458640266033589376,208.47492069939145,33.26907335544562,61.20449954767272,75.19396381718792,0.16485327484891463,0.09312597,-0.043542495288660416,0.11066348,4.464689918045883E-4,0.13249491,18.312386,891.2348558953985,1.7162582,18.485167,17.920046,0.5651207,2016.0,J135353.98+331608.7,208.4749317,+33.2690895,0.0523,0.0511,147.4,14.322,13.176,10.747,8.784,,,,0.028,0.027,0.091,,,,,2087133301351034709,0000,0,110n,AAAU,127,121,19,124,
0.085521,1458642052739992064,208.53892600167,33.33627825511528,61.377419940810626,75.12037056881813,-0.18464042282876558,0.10797003,0.07673473301390174,0.12132198,0.019150511921737407,0.15437281,18.549446,716.4214407035196,1.1339746,18.859928,18.023323,0.8366051,2016.0,J135409.34+332010.6,208.5389465,+33.3362947,0.0524,0.0516,6.5,14.570,13.168,10.263,8.083,,,,0.029,0.027,0.063,0.189,,,,2087133301351034713,0000,0,110n,AAAB,92,170,227,159,
0.337363,1469654142728803584,200.20852558678354,32.620735802312836,75.47469548560636,81.59165153654183,0.08467376466019629,0.21752009,-0.11158939149835043,0.16262828,0.04105135268092846,0.246335,18.992083,476.5557851600956,3.518316,19.050074,18.282183,0.76789093,2016.0,J132050.04+323714.9,200.2085202,+32.6208294,0.0519,0.0499,168.3,14.322,13.314,10.037,7.876,,,,0.027,0.028,0.051,0.164,,,,1997133301351002878,0000,0,000n,AAAB,283,233,171,180,
0.046833,1464393190044449664,195.97024874763514,29.619222283776793,75.9671508292268,86.29948404035842,0.036066430472141656,0.092735164,0.03348521844896869,0.13101801,-0.0717914230154958,0.11181309,17.673418,1605.386230811085,2.205536,17.94596,17.086521,0.85943794,2016.0,J130352.85+293709.1,195.9702406,+29.6192114,0.0391,0.0376,133.0,13.097,11.986,9.085,6.434,16.358,15.540,14.657,0.023,0.023,0.030,0.063,0.093,0.103,0.076,1965130201351010453,0000,0,0000,AAAA,110,51,-5,53,0.048
0.218396,1464412908237741824,196.6093113541688,29.87176305361039,73.5925030572493,85.71259573798422,0.07285693324249568,0.15659264,-0.05400007729621589,0.11202767,0.10329941965008313,0.1898663,18.865341,535.5629123367555,1.4099299,18.924755,18.5939,0.33085442,2016.0,J130626.21+295218.2,196.6092449,+29.8717440,0.0584,0.0575,12.4,14.700,13.566,10.987,8.728,,,,0.031,0.030,0.102,0.318,,,,1965130201351018681,0000,0,110n,AAAB,154,153,230,159,
0.031913,1464414832383074432,196.44756610609303,29.84347500582106,74.50347084516528,85.83899221282337,-0.09281342418712972,0.16060041,0.06287400031333334,0.13269986,0.17089084760431597,0.22589955,18.819239,558.793810225123,1.6892414,18.928226,18.47234,0.45588684,2016.0,J130547.41+295036.5,196.4475682,+29.8434837,0.0663,0.0634,17.1,15.001,13.790,11.133,8.760,,,,0.033,0.033,0.113,0.363,,,,1965130201351018699,0000,0,01nn,AABC,155,180,116,193,
0.177078,1469709809800957952,200.07392093142033,33.14473898457216,78.65481998939013,81.3373355227885,-0.3758678698826736,0.7070232,0.4714829285886226,0.6069596,-0.6872389815005532,0.8259651,18.981308,481.30826525954177,2.808319,16.494755,15.162414,1.3323412,2016.0,J132017.74+330841.2,200.0739413,+33.1447851,0.0401,0.0371,126.4,11.630,11.667,11.030,9.237,13.712,12.966,12.561,0.022,0.022,0.102,,0.066,0.085,0.057,1997133301351020539,0000,5,000n,AAAU,-211,40,-178,41,0.153
0.070788,1469710252181855616,200.13840004568345,33.195071462498966,78.66267900610094,81.26354554801102,-0.12264558094850933,0.12771623,-0.054368041642098616,0.114619516,-0.16396517133663913,0.14369154,18.196358,991.7529156180167,8.463132,18.323824,17.883644,0.44017982,2016.0,J132033.21+331142.3,200.1383933,+33.1950903,0.0633,0.0617,5.2,14.905,14.026,11.676,8.623,,,,0.030,0.035,0.183,,,,,1997133301351028771,0000,0,11nn,AABU,454,160,240,172,
0.040892,1464453319586600704,196.04995813990465,29.89691085550198,78.32523777755411,86.06022611639867,0.03812813826412913,0.092202395,-0.02499101700423252,0.12209812,-0.07149904410442037,0.11697618,17.768166,1471.2304294921546,1.8439293,17.943619,17.467539,0.47607994,2016.0,J130411.98+295348.8,196.0499573,+29.8968995,0.0554,0.0537,18.1,14.424,13.523,10.084,7.995,16.716,15.788,15.304,0.028,0.031,0.054,0.195,0.144,0.115,0.120,1965130201351015861,0000,0,111n,AAAB,153,182,-62,175,0.176
0.824268,1458712387124543232,208.17479333092638,33.694042742498375,63.115131938507076,75.27217802772486,-0.10226459732772519,0.13157666,-0.0105907086982426,0.14169818,0.1579792318955214,0.18040437,18.881609,527.5982540176142,2.8335392,19.081266,18.444193,0.6370735,2016.0,J135241.98+334139.2,208.1749558,+33.6942275,0.1287,0.0796,5.4,15.122,13.873,11.008,8.345,,,,0.060,0.048,0.127,0.347,,,,2087133301351040206,0000,0,nnnn,AABB,,,,,
0.097287,1469731456436075264,201.3123754740596,33.098785046487876,74.22734946357515,80.56647508135553,-0.00470231239931169,0.10861364,0.0751708837497957,0.10237225,-0.17869764671824032,0.12610656,17.767303,1472.3992997566243,4.8792777,17.792011,17.157995,0.63401604,2016.0,J132514.97+330555.7,201.3123893,+33.0988095,0.0401,0.0384,129.8,12.969,11.915,9.225,7.187,16.511,15.569,14.663,0.024,0.022,0.035,0.110,0.127,0.112,0.096,2015133301351015445,0000,0,3311,AAAB,91,108,62,100,0.111
0.065615,1464483006400559488,196.26977303380295,30.20191101647088,79.50667535691844,85.71086172870103,-0.1932468724550894,0.1070797,0.040350442109348385,0.082350224,0.09099277606273616,0.12893736,18.024553,1161.7844063228158,1.2465236,18.522629,17.395863,1.1267662,2016.0,J130504.74+301206.8,196.2697812,+30.2018942,0.0664,0.0631,173.9,14.751,14.129,10.525,8.358,16.889,16.041,15.569,0.030,0.039,0.080,0.296,0.164,0.175,0.194,1965130201351034516,0000,0,110n,AAAB,-193,193,9,210,0.124
0.086497,1458736816898240256,208.09149125256891,33.99105585147492,64.29494777405517,75.21993198573732,0.06011905715553323,0.11899049,0.07265114780182486,0.1215317,0.03347652954865681,0.17395264,18.67221,639.8273854327841,1.4645026,18.785229,18.405598,0.37963104,2016.0,J135221.95+335927.7,208.0914892,+33.9910319,0.0759,0.0719,12.4,15.318,13.965,11.077,8.743,,,,0.037,0.036,0.107,0.352,,,,2087133301351064769,0000,0,000n,AAAB,-16,184,22,198,
0.087270,1458748705367943552,208.7639534243209,33.66144377089734,62.29132546347912,74.82913608448565,0.2449343499783766,0.12864307,0.039515407873640954,0.15363747,-0.30032436190901696,0.17779396,18.863605,536.4192352730979,1.0197747,19.046097,18.579725,0.46637154,2016.0,J135503.35+333941.1,208.7639825,+33.6614430,0.0923,0.0864,11.9,15.553,14.406,11.620,9.208,,,,0.043,0.043,0.196,0.528,,,,2087133301351045743,0000,0,00nn,AABC,303,255,-16,277,
0.036249,1458754138503386624,208.99733620411902,33.78287790212284,62.45342638321665,74.60419013522912,-0.04426429200570693,0.09606409,-0.07402135147526627,0.11585366,0.0256625697948976,0.12700133,18.262379,933.2442341563744,3.9671574,18.341095,18.00353,0.33756447,2016.0,J135559.35+334658.3,208.9973294,+33.7828862,0.0520,0.0500,146.7,14.246,13.169,10.707,8.989,16.760,16.143,15.989,0.027,0.028,0.088,0.476,0.181,0.238,0.290,2087133301351048267,0000,0,330n,AAAC,271,119,133,116,0.509
0.014756,1464504653034208768,195.97350666953136,30.442487756147816,84.20033481138458,85.70716187137323,0.11388474285750012,0.12460318,-0.18169627538321043,0.11239635,-0.1138833431973827,0.17079848,18.203274,985.4555348126753,2.8383448,18.499695,17.712044,0.78765106,2016.0,J130353.64+302632.9,195.9735047,+30.4424915,0.0667,0.0634,17.0,14.981,13.595,10.275,8.204,,,,0.034,0.034,0.057,0.267,,,,1965130201351037441,0000,0,111n,AAAB,429,209,187,221,
0.042997,1458757402678531456,208.9380278938077,33.80850209932519,62.611163536776786,74.64074380045663,-0.5210526238253212,0.36996236,-0.28958498225406387,0.42820853,0.3510389216134564,0.5551775,18.858393,539.0010337950184,4.1333976,17.16944,15.839929,1.3295107,2016.0,J135545.12+334830.6,208.9380153,+33.8085079,0.0470,0.0439,143.3,13.015,12.947,12.003,8.427,14.460,13.833,13.433,0.024,0.026,0.302,,0.047,0.059,0.053,2087133301351059254,0000,1,00nn,AABU,-43,57,189,61,0.161
0.222807,1458759425606389888,208.92016097597894,33.94833042205459,63.12169716530761,74.60276869695494,0.011263086800196657,0.1461761,-0.19971292125808263,0.17614162,0.07744945961584873,0.21814528,18.890684,523.2060511249483,0.9762832,19.111252,18.417692,0.69355965,2016.0,J135540.83+335654.2,208.9201583,+33.9483923,0.0813,0.0771,18.0,15.305,14.439,11.521,8.537,,,,0.036,0.045,0.170,,,,,2087133301351059340,0000,0,01nn,AABU,284,227,107,246,
0.050623,1458766267490999552,208.5746324746592,33.81661193054181,63.066820595269185,74.9180868415592,0.06628417903269551,0.09729395,-0.10007001401651336,0.12256399,0.030082375382244664,0.13662192,18.250858,943.1984345781494,1.5445875,18.47803,17.827248,0.65078163,2016.0,J135417.90+334859.7,208.5746239,+33.8165998,0.0589,0.0562,4.0,14.865,13.491,10.101,8.370,,,,0.031,0.031,0.051,0.260,,,,2087133301351061962,0000,0,110n,AAAB,106,165,88,179,
0.161735,1469799209544057088,200.7870330608844,33.40683508849035,77.39615219957876,80.71633566366687,0.1639065402876329,0.14488411,0.08500757633323214,0.13646692,-0.05481558178584983,0.1693282,18.525402,732.4632103347462,2.731104,18.471931,17.726492,0.7454395,2016.0,J132308.87+332424.6,200.7869804,+33.4068443,0.0510,0.0454,32.7,13.998,12.967,9.776,7.498,17.178,16.153,15.102,0.027,0.026,0.049,0.130,0.250,0.225,0.119,2015133301351036792,0000,0,nnnn,AAAB,502,231,350,164,0.235
0.110303,1458785989980879744,209.2105360463665,34.08358171898717,63.25404217692468,74.32896821826117,0.16792136989656026,0.13121624,-0.15770794731401586,0.14990246,-0.06539496515127384,0.18576851,18.745354,598.1428663383781,3.4314277,19.0352,18.273243,0.76195717,2016.0,J135650.53+340500.9,209.2105730,+34.0835838,0.0797,0.0743,17.5,15.501,14.146,11.038,8.721,,,,0.039,0.038,0.105,0.364,,,,2083134801351000093,0000,0,110n,AAAC,102,237,429,252,
0.152863,1469809242587577216,200.9397284210454,33.665210824018935,78.08458847349138,80.45124274250985,-0.01795697589558922,0.1965065,0.06467473109817748,0.17016533,0.03523230712101929,0.19645412,18.949091,495.8041846943951,1.2920517,19.152412,18.616447,0.53596497,2016.0,J132345.54+333954.7,200.9397794,+33.6652092,0.0920,0.0847,13.1,15.741,14.361,11.251,9.179,,,,0.043,0.042,0.131,0.539,,,,2015133301351039667,0000,0,01nn,AABC,248,286,-25,313,
0.032477,1458798080312107904,208.98954753152037,34.12748289319549,63.662405855253844,74.48180008301526,-0.18028362649385746,0.14290309,-0.01675216899891055,0.15121777,-0.04037816158390851,0.19705994,18.847647,544.3621730066886,1.2414614,19.241781,18.314308,0.92747307,2016.0,J135557.48+340738.9,208.9895370,+34.1274852,0.0947,0.0885,19.1,15.599,14.766,10.854,8.364,,,,0.040,0.053,0.103,0.272,,,,2083134801351000127,0000,0,000n,AAAB,-221,289,535,312,
0.172200,1458812687497552128,209.18019260467446,34.47761649088029,64.63091038061086,74.20060867965674,0.011397382846573434,0.098964356,-0.0331678341734869,0.1345901,0.04780803265491295,0.16754197,18.505068,746.3112499502631,3.5665522,18.692333,18.116009,0.57632446,2016.0,J135643.25+342839.5,209.1802412,+34.4776426,0.0696,0.0662,2.4,15.164,13.752,10.962,8.066,,,,0.034,0.034,0.106,0.217,,,,2083134801351024401,0000,0,110n,AAAB,144,186,129,198,
0.062600,1458831306178830848,208.58291583012607,34.32645410378343,64.84878470491763,74.7127631474614,-0.0791505381141611,0.1430268,0.01369377522933298,0.15419403,0.20774574979045882,0.19567278,18.907896,514.9778781737801,1.808299,18.978672,18.298986,0.6796856,2016.0,J135419.89+341935.2,208.5828948,+34.3264532,0.0524,0.0515,5.8,14.353,13.300,10.234,7.692,,,,0.028,0.029,0.062,0.179,,,,2083134801351002753,0000,0,000n,AAAB,208,172,-74,164,
0.049251,1464601337043236864,194.57807975470647,30.086819906647964,96.31881477565486,86.67906698014846,-0.03684065100786934,0.16230941,-0.2538607585220234,0.20769642,-0.06603463174564723,0.18236172,18.543419,720.408717801407,2.169819,18.631262,18.248804,0.38245773,2016.0,J125818.74+300512.5,194.5780956,+30.0868194,0.0542,0.0528,36.8,14.661,13.190,10.160,7.786,,,,0.030,0.027,0.056,0.172,,,,1947130201351016499,0000,0,000n,AAAB,150,170,231,170,
0.090271,1469871781608239104,202.71891704802496,33.05859618793282,70.14015058988976,79.6191428589819,-0.1612796247869477,0.111349545,0.018569474295176653,0.080836765,0.030570324533622836,0.13764988,18.194363,993.5772237987816,4.460903,18.485727,17.432873,1.0528545,2016.0,J133052.53+330331.0,202.7189107,+33.0586207,0.0469,0.0459,128.8,13.823,12.969,10.718,8.560,16.355,15.950,15.077,0.025,0.026,0.092,0.305,0.098,0.178,0.102,2033133301351013387,0000,0,110n,AAAB,148,141,196,131,0.118
0.280415,1458865631557855488,209.03374578915108,34.66337469886002,65.4345656199534,74.23632301559087,0.0695010899356564,0.07543075,-0.2178367026080094,0.12966952,-0.1636887032118231,0.1620566,18.478916,764.5055203082317,2.502803,18.693907,18.078873,0.6150341,2016.0,J135608.08+343948.3,209.0336750,+34.6634264,0.0615,0.0590,8.7,14.786,13.542,10.878,8.547,,,,0.032,0.032,0.085,0.284,,,,2083134801351024396,0000,0,000n,AAAB,-52,142,128,147,
0.022067,1458885839380340352,207.46073472175226,33.62177954266168,63.77569202934092,75.84781325310139,-0.09618857422160021,0.40852445,-0.12948541894473337,0.42963606,-0.0643472689562447,0.5844484,18.229517,961.9221261934173,6.7828693,15.71989,14.313784,1.406106,2016.0,J134950.57+333718.3,207.4607410,+33.6217764,0.0372,0.0348,132.6,10.943,11.052,9.883,8.025,12.527,11.843,11.625,0.023,0.020,0.042,0.187,0.028,0.024,0.030,2069133301351048203,0000,5,001n,AAAB,0,34,0,36,0.187
0.043913,1469903079033065728,202.70939558626654,33.311983974545825,71.33817799447479,79.48841805571276,-0.14148976484834025,0.13063668,-0.020104909774505846,0.101560906,-0.04050056416825812,0.13927923,18.444149,789.3825420434797,5.7481394,18.421932,18.114653,0.3072796,2016.0,J133050.25+331843.1,202.7094092,+33.3119883,0.0460,0.0452,149.7,14.079,12.959,10.313,8.238,,,,0.026,0.025,0.067,0.245,,,,2033133301351037846,0000,0,110n,AAAB,172,68,89,72,
0.188158,1458886900235600384,207.42655495069988,33.66866747459249,63.99803972685633,75.85517667931566,-0.2600017668491765,0.13755198,-0.020239726950501108,0.1492002,0.23682394404505777,0.171314,18.853924,541.224295786498,1.2426322,19.025816,18.49753,0.528286,2016.0,J134942.38+334007.1,207.4266078,+33.6686393,0.0786,0.0738,21.0,15.354,14.125,11.138,8.340,,,,0.037,0.038,0.115,0.247,,,,2069133301351048277,0000,0,11nn,AABB,211,219,-64,233,
0.020116,1458889305417283968,207.33671416673076,33.636211390724476,63.99931453451276,75.93670005583942,0.23869715692855245,0.12839748,0.016205436146189148,0.13645895,0.2945169698395784,0.16308673,18.56539,705.9776226832313,2.2919173,18.610388,18.155916,0.4544716,2016.0,J134920.81+333810.3,207.3367170,+33.6362063,0.0438,0.0426,145.2,13.776,12.639,9.729,7.222,,,,0.025,0.024,0.041,0.104,,,,2069133301351048224,P000,0,n000,AAAA,19,115,52,106,
0.024930,1469909783477229312,203.10846284068276,33.512376758581574,71.25594840530997,79.09997453584339,-1.1256084829231303,0.71029353,0.2939619820811876,0.48887914,-0.4441220763978234,0.8955263,18.639833,659.1936464661367,11.736015,16.418627,15.132561,1.286066,2016.0,J133226.03+333044.5,203.1084620,+33.5123699,0.0404,0.0376,131.9,12.127,12.155,11.627,8.963,13.645,13.225,12.822,0.022,0.022,0.201,,0.052,0.072,0.056,2033133301351043154,0000,5,22nn,AABU,-9,42,82,44,0.081
0.185408,1458901232543107584,207.62405998257194,33.983509637966286,64.89269507002918,75.57709906848369,0.10042419963064035,0.12213643,0.0023317103834379926,0.13336448,-0.07799960936679114,0.17193404,18.626669,667.2355037597243,1.5987182,18.83307,18.293196,0.53987503,2016.0,J135029.78+335900.7,207.6241068,+33.9835435,0.0896,0.0843,16.9,15.651,14.165,10.983,8.242,,,,0.043,0.041,0.108,0.211,,,,2069133301351053720,0000,0,111n,AAAB,-7,263,-82,278,
0.372092,1469927714965626752,202.89857206360588,33.72549772990052,72.70871609291265,79.12616789832644,0.07680027072128565,0.18462954,0.15082872333624228,0.14294629,-0.17382313399479316,0.21565765,18.961159,490.3236778653598,1.3700522,19.127365,18.73946,0.38790512,2016.0,J133135.67+334331.4,202.8986408,+33.7254116,0.0893,0.0836,18.8,15.668,14.503,11.391,8.795,,,,0.039,0.045,0.154,0.378,,,,2033133301351043259,0000,0,11nn,AABC,523,297,-14,318,
0.103054,1458915320035840000,207.49692990704372,34.08162327025627,65.4283314507857,75.63180478700399,0.07211782060433612,0.1219554,0.24450491289017878,0.13181771,-0.025183037055007608,0.17352583,18.72564,609.10304382174,0.82670206,19.088991,18.198448,0.890543,2016.0,J134959.27+340453.8,207.4969614,+34.0816114,0.1040,0.0968,14.1,15.747,14.635,11.611,8.922,,,,0.045,0.050,0.165,0.403,,,,2083134801351011226,0000,0,11nn,AABC,-182,312,-64,337,
0.089825,1458923527716790912,207.82931804250137,34.059850894696915,64.89030470147097,75.39063322195761,0.0011302536987496253,0.09218638,0.039864163681035555,0.10051136,0.005686517875146537,0.13802627,18.313145,890.6124215696262,2.3742015,18.546408,17.866888,0.67951965,2016.0,J135119.03+340335.3,207.8293211,+34.0598261,0.0682,0.0655,20.1,14.954,13.804,10.540,8.016,,,,0.033,0.036,0.076,0.190,,,,2069133301351053680,0000,0,000n,AAAB,53,188,157,188,
0.653481,1469953008029628672,202.06073342100206,33.48793191469491,73.8671240442962,79.83233325536264,-0.131485377926256,0.16210966,-0.1689251256088261,0.10890057,0.26010126987588966,0.18669857,18.75779,591.3310615749461,0.80321735,19.453182,17.966253,1.4869289,2016.0,J132814.59+332917.1,202.0608298,+33.4880947,0.1336,0.1234,12.2,15.985,15.530,11.964,8.725,16.770,16.345,15.603,0.048,0.096,,,0.132,0.195,0.173,2015133301351047856,0000,0,0nnn,AAUU,301,440,195,481,0.582
0.355439,1469953965805330176,201.99280006044336,33.527243174649975,74.23735016926356,79.85450847055313,0.16941504795887022,0.17639607,0.007171163891565306,0.11859798,-0.04781302028858928,0.22626515,18.936798,501.4496801315331,0.8040714,19.605719,18.151472,1.4542465,2016.0,J132758.24+333138.2,201.9926966,+33.5272913,0.1660,0.1538,13.2,16.240,16.517,12.522,8.503,,,,0.056,0.232,,,,,,2015133301351047906,0000,0,0nnn,ABUU,518,560,-79,610,
0.122192,1469955207052882688,201.88006022054873,33.499778054681165,74.43309036570227,79.94622363349029,-0.14381851812886737,0.1744501,0.058925051914942836,0.1173135,-0.030977299328756217,0.22229472,18.839136,548.646280898309,0.82700163,19.574362,18.02876,1.5456009,2016.0,J132731.21+332959.3,201.8800691,+33.4998112,0.1505,0.1366,10.5,16.064,15.857,12.309,8.870,17.216,16.393,15.975,0.052,0.140,,,0.181,0.205,0.214,2015133301351047866,0000,0,0nnn,ABUU,104,486,-90,537,0.500
0.097556,1464713491526236416,195.55130146247043,30.689097079758664,90.07919070068583,85.73050610410837,-0.019349091160893245,0.14764634,0.15473174798795558,0.19574082,-0.12445923634966319,0.1498605,18.15623,1029.092538534038,2.2317996,18.22767,17.894163,0.33350754,2016.0,J130212.31+304120.8,195.5513262,+30.6891139,0.0495,0.0489,174.0,14.235,12.981,10.165,8.034,16.745,16.039,15.335,0.028,0.026,0.056,0.179,0.142,0.170,0.155,1947130201351051830,0000,0,110n,AAAB,-124,169,148,156,0.327
0.028387,1464744548433319424,194.9106048098975,30.631090409372565,96.27547344769287,86.06380345947902,-0.09476376141432044,0.2191534,-0.08384151139253529,0.29564723,0.24150143586822362,0.2556908,18.652563,651.5104856599926,6.203353,18.214201,17.06865,1.1455517,2016.0,J125938.54+303751.9,194.9106132,+30.6310936,0.0399,0.0388,127.6,12.643,11.952,9.783,7.922,15.868,15.203,14.331,0.024,0.022,0.048,0.169,0.087,0.104,0.080,1947130201351046287,0000,0,110n,AAAB,30,78,163,84,0.043
0.094263,1470011625743662592,203.1967019670793,33.82497975081619,72.40426160518436,78.86553201191334,-0.1076866420244313,0.18034212,0.020428719324832638,0.13599046,-0.16961869754958397,0.24767578,18.887154,524.9107227005288,1.86829,18.922138,18.665195,0.25694275,2016.0,J133247.20+334930.0,203.1967001,+33.8250059,0.0641,0.0615,15.2,15.027,13.959,11.099,8.834,,,,0.031,0.034,0.128,0.385,,,,2033133301351062125,0000,0,110n,AABC,152,206,324,215,
0.063079,1470013098915387520,203.34971053509125,33.76554561120618,71.78379475070393,78.7930623239004,0.20771038984141746,0.1459285,-0.08127386389538455,0.11380535,-0.15694605069420053,0.17459422,18.65498,650.0624841129346,1.4651514,18.995958,18.202898,0.7930603,2016.0,J133323.92+334556.0,203.3497007,+33.7655611,0.0830,0.0779,18.7,15.425,14.609,12.197,8.581,,,,0.035,0.047,0.305,,,,,2033133301351045808,0000,0,00nn,AABU,562,239,34,252,
0.117059,1458999295236388608,207.6286562227236,34.44450212085987,66.54952231889995,75.37727838836338,-0.19871968075077773,0.12395948,-0.08677317602798093,0.12617725,0.2886763524045256,0.17002401,18.620665,670.9360821249852,1.4931527,18.72698,18.298883,0.42809677,2016.0,J135030.88+342640.3,207.6286782,+34.4445291,0.0572,0.0551,170.1,14.603,13.430,10.271,7.507,,,,0.030,0.030,0.071,0.113,,,,2083134801351013617,0000,0,111n,AAAB,230,170,101,164,
1.624835,1464768291011903488,195.42681647698228,30.926477297625944,92.96225574007708,85.58841014934266,-0.38930127555358734,0.22512831,0.11165618778515725,0.33833346,-0.26503520323151875,0.24708667,18.996912,474.4406434556289,0.7549775,19.625006,18.291948,1.3330574,2016.0,J130142.55+305535.8,195.4273186,+30.9266122,0.1248,0.1162,8.3,15.735,15.388,12.185,9.006,,,,0.045,0.097,0.353,0.522,,,,1947130201351054581,0000,0,0nnn,AABC,3,398,358,430,
0.072983,1464770764913074432,195.58343882728107,30.939142211233808,91.5800940093764,85.50657322523357,0.2757853722130128,0.19520189,0.059149385896984104,0.22873247,-0.2549748870846296,0.24175529,18.835348,550.563871588899,1.9381509,18.951786,18.215895,0.73589134,2016.0,J130220.02+305620.9,195.5834562,+30.9391560,0.0532,0.0513,157.0,14.267,13.269,10.807,8.336,,,,0.027,0.029,0.097,0.290,,,,1947130201351054452,d000,0,110n,AAAB,87,133,172,142,
0.109640,1459016784343194624,207.42820109506658,34.616699425802175,67.45401396907234,75.44821119036811,0.03850888245359619,0.0941054,-0.035144165130007655,0.09120229,0.11014575623043435,0.12142798,18.154598,1030.640687833585,1.7730002,18.367712,17.778801,0.58891106,2016.0,J134942.76+343700.0,207.4281696,+34.6166834,0.1008,0.0930,13.0,15.579,14.754,11.329,8.824,,,,0.041,0.056,0.157,0.366,,,,2083134801351013722,0000,0,00nn,AABC,145,290,-453,320,
0.282012,1470030317440980096,203.2268728248835,33.95766215541563,72.89545572825928,78.7698346832555,-0.15620432096219258,0.10038236,-0.016530816058358617,0.07964424,-0.10043472606622587,0.12038267,18.060402,1124.0511794328108,2.6980975,18.201988,17.763653,0.43833542,2016.0,J133254.42+335727.5,203.2267797,+33.9576491,0.0550,0.0535,15.1,14.715,13.431,10.460,8.177,,,,0.029,0.029,0.072,0.250,,,,2033133301351059407,0000,0,221n,AAAB,119,218,115,196,
0.036773,1464794301333606656,195.54055813268982,31.296438024421867,94.26625049641568,85.22036666475168,-0.15203346327867512,0.17090265,-0.15690567903379932,0.16494796,0.1505634883684981,0.24329504,18.469566,771.1164884445786,1.9116633,18.679352,18.159868,0.51948357,2016.0,J130209.73+311747.1,195.5405667,+31.2964309,0.0754,0.0707,22.0,15.344,13.843,10.571,8.831,,,,0.036,0.037,0.074,0.400,,,,1958131801351008609,0000,0,111n,AAAC,130,240,102,251,
0.030213,1470058866086615168,203.4904644610547,34.21316536381472,73.32649729061077,78.44473217134136,0.07606204157487462,0.14249377,-0.17202761793878532,0.1252986,-0.05011544377993018,0.16765647,18.775745,581.6320952536253,1.5591242,18.884102,18.497465,0.38663673,2016.0,J133357.70+341247.3,203.4904583,+34.2131587,0.0619,0.0599,13.9,15.200,13.769,10.908,8.085,,,,0.032,0.031,0.103,0.179,,,,2028134801351000075,0000,0,000n,AAAB,45,245,159,236,
0.096463,1459055782646356608,208.2127982650141,34.776682939065616,66.8903275381421,74.79953211095516,0.08557810752392901,0.06657735,-0.06505326287014503,0.09199951,-0.014220848869958606,0.110066496,18.181112,1005.777510819922,2.1729803,18.33121,17.841896,0.48931313,2016.0,J135251.06+344635.9,208.2127842,+34.7766588,0.0548,0.0529,13.4,14.597,13.337,10.468,8.123,,,,0.029,0.029,0.059,0.238,,,,2083134801351032500,Dd00,0,n11n,AAAB,-165,120,-16,125,
0.102146,1459066193647085824,208.43408458023748,34.8038141581586,66.68246283887547,74.62415188695637,-0.06563370811474473,0.18347313,0.1270040063996008,0.2788737,-0.43863865711504685,0.35180584,18.68603,631.7352977816873,2.735957,16.547232,15.148446,1.3987856,2016.0,J135344.18+344813.8,208.4340951,+34.8038412,0.0388,0.0363,120.7,11.577,11.621,10.905,9.050,13.426,12.671,12.404,0.023,0.021,0.090,0.437,0.035,0.032,0.037,2083134801351032448,0000,5,011n,AAAC,-17,41,-137,42,0.241
0.791915,1459067842914528512,208.4833546561719,34.854176731737084,66.78720039574308,74.56585947944978,0.08570647246847136,0.08973246,-0.10920765503981145,0.13805869,0.09024674907904773,0.16950816,18.77713,580.8909896470803,2.623516,18.806442,18.181435,0.6250076,2016.0,J135356.05+345115.5,208.4835590,+34.8543191,0.0575,0.0539,120.2,14.179,13.323,10.712,8.703,,,,0.030,0.030,0.078,0.374,,,,2083134801351032485,0000,1,nnnn,AAAC,309,101,74,103,
0.031124,1464841206672494336,193.10410020538376,29.222570929040874,117.11080797211619,87.89460962728705,0.028840821648062284,0.085533075,-0.16582717921985912,0.115117945,-0.02960132361158322,0.10401345,17.324575,2213.6891791964204,3.7794733,17.447699,17.044853,0.40284538,2016.0,J125224.98+291321.2,193.1041068,+29.2225774,0.0390,0.0374,124.2,13.246,11.900,8.948,6.622,16.011,15.924,15.069,0.023,0.022,0.032,0.078,0.087,0.172,0.144,1937128701351038587,0000,0,0000,AAAA,236,54,184,57,0.007
0.319413,1464853816696437888,192.7821894159975,29.316478921376035,124.69633749466597,87.81071183476399,0.10820913565172124,0.15345171,-0.0821465037021719,0.15096596,-0.09389450143522728,0.15653208,18.45891,778.7228584941066,2.0212302,18.668633,17.925928,0.7427044,2016.0,J125107.74+291859.2,192.7822905,+29.3164684,0.0600,0.0575,172.9,14.532,13.688,10.905,8.649,17.175,16.333,15.560,0.028,0.033,0.106,0.402,0.206,0.217,0.162,1920128701351052910,0h00,0,000n,AAAC,263,168,185,178,0.802
0.125375,1459097289210237696,207.7108284407214,34.663290593809236,67.20418317146346,75.21965142350862,0.005518424149801748,0.08843108,-0.21530879497437067,0.11435537,0.025858012071048812,0.15127249,18.362997,850.6438227840811,1.6425146,18.563683,17.859516,0.7041664,2016.0,J135050.60+343947.8,207.7108706,+34.6632876,0.0843,0.0787,17.8,15.221,14.110,10.626,8.217,,,,0.039,0.043,0.084,0.266,,,,2083134801351013647,hhh0,0,111n,AAAB,221,248,-12,259,
0.143642,1470106733499050240,202.83818724841183,34.447880695428076,75.89769977546074,78.73913161767187,0.001715594357056413,0.33933654,0.1675514873508673,0.24428095,0.048492662735733924,0.416151,18.714632,615.3097702930692,3.333627,17.535784,16.322466,1.2133179,2016.0,J133121.16+342652.5,202.8381737,+34.4479190,0.0385,0.0382,143.7,13.241,12.631,8.587,5.224,15.118,14.541,13.874,0.025,0.025,0.023,0.035,0.074,0.073,0.062,2028134801351018981,0000,0,1100,AAAA,48,47,26,49,0.086
0.124405,1459109757498656896,207.9129472813323,34.94322421683599,67.88284428478472,74.94508541378283,0.11774482528784667,0.06419238,-0.03157615772494794,0.097231194,-0.12725075404568617,0.1168406,18.296188,904.6307591247224,1.8070841,18.487776,17.845572,0.6422043,2016.0,J135139.11+345635.7,207.9129661,+34.9432551,0.0665,0.0637,3.9,14.994,13.799,10.536,8.476,,,,0.033,0.035,0.070,0.326,,,,2083134801351034995,0000,0,420n,AAAB,-109,189,-17,199,
0.055686,1464898617499991168,192.2270328602869,29.49992007347618,135.99465132017912,87.5638675675652,0.018362051705065014,0.1571687,0.2722332481192157,0.1668146,0.32690930297455667,0.17466363,18.468452,771.9078049413689,2.4214978,18.724607,18.115683,0.60892487,2016.0,J124854.48+292959.7,192.2270173,+29.4999275,0.1124,0.1045,15.6,15.786,14.677,10.814,8.755,,,,0.046,0.060,0.104,0.388,,,,1920128701351055709,0000,0,011n,AAAC,112,384,-121,412,
0.157270,1470132430286599552,202.97903809584855,34.63611501139401,76.2881550330904,78.53183062493488,-0.26572859447289127,0.14013474,0.00831959861184886,0.11354212,-0.0864516375350365,0.16041984,18.587202,691.9361378754054,2.8737996,18.75902,18.262764,0.49625587,2016.0,J133154.95+343810.1,202.9789937,+34.6361389,0.0837,0.0776,17.3,15.573,14.217,11.147,8.606,,,,0.038,0.041,0.127,,,,,2028134801351019036,0000,0,000n,AABU,248,260,-18,284,
0.129427,1464919581235615744,192.51895346340257,29.559725507599588,129.87840204610148,87.55012876924651,-0.34597794816848293,0.40896264,0.11940121245410297,0.39831406,0.07299854803374022,0.41900143,18.882755,527.0415719246826,2.2546804,18.14946,17.107313,1.0421467,2016.0,J125004.54+293335.1,192.5189351,+29.5597577,0.0677,0.0653,19.9,14.548,14.422,11.985,9.160,16.182,15.133,14.951,0.029,0.046,,,0.119,0.109,0.125,1930130201351007840,0000,0,00nn,AAUU,-92,146,61,156,0.364
0.127186,1470162185819992832,201.68937904314282,33.792201515261944,76.30843902802516,79.89178487961101,-0.051780418387884115,0.16503088,-0.041525785896883244,0.11351359,-0.19522663508570964,0.19935663,18.669157,641.6292796347808,0.9848305,19.389881,17.864517,1.5253639,2016.0,J132645.45+334731.8,201.6893967,+33.7921694,0.1433,0.1328,16.5,15.870,15.904,12.580,9.109,16.821,16.162,15.765,0.049,0.158,,,0.163,0.191,0.254,2015133301351058353,0000,0,0nnn,ABUU,367,478,-374,516,0.666
0.057125,1459159205458771072,208.1084534368833,35.43116528967342,69.24295881274,74.57653363800391,0.035337674700053945,0.061447416,-0.015286823950125303,0.10848304,-0.040156216463426306,0.12829323,18.195904,992.167773924634,7.861284,18.270363,17.305323,0.9650402,2016.0,J135226.02+352552.2,208.1084570,+35.4311809,0.0390,0.0379,120.5,13.190,12.114,9.163,6.695,16.004,15.151,14.270,0.024,0.023,0.028,0.057,0.088,0.103,0.068,2083134801351061319,0000,0,1110,AAAA,115,49,77,50,0.140
0.081507,1459160369393798400,208.28712308829842,35.48946541922399,69.17733225478234,74.4207449206442,-0.07687801448526284,0.09663215,0.18240877081161533,0.16261287,-0.34108630417215985,0.19968142,18.96264,489.65526717997113,1.7146637,19.108175,18.678907,0.42926788,2016.0,J135308.91+352922.0,208.2871509,+35.4894643,0.0769,0.0725,16.5,15.374,14.208,11.131,8.862,,,,0.037,0.038,0.116,0.371,,,,2083134801351058884,0000,0,00nn,AABC,-6,216,82,228,
0.142274,1464938990191783552,193.4207805884198,29.435015004397407,110.96949264231473,87.64088301879434,0.0786127766399472,0.21180576,0.3217011572295725,0.24932696,0.017023784510164133,0.19826168,18.807817,564.7024635865426,2.4392312,19.010101,18.462685,0.5474167,2016.0,J125340.98+292606.1,193.4207879,+29.4350540,0.1220,0.1127,21.9,16.082,14.735,11.410,8.495,,,,0.054,0.054,0.157,,,,,1937128701351060207,0000,0,11nn,AABU,-136,420,-22,448,
0.098422,1459177721061110144,197.15315040853787,24.93906730533135,4.315519676120938,85.56464412060289,-0.15480674068784514,0.19925873,0.08097907602168694,0.16821909,-0.016384942480265813,0.1355418,17.734257,1517.9024435091999,6.1500454,17.882683,17.386328,0.49635506,2016.0,J130836.75+245620.7,197.1531354,+24.9390910,0.0398,0.0383,148.3,13.199,11.880,8.941,6.355,,,,0.024,0.023,0.027,0.055,,,,1965124201351051320,0000,0,1210,AAAA,225,69,105,150,
0.122910,1470186929128689792,202.11974033746054,34.14978226364714,76.60894928084099,79.38946292602522,-0.14598806427633265,0.19468057,-0.13679719645988378,0.14248745,-0.02247761906217761,0.208467,18.974499,484.33637455362674,1.538826,19.145058,18.644445,0.50061226,2016.0,J132828.72+340859.1,202.1197045,+34.1497654,0.1509,0.1376,11.7,16.187,15.198,12.505,8.808,,,,0.056,0.083,0.502,0.461,,,,2028134801351011190,0000,0,0nnn,AACC,463,516,652,565,
0.124114,1459178236457193600,197.18168235337902,24.96557388223882,4.779703732370299,85.55566768726379,0.25665731751620835,0.3462952,0.28359446758009094,0.32109937,-0.10957864863621017,0.23987228,18.708088,619.0298841383648,1.7433449,18.875673,18.337467,0.5382061,2016.0,J130843.59+245756.0,197.1816492,+24.9655570,0.0938,0.0877,8.8,15.540,14.195,11.048,8.223,,,,0.041,0.047,0.135,0.252,,,,1965124201351051400,0000,0,011n,AABB,707,297,329,320,
0.193141,1470205036710410240,201.9871664024773,34.36642166567659,77.8915829419636,79.33575992737605,0.454017042330586,0.6547739,0.5138994439714223,0.35785276,0.9952705743343062,0.6887244,18.474993,767.2723249897697,7.0603313,16.385767,15.029983,1.3557844,2016.0,J132756.93+342159.2,201.9872174,+34.3664549,0.0409,0.0380,131.0,11.834,11.922,11.275,8.523,13.576,12.865,12.496,0.022,0.023,0.162,,0.056,0.068,0.047,2028134801351013651,0000,5,21nn,AABU,77,44,-30,46,0.125
0.109498,1470221013988673408,201.46249336778922,34.09933779944764,78.3334789793615,79.83887077700346,-0.29379957499558074,0.14791529,-0.027148674605593767,0.116377436,-0.20559639980142252,0.19559638,18.674372,638.5543604313856,3.2393658,18.669638,17.986242,0.6833954,2016.0,J132551.00+340557.6,201.4625298,+34.0993418,0.0518,0.0500,2.8,14.234,13.355,10.460,8.155,16.531,15.959,15.361,0.027,0.029,0.066,0.246,0.138,,0.181,2010134801351002891,0000,0,110n,AAAB,257,134,256,141,0.767
0.269809,1470222938134024960,201.44866785463995,34.22242858420702,78.89854375196258,79.76624491511721,0.06584199414361368,0.08661219,0.01243671874656041,0.07000089,-0.0030367624611428723,0.11899145,17.959028,1234.0571599278264,1.60805,18.164688,17.52119,0.64349747,2016.0,J132547.70+341320.7,201.4487580,+34.2224208,0.0769,0.0738,14.5,15.231,14.197,11.258,8.453,,,,0.035,0.041,0.144,,,,,2010134801351002952,0000,0,11nn,AABU,223,226,268,239,
0.212882,1459203387785874176,197.20927948453547,25.0658320328415,6.06923378841871,85.58312361290244,-0.3508720477164391,0.27859795,0.07488955040901382,0.25319707,0.13349107839797517,0.20956373,18.566547,705.2251216735435,1.9917184,18.694534,18.244541,0.44999313,2016.0,J130850.23+250357.1,197.2093110,+25.0658838,0.1428,0.1301,5.7,15.982,14.960,11.482,8.433,,,,0.054,0.080,0.196,0.309,,,,1966125701351000211,0000,0,11nn,AABB,275,478,-272,527,
0.683456,1459212218238659968,197.39164282000573,25.24452581259872,9.09254575821611,85.51841277055496,0.13792948654686682,0.27573305,0.1210549544039213,0.23339452,0.14007027251253276,0.20764586,18.52839,730.4493228547367,4.310237,18.6354,18.218365,0.41703606,2016.0,J130933.98+251439.6,197.3916115,+25.2443381,0.0792,0.0746,19.7,15.111,13.999,11.205,9.046,,,,0.037,0.041,0.127,0.489,,,,1966125701351000086,0000,0,00nn,AABC,395,219,262,237,
0.311163,1465015307466710528,193.04346893797276,29.954871831838283,119.7028910250111,87.16876265998494,0.1471573954112639,0.1457827,-0.1315951613172461,0.2139559,-0.05463630908875069,0.1700057,18.39734,824.158035482971,3.0120227,18.478706,18.12702,0.35168648,2016.0,J125210.41+295717.2,193.0434057,+29.9548050,0.0518,0.0499,174.8,14.074,12.948,10.086,7.503,16.858,16.568,15.666,0.027,0.027,0.063,0.168,0.171,,0.177,1930130201351018196,0000,0,110n,AAAB,143,176,78,172,0.774
0.330252,1459229844784481792,197.19048500979048,25.404932438271782,9.973889546216704,85.7514246034179,-0.04263616982074915,0.25648832,0.06282197331828036,0.2266106,-0.15518578565914265,0.19217633,18.613806,675.188143608575,2.53002,18.784586,18.237566,0.54701996,2016.0,J130845.71+252417.4,197.1904786,+25.4048409,0.0974,0.0891,17.7,15.489,14.317,10.725,8.531,,,,0.043,0.051,0.088,0.320,,,,1966125701351023410,0000,0,000n,AAAB,244,307,813,335,
0.140074,1459230325820815872,197.2968965245264,25.395345502418955,10.393775474184451,85.66008146352765,-0.42351496114388654,0.31129852,0.2079220026706729,0.24055555,0.26358538166368356,0.23419593,18.862171,537.1285738755873,2.02487,19.237043,18.28837,0.94867325,2016.0,J130911.24+252343.3,197.2968577,+25.3953624,0.1206,0.1114,17.9,15.925,14.768,11.891,8.684,,,,0.050,0.061,0.246,,,,,1966125701351023474,0000,0,01nn,AABU,551,391,214,424,
0.089774,1459242424744245760,196.3716545723633,25.108835488681745,1.0806760481605981,86.25561663352858,-0.14428236897374191,0.17172757,-0.15427558104284433,0.17563407,0.0456743298541797,0.11827093,17.822908,1398.888317503645,2.530395,17.988209,17.48287,0.50533867,2016.0,J130529.19+250631.8,196.3716271,+25.1088371,0.0641,0.0615,16.6,14.875,13.620,10.686,8.435,,,,0.032,0.032,0.104,0.339,,,,1966125701351007799,0000,0,110n,AAAB,21,168,80,182,
0.068456,1459257130712273024,196.49833166069527,25.267606016767953,4.06744173844506,86.24231191280015,-0.6470475447862198,0.5304881,-0.415948478328396,0.56513745,-0.09039371310843983,0.3829406,18.796928,570.3942084512136,3.7288415,17.947853,16.545944,1.4019089,2016.0,J130559.59+251603.4,196.4983153,+25.2676180,0.0456,0.0446,100.2,13.207,12.741,10.780,8.055,15.277,14.575,14.049,0.025,0.025,0.108,0.238,0.070,0.072,0.063,1966125701351005162,0000,0,110n,AAAB,44,68,160,70,0.105
0.407919,1470314438117955968,202.55879017198075,34.772606916876924,77.9291609872471,78.71407825729982,0.004052728330371326,0.15636104,-0.20316903812954634,0.12773158,0.006591695830942167,0.21539932,18.740921,600.5905178672308,1.1985655,18.922632,18.301407,0.62122536,2016.0,J133014.08+344621.6,202.5586988,+34.7726918,0.0829,0.0780,9.6,15.455,14.273,10.924,8.656,,,,0.037,0.043,0.108,0.357,,,,2028134801351035059,0000,0,110n,AAAC,-78,269,114,289,
0.111000,1465098423673696000,191.79945269292486,29.652911876061832,142.95459829425187,87.30866793095903,0.1182921062780626,0.10872128,-0.17062116685861323,0.12972008,0.20343216001747402,0.10451551,17.5131,1860.8311345746868,9.459364,17.527555,16.880978,0.64657784,2016.0,J124711.86+293910.5,191.7994576,+29.6529424,0.0423,0.0415,120.1,13.309,12.353,9.736,7.312,16.224,15.605,14.574,0.024,0.024,0.046,0.105,0.122,0.148,0.108,1913130201351002599,0000,0,1100,AAAA,69,97,267,101,0.194
0.113032,1465105153886789504,191.91629807610883,29.751605799009894,140.25306863230765,87.24870989099114,0.1007355152232453,0.19318274,-0.04651504857754666,0.1810132,0.02929710245995996,0.14796486,18.331533,875.6558020881896,2.4725537,18.56714,17.877829,0.689312,2016.0,J124739.91+294505.8,191.9163274,+29.7516242,0.0750,0.0700,18.0,15.309,13.750,10.152,7.716,,,,0.040,0.036,0.061,0.145,,,,1913130201351000054,0000,0,0000,AAAB,261,260,204,263,
0.094216,1465153120081433728,191.4754095124645,29.80036468565591,147.08729492048255,87.06398727928762,0.011832350359518868,0.11570542,-0.04513316569891513,0.12757912,-0.18302080178478464,0.15090354,18.071873,1112.237842276001,5.1975307,18.25787,17.74282,0.515049,2016.0,J124554.10+294801.3,191.4754245,+29.8003874,0.0464,0.0447,155.5,13.957,12.610,9.907,7.490,16.823,16.130,15.527,0.026,0.025,0.050,0.128,0.151,,0.201,1913130201351005120,0000,0,0011,AAAB,282,128,196,129,0.455
0.119429,1459326189490561792,197.34608441951994,25.558634551374166,12.613418900620996,85.68420223474233,0.10673403092603917,0.1927296,-0.12557609796074448,0.14852063,-0.04933546244814281,0.113338605,17.687,1585.4274827157342,5.369167,17.855938,17.32071,0.5352287,2016.0,J130923.05+253331.2,197.3460774,+25.5586671,0.0721,0.0680,4.3,15.035,13.659,10.451,8.278,17.147,16.616,15.769,0.035,0.036,0.075,0.319,0.167,0.243,0.191,1966125701351023365,0000,0,000n,AAAB,50,221,330,234,0.352
0.047617,1459332997014470272,197.4321621042864,25.726693960495304,15.06498520872418,85.67232501249175,0.02161091037407205,0.109169655,0.007262443797928973,0.08444146,-0.03490698264926462,0.07431257,17.095568,2733.5021922292085,2.19233,17.272884,16.737999,0.5348854,2016.0,J130943.71+254336.1,197.4321586,+25.7267068,0.0476,0.0470,160.6,14.177,12.779,9.624,7.059,16.434,15.727,15.657,0.027,0.026,0.045,0.090,0.097,0.106,0.155,1966125701351025940,0000,0,0110,AAAA,188,214,-44,170,0.539
0.103793,1470396862833103104,202.540233622105,35.180276414759476,79.5392975304527,78.45927572465378,-0.020337874031164445,0.06941184,0.12200019078298492,0.081793435,0.02826919186669485,0.114372805,18.086514,1097.339416793216,2.5286715,18.241335,17.766783,0.47455215,2016.0,J133009.65+351049.0,202.5402411,+35.1803046,0.0651,0.0619,15.2,14.892,13.754,10.837,7.998,,,,0.032,0.034,0.098,0.148,,,,2028134801351042699,0000,0,000n,AAAB,303,173,2,183,
0.124421,1470399512829786240,202.70975182587526,35.20051496753041,79.15972913777064,78.34189703817134,-0.11262038023391041,0.074548535,0.07312283367601771,0.09143446,-0.0010522442988814436,0.13315418,18.372858,842.9537646128601,3.1577125,18.452772,17.99625,0.456522,2016.0,J133050.34+351201.9,202.7097683,+35.2005468,0.0527,0.0510,5.1,14.418,13.234,10.192,7.824,16.661,16.163,16.048,0.029,0.028,0.059,0.150,0.137,,0.251,2028134801351045458,0000,0,000n,AAAB,161,145,151,145,0.234
0.409160,1470402158527713280,202.80939101299884,35.34764656187934,79.44030606128187,78.18376014124831,-0.028984958078585546,0.10210257,-0.20107133656442117,0.13783592,0.2821235851378311,0.19454661,18.887953,524.5247220925887,1.4016606,18.971397,18.620556,0.35084152,2016.0,J133114.25+352051.9,202.8094153,+35.3477585,0.1086,0.0990,13.3,15.739,14.730,11.437,9.092,,,,0.044,0.057,0.190,0.481,,,,2028134801351058948,0000,0,00nn,AABC,551,342,-26,376,
0.415913,1459364157001328512,197.84478737750192,26.01325340633904,20.0163144052633,85.40432143245404,-0.03629440572945357,0.27924535,-0.11608869861159389,0.16747868,0.36188101812872847,0.23313221,18.89658,520.3735627626911,2.1100135,19.246515,18.53596,0.71055603,2016.0,J131122.73+260048.0,197.8447189,+26.0133512,0.1668,0.1491,12.0,16.316,15.618,11.540,8.566,,,,0.059,0.109,0.187,,,,,1983125701351039574,0000,0,0nnn,ABBU,126,584,451,645,
0.195370,1465193905091209728,192.22375509627267,30.28765690226697,132.78918377229394,86.79179202137729,-0.06072952695310624,0.15598866,0.20402784506159022,0.1573424,0.05273894186652642,0.1675049,18.502346,748.1842543782303,1.6854348,18.752808,18.166002,0.58680534,2016.0,J124853.70+301715.7,192.2237905,+30.2877017,0.0836,0.0784,10.6,15.287,14.102,10.949,8.505,,,,0.037,0.042,0.132,0.359,,,,1930130201351036852,0000,0,000n,AABC,435,258,493,276,
0.310785,1465198749814357376,192.1726614880797,30.409180342536654,133.16607463668385,86.66431843312226,0.18793114822286844,0.15025339,-0.2116108871029375,0.15430959,0.22453414674254568,0.19214681,18.518307,737.2659005475845,2.7891667,18.710312,18.113844,0.596468,2016.0,J124841.42+302432.7,192.1726243,+30.4091002,0.0925,0.0853,18.6,15.478,14.421,11.048,8.928,,,,0.041,0.048,0.111,0.467,,,,1913130201351025260,0000,0,11nn,AABC,50,285,243,307,
0.109702,1470417238158012544,202.55574986765805,35.40200140977432,80.31595134084259,78.30162335298411,-0.050333251041058354,0.069450594,0.0015029018611251428,0.09236459,-0.1165557520835298,0.12885487,18.246881,946.6598911582148,2.595755,18.45513,17.872282,0.5828476,2016.0,J133013.37+352407.3,202.5557468,+35.4020318,0.0524,0.0510,170.8,14.474,13.105,10.117,7.505,17.047,16.543,15.825,0.030,0.027,0.057,0.123,0.191,0.249,0.202,2028134801351061757,0000,0,000n,AAAB,306,157,171,160,0.675
0.076491,1465211772155212800,192.01408787156916,30.481848952300066,135.18632157415985,86.56560194720491,0.18933824493593804,0.19378935,-0.11091455943644556,0.19011344,-0.2327235023879704,0.19462723,18.65925,647.5101716869611,1.6378678,18.85937,18.282366,0.5770035,2016.0,J124803.37+302854.7,192.0140800,+30.4818691,0.0833,0.0789,23.8,15.463,14.097,10.938,8.335,,,,0.039,0.042,0.097,,,,,1913130201351049455,0000,0,000n,AAAU,253,265,472,277,
0.081937,1470433151013613824,205.29995588699705,33.06010741617341,64.81763926133299,77.72328739819017,0.026321296803608354,0.104388475,-0.05676313504226897,0.09859443,0.17446933916010007,0.13282642,18.431784,798.4236165500886,3.463572,18.617449,18.065952,0.5514965,2016.0,J134111.99+330336.3,205.2999816,+33.0601001,0.0697,0.0659,11.9,15.205,13.764,10.738,8.447,,,,0.036,0.034,0.077,0.300,,,,2051133301351019114,0000,0,011n,AAAB,187,204,47,218,
0.159638,1465226168885545600,192.60645032237588,30.2777259741534,126.9025111651099,86.84271767765118,0.27106454496087523,0.14893378,0.011981966887844786,0.13234009,-0.125101004142505,0.13828999,18.068247,1115.958802802301,4.5281825,18.287228,17.727402,0.5598259,2016.0,J125025.55+301639.9,192.6064929,+30.2777508,0.0694,0.0654,17.1,14.848,13.829,11.052,8.961,,,,0.032,0.037,0.159,0.507,,,,1930130201351034072,0000,0,000n,AABC,-188,190,45,201,
0.099819,1459399551827643648,197.0031632975954,25.902577584451414,15.573011779838167,86.09511286072912,-0.0146166832068286,0.17257123,-0.1372798878098735,0.16686668,-0.05026755153632957,0.13843386,17.897457,1306.0627469100016,10.050846,17.754305,16.818586,0.93571854,2016.0,J130800.75+255409.3,197.0031410,+25.9025968,0.0426,0.0406,135.0,12.999,12.204,10.035,7.719,15.592,14.771,13.831,0.024,0.023,0.069,0.182,0.083,0.082,0.068,1966125701351028656,0000,0,330n,AAAB,107,86,28,80,0.284
0.142992,1459405629205558784,197.22934151105687,26.069739102899838,18.760138746217535,85.9520749107765,-0.02318084151110044,0.27777776,-0.21419623458391895,0.19235556,-0.04444879296232271,0.16791792,18.496553,752.1861429205278,2.866917,18.730783,18.085485,0.645298,2016.0,J130855.03+260411.1,197.2292995,+26.0697516,0.0693,0.0669,4.3,14.936,13.633,10.664,7.867,,,,0.033,0.036,0.130,0.239,,,,1966125701351049151,0000,0,110n,AABB,255,205,106,216,
0.315609,1465244035949571328,192.4957625028843,30.480282616103562,128.276466329934,86.63285780138311,-0.06547168741482537,0.16283418,-0.05563018977009192,0.17582548,0.11583682531439161,0.17596003,18.32129,883.9568338033671,2.458782,18.562653,17.806625,0.7560272,2016.0,J124958.96+302849.2,192.4956932,+30.4803468,0.0845,0.0795,11.7,15.451,14.299,11.231,8.846,,,,0.039,0.042,0.147,0.356,,,,1930130201351039523,0000,0,00nn,AABC,-94,259,321,276,
0.176174,1465247987319489792,192.68642827594297,30.51271844691944,125.45557191399556,86.61213909814923,-0.056516297781932595,0.1654183,-0.28557024484326987,0.20756282,0.2625663712702672,0.1813129,18.367004,847.5103983408193,3.294103,18.569693,17.964067,0.60562515,2016.0,J125044.73+303045.9,192.6864135,+30.5127657,0.0675,0.0633,10.3,15.082,13.643,10.548,7.989,,,,0.034,0.034,0.076,0.183,,,,1930130201351042200,0000,0,000n,AAAB,-3,201,193,214,
0.036076,1465251599387842560,192.68607652446303,30.581144074176702,125.40896142524211,86.54376937999976,-0.08582049354149102,0.60548997,-0.13524296365104255,0.87801456,0.18656611638958492,0.78493893,18.96821,487.14956345198686,3.934731,17.440075,15.995938,1.4441366,2016.0,J125044.66+303452.1,192.6860863,+30.5811495,0.0438,0.0421,109.8,12.798,12.827,12.209,8.886,14.607,13.873,13.505,0.023,0.026,0.367,0.418,0.075,0.074,0.068,1930130201351042142,0000,5,21nn,AACC,158,62,50,64,0.091
0.053694,1465258952371549312,192.8555072664361,30.50854397574302,122.98996858634193,86.61970423318643,-0.14829931498128224,0.17772505,0.2907460704862911,0.21303993,-0.14489008392249844,0.18458608,18.731056,606.0719484169701,2.9922717,18.788067,18.20915,0.57891655,2016.0,J125125.31+303030.7,192.8554920,+30.5085510,0.0490,0.0474,169.1,14.128,12.944,9.792,7.501,,,,0.027,0.027,0.046,0.157,,,,1930130201351042165,0000,0,0000,AAAB,128,178,-50,164,
0.071798,1459426696020988160,197.69132793444777,26.29219476583805,23.06239187666439,85.6038465177438,-0.07877616105155809,0.33409142,0.11584693834758107,0.1693527,0.29800544042316135,0.22674832,18.717382,613.7527794429902,1.5662816,18.836584,18.356411,0.4801731,2016.0,J131045.91+261731.8,197.6913162,+26.2921778,0.0632,0.0610,9.4,14.783,13.583,10.578,8.517,,,,0.031,0.033,0.092,0.387,,,,1983125701351058718,0000,0,000n,AAAC,242,210,189,214,
0.059625,1459428100475013632,197.7677158831923,26.307978344672453,23.44487782277156,85.54007566057541,0.19649361074458138,0.23875713,0.07990709979486595,0.12280608,-0.14341276760810892,0.18800521,18.446005,788.0335519709118,1.4515907,18.715872,17.98769,0.72818184,2016.0,J131104.24+261828.7,197.7677002,+26.3079871,0.0623,0.0607,15.5,15.011,13.597,10.129,7.729,,,,0.032,0.032,0.054,0.154,,,,1983125701351058716,0000,0,110n,AAAB,68,368,210,301,
0.041684,1465280972667863168,192.9496360414041,30.783913923962775,121.71734898884498,86.34348558974968,0.06057191036118273,0.081169054,-0.1511157492075643,0.10470154,-0.1786300766859297,0.09753068,17.321665,2219.631945567402,1.795117,17.771406,16.689672,1.0817337,2016.0,J125147.90+304702.0,192.9496228,+30.7839120,0.0973,0.0906,7.1,15.274,15.354,12.480,9.184,15.874,15.358,15.384,0.036,0.091,,,0.066,0.090,0.136,1930130201351057883,0000,0,0nnn,AAUU,221,277,-164,302,0.127
0.257850,1459454183812291968,196.0677484992646,25.502500746037924,4.1700297204192855,86.69669436156077,-1.367868524640957E-4,0.2808811,-0.2275376173011171,0.29567122,0.10705105424942243,0.225784,18.781683,578.4605474844027,2.0575745,18.95414,18.405193,0.5489464,2016.0,J130416.24+253008.9,196.0676712,+25.5024846,0.0986,0.0908,18.8,15.624,14.527,11.440,8.376,,,,0.041,0.052,0.225,0.317,,,,1966125701351013217,0000,0,11nn,AABB,214,305,-54,334,
0.091077,1470491901869204864,205.61808548167775,33.676344265558704,66.81250894083179,77.21042042274087,-0.04576801418979337,0.14213538,-0.02856054838300308,0.14790908,-0.05457088597343357,0.21560101,18.76091,589.6340060259422,2.6115983,18.879541,18.408766,0.4707756,2016.0,J134228.34+334034.7,205.6181126,+33.6763328,0.0731,0.0684,20.1,15.290,13.948,10.769,8.251,,,,0.037,0.036,0.087,0.262,,,,2051133301351049127,0000,0,000n,AAAB,216,225,44,238,
0.180547,1459460639147123712,196.45752034361595,25.67061988031692,9.40327562929537,86.46310543742723,-0.029167268785079213,0.20531447,0.2819945741125538,0.21767794,-0.12176231358450579,0.15765423,18.241533,951.3355314597108,1.5919775,18.449955,17.824263,0.62569237,2016.0,J130549.81+254014.1,196.4575603,+25.6705850,0.0743,0.0703,0.4,15.148,13.915,10.761,8.151,17.409,16.273,15.962,0.035,0.037,0.126,,0.244,0.198,0.224,1966125701351033952,0000,0,11nn,AABU,249,214,-5,232,0.547
0.119846,1465309216373482496,192.2643392141194,30.722818553154593,131.03478206280377,86.36790900086356,0.20182849160823618,0.17121476,-0.15147408736468218,0.17065792,-0.060618646335080066,0.2111668,18.488,758.135303368508,2.782953,18.709412,18.081345,0.628067,2016.0,J124903.43+304322.2,192.2643301,+30.7228509,0.0565,0.0551,173.3,14.680,13.217,10.129,7.478,,,,0.031,0.029,0.066,0.144,,,,1930130201351039470,0000,0,000n,AAAB,336,178,327,181,
0.293797,1459485756115545216,196.64425108451334,25.763493688800978,11.8462934478422,86.34703154277057,4.528312620405636E-4,0.30629694,-0.24401925231654642,0.3076696,0.3932492532378532,0.21691474,18.544222,719.8766394957436,2.6351864,18.681814,18.192503,0.48931122,2016.0,J130634.63+254548.7,196.6443315,+25.7635314,0.1032,0.0965,15.1,15.645,14.483,10.920,8.251,,,,0.042,0.053,0.146,,,,,1966125701351031239,0000,0,011n,AABU,189,327,-40,352,
0.126959,1470519458379699328,204.7259638257881,33.560385158962795,67.96855839560851,77.91995643094434,-0.0908647659200935,0.19628592,0.02723107722672951,0.15926394,0.31181120355399133,0.23514244,18.947119,496.70576207911205,2.0842772,18.946568,18.576233,0.37033463,2016.0,J133854.22+333337.3,204.7259227,+33.5603768,0.0705,0.0679,5.1,14.996,14.073,11.074,8.735,,,,0.033,0.037,0.111,0.354,,,,2051133301351043823,0000,0,01nn,AABB,17,213,248,224,
0.213622,1459491975228198400,196.7254440588619,25.831898228972904,13.26438561273752,86.30500486614588,-0.013063391694724029,0.23526475,0.4793829078172599,0.25691044,-0.3007052657921594,0.18372956,18.152079,1033.0359706338438,2.6027737,18.230907,17.934324,0.29658318,2016.0,J130654.09+254954.7,196.7253824,+25.8318771,0.0624,0.0599,9.1,14.784,13.415,10.546,8.480,,,,0.032,0.031,0.103,0.533,,,,1966125701351031181,0000,0,000n,AAAC,54,160,10,171,
0.114021,1470535057700987136,205.37783973290507,33.753422957483544,67.54569979060949,77.35119866617649,0.06557579773263758,0.09374807,0.03490881083257106,0.08778977,-0.07935924722989583,0.12847318,18.143631,1041.1052346201059,1.7693046,18.38787,17.686554,0.70131683,2016.0,J134130.68+334512.4,205.3778670,+33.7534451,0.0607,0.0583,24.6,14.899,13.556,10.318,8.044,,,,0.032,0.030,0.068,0.226,,,,2051133301351046348,0000,0,000n,AAAB,455,191,116,198,
0.209350,1465354674306907392,192.5402927203154,31.175595745223756,126.79491340822166,85.94307381618377,-0.022115652034283985,0.17376731,-0.07691565124353725,0.2081603,0.047653731979085984,0.18055461,18.523653,733.6448459490326,1.8148483,18.715004,18.222227,0.49277687,2016.0,J125009.67+311032.3,192.5403332,+31.1756425,0.1315,0.1210,21.8,15.845,14.749,11.214,8.848,,,,0.056,0.061,0.153,0.490,,,,1923131801351002945,0000,0,00nn,AABC,281,394,-185,425,
0.172970,1459517332715000576,196.46863678090781,26.1901198097743,17.5299960152696,86.64103355879826,0.003137631570917919,0.3072683,-0.16431730897622066,0.33342096,0.04346260986616689,0.2442603,18.581104,695.8333432979437,3.1829245,18.754047,18.32002,0.43402672,2016.0,J130552.46+261124.5,196.4686090,+26.1901609,0.0641,0.0611,4.1,14.940,13.642,10.711,8.360,,,,0.032,0.033,0.109,0.321,,,,1966125701351041736,0000,0,000n,AAAB,424,168,87,183,
0.182462,1465367971525312256,194.24783235252676,30.244189886401628,101.91255442964477,86.65458993320277,0.1515625639915924,0.20314243,-0.3527700496388908,0.24557786,-0.1973835613873566,0.2127633,18.731972,605.5612424445678,1.3323505,19.08368,18.224035,0.85964394,2016.0,J125659.49+301439.1,194.2478848,+30.2442127,0.0858,0.0797,17.3,15.334,14.329,10.366,8.034,,,,0.039,0.045,0.072,0.226,,,,1947130201351035588,0000,0,000n,AAAB,102,279,-41,298,
0.087480,1470562893385994624,205.2151567941605,34.055341552422824,69.04888476077032,77.32279765016321,0.02455046187999968,0.15109329,0.0798817760102527,0.12859789,-0.30212679104185813,0.18504198,18.740665,600.7319795084857,1.6070449,18.768589,18.017195,0.7513943,2016.0,J134051.64+340319.2,205.2151829,+34.0553526,0.0367,0.0353,122.8,12.796,11.633,8.876,6.754,17.286,15.945,14.945,0.023,0.021,0.027,0.079,0.206,0.129,0.102,2051133301351059742,0000,0,0033,AAAA,181,42,68,44,0.352
0.134255,1465388965325897216,194.1508523938379,30.53435714425418,104.86689217002036,86.41103508042052,-0.002437869323575967,0.13891466,0.15146929660973732,0.19052307,-0.11873665358672134,0.15749872,18.304825,897.4629907923305,1.5961908,18.514853,17.915686,0.59916687,2016.0,J125636.21+303203.7,194.1508933,+30.5343693,0.0807,0.0760,5.3,15.260,13.987,10.886,8.425,,,,0.037,0.040,0.109,0.316,,,,1947130201351041031,0000,0,000n,AAAB,276,244,12,262,
0.210585,1465400716356049536,194.4289900140072,30.55899361031232,101.46912383930214,86.30419702925326,0.03808039080977302,0.1358507,-0.030414172174773407,0.19144978,-0.022937730505160084,0.16888303,18.226534,964.5681998157607,1.4718548,18.433033,17.815563,0.6174698,2016.0,J125742.96+303332.2,194.4290346,+30.5589495,0.0927,0.0866,10.5,15.465,14.505,11.198,8.839,,,,0.040,0.049,0.125,0.420,,,,1947130201351043761,0000,0,00nn,AABC,-70,299,324,320,
0.344233,1459563653938409344,196.3201496297672,26.217762834429536,17.30786610578704,86.77649926797669,-0.04345103631451301,0.17349,0.27623097087392745,0.16354886,-0.06434468716036373,0.11837563,17.701109,1564.9598808384364,6.697634,17.752632,17.005482,0.7471504,2016.0,J130516.81+261303.7,196.3200586,+26.2177131,0.0374,0.0353,122.6,12.776,11.879,9.186,6.670,16.087,15.204,13.947,0.023,0.021,0.034,0.069,0.090,0.110,,1966125701351059271,0000,0,0000,AAAA,118,76,153,78,0.141
0.150160,1459575095731261568,196.05458799224533,26.311767665859815,17.689056069939298,87.03169853580991,0.09777240318806443,0.18321541,-0.20799643756608294,0.21402952,-0.2631205469090937,0.15831769,18.162182,1023.4679736669373,3.4601977,18.36594,17.814447,0.5514927,2016.0,J130413.09+261842.4,196.0545580,+26.3117996,0.0581,0.0566,172.5,14.904,13.478,10.540,7.855,,,,0.030,0.030,0.085,0.167,,,,1966125701351061808,0000,0,011n,AAAB,248,158,122,169,
0.267741,1470605735682494592,206.3063265821967,33.99410029567992,66.9040345910116,76.55669639058385,-0.0802244927344687,0.09824008,0.12656012301140399,0.09750267,-0.16797155880759213,0.12199133,18.322655,882.8456880409746,4.2150044,18.383139,17.97757,0.40556908,2016.0,J134513.50+335938.9,206.3062860,+33.9941666,0.0462,0.0448,148.6,14.016,12.832,9.898,7.709,,,,0.026,0.025,0.043,0.148,,,,2069133301351064183,0000,0,440n,AAAB,89,193,232,182,
0.052325,1470613058603518080,206.6655220434482,34.22454856208401,67.1985662368126,76.18691366794238,-0.6341384735922908,0.54613113,-0.17035910783203656,0.51827246,-0.003913011436142769,0.7649628,18.89953,518.9612829949247,3.0871446,16.659607,15.311975,1.3476324,2016.0,J134639.72+341328.3,206.6655374,+34.2245414,0.0410,0.0391,127.6,12.092,12.161,11.661,9.188,13.737,13.000,12.825,0.023,0.022,0.187,,0.042,0.042,0.041,2064134801351005447,0000,5,11nn,AABU,101,48,-45,49,0.222
0.039933,1470613500983464960,206.59437303408978,34.234680413130945,67.34945575718643,76.23455409110038,-0.019464045912987223,0.07881289,0.022297372982895892,0.08500783,-0.08734053498506417,0.120653726,17.986807,1202.8851542747864,4.0529184,18.27359,17.44416,0.8294296,2016.0,J134622.64+341404.8,206.5943596,+34.2346810,0.0586,0.0565,22.8,14.843,13.488,9.978,7.980,,,,0.031,0.032,0.044,0.187,,,,2064134801351005479,0000,0,111n,AAAB,89,189,65,192,
0.079589,1465460261783202560,193.59641889859438,30.838490873981947,113.25213933276198,86.23421002147467,-0.14914211582599565,0.1636213,0.11273840916589739,0.1987607,0.22905092873267313,0.17580253,18.32729,879.0847386407994,1.8344514,18.504944,18.040771,0.46417236,2016.0,J125423.13+305018.5,193.5963989,+30.8384769,0.1008,0.0922,14.7,15.722,14.467,10.945,8.492,,,,0.044,0.048,0.110,0.313,,,,1930130201351052704,0000,0,110n,AABB,118,327,310,356,
0.077140,1465476655673689088,194.2596131041377,31.02522672593643,105.83577898999924,85.91555701154482,-0.0033719836209074564,0.22908857,0.004925490583500675,0.23050542,0.11209483235391643,0.22268283,18.567348,704.7048152679172,2.7233596,18.912243,18.05606,0.8561821,2016.0,J125702.31+310130.8,194.2596256,+31.0252453,0.0533,0.0519,14.4,14.575,13.148,10.360,8.112,,,,0.028,0.028,0.063,0.234,,,,1947130201351062510,0000,0,011n,AAAB,341,158,240,164,
0.059758,1465524415710499968,194.64159426895884,31.124346623139417,102.07597604553669,85.71160191974397,-0.06344204785164749,0.12662658,0.041079183950391354,0.17727852,0.06652793769154348,0.16094275,17.987011,1202.6578600390878,5.9647174,18.20165,17.606936,0.5947151,2016.0,J125833.98+310727.7,194.6416024,+31.1243617,0.0704,0.0672,10.1,15.136,13.877,10.353,8.083,,,,0.034,0.035,0.075,0.206,,,,1941131801351002673,0000,0,000n,AAAB,450,235,93,245,
0.292631,1470670538149248768,205.61216000253606,34.48410639132289,69.97015155253729,76.82378026782983,0.012245023484027713,0.0638951,0.07504539772896333,0.06112254,-0.07534623340397834,0.08196906,17.568504,1768.2551682054575,4.0614476,17.750021,17.181635,0.5683861,2016.0,J134226.91+342903.0,205.6121458,+34.4841868,0.0522,0.0500,179.6,14.469,13.203,10.012,8.058,16.654,15.903,15.119,0.029,0.028,0.048,0.217,0.127,,,2064134801351013489,0000,0,110n,AAAB,165,155,16,159,0.225
0.366457,1459651374350484096,197.19631480098343,26.69531431042039,27.529058876209923,86.10887083240958,-0.4865006243990757,0.33721393,-0.14229286904820787,0.2446079,0.11489742314599537,0.21506044,18.867264,534.6154285098659,1.4201564,19.067404,18.454666,0.61273766,2016.0,J130847.09+264143.2,197.1962098,+26.6953538,0.1114,0.1026,20.0,15.776,14.574,10.867,8.318,,,,0.047,0.056,0.189,0.350,,,,1977127201351010428,0000,0,00nn,AABB,98,362,51,390,
0.101735,1465533791622856320,194.74844924396274,31.312601394179627,101.88325112534439,85.5028610530845,-0.28818521980196987,0.27541587,-0.1974661175321708,0.27289754,0.10058606901541009,0.20612217,18.898615,519.3985865084422,2.7029538,19.165579,18.546225,0.61935425,2016.0,J125859.63+311845.4,194.7484674,+31.3126250,0.1015,0.0933,14.0,15.749,14.512,10.935,8.440,,,,0.044,0.051,0.103,0.258,,,,1941131801351000113,0000,0,110n,AAAB,173,339,-215,369,
0.409942,1459661437458080768,196.58192997355204,26.41040414794984,21.586581169888294,86.60000899500949,-0.12270140371731095,0.34554508,0.35052320520595553,0.40723756,-0.5094291052297842,0.3140464,18.971355,485.7410784151326,1.917942,19.106764,18.640123,0.46664047,2016.0,J130619.63+262437.3,196.5818098,+26.4103671,0.0790,0.0744,10.8,15.398,14.079,10.558,8.253,,,,0.036,0.040,0.102,0.276,,,,1966125701351056804,0000,0,110n,AAAB,385,240,190,257,
0.192026,1470686584147106432,206.1329939242804,34.63563764700202,69.60597908643496,76.37677164576067,-0.0839674216809269,0.13573265,-0.016134598969034287,0.13705726,-0.029844732179483607,0.17423572,18.861393,537.514099104737,1.5310991,19.119255,18.370981,0.74827385,2016.0,J134431.90+343808.4,206.1329396,+34.6356667,0.1005,0.0943,13.1,15.887,14.281,11.274,8.742,,,,0.049,0.042,0.135,0.372,,,,2064134801351016249,0000,0,00nn,AABC,290,341,88,366,
0.039532,1465556782584372480,194.87446910201538,31.335630630172645,100.7362215009768,85.44026522807351,0.5330944935995139,0.3513611,-0.42083547841584323,0.44557792,0.3847342078628092,0.3554996,18.019428,1167.280396336057,4.386825,16.314116,15.149927,1.1641884,2016.0,J125929.87+312008.2,194.8744816,+31.3356279,0.0414,0.0394,126.3,12.235,12.260,11.705,9.167,13.803,13.165,12.872,0.023,0.023,0.245,,0.048,0.047,0.042,1941131801351023600,0000,5,00nn,AABU,-71,49,42,51,0.091
0.148572,1470705658098701184,205.9783924058601,34.82570902760045,70.57540534521384,76.3904211608858,-0.3791634513796563,0.35410884,0.008453786950915485,0.37364087,-0.7091384831960605,0.5021536,18.334595,873.1902765610398,1.8945627,19.185213,16.933273,2.2519398,2016.0,J134354.80+344932.4,205.9783514,+34.8256852,0.0714,0.0687,25.9,14.660,14.475,12.567,9.131,15.647,14.909,14.813,0.031,0.049,,,0.060,0.066,0.101,2064134801351034817,0000,0,00nn,AAUU,-9,164,-54,175,0.039
0.339411,1470717580927899264,204.77125420181883,33.83506541732906,69.0148811915594,77.75183678711997,0.5408806892946607,0.6004103,-0.03214519942061173,0.5168324,0.0827129411235885,0.7681782,18.970102,486.3017685945102,3.6023486,16.934145,15.503078,1.4310665,2016.0,J133905.08+335006.5,204.7712076,+33.8351514,0.0491,0.0397,128.5,12.320,12.364,11.559,8.621,14.046,13.392,12.972,0.025,0.026,0.185,,0.047,0.061,0.049,2051133301351062414,0000,5,nnnn,AABU,132,48,125,48,0.231
0.206811,1470722524433524608,204.7635512809818,33.91682692890136,69.36268175299905,77.71625424303903,0.10219193671242617,0.15308511,0.0407293465003636,0.1282199,-0.09496936665237563,0.17855273,18.792894,572.5182991787703,1.7224987,18.875206,18.528856,0.34634972,2016.0,J133903.26+335500.5,204.7636205,+33.9168280,0.1674,0.1537,16.3,16.425,15.273,12.377,8.359,,,,0.067,0.078,0.351,,,,,2051133301351063236,0000,0,1nnn,AABU,-19,581,-551,629,
0.098577,1470724963974735232,204.4601619248057,33.760396036347665,69.32809550392494,78.01276839901645,-0.10901890864399474,0.092929155,-0.06393839914893089,0.076194845,0.14937118597320528,0.12996829,17.993769,1195.19585128801,1.0147462,18.22632,17.509262,0.7170582,2016.0,J133750.44+334537.4,204.4601947,+33.7603987,0.0606,0.0576,7.8,14.697,13.388,10.469,8.494,16.947,16.089,15.899,0.031,0.031,0.072,0.279,0.201,0.224,0.278,2051133301351040700,hh00,0,011n,AAAB,391,184,54,194,0.651
0.086334,1465598392227170176,194.4092419070117,31.55777827807096,106.34618011391284,85.36924039196313,0.19002558527544292,0.39169702,0.3735302708153394,0.5378149,-0.7586570825116974,0.48515156,18.319998,885.008156037992,5.358677,16.806498,15.791443,1.0150547,2016.0,J125738.22+313328.0,194.4092578,+31.5577981,0.0459,0.0449,122.0,13.057,12.967,11.927,8.912,14.608,14.035,13.670,0.025,0.026,0.234,,0.047,0.056,0.050,1941131801351020913,d000,1,00nn,AABU,-46,63,100,66,0.096
0.305954,1470753173319877632,205.2550172162375,34.19671345160312,69.52956042339103,77.22349316412831,-0.11243917598169784,0.11937929,-0.07526790593780068,0.1049537,0.07533874785403562,0.1635158,18.595333,686.7737552100648,2.652141,18.745703,18.260715,0.48498726,2016.0,J134101.19+341147.8,205.2549700,+34.1966380,0.0769,0.0722,8.8,15.249,14.054,11.020,8.831,,,,0.035,0.038,0.117,0.425,,,,2046134801351000074,hh00,0,00nn,AABC,116,233,75,247,
0.120142,1470767196390547328,204.82698337094334,34.35730578189292,70.98950440133923,77.44353678004725,-0.007558238284002157,0.11156906,0.01628106855663581,0.10643228,-0.0736437837983391,0.1345635,18.391068,828.9335640993147,1.7934173,18.581728,17.948751,0.63297653,2016.0,J133918.48+342126.2,204.8270233,+34.3573004,0.0560,0.0549,9.2,14.774,13.437,10.228,8.105,,,,0.030,0.029,0.063,0.225,,,,2046134801351005485,0000,1,000n,AAAB,410,224,697,198,
0.219105,1459727236357358080,196.87915927558794,27.14986841529377,34.19513177954835,86.42296659371286,-0.08355827466455748,0.22449544,0.0943799812894372,0.29238927,-0.33229430172098096,0.21269383,18.671473,640.2622576035448,1.7110121,18.92581,18.133492,0.79231834,2016.0,J130730.99+270859.7,196.8791305,+27.1499236,0.0795,0.0751,13.7,15.364,14.283,11.001,9.052,,,,0.037,0.041,0.117,0.475,,,,1960127201351026097,0000,0,110n,AABC,142,240,130,255,
0.079821,1465653466591689216,193.43725289848567,30.97235102106728,115.58547770370676,86.12288262269763,-0.05919407139836654,0.2789262,0.3621330204058302,0.35322902,0.23650520836443936,0.30674723,18.957516,491.97242216897774,1.4464988,19.179886,18.476727,0.70315933,2016.0,J125344.93+305820.4,193.4372298,+30.9723609,0.0913,0.0863,17.4,15.658,14.272,10.989,8.172,,,,0.042,0.044,0.102,0.229,,,,1930130201351055348,0000,0,000n,AAAB,-166,298,5,311,
0.122945,1459733214951327360,198.39226378326555,26.136383588283653,22.841375296470098,84.95624284699457,-0.051953855534870724,0.1852217,-0.033847997611937936,0.08758329,0.0337917578165087,0.14049125,18.271528,925.4127057898978,2.400153,18.48035,17.864027,0.6163235,2016.0,J131334.13+260810.9,198.3922260,+26.1363874,0.0792,0.0742,4.5,15.334,14.205,11.042,8.296,,,,0.035,0.042,0.124,0.300,,,,1983125701351041952,0000,0,11nn,AABB,389,257,-475,278,
0.148695,1459758606798054144,198.4354819712368,26.458221156117865,26.528704510417413,84.97819278191277,-0.27793410347454667,0.25385135,0.18837063353700412,0.119108215,0.09379874118025441,0.17983183,18.67528,638.0209788853027,1.2486303,18.919971,18.289934,0.6300373,2016.0,J131344.51+262729.7,198.4354973,+26.4582601,0.0688,0.0653,11.3,15.241,13.778,10.555,7.976,,,,0.035,0.034,0.075,0.158,,,,1983125701351053945,0000,0,110n,AAAB,219,219,25,226,
0.080042,1465696798517372544,193.57474161767092,31.42711871383496,114.84725429938965,85.65613538533108,-0.13489844177065097,0.10948518,0.07441549695845116,0.15964606,0.14596837269822466,0.12116477,17.923836,1274.7131730348183,5.1432033,18.120974,17.538195,0.58277893,2016.0,J125417.94+312537.6,193.5747656,+31.4271275,0.0505,0.0501,6.8,14.586,13.029,9.907,7.866,16.457,16.079,15.788,0.028,0.027,0.047,0.150,0.142,0.239,,1941131801351015736,0000,0,110n,AAAB,190,88,36,94,0.513
0.420340,1465699886598526720,193.5194180234514,31.43652371606586,115.48158405479988,85.6534788621605,0.3112547078621489,0.21497364,-0.32414171927783436,0.3021087,-0.30272468339857556,0.24014233,18.95211,494.4275811725238,1.6078489,19.093048,18.588556,0.5044918,2016.0,J125404.67+312611.0,193.5194649,+31.4364140,0.0900,0.0834,19.5,15.680,14.240,11.239,8.668,,,,0.042,0.041,0.158,0.360,,,,1941131801351013261,0000,0,00nn,AABC,-321,291,-82,310,
0.124164,1459772763010298112,198.62631306562872,26.559156509709993,27.928766988631377,84.82369325318227,-0.16909050652273655,0.3132688,0.24312593001785843,0.15659034,-0.04002705451190414,0.23245984,18.981575,481.1904144663391,1.3942963,19.065321,18.62534,0.43998146,2016.0,J131430.31+263333.0,198.6263182,+26.5591907,0.0822,0.0760,14.5,15.383,14.260,11.030,8.191,,,,0.038,0.042,0.133,,,,,1994127201351010800,0000,0,01nn,AABU,163,254,149,274,
0.048296,1470825569288567296,204.68971337007676,34.51914546276563,71.89739636691164,77.45243014410997,-0.0046956806961884565,0.13093375,-0.07451447862442791,0.12177272,-0.1005978318034553,0.1751594,18.627201,666.9081192111263,1.1631628,18.802574,18.282207,0.52036667,2016.0,J133845.52+343108.9,204.6896982,+34.5191504,0.0636,0.0607,9.3,15.125,13.696,10.676,8.497,,,,0.033,0.032,0.076,0.267,,,,2046134801351018933,0h00,0,000n,AAAB,193,222,-2,224,
0.201115,1465724080149574912,193.0849448226908,31.333971449200572,120.30792675185904,85.78968277883334,-0.09524025971821201,0.14542653,0.11364030022325375,0.19290395,0.21924779469354144,0.16560416,18.014988,1172.0643392688032,6.3857803,18.223953,17.701988,0.521965,2016.0,J125220.39+312002.1,193.0849719,+31.3339206,0.0638,0.0615,176.8,14.877,13.500,10.470,7.688,,,,0.033,0.031,0.075,0.166,,,,1923131801351025020,0000,0,011n,AAAB,26,214,191,214,
0.036295,1470846807903841536,204.56154835485597,34.88045097259746,73.5427563638145,77.33952324893916,0.13297590621304545,0.10832311,0.03351519381017353,0.0877076,-0.059479006899404746,0.12968609,18.190334,997.2697341240022,1.6274067,18.46432,17.727648,0.73667145,2016.0,J133814.77+345249.5,204.5615484,+34.8804409,0.0581,0.0569,16.9,14.902,13.602,10.503,8.944,,,,0.030,0.030,0.078,0.439,,,,2046134801351032299,0000,0,000n,AAAC,74,256,117,240,
0.325183,1465736243496941056,192.77027352360952,31.486545428128558,123.9328471302722,85.64101107757867,-0.2560167698528746,0.22807351,0.11284488744932855,0.25250527,0.03685679757399085,0.19968751,18.747408,597.0123319204116,2.2719924,18.890427,18.371384,0.51904297,2016.0,J125104.84+312911.7,192.7701781,+31.4865846,0.0858,0.0806,19.6,15.413,14.231,10.935,8.910,,,,0.038,0.043,0.110,0.500,,,,1923131801351022605,hh00,0,000n,AABC,-94,284,379,300,
0.036835,1470863438016850048,205.5341459267148,34.65176663943465,70.74518384347266,76.79288510010261,0.02133350145831858,0.06686486,0.05074154334710823,0.05817347,-0.02575002023139536,0.082881995,17.522963,1844.001951984809,7.5364943,17.559814,17.218452,0.341362,2016.0,J134208.19+343906.3,205.5341583,+34.6517661,0.0465,0.0438,155.7,13.836,12.736,10.017,7.901,16.755,16.108,15.061,0.025,0.025,0.071,0.194,0.152,0.167,0.119,2046134801351024411,0000,0,000n,AAAB,216,156,104,137,0.355
0.105402,1459811417715978880,198.20945788479702,26.601049794740337,27.84240887416091,85.19876213105374,-0.16454264901154272,0.2583689,0.023501300802915286,0.11844891,0.11119741327788596,0.19130768,18.729649,606.8578449020509,1.4879209,18.975313,18.305193,0.67012024,2016.0,J131250.26+263603.7,198.2094252,+26.6010479,0.0823,0.0765,14.9,15.395,14.118,11.218,8.407,,,,0.039,0.040,0.142,,,,,1977127201351002495,0000,0,00nn,AABU,350,242,23,259,
0.057369,1459821038442733696,197.84609368083292,26.62310715587897,27.584588700282886,85.52371184801929,0.17542490353230508,0.21846223,0.021417882473289344,0.10860816,-0.024307668403334134,0.17401338,18.343147,866.3393526098622,1.8624566,18.72631,17.813873,0.91243744,2016.0,J131123.05+263723.1,197.8460759,+26.6231061,0.0424,0.0413,121.8,13.837,12.285,9.327,7.224,,,,0.026,0.023,0.036,0.118,,,,1977127201351004968,0000,0,1100,AAAB,202,188,262,181,
0.070250,1470876494717406208,205.40326259849263,34.74165764318438,71.32803256238864,76.83745276278506,-0.43441430306830603,0.6385663,0.06628947362615364,0.5303832,1.4770244736376992,0.7767027,18.998674,473.6709818760481,4.3426237,17.266663,15.895121,1.371542,2016.0,J134136.78+344430.0,205.4032713,+34.7416758,0.0447,0.0424,131.3,13.006,12.981,11.952,8.901,14.533,13.794,13.429,0.023,0.026,0.257,,0.042,0.044,0.046,2046134801351026904,0000,1,01nn,AABU,-110,60,11,63,0.129
0.172227,1470876803955077632,205.48135538250708,34.76622426081744,71.27105468344219,76.76999133799924,-0.10613609316309794,0.13377556,-0.06772799222189269,0.11691848,0.01448414811289669,0.1648828,18.704458,621.1022620454804,1.0798244,18.8597,18.29901,0.5606899,2016.0,J134155.52+344558.2,205.4813691,+34.7661778,0.0743,0.0656,164.7,14.655,13.492,10.998,8.475,,,,0.037,0.032,0.112,0.305,,,,2046134801351026907,0000,0,nnnn,AABB,,,,,
0.082155,1459823306185468032,197.65005673610233,26.626337539914644,27.319972642823476,85.69781759209509,-0.22174772614551852,0.29959217,0.11559645585699094,0.17438218,-0.3655197705462612,0.2754855,18.98322,480.46164830881276,3.0547502,19.223145,18.54787,0.6752739,2016.0,J131036.00+263734.7,197.6500376,+26.6263224,0.1006,0.0929,16.1,15.716,14.383,10.724,8.913,,,,0.046,0.049,0.095,0.507,,,,1977127201351005061,0000,0,111n,AAAC,511,334,405,360,
0.235460,1459840108097266176,198.21867045170367,26.785398782877003,30.045099212964516,85.21117620850548,0.15737398625530402,0.32892215,-0.12110828957519543,0.15300971,0.2718770462810768,0.2330544,18.943953,498.1562873960781,1.473674,19.172935,18.543732,0.6292038,2016.0,J131252.47+264707.2,198.2186383,+26.7853400,0.1148,0.1070,7.7,15.779,14.775,12.079,8.861,,,,0.045,0.064,0.322,0.454,,,,1977127201351002558,0000,0,01nn,AABC,-116,377,621,404,
0.060671,1465806199924446976,193.93456140653345,31.856418579009432,111.99836651678724,85.180220879455,-0.017572086376730234,0.12465185,-0.16770559211269281,0.17686497,-0.23751894911885052,0.16660188,18.016129,1170.834929112121,2.767298,18.122053,17.69441,0.42764282,2016.0,J125544.29+315123.1,193.9345702,+31.8564337,0.0498,0.0484,151.4,14.147,12.963,10.570,8.194,,,,0.027,0.026,0.078,0.232,,,,1941131801351031858,0000,0,011n,AAAB,261,122,290,123,
0.144853,1470926037163809024,204.90749726530717,34.893022250380106,72.87015916418906,77.09755714969695,0.08282387678781285,0.13882558,0.2067065614893178,0.12656164,-0.2957933725174198,0.19157426,18.767086,586.290091087384,2.3777943,18.91001,18.419874,0.4901352,2016.0,J133937.79+345335.0,204.9074883,+34.8930618,0.0981,0.0903,19.9,15.894,14.483,11.558,8.377,,,,0.046,0.043,0.176,0.258,,,,2046134801351029724,0000,0,00nn,AABB,441,322,26,344,
0.133248,1459871031861711232,199.03724997827777,26.724153386901843,30.139866381359703,84.4777217718561,0.04018292357987997,0.33508855,-0.03666379257264774,0.16525617,0.034241070003978226,0.2901554,18.901644,517.9516760911962,2.5076678,18.998802,18.568808,0.42999458,2016.0,J131608.94+264327.0,199.0372734,+26.7241839,0.0754,0.0714,5.4,15.229,14.267,11.683,8.949,,,,0.033,0.042,0.216,0.444,,,,1994127201351008068,0000,0,11nn,AABC,229,249,564,254,
0.164728,1465827910983126656,194.74178984603716,32.10831534005701,105.20103354653425,84.7583064461897,0.006931646511089491,0.25074905,0.03335178215325294,0.3153164,0.24361117032065313,0.28139478,18.985134,479.6156999973143,1.5744774,19.160475,18.579777,0.580698,2016.0,J125858.04+320629.9,194.7418437,+32.1083189,0.0696,0.0664,12.9,15.207,13.667,10.480,7.853,,,,0.036,0.033,0.080,0.189,,,,1941131801351051288,0000,0,331n,AAAB,165,217,17,226,
0.190824,1465855437429502464,193.77800617778928,31.951817721881206,113.74878691094746,85.11076003868244,0.20239639067810028,0.2259573,-0.2661927887068417,0.32386333,-0.4950057824109508,0.27705014,18.860914,537.7506615395846,3.4777474,18.894983,18.59781,0.29717255,2016.0,J125506.71+315706.7,193.7779990,+31.9518704,0.0871,0.0823,11.9,15.345,14.237,11.319,8.226,,,,0.037,0.047,0.153,,,,,1941131801351034616,0000,0,00nn,AABU,-192,268,-18,288,
0.439775,1459896217550100608,198.80964229417202,27.078159353609525,33.74698305394745,84.70349884314334,-0.23714144114044594,0.251523,0.09595629912332401,0.13437288,0.28349007125768694,0.19422862,18.533031,727.3349912458464,1.9648097,18.771582,18.109617,0.6619644,2016.0,J131514.28+270441.4,198.8095074,+27.0781815,0.0714,0.0676,21.3,15.221,13.886,11.002,8.774,,,,0.035,0.036,0.105,0.359,,,,1994127201351013436,0000,0,000n,AAAC,-54,230,214,230,
0.115316,1459901371510860800,198.92762088247073,27.084774190250048,33.85469411206929,84.59872733743315,0.10541856896936153,0.26048103,0.15089211393019356,0.14598921,-0.36711026507279154,0.22517425,18.757433,591.5256939269412,1.076926,19.067152,18.210741,0.856411,2016.0,J131542.62+270505.3,198.9276175,+27.0848061,0.0771,0.0729,16.0,15.413,14.224,10.637,8.942,,,,0.037,0.040,0.084,0.461,,,,1994127201351016067,0000,0,000n,AAAC,152,260,518,270,
0.084312,1470980604724625536,205.25051632997415,35.3858112745489,73.97055626117452,76.58882043466889,-0.011247450814018184,0.059397228,0.045688748600852244,0.090701245,-0.09591517353846889,0.122919306,18.351553,859.6572764646362,2.6601691,18.527697,18.008192,0.51950455,2016.0,J134100.12+352308.8,205.2505182,+35.3857879,0.0497,0.0490,162.9,14.476,13.112,10.130,7.743,16.858,16.316,15.618,0.027,0.026,0.054,0.141,0.144,0.190,0.178,2046134801351054613,0000,0,110n,AAAB,230,81,178,295,0.140
0.144897,1470983594021866624,205.38800258410757,35.54775490712475,74.26804235439658,76.40459393509447,0.014674797602307624,0.11258382,-0.18968812910929914,0.15817346,-0.022365874290874402,0.19117774,18.987885,478.4022687170809,3.6688778,19.080194,18.664669,0.41552544,2016.0,J134133.13+353251.9,205.3880519,+35.5477514,0.0608,0.0588,3.6,14.677,13.871,11.227,9.094,,,,0.030,0.034,0.119,0.467,,,,2046134801351054629,0000,0,11nn,AABC,158,183,220,182,
0.021016,1459925114090155392,199.27581371669459,27.237987383310887,35.49904103973346,84.29191350814872,-0.18110972857974159,0.18000223,-0.007891031036125826,0.09413382,-0.08866397942033746,0.11271533,17.85747,1355.0606963788941,3.6211836,18.044676,17.527212,0.5174637,2016.0,J131706.19+271416.7,199.2758189,+27.2379909,0.0725,0.0691,13.9,15.259,14.204,10.376,8.119,16.714,16.331,15.970,0.033,0.040,0.070,0.207,0.117,,0.229,1994127201351031747,0000,0,110n,AAAB,211,295,64,300,0.536
0.317644,1471013207820101120,206.60843218364548,34.69543053655747,69.01982734065712,76.00674425367598,-0.05846829759229584,0.1531414,-0.10216585577495121,0.16087441,0.2503594027667845,0.20848574,18.86489,535.7855927015606,2.522465,19.07648,18.537434,0.53904724,2016.0,J134626.00+344143.8,206.6083736,+34.6955045,0.1162,0.1074,16.4,15.962,14.632,11.999,8.792,,,,0.050,0.053,0.279,,,,,2064134801351032325,0000,0,00nn,AABU,428,399,-108,427,
0.355155,1459951502369219712,198.92884272391717,27.241221458750726,35.51698089483738,84.60041745898701,-0.2998034824596599,0.23423499,-0.0963955868705602,0.12582414,0.05362489039427312,0.18093301,18.536396,725.0834976766668,2.7051868,18.635622,18.274988,0.36063385,2016.0,J131542.93+271428.7,198.9288940,+27.2413089,0.0698,0.0664,12.0,15.099,13.842,10.759,7.935,,,,0.034,0.036,0.090,0.179,,,,1994127201351034444,0000,0,000n,AAAB,140,222,88,238,
0.132468,1459952911118523904,198.83837845992414,27.29680173418571,36.11396161751174,84.6807046521834,-0.11118339517253806,0.2144945,0.11254965135600298,0.12129269,-0.00139172735242277,0.17391835,18.384802,833.7309340485132,1.368121,18.621344,17.938955,0.6823883,2016.0,J131521.21+271748.5,198.8384017,+27.2968322,0.0689,0.0648,15.4,15.098,13.917,10.147,7.809,,,,0.033,0.037,0.058,0.188,,,,1994127201351037040,0000,0,000n,AAAB,97,265,-98,273,
0.055536,1459954629105978880,198.66746120147272,27.24709580032259,35.57635044133367,84.83281224492637,0.031655581348649056,0.17265281,-0.18634598350916878,0.09818361,-0.0876446108915286,0.17958501,18.133478,1050.8860014043626,1.4514779,18.355364,17.78789,0.56747437,2016.0,J131440.19+271449.5,198.6674653,+27.2471108,0.1184,0.1104,14.3,15.874,14.920,11.671,8.835,,,,0.047,0.067,0.201,,,,,1994127201351037136,0000,0,11nn,AABU,-366,390,-473,421,
0.074612,1471034957534169856,207.38042275001115,34.923873556153644,68.60589133443212,75.34081833529017,-0.06236111378418231,0.07614961,-0.11024517477454174,0.10558801,-0.054576637714229485,0.14201352,18.47895,764.4806849949459,1.5254399,18.6925,17.707335,0.98516464,2016.0,J134931.30+345525.9,207.3804418,+34.9238872,0.0422,0.0406,145.9,13.662,12.585,9.770,7.168,16.499,15.836,15.586,0.025,0.023,0.042,0.106,0.134,0.185,0.234,2064134801351026839,0000,0,0000,AAAA,171,99,104,98,0.153
0.082864,1471037946831412352,207.14681176918887,34.96489532417595,69.11144372863801,75.48963510316263,-0.007624416256957201,0.092814334,0.026942984354970553,0.13580145,0.026167647303994804,0.15644625,18.72407,609.9844785717623,2.7198913,18.675352,18.315277,0.360075,2016.0,J134835.23+345753.6,207.1467934,+34.9649127,0.0541,0.0520,179.3,14.493,13.369,10.441,7.878,,,,0.029,0.029,0.064,0.190,,,,2064134801351026851,0000,0,000n,AAAB,139,155,134,161,
0.523490,1471041348445853824,206.85672324879172,34.81539882275579,69.04580230650807,75.77017318916228,0.05691231716517217,0.086160436,-0.030723034507644038,0.108120814,-0.016334162686208187,0.14338787,18.388018,831.2649128870052,2.3812952,18.59738,17.889238,0.7081413,2016.0,J134725.58+344855.7,206.8565938,+34.8154981,0.0848,0.0618,70.4,14.398,13.153,9.913,7.674,,,,0.044,0.037,0.052,0.189,,,,2064134801351029270,0000,0,nnnn,AAAB,,,,,
0.145874,1471052446641025280,207.16744234532266,35.10391958432537,69.56292906951798,75.40750280800123,0.08973244587073581,0.05905323,0.0794528756136981,0.094226494,-0.06919368129518275,0.11987684,18.14004,1044.554043735045,1.2553053,18.321363,17.811335,0.51002884,2016.0,J134840.19+350614.1,207.1674887,+35.1039339,0.0736,0.0696,3.6,15.027,14.160,11.235,8.505,16.558,17.009,15.933,0.033,0.040,0.139,,0.143,,,2064134801351051058,0000,0,00nn,AABU,363,216,85,232,0.290
0.026053,1459997200821436032,198.91817907422143,27.663151432462634,40.00032721040528,84.59481863583608,0.33058225217311726,0.23999095,-0.10801967060360221,0.12969218,-0.06843345374220962,0.18737742,18.696665,625.576784270044,2.9370174,18.798714,18.36018,0.43853378,2016.0,J131540.36+273947.3,198.9181857,+27.6631472,0.0575,0.0562,22.7,14.642,13.469,10.614,7.987,,,,0.029,0.031,0.089,0.246,,,,1994127201351042411,0000,0,000n,AAAB,309,180,211,176,
0.324273,1460006825843633920,198.89101188592645,27.769727517903725,41.15088845456271,84.60975828342197,0.02727078383074699,0.23120348,-0.1408094191653786,0.1239074,-0.041787865970910235,0.16723755,18.634031,662.7258969381597,2.0906928,18.878717,18.263298,0.6154194,2016.0,J131533.86+274611.2,198.8910844,+27.7697907,0.1099,0.0970,11.4,15.821,14.605,10.911,8.420,,,,0.046,0.054,0.105,,,,,1994127201351063991,0000,0,nnnn,AAAU,97,328,905,355,
0.514747,1460023799554704896,197.85206428601668,27.013652158950208,32.59284359378615,85.55320091492266,-0.29614199211675807,0.7610517,0.6611293754788595,0.40445742,0.42926297788874235,0.58046496,18.654722,650.2159118401606,3.0951092,17.568365,16.89743,0.6709347,2016.0,J131124.45+270049.0,197.8519075,+27.0136216,0.0485,0.0478,6.1,13.707,13.278,9.435,6.785,15.575,15.212,14.772,0.025,0.031,0.040,0.077,0.078,0.107,0.135,1977127201351018215,0000,0,1110,AAAA,98,76,51,131,0.339
0.114949,1460025410166376832,197.62705874419697,26.952142795722086,31.64269196068707,85.75018166573025,0.12113223825887262,0.3098506,-0.07437794392443156,0.17189045,-0.08642194305848785,0.24569915,18.972044,485.43265415018345,2.6473658,19.243584,18.406893,0.8366909,2016.0,J131030.49+265707.8,197.6270522,+26.9521742,0.0472,0.0471,20.2,13.983,12.634,9.534,6.816,,,,0.026,0.025,0.050,0.104,,,,1977127201351018217,0000,0,11nn,AAAA,150,136,70,137,
0.088191,1460031182602410752,197.55514830790923,26.929474542057388,31.28009461418088,85.81272817834125,0.17788677097676264,0.1577435,-0.05257292869606725,0.08715606,-0.09858951872296408,0.12198623,17.922718,1276.0265975364211,1.3965439,18.140394,17.548218,0.59217644,2016.0,J131013.22+265546.1,197.5551215,+26.9294801,0.0780,0.0745,5.5,15.063,13.792,10.549,7.624,,,,0.036,0.039,0.108,,,,,1977127201351015404,0000,0,00nn,AAAU,286,230,366,246,
0.320669,1460047056801582080,197.87623479995878,27.006659492569856,32.51581140255626,85.53136584634859,-3.7186726994578416E-4,0.27746195,0.06492252275991928,0.13325606,-0.2456396252897848,0.22717598,18.929897,504.6475281490419,1.677012,19.051924,18.598835,0.45308876,2016.0,J131130.27+270024.1,197.8761585,+27.0067170,0.0841,0.0795,19.8,15.343,14.084,11.258,8.854,,,,0.039,0.041,0.186,,,,,1977127201351018273,0000,0,00nn,AABU,137,244,11,262,
0.069588,1460060976791627392,198.03302380945075,27.33053801016798,36.63231257810277,85.39566507368251,-0.30882437740206525,0.5995385,0.03877270982658558,0.320561,-0.285180667667626,0.49720013,18.065823,1118.4538337631095,5.967452,16.124205,14.7713175,1.3528872,2016.0,J131207.92+271949.9,198.0330034,+27.3305448,0.0381,0.0352,133.1,11.357,11.450,10.904,8.605,12.941,12.313,12.171,0.022,0.020,0.133,0.413,0.039,0.052,0.047,1977127201351028593,0000,5,100n,AABC,146,41,79,42,0.037
0.098900,1471138900039221632,207.56838999043217,35.204135554194835,69.28451801346287,75.07212725461174,-0.014906613721316159,0.08051738,0.09872124326470835,0.12802994,-0.20171772197612914,0.15921465,18.77314,583.029938102049,3.3599644,18.883944,18.284016,0.5999279,2016.0,J135016.41+351214.9,207.5684133,+35.2041554,0.0479,0.0468,148.2,14.106,12.928,10.110,7.533,,,,0.026,0.026,0.054,0.133,,,,2083134801351040406,0000,0,1111,AAAB,55,156,0,144,
0.078274,1460068737796690304,197.69488476690947,27.279122942503783,36.04575528761634,85.69707730880012,0.058928956859424564,0.2911911,-0.27503829169889626,0.1445179,0.020445363916545237,0.2397313,18.707804,619.1919856254693,4.185344,18.786287,18.047234,0.7390537,2016.0,J131046.77+271644.7,197.6949033,+27.2791087,0.0569,0.0545,8.7,14.298,13.289,10.825,8.237,,,,0.029,0.030,0.131,,,,,1977127201351031150,0000,0,00nn,AABU,218,122,133,132,
0.267478,1471146523604893824,207.58965086708434,35.49313393322702,70.2268264852079,74.91625065032062,-0.09043533578613583,0.06747931,-0.010048317066988048,0.109200545,-0.019671664223533794,0.12248919,18.48869,757.6540491076538,1.5005686,18.635475,18.199387,0.43608856,2016.0,J135021.50+352935.5,207.5896243,+35.4932050,0.0682,0.0648,14.0,15.185,13.783,10.776,8.119,,,,0.035,0.034,0.087,0.210,,,,2083134801351063968,0000,0,001n,AAAB,45,202,69,215,
0.136808,1471149134944910336,207.31238456639778,35.29506780960975,69.99091598432638,75.21056319619015,0.08968082608690983,0.31494054,0.3826591027326193,0.49298707,-0.024928250415281315,0.7068974,18.935757,501.9309703909323,2.4281795,16.417055,15.11947,1.2975855,2016.0,J134914.98+351742.2,207.3124304,+35.2950746,0.0411,0.0393,124.9,12.036,12.100,11.348,9.081,13.513,12.866,12.684,0.023,0.022,0.142,,0.033,0.039,0.039,2064134801351050988,0000,5,00nn,AABU,60,44,-58,44,0.260
0.146804,1460108599388906880,197.2024190037244,27.34164107982362,37.08757731547615,86.13283615033079,-0.22186322688615945,0.17183734,-0.04196676329387254,0.13655564,0.11425763560294383,0.19191214,18.637012,660.9087004568823,1.8443003,18.764627,18.290466,0.47416115,2016.0,J130848.57+272029.7,197.2023886,+27.3416105,0.0595,0.0571,5.5,14.833,13.453,10.391,7.760,,,,0.032,0.030,0.075,0.181,,,,1977127201351036292,0000,0,110n,AAAB,148,161,296,173,
0.138185,1460129730628042496,197.64297437612262,27.56688541234847,39.92184660589902,85.72882374211173,-0.20224635639814978,0.20441428,-0.09276653508350625,0.12039644,0.05132465755446263,0.2145288,18.880217,528.2747006105617,1.0214014,19.073956,18.573719,0.5002365,2016.0,J131034.31+273400.6,197.6429768,+27.5668471,0.1005,0.0941,18.0,15.628,14.263,11.604,8.826,,,,0.045,0.046,0.278,0.466,,,,1977127201351043887,0000,0,00nn,AABC,114,309,-462,333,
0.226009,1460131964011040896,197.741234036831,27.65566928294077,40.989024022702935,85.63392073241737,-0.09386905630987744,0.22182254,0.048263309258872594,0.123667136,0.11495256646641125,0.23742801,18.970638,486.0617580324943,1.3981378,19.207766,18.55245,0.6553154,2016.0,J131057.88+273920.5,197.7411743,+27.6557031,0.1581,0.1447,9.1,16.215,15.085,11.953,8.547,,,,0.062,0.077,0.389,,,,,1977127201351043977,0000,0,01nn,AACU,375,535,92,585,
0.135627,1460141236844908160,197.46840115216176,27.711270494656592,42.09975503964754,85.86779014599209,-0.0056878284894987955,0.11324936,0.02024685175987058,0.07753874,0.057134834579708374,0.13909124,18.32129,883.9566841824156,7.8757696,18.296923,17.866922,0.4300003,2016.0,J130952.41+274240.4,197.4683915,+27.7112338,0.0573,0.0550,175.7,14.410,13.494,10.794,8.441,16.892,16.560,15.946,0.028,0.032,0.097,0.296,0.159,0.217,0.231,1977127201351041146,0000,0,110n,AAAB,109,144,14,150,0.299
0.175072,1460156870525370880,198.22432425092782,27.475010956782302,38.32024556494396,85.22056088195879,-0.006929279442640305,0.23270403,0.07262208166407616,0.12285735,-0.027108153624389522,0.17661242,18.626654,667.2453263259537,2.4644442,18.922392,18.215412,0.70697975,2016.0,J131253.83+272829.8,198.2242953,+27.4749697,0.0848,0.0808,4.8,15.346,14.036,11.087,8.565,,,,0.039,0.041,0.161,0.473,,,,1977127201351046381,0000,0,11nn,AABC,63,260,54,280,
0.077248,1460170103320702208,198.15207340088634,27.56856288283872,39.49540337472367,85.27875953861299,0.1430130568097449,0.11647853,0.03138413276710207,0.06109632,-0.0687362755278263,0.09788582,17.3914,2081.550240850008,3.1657207,17.711805,16.874346,0.83745956,2016.0,J131236.49+273406.7,198.1520556,+27.5685483,0.0472,0.0469,6.5,14.098,12.695,9.538,7.446,16.367,15.863,15.152,0.027,0.026,0.047,0.149,0.134,0.197,0.140,1977127201351046322,0000,0,000n,AAAB,179,143,71,145,0.167
1.458847,1471232599045638528,207.04841551030609,35.897039072689864,72.43740628304548,75.08688634948075,-0.0748812122147802,0.08429616,0.12813326630084693,0.12545195,-0.08021077365740602,0.18387109,18.73278,605.1103916019056,2.6948812,18.88597,18.094488,0.791481,2016.0,J134811.70+355348.3,207.0487902,+35.8967706,0.0474,0.0453,136.3,13.947,12.860,10.219,8.103,,,,0.026,0.025,0.056,0.182,,,,2070136301351019207,0000,0,110n,AAAB,76,147,204,131,
0.032116,1460195628310436224,198.81910125055924,27.82608557960961,41.81961344610273,84.66736524588669,-0.03786764779146878,0.18005884,-0.056493482587605226,0.10283057,0.03278687729987477,0.14630012,18.23139,960.2649261760159,2.1409914,18.566336,17.716293,0.85004234,2016.0,J131516.58+274933.8,198.8191020,+27.8260767,0.1223,0.1109,20.2,15.864,14.949,11.045,8.315,,,,0.049,0.067,0.139,0.292,,,,1994127201351063942,0000,0,000n,AABB,-14,422,552,458,
0.083156,1471328149181865856,206.08573571117543,35.68143777051283,73.40073011082157,75.86015243785108,-0.02264765709954941,0.090276375,0.04935220070125775,0.14007005,-0.2982695426087718,0.17450392,18.790247,573.9156581810932,1.4987282,18.92092,18.515043,0.40587616,2016.0,J134420.57+354053.2,206.0857102,+35.6814479,0.1279,0.1168,22.3,16.190,14.770,11.710,8.499,,,,0.057,0.054,0.214,,,,,2051136301351000190,0000,0,00nn,AABU,509,428,725,461,
0.331936,4011031479123265664,190.10179755726085,29.02928548308533,174.28814674303862,86.91249531385743,0.08812461681927433,0.19148354,-0.24108247579628847,0.16239837,-0.2205080279131835,0.16660842,18.578959,697.2100241816637,2.0474281,18.778498,18.201498,0.57699966,2016.0,J124024.41+290145.7,190.1017444,+29.0293651,0.1272,0.1165,14.7,16.008,14.797,11.408,8.427,,,,0.053,0.062,0.170,,,,,1902128701351042457,0000,0,00nn,AABU,-181,434,521,472,
0.186529,4011069579777741952,190.42259855934526,29.378106360837112,166.0152033428431,86.89060735938259,-0.07757892986208335,0.21358974,0.23650829486898464,0.20899762,-0.08589676375207192,0.22370557,18.997223,474.30524643107407,2.6316879,19.145275,18.660187,0.48508835,2016.0,J124141.43+292241.3,190.4226387,+29.3781446,0.1762,0.1602,12.4,16.380,15.148,11.637,8.864,,,,0.069,0.083,0.220,,,,,1902128701351058782,0000,0,00nn,AABU,412,618,43,677,
0.225183,4011290036154594048,190.33764319667534,30.39980002596895,156.38057958875677,86.0519160065698,0.4359164593540641,0.5777396,0.3408289758008574,0.7176434,0.3576618650883955,0.60811245,18.70426,621.2161384059236,4.8074584,17.12268,15.765904,1.3567762,2016.0,J124121.04+302359.4,190.3376951,+30.3998437,0.0576,0.0453,54.0,12.923,12.912,11.366,8.582,14.321,13.658,13.408,0.028,0.031,0.174,,0.037,0.037,0.038,1895130201351027084,0000,0,nnnn,AABU,151,60,16,64,0.270
0.100130,4011483992581916672,190.14247477886494,30.629593762031618,156.4802303322973,85.76726746411686,-0.057914712802441086,0.24050772,0.16710012065444715,0.225901,0.4379988328409694,0.2852674,18.863651,536.397064256982,1.8043536,19.105017,18.378834,0.72618294,2016.0,J124034.19+303746.6,190.1424617,+30.6296192,0.0863,0.0806,14.2,15.390,14.283,11.180,8.201,,,,0.037,0.045,0.138,0.213,,,,1895130201351052534,0000,0,100n,AABB,330,268,-25,288,
0.250377,4011487806512904448,190.51502264484213,30.707043995134818,152.2028980375239,85.87491999227066,-0.1429205381969614,0.2599848,0.14240978119082404,0.27183428,-0.024002548102959136,0.24830295,18.984737,479.79095221170536,1.7244316,19.15203,18.661354,0.49067688,2016.0,J124203.62+304225.3,190.5151016,+30.7070287,0.0869,0.0816,15.7,15.600,14.181,11.148,9.071,,,,0.041,0.040,0.128,0.485,,,,1913130201351038717,0000,0,11nn,AABC,390,273,308,292,
0.071853,4011492479437438976,190.3630837486589,30.77620675372916,153.24885518440811,85.74841827028281,-0.0909786089494103,0.20499536,-0.34362307701731065,0.25978953,-0.09708730106497136,0.24722007,18.795511,571.1394427053706,1.8075376,18.916115,18.501392,0.41472244,2016.0,J124127.13+304634.3,190.3630610,+30.7762029,0.0843,0.0779,17.5,15.419,14.026,11.095,8.643,,,,0.040,0.040,0.127,0.343,,,,1895130201351055236,0000,0,00nn,AABB,446,261,260,279,
0.052723,4011509045126782848,190.2161041367753,30.911679904613163,153.7224818685963,85.56678164663067,-0.04890802991058017,0.15190583,0.13408629405592404,0.14240612,-0.08090668279122959,0.14016494,18.317806,886.7970385419777,2.3569512,18.437515,18.045057,0.39245796,2016.0,J124051.86+305442.0,190.2160903,+30.9116885,0.0577,0.0561,179.9,14.541,13.279,10.563,8.335,,,,0.030,0.030,0.094,0.284,,,,1895130201351055203,0000,0,011n,AAAB,478,168,76,171,
0.069582,1522219289687806464,196.96337272939826,35.83490424200786,102.08059991162888,80.61900428958513,-0.4006732435611612,0.4088508,0.5296867604024074,0.55603486,-0.09509484894147745,0.7356309,18.772625,583.3062155893241,2.6872764,16.801159,15.280477,1.5206823,2016.0,J130751.21+355005.6,196.9633965,+35.8349034,0.0396,0.0381,131.2,11.710,11.787,10.148,8.672,13.559,12.865,12.537,0.023,0.022,0.057,0.349,0.041,0.045,0.046,1977136301351010653,0000,5,000n,AAAB,41,50,132,50,0.235
0.180644,1517152254774234624,194.04850268927916,35.85025234369546,116.60595924613814,81.21950264795849,-0.012290559143396235,0.11059108,0.1693903637674917,0.11683454,0.00633282084007946,0.18770313,18.886505,525.22435661687,0.97884727,19.048113,18.573095,0.47501755,2016.0,J125611.65+355100.8,194.0485580,+35.8502298,0.1273,0.1157,12.0,16.011,14.943,11.475,9.007,,,,0.051,0.065,0.182,0.498,,,,1939136301351005539,0000,0,00nn,AABC,603,433,-274,477,
0.168217,1518327396482030592,190.43562985842058,35.06276220932155,136.97706591836646,81.79939912967718,-0.21602096259038672,0.3662248,-1.2883435854966967,0.7297082,-0.7431160624688146,0.6073684,18.477093,765.7902387798381,6.6225557,15.849766,14.594377,1.2553892,2016.0,J124144.54+350345.7,190.4356242,+35.0627157,0.0345,0.0321,160.0,10.760,10.571,7.769,5.751,13.007,12.410,11.979,0.022,0.020,0.021,0.044,0.061,0.073,0.049,1900134801351049583,0000,5,0211,AAAA,-43,183,-217,36,0.376
0.150344,1518336192575029376,190.08809874355288,35.049650868108024,138.90886353661952,81.73185857476642,0.031266837116173285,0.0440301,0.014582189003853666,0.07049834,0.029707775663572036,0.07578957,17.19775,2487.9771453132166,4.694241,17.35146,16.86689,0.48456955,2016.0,J124021.14+350258.8,190.0880842,+35.0496909,0.0554,0.0540,10.1,14.469,13.320,10.486,8.291,16.287,15.967,15.285,0.029,0.030,0.069,0.275,0.099,0.172,0.180,1900134801351046906,0000,0,011n,AAAB,252,154,67,163,0.698
0.169251,1518421778387537280,190.49350164005676,35.10607804497299,136.57817855044345,81.76990153882606,0.04646256977627817,0.096286885,-0.3696111719051557,0.21245731,-0.012063665933363592,0.16785696,18.42113,806.2963662903672,2.9880393,18.581905,18.097462,0.48444366,2016.0,J124158.44+350622.0,190.4935400,+35.1061130,0.0597,0.0569,170.6,14.686,13.395,10.507,7.964,,,,0.031,0.031,0.067,0.177,,,,1900134801351049625,0000,0,000n,AAAB,85,173,71,180,
0.158762,1518472119699917952,190.78154662631263,35.65197063820271,134.1566355436966,81.29438008641382,0.020244382013492428,0.05565887,-0.04052162979239353,0.09102009,0.08729297970895858,0.093244895,17.386314,2091.321126077018,4.369643,17.38894,17.018291,0.37064934,2016.0,J124307.58+353907.1,190.7815998,+35.6519796,0.0372,0.0364,120.7,12.978,11.992,9.292,6.814,16.215,15.312,14.908,0.023,0.021,0.032,0.068,0.130,0.108,0.114,1902136301351002738,0000,0,1100,AAAA,163,49,104,51,0.184
0.129997,1518484416190951296,190.81691331741152,35.89811251650359,133.6388270598994,81.0596412220084,-0.11248021497707568,0.14608745,-0.33663299757563064,0.22759576,-0.25741522296042413,0.2256102,18.992348,476.4392598224456,1.5057597,18.97843,18.062931,0.91549873,2016.0,J124316.04+355353.2,190.8168697,+35.8981201,0.0584,0.0571,8.5,14.571,13.653,10.641,7.774,,,,0.029,0.032,0.081,0.143,,,,1902136301351021727,0000,0,001n,AAAB,146,174,126,177,
0.140722,1518490360425257216,190.3117903966102,35.519882998000696,136.8216971900556,81.33179066213405,-0.11018033838962431,0.13677527,0.33983488796746864,0.26621667,-0.14057521469215808,0.23030885,18.89908,519.1764233200762,2.7200937,19.056818,18.541225,0.5155926,2016.0,J124114.82+353111.4,190.3117837,+35.5198443,0.1054,0.0972,18.9,15.819,14.440,11.356,8.938,,,,0.048,0.048,0.148,0.512,,,,1900134801351057462,0000,0,00nn,AABC,-154,343,530,367,
0.076918,1518508296208713216,190.03505242860885,35.6701505986979,137.97177655999565,81.12571459997237,-0.12208883737369278,0.114691064,-0.0879393348546661,0.18393001,0.23338223194186422,0.17751527,18.504526,746.6825144069873,1.6981038,18.653568,18.058237,0.5953312,2016.0,J124008.41+354012.5,190.0350714,+35.6701654,0.0847,0.0787,16.5,15.388,14.171,10.883,9.089,,,,0.039,0.043,0.096,0.464,,,,1902136301351008347,0000,0,110n,AAAC,239,260,239,277,
0.020081,1518533035220767744,190.70622674956934,35.99943093286115,134.06421944204848,80.94188244757726,0.057880407191532104,0.10655867,0.07617008189878918,0.15461972,0.010015093152159602,0.16162953,18.4628,775.9382626755446,1.8576344,18.626097,18.176939,0.4491577,2016.0,J124249.49+355957.9,190.7062314,+35.9994268,0.0568,0.0540,15.1,14.703,13.280,10.106,7.378,,,,0.031,0.028,0.056,0.106,,,,1902136301351021719,0000,0,0000,AAAA,236,180,86,181,
0.197876,1250692792968208640,208.56372754193626,22.171124666986653,17.191522857612515,74.90475966671836,-0.3607364917989037,0.23813705,-0.23246536643020604,0.21201344,-0.017208786007746182,0.26057735,18.978039,482.7596922298417,2.7405305,19.123987,18.647354,0.47663307,2016.0,J135415.29+221016.2,208.5637223,+22.1711794,0.0923,0.0863,5.1,15.507,14.265,11.497,8.506,,,,0.042,0.044,0.196,,,,,2085122701351004535,0000,0,00nn,AABU,-162,216,32,231,
0.189437,1250713958567478784,208.94627663990622,22.398981541212308,18.49792504235999,74.66053669957995,0.02547402477157367,0.19278882,-0.12801193534431693,0.14570533,0.2051115477549198,0.17699976,18.71066,617.5649720784245,1.1872425,18.909342,18.331718,0.57762337,2016.0,J135547.11+222356.5,208.9462998,+22.3990296,0.1195,0.1101,11.9,15.953,14.687,11.529,8.841,,,,0.050,0.057,0.215,0.426,,,,2085122701351017514,0000,0,00nn,AABC,-102,329,285,360,
0.207697,1250714370884328064,209.00011298705914,22.375665527024072,18.483938568930036,74.6056931042673,0.09920200274536765,0.17971857,-0.0047815964428520735,0.13896318,-0.23349159304915684,0.17457922,18.655106,649.9865727366678,2.4529305,18.762722,18.317686,0.44503593,2016.0,J135600.03+222232.5,209.0001359,+22.3757192,0.0678,0.0636,8.6,15.005,13.836,10.666,8.422,,,,0.032,0.036,0.081,,,,,2085122701351017428,0000,0,000n,AAAU,267,166,273,177,
0.107489,1250721517709507584,208.6117788324069,22.33897293954281,17.853519720998342,74.92646327886493,0.10655290977825675,0.22935633,-0.12793117199312923,0.18019652,-0.33277496740455426,0.21941645,18.754147,593.3188292865859,2.1529646,18.935081,18.441593,0.4934883,2016.0,J135426.82+222020.4,208.6117780,+22.3390028,0.0803,0.0751,5.1,15.357,14.212,11.495,8.964,,,,0.036,0.040,0.185,,,,,2085122701351015451,0000,0,00nn,AABU,138,179,1,196,
0.069359,1250799686114750976,209.97854082725632,22.873229557378874,21.350103874565526,73.9277699223551,-0.19667197451401197,0.18896075,0.10537921787916814,0.15952086,-0.06904537857952961,0.1748468,18.657476,648.5687361239005,3.9584904,18.613283,17.742153,0.87113,2016.0,J135954.84+225223.6,209.9785359,+22.8732483,0.0377,0.0366,132.6,13.038,12.001,9.110,6.711,16.590,15.605,14.400,0.024,0.022,0.029,0.069,0.170,0.175,0.094,2101122701351030305,0000,0,1100,AAAA,54,88,-8,95,0.298
0.087721,1251080817493501824,207.8169268917938,22.186278269694103,16.2011620879733,75.54874762925368,0.18224612600874643,0.20241393,0.17110046796624528,0.15219213,-0.2132173540515932,0.18320084,18.716478,614.2648461347095,2.4330413,18.943727,18.298635,0.645092,2016.0,J135116.05+221110.5,207.8169034,+22.1862674,0.0892,0.0823,14.2,15.440,14.211,11.284,8.331,,,,0.039,0.046,0.145,0.273,,,,2085122701351008870,0000,0,00nn,AABB,227,224,-102,248,
0.073453,1251136480270106496,207.59411977752495,22.351702281635717,16.49419876636457,75.80295860033623,0.20251129884223198,0.10649921,-0.040441604974278386,0.09069885,-0.18913521671558592,0.11660707,17.926668,1271.3911013653508,5.6368036,18.126102,17.548023,0.5780792,2016.0,J135022.58+222106.2,207.5941218,+22.3517226,0.0522,0.0501,154.1,14.402,13.075,10.231,7.696,,,,0.028,0.027,0.069,0.141,,,,2068122701351024324,0000,0,000n,AAAB,108,110,-23,112,
0.115120,1251143936333329664,207.1883968678581,22.34648671171386,15.872800801954785,76.14670564806107,0.0796396969784493,0.16252215,-0.17957130895814638,0.12061696,-0.05935605599856975,0.16535383,18.386583,832.364242855311,1.2360979,18.772259,17.783834,0.9884243,2016.0,J134845.21+222047.4,207.1883855,+22.3465169,0.0468,0.0457,143.1,14.226,12.831,9.827,7.432,,,,0.027,0.025,0.042,0.116,,,,2068122701351021583,0000,0,0011,AAAB,40,121,38,108,
0.149658,1251208193338818560,206.51471914913196,22.118813066319024,13.914741688360854,76.62457395503493,-1.102235499224157,0.72106016,0.3275217142110517,0.48493,0.3270309562781766,0.74227846,18.687037,631.1497026595563,4.217983,16.115599,14.773323,1.3422756,2016.0,J134603.52+220707.8,206.5146815,+22.1188356,0.0393,0.0372,125.3,11.438,11.485,10.884,8.689,13.346,12.650,12.441,0.023,0.021,0.087,,0.080,0.073,0.071,2068122701351008209,0000,5,111n,AAAU,8,32,-110,32,0.160
0.439603,1251255712857474304,205.7443118315535,22.15933261263278,12.73273548466162,77.28771329674856,0.019188807915358548,0.31017298,-0.2301701837916983,0.20063438,-0.4161263102639954,0.27438307,18.655554,649.7189922109404,1.8384593,17.286589,15.988083,1.2985058,2016.0,J134258.61+220933.9,205.7442164,+22.1594169,0.0388,0.0319,130.9,12.627,12.298,7.484,4.139,14.603,13.995,13.665,0.026,0.026,0.017,0.027,0.090,0.104,0.077,2052122701351002788,0000,5,nnnn,AAAA,173,30,-35,91,0.406
0.078675,1251256056454858752,205.78213252242827,22.17578335652054,12.868674830542345,77.26320140199569,0.7070599712864305,0.8038411,0.36121333134068656,0.47603425,-0.6981491663196284,0.71457833,18.93349,502.97926457991,2.2186437,16.967073,15.610432,1.3566418,2016.0,J134307.70+221032.8,205.7821106,+22.1757914,0.0440,0.0418,121.6,12.465,12.527,11.889,9.214,14.243,13.655,13.343,0.024,0.024,0.193,,0.081,0.082,0.074,2052122701351000017,0000,5,11nn,AABU,79,34,26,35,0.109
0.208770,1251293126317441024,205.92404418112457,22.498666056400804,14.448946468740518,77.27907537791268,0.08142465354175982,0.23338161,0.14266302401740533,0.16079804,-0.1214403056315472,0.2263492,18.87614,530.2620606708437,1.0584426,18.993866,18.024652,0.9692135,2016.0,J134341.75+222955.1,205.9239841,+22.4986494,0.0470,0.0460,135.0,14.046,12.976,10.028,7.452,17.135,16.097,15.530,0.026,0.027,0.047,0.119,0.198,0.182,0.171,2052122701351023008,0000,0,0011,AAAB,60,66,92,70,0.254
0.160417,1251322400814495232,206.494512672304,22.41371684929621,15.050381078561136,76.76242493724845,0.12944993484475126,0.17505705,0.13680510328806209,0.12017535,0.08023194528661799,0.15802911,18.62806,666.3810743234214,1.6115535,18.788622,18.29685,0.4917717,2016.0,J134558.67+222449.5,206.4944816,+22.4137509,0.0728,0.0689,6.9,15.400,13.840,10.460,7.978,,,,0.037,0.035,0.065,0.230,,,,2068122701351016082,0000,0,111n,AAAB,262,177,196,186,
0.294900,1251327864012912256,206.61613115834743,22.451615539724923,15.39662401676745,76.6744121103153,-0.40766839026121465,0.20968436,0.008687162214630565,0.16586621,0.02650793562022373,0.19471402,18.894983,521.1390809933463,1.2475156,19.060614,18.604773,0.45584106,2016.0,J134627.85+222705.7,206.6160464,+22.4515915,0.1631,0.1519,9.9,16.341,15.442,11.521,8.428,,,,0.062,0.094,0.156,,,,,2068122701351016236,0000,0,0nnn,AABU,495,396,-479,432,
0.248622,1251364182255874560,206.94098726000288,22.815197307135627,17.34147709960263,76.53610283185127,0.27465075417523527,0.23630671,-0.19234209542149855,0.18632014,-0.42988579615946926,0.24471605,18.941206,499.41810848734514,0.8267208,19.362543,18.319084,1.0434589,2016.0,J134745.83+224854.9,206.9409775,+22.8152658,0.0664,0.0631,2.5,15.004,13.789,10.586,8.053,,,,0.033,0.034,0.068,0.190,,,,2068122701351032319,0000,0,111n,AAAB,164,151,103,157,
0.446373,1251376620481739776,206.56287254277146,22.56749906682243,15.776365203649632,76.7651892973476,-0.08856182002971362,0.14178605,0.09731570377424746,0.109804146,0.046447111331159294,0.13286267,18.372654,843.1121543442839,1.2684468,18.547579,17.998297,0.5492821,2016.0,J134615.09+223403.4,206.5629063,+22.5676191,0.0925,0.0846,12.7,15.483,14.475,11.249,8.243,,,,0.039,0.050,0.140,0.251,,,,2068122701351034924,0000,0,00nn,AABB,129,218,303,240,
0.050583,1251403528451975168,206.76529105373058,22.75920194001496,16.857866233248405,76.66577584535986,-1.3821885929157565,0.77662367,0.20481830445981994,0.47074866,-0.009392790682706424,0.67775077,18.927986,505.5365294559487,2.5240932,17.028482,15.693336,1.3351469,2016.0,J134703.66+224533.1,206.7652758,+22.7592012,0.0425,0.0403,133.7,12.658,12.627,11.143,8.382,14.362,13.763,13.407,0.023,0.024,0.127,,0.077,0.080,0.066,2068122701351032270,0000,5,00nn,AABU,51,42,22,44,0.151
0.086930,1251435895325533184,206.68963553907093,23.193631170043936,18.51940125700517,76.88746108840549,0.16090184587949533,0.19753563,-0.07610046696523454,0.15954039,0.26003204592953466,0.20929854,18.659506,647.3579596960338,1.1152483,19.192911,17.649162,1.5437489,2016.0,J134645.50+231137.1,206.6896167,+23.1936480,0.0454,0.0442,165.4,14.039,12.950,9.529,7.269,16.679,16.220,15.383,0.025,0.026,0.037,0.095,0.117,0.159,0.141,2068122701351061448,0000,0,0110,AAAA,142,83,195,83,0.336
0.349522,1251436165907973120,206.74983871142638,23.214351602588323,18.68922042611162,76.84271873137205,-0.05723961448078681,0.19704193,-0.21863511321983703,0.16975781,0.17795898361361287,0.19325095,18.720594,611.9401742914602,0.974264,18.915222,18.282906,0.6323166,2016.0,J134659.98+231251.7,206.7499419,+23.2143722,0.1024,0.0963,12.6,15.680,14.659,11.563,8.865,,,,0.042,0.052,0.173,0.473,,,,2068122701351058876,0000,0,00nn,AABC,-245,228,235,248,
0.077307,1251535053234861952,207.81150982714095,22.723250110523956,18.20222530941049,75.75488262984261,-0.1422791464157239,0.15556696,-0.053189395821822624,0.110136725,-0.09701870799582119,0.14108315,18.312752,890.9347174377383,1.6150528,18.607634,17.82742,0.7802143,2016.0,J135114.76+224323.6,207.8115115,+22.7232287,0.0487,0.0479,166.7,14.285,13.025,10.205,8.168,16.790,16.248,15.931,0.027,0.026,0.052,0.193,0.144,0.226,0.238,2085122701351030208,0000,0,001n,AAAB,112,119,122,120,0.999
0.056504,1251551717708498304,208.1581359300512,22.9438316941749,19.486918395440178,75.53294303328326,-0.03936665989637577,0.22174804,0.0754207896619542,0.20198582,0.26456440298339995,0.25406176,18.950483,495.1686920466975,2.3304563,19.08915,18.613506,0.47564316,2016.0,J135237.95+225637.8,208.1581331,+22.9438472,0.0786,0.0737,4.2,15.151,14.183,11.636,8.595,,,,0.035,0.042,0.168,,,,,2085122701351034537,0000,0,00nn,AABU,-32,192,45,211,
0.125613,1251562059989258240,207.90013277034473,22.891991258272558,18.960637041088074,75.73815702837202,-0.06564441320508228,0.194015,0.20884081297278867,0.15044159,-0.15570446101132246,0.18704155,18.750282,595.4343462192599,1.3067052,18.958513,18.375017,0.5834961,2016.0,J135136.02+225331.0,207.9001052,+22.8919673,0.0806,0.0750,8.2,15.498,14.101,11.035,8.093,,,,0.038,0.038,0.110,0.196,,,,2085122701351032299,0000,0,111n,AABB,39,195,390,212,
0.499968,1251578453880032896,208.12188787663803,23.304444398402257,20.81187827929599,75.68364015969492,0.14024301977886136,0.18526848,0.067677437540463,0.16349725,-0.187018977494891,0.18353002,18.73208,605.5010630639277,1.0955249,18.895102,18.385853,0.50924873,2016.0,J135229.22+231816.3,208.1217821,+23.3045436,0.0863,0.0804,15.5,15.411,14.399,10.908,8.450,,,,0.039,0.045,0.091,0.248,,,,2085122701351050405,dd00,0,000n,AAAB,-232,194,149,213,
0.064519,1251608033319173504,208.95653751819523,23.16249362466164,21.246314949127438,74.91147926725391,-0.1235063588294938,0.20139404,0.03346879073648217,0.17270288,0.1457844893411602,0.2017698,18.78816,575.0194460496093,3.1733367,18.861465,18.435492,0.4259739,2016.0,J135549.56+230944.9,208.9565378,+23.1624757,0.0631,0.0604,8.6,14.807,13.675,10.885,8.399,,,,0.032,0.032,0.094,0.255,,,,2085122701351039327,0000,0,022n,AAAB,110,131,-3,142,
0.187206,1251611400573571840,208.7296904016423,23.212520614434748,21.17305853586927,75.12508119001009,-0.08071232732600217,0.20802727,0.2561233684170917,0.1616045,-0.016555327622777814,0.18196939,18.749788,595.7056428745769,1.8269873,18.904753,18.317434,0.5873184,2016.0,J135455.12+231245.2,208.7296788,+23.2125715,0.1041,0.0959,13.5,15.775,14.506,11.251,8.192,,,,0.046,0.051,0.122,,,,,2085122701351046115,0000,0,00nn,AABU,82,279,292,303,
0.152325,1251646653665387776,209.1866002413376,23.492931158774468,22.699134694787322,74.81207610357907,-0.15383108384412536,0.16382667,-0.19342507153194585,0.15077262,0.01713608047360664,0.18636808,18.630728,664.7462511955563,2.9389331,18.777523,18.314226,0.4632969,2016.0,J135644.77+232934.6,209.1865827,+23.4929703,0.0503,0.0491,169.0,14.415,13.126,10.022,7.500,,,,0.027,0.027,0.052,0.114,,,,2097124201351008592,0000,0,0000,AAAB,24,123,14,118,
0.032368,1251652391741412608,208.54170954874303,23.166784316236825,20.78662148810784,75.27409342844321,0.03878301134829897,0.12515286,0.14822245188104916,0.09812533,0.1702386106773212,0.12841776,18.10347,1080.336677337206,4.8192377,18.073696,17.406311,0.6673851,2016.0,J135410.00+231000.4,208.5417012,+23.1667890,0.0400,0.0387,141.2,13.054,11.991,9.180,6.979,16.558,15.677,14.543,0.024,0.022,0.033,0.085,0.145,0.158,0.080,2085122701351036925,0000,0,1000,AAAA,82,361,74,193,0.163
0.075129,1251664387585644160,208.67748040355232,23.341792516309944,21.593489290212876,75.21127195246932,-0.12799184613844725,0.527724,0.7952133892876971,0.54012734,-0.09030221736755369,0.58664376,18.91525,511.5011723916027,6.9185295,17.349411,15.932254,1.4171572,2016.0,J135442.59+232030.5,208.6774656,+23.3418083,0.0475,0.0459,142.1,13.183,13.138,12.463,8.600,14.562,13.991,13.682,0.025,0.027,,,0.048,0.057,0.053,2085122701351046007,0000,0,11nn,AAUU,6,58,27,61,0.135
0.149551,1251664421945383424,208.68032561764423,23.358033620198626,21.65715394435751,75.21383216115572,-0.04975709281604433,0.19548644,-0.07062242505329638,0.18283324,-0.3072681400145153,0.20665674,18.943253,498.477700965419,1.2530943,19.112452,18.601395,0.5110569,2016.0,J135443.27+232128.7,208.6803199,+23.3579924,0.1273,0.1175,15.1,15.932,14.975,11.731,9.161,,,,0.051,0.066,0.208,0.472,,,,2085122701351046164,0000,0,00nn,AABC,78,331,-350,359,
0.045117,1251676310414862464,208.52678392302352,23.430373946525815,21.756811205388487,75.37020131364412,-0.008176105401081196,0.06630307,-0.018780296714785177,0.05671507,0.0704084177140328,0.06613697,16.335917,5502.758231601025,31.749557,15.804339,14.861632,0.94270706,2016.0,J135406.42+232549.3,208.5267738,+23.4303824,0.0341,0.0326,136.8,11.460,10.846,7.756,5.436,13.720,13.017,12.394,0.024,0.021,0.019,0.033,0.041,0.054,0.037,2085122701351048088,0000,4,1100,AAAA,-20,32,80,32,0.341
0.132604,1251681533095098368,208.41358390674293,23.526603089179833,21.995231794772536,75.49844001079566,0.39007608251486925,0.4401625,0.006547218065004889,0.31894946,-0.7441176346469943,0.39005855,18.68374,633.0677406410829,3.759362,17.887478,16.698465,1.1890125,2016.0,J135339.25+233135.8,208.4135635,+23.5266348,0.0581,0.0560,150.3,14.060,13.828,12.604,8.874,15.640,14.977,14.670,0.026,0.037,0.498,,0.079,0.090,0.123,2080124201351002432,0000,0,00nn,AACU,-33,91,44,98,0.297
0.129030,1251686476602128384,208.9442540738077,23.449356522117636,22.28392678833337,75.01115500185259,0.011056790349367658,0.17249827,-0.10749959472827711,0.16061488,-0.21138618332923667,0.1957093,18.767065,586.3014261418248,2.1136863,18.929522,18.394566,0.534956,2016.0,J135546.61+232657.7,208.9442328,+23.4493866,0.0680,0.0646,14.0,15.035,13.850,11.041,9.067,,,,0.033,0.035,0.125,0.538,,,,2085122701351046061,0000,0,001n,AABC,46,168,130,173,
0.159797,1251698536870419456,208.87982215455256,23.643986689082446,22.93747079547869,75.12522754543578,0.013334385026729003,0.21046287,-0.015055728286069454,0.19285035,0.1878804351149823,0.23378557,18.88228,527.2718854623189,1.4451191,19.076084,18.455656,0.6204281,2016.0,J135531.15+233838.4,208.8797927,+23.6440219,0.1096,0.1026,3.9,15.726,14.625,11.756,8.320,,,,0.045,0.055,0.216,,,,,2080124201351000147,0000,0,00nn,AABU,60,280,-57,308,
0.376134,1251715441861761152,208.76719893796655,23.787359579601237,23.359163913440668,75.26514661272327,-0.2056314165691339,0.27182287,0.24189706264431218,0.18799798,0.011707531202298756,0.250667,18.946535,496.9730490924782,1.9947332,18.850767,18.17465,0.67611694,2016.0,J135504.13+234714.8,208.7672126,+23.7874633,0.0589,0.0570,0.3,14.575,13.541,10.915,8.409,,,,0.029,0.033,0.102,0.270,,,,2080124201351022678,0000,0,22nn,AAAB,178,126,170,136,
0.382732,1251787258010104320,207.69024316107797,23.529210802202563,21.174423539143696,76.13042702792006,0.012692280731490235,0.10808983,0.09455967708238139,0.087371014,-0.10214435956605379,0.10942423,17.555855,1788.9784099157544,6.118035,17.57846,17.283072,0.29538918,2016.0,J135045.66+233144.7,207.6902663,+23.5291066,0.0422,0.0407,133.1,13.148,12.200,9.712,7.438,16.661,15.759,15.014,0.024,0.023,0.042,0.112,0.216,0.195,0.128,2080124201351007303,0000,0,110n,AAAB,49,76,26,69,0.440
0.139461,1251811378546349184,206.9488580379471,23.367222159394885,19.588917756673776,76.72242956240024,-0.33474375056439826,0.5299714,-0.05741794329968775,0.37386593,0.48103430720870427,0.49458617,18.810793,563.1566442585251,2.298364,17.145023,15.84546,1.2995634,2016.0,J134747.73+232202.0,206.9488972,+23.3672365,0.0434,0.0412,135.0,12.666,12.502,10.245,8.576,14.426,13.836,13.330,0.024,0.024,0.057,0.318,0.063,0.069,0.064,2068122701351058759,0000,5,220n,AAAB,0,57,0,57,0.192
0.203349,1251818486716960640,207.14464960589493,23.446644738473243,20.169017599558153,76.57871592558186,0.22041216711706066,0.22544444,-0.21462226213830604,0.15592104,0.2407288383749156,0.21515521,18.972887,485.0559179117646,1.2856663,19.176283,18.570364,0.6059189,2016.0,J134834.70+232647.8,207.1445892,+23.4466339,0.1382,0.1262,15.4,16.101,15.009,11.676,8.603,,,,0.056,0.067,0.195,0.300,,,,2068122701351056305,hh00,0,01nn,AABB,-44,319,-131,348,
0.061206,1251828867653235072,207.5356324687644,23.52946137567246,20.989902674471264,76.26517462789616,-0.14581460319204043,0.16145773,-0.18027995278678755,0.12655395,0.10125226185764259,0.16117316,18.488018,758.122817041776,4.4368267,18.27484,17.30807,0.9667702,2016.0,J135008.54+233146.1,207.5356249,+23.5294769,0.0510,0.0498,156.0,13.928,13.321,10.552,7.864,16.170,15.282,14.690,0.026,0.031,0.075,0.156,0.109,0.108,0.101,2080124201351010009,0000,0,011n,AAAB,142,84,85,84,0.241
0.142784,1256887475838833664,209.8320597775633,23.449652731420677,23.198139505563017,74.23356549674781,0.183487074857247,0.17926152,-0.10458264637509844,0.14069688,0.005754748246188795,0.1647227,18.454565,781.8450866205021,2.6070173,18.714754,18.051334,0.6634197,2016.0,J135919.69+232658.8,209.8320626,+23.4496923,0.0840,0.0794,4.6,15.373,14.135,11.351,8.868,,,,0.040,0.040,0.164,0.403,,,,2101122701351058496,0000,0,00nn,AABC,78,211,-28,234,
0.321317,1257704962734535168,209.0940766810593,23.7393577556934,23.509590508394346,74.96462983636806,-0.09360574998831946,0.22407734,-0.04044922595253127,0.1822115,0.20973177777204513,0.2182909,18.911665,513.1933618430658,1.894494,18.981874,18.675858,0.30601692,2016.0,J135622.56+234421.9,209.0940253,+23.7394336,0.0862,0.0801,11.1,15.478,14.125,11.098,8.387,,,,0.039,0.040,0.127,0.300,,,,2097124201351008647,0000,0,00nn,AABB,-113,218,281,241,
0.169833,1257725990894483968,208.99021719457323,24.0409841259897,24.533099398965604,75.13869223376837,0.01245884220312693,0.1931776,-0.3990320901903509,0.20329082,0.1085222502196449,0.18309344,18.788666,574.7521446349999,2.7459126,18.81103,18.494963,0.31606674,2016.0,J135557.64+240227.6,208.9901882,+24.0410232,0.0449,0.0434,144.7,13.751,12.626,10.025,7.927,17.191,16.191,15.583,0.025,0.025,0.054,0.159,0.210,0.168,0.188,2097124201351010653,0000,0,110n,AAAB,17,104,165,90,0.685
0.220621,1257726025254224000,208.99790468184247,24.05435840969788,24.590630565086375,75.13547017001261,-0.04521658498397709,0.13169636,-0.06809144198721692,0.12525347,0.13715140141380056,0.1252454,18.166634,1019.2795621941236,1.5949787,18.401463,17.71411,0.68735313,2016.0,J135559.51+240315.7,208.9979665,+24.0543822,0.0664,0.0630,7.6,14.909,13.722,11.041,8.583,,,,0.033,0.035,0.138,,,,,2097124201351010698,0000,0,111n,AABU,187,151,48,154,
0.199168,1257846387417208192,209.86472532317242,24.448409477019126,26.79921912309866,74.4685017595283,-0.006745955818824208,0.18817432,0.21882851624026023,0.17431866,0.08618223165131302,0.186183,18.73838,601.9969214025054,1.2084067,18.990768,18.3052,0.68556786,2016.0,J135927.52+242654.4,209.8647077,+24.4484624,0.0940,0.0872,7.4,15.573,14.475,11.520,8.617,,,,0.042,0.046,0.150,0.329,,,,2097124201351036851,0000,0,00nn,AABB,383,217,248,234,
0.083033,1257862437710607744,209.77031101833234,24.64222793313468,27.43279911119234,74.59652957771283,-0.16467199448162723,0.15152568,0.1434113875804789,0.125859,0.07164281353820619,0.14865881,18.40689,816.940364455343,2.0853639,18.46076,18.150696,0.31006432,2016.0,J135904.86+243832.0,209.7702858,+24.6422250,0.0591,0.0575,0.1,14.569,13.507,10.725,8.249,,,,0.030,0.032,0.096,0.226,,,,2097124201351036799,0000,0,111n,AAAB,-57,132,155,135,
0.143105,1257923769843623168,209.04637441629637,24.258929436536793,25.405817472041303,75.14558381443368,-0.135312363725099,0.12019697,0.03976126257499165,0.09605718,0.16888325953779754,0.1079129,17.979889,1210.5731794085057,1.1791692,18.243814,17.533255,0.71055984,2016.0,J135611.12+241532.2,209.0463743,+24.2589692,0.0597,0.0580,177.3,14.774,13.416,10.167,7.587,17.083,16.081,15.777,0.030,0.032,0.053,0.127,0.181,0.222,0.251,2097124201351030376,0000,0,0000,AAAB,68,164,-151,166,0.322
0.159521,1257953933398500992,209.16824975684008,24.51672546173909,26.48497160993765,75.10067066467654,-0.058733122138618504,0.105053574,-0.13768958987016838,0.09893911,-0.12318113411652058,0.102886185,17.869871,1339.6715946046227,2.9066923,17.992348,17.579103,0.41324425,2016.0,J135640.37+243100.3,209.1682435,+24.5167694,0.0511,0.0505,175.9,14.352,12.977,10.127,7.751,16.973,16.337,15.639,0.029,0.027,0.057,0.137,0.166,0.263,0.203,2097124201351032496,0000,0,000n,AAAB,33,104,76,104,0.174
0.592809,1257954173916680704,209.24870369496412,24.540532457276957,26.641267757345766,75.03508041848706,-0.03934029431293716,0.09947557,0.12259292680800407,0.08811598,0.08371887509074125,0.10444516,17.913904,1286.4272913909704,2.2677405,18.060583,17.597643,0.46294022,2016.0,J135659.70+243226.4,209.2487895,+24.5406774,0.0567,0.0546,3.5,14.505,13.258,10.440,8.647,,,,0.030,0.030,0.072,0.326,,,,2097124201351034812,0000,0,000n,AAAB,104,129,195,132,
0.081637,1257986059753706752,208.60375126178567,24.50174044125764,25.945259118659788,75.59606236751847,-0.0017491976445516838,0.09666692,0.12218502038851889,0.08443813,-0.008340034312943924,0.089278296,17.589945,1733.678463298114,1.7615492,17.737528,17.241705,0.4958229,2016.0,J135424.90+243006.3,208.6037691,+24.5017563,0.0581,0.0564,14.5,14.801,13.363,9.976,7.937,,,,0.032,0.030,0.047,0.165,,,,2080124201351047185,0000,0,000n,AAAB,65,134,51,140,
0.125850,1258033304394499584,209.06835839527852,25.030707923142877,28.370580318767317,75.30183169549615,0.015953261120392567,0.15114371,0.13406254821519561,0.1250211,-0.14127658006726151,0.14038245,18.392763,827.6399349318538,1.7588683,18.630417,17.973228,0.6571884,2016.0,J135616.41+250150.5,209.0683959,+25.0307163,0.0609,0.0585,172.3,14.787,13.355,10.485,8.351,,,,0.032,0.030,0.076,0.302,,,,2083125701351000079,0000,0,111n,AAAB,138,132,135,138,
0.143051,1258046159231719808,208.88562105000574,25.074383391251928,28.40738842679896,75.47278954348036,0.3656182825174732,0.6254846,0.18824495726202117,0.45064843,0.03697730812504863,0.6364889,18.542536,720.994929279266,4.736105,16.580168,15.216487,1.3636808,2016.0,J135532.55+250427.9,208.8856370,+25.0744204,0.0410,0.0393,119.3,12.164,12.225,12.049,9.163,13.781,13.066,12.703,0.023,0.022,0.272,,0.043,0.054,0.038,2083125701351000017,0000,5,11nn,AABU,0,40,0,41,0.253
0.126595,1258076219707090304,209.2968708928266,25.000093220870017,28.418346059401266,75.09286021191589,-0.18211553691194574,0.13087001,-0.06290009458660299,0.12315698,0.12912707818092417,0.12678711,18.077791,1106.1921879112904,1.7046721,18.239794,17.778343,0.46145058,2016.0,J135711.25+250000.4,209.2968944,+25.0001212,0.0985,0.0915,11.7,15.678,14.424,11.139,9.117,,,,0.043,0.048,0.121,,,,,2100125701351009437,0000,0,11nn,AABU,-168,241,183,268,
0.089811,1258078453090133632,209.35996739494627,25.079852990397438,28.766346326739225,75.0529344863015,0.044833113567479245,0.10963915,-0.0879539096659653,0.08904215,-0.08670380188080268,0.10427428,17.757267,1486.0726149296793,3.2855713,17.875328,17.493797,0.38153076,2016.0,J135726.39+250447.5,209.3599916,+25.0798650,0.0454,0.0449,178.5,14.267,12.829,9.951,7.771,,,,0.026,0.024,0.046,0.171,,,,2100125701351009375,0000,0,000n,AAAB,106,134,88,121,
0.107518,1258131057850088832,209.18245337096366,25.218911071581047,29.176288001164355,75.23762992467705,0.04415977385381106,0.20552747,-0.2682245799871987,0.17499879,-0.28239521185930094,0.20615473,18.809608,563.7714545892636,2.230538,18.924833,18.479776,0.44505692,2016.0,J135643.79+251308.0,209.1824783,+25.2188915,0.1306,0.1187,4.4,15.949,15.053,11.406,8.914,,,,0.051,0.070,0.154,,,,,2100125701351009665,0000,0,nnnn,AABU,-345,303,273,336,
0.141086,1258136933364966144,209.3161746048127,25.288614130840685,29.533057362020262,75.13197444367812,-0.0121944179321972,0.13637406,0.18267649975903555,0.11993826,-0.19334685353171277,0.13512897,18.287205,912.1463700705285,1.4976953,18.446552,17.90392,0.54263306,2016.0,J135715.89+251719.0,209.3162141,+25.2886303,0.0646,0.0619,11.5,15.043,13.538,10.426,8.280,,,,0.034,0.031,0.076,0.223,,,,2100125701351011651,0000,0,000n,AAAB,-58,155,155,164,
0.082095,1258143019334061440,209.10649588635138,25.25657793290919,29.27051412370356,75.3122344170681,-0.06524374022671803,0.057486154,-0.07883875235391212,0.049257156,-0.013032725617502346,0.058936797,16.548704,4523.403509516138,15.449514,16.715021,15.942297,0.77272415,2016.0,J135625.56+251523.6,209.1065208,+25.2565816,0.0334,0.0318,138.6,11.670,10.641,8.037,5.672,14.877,14.070,12.961,0.023,0.020,0.020,0.038,0.045,0.054,0.033,2083125701351000006,0000,0,1100,AAAA,53,32,64,32,0.139
0.190733,1258181601025324032,209.27723107110606,25.623470907616372,30.797786520038894,75.22525543888935,0.0051980550093707716,0.16578041,0.03583813220146624,0.13060689,-0.1506220286320554,0.1520931,18.382387,835.5872047111435,1.8373907,18.578884,17.91727,0.66161346,2016.0,J135706.54+253724.6,209.2772725,+25.6235085,0.0918,0.0855,9.3,15.410,14.666,11.600,9.075,,,,0.039,0.051,0.182,0.477,,,,2100125701351032194,0000,0,11nn,AABC,172,224,89,242,
0.054650,1258183014069566976,209.3933883221807,25.701293136774936,31.164289011733214,75.13453529081292,-0.033263368491238496,0.12119342,0.04251479731149539,0.09921392,-0.12510910067012457,0.12390419,18.06407,1120.2608775547747,2.8839364,18.216143,17.795248,0.42089462,2016.0,J135734.41+254204.6,209.3933760,+25.7013035,0.0505,0.0492,161.2,14.416,12.999,10.047,7.545,,,,0.028,0.026,0.057,0.119,,,,2100125701351032137,0000,0,1111,AAAB,0,117,0,116,
0.190358,1258191500924978176,209.5731444633358,25.834750471597,31.77315314802302,74.99527468848686,0.6122223660161054,0.47074288,0.1846753824214323,0.34744918,-0.4231223937893544,0.41395834,18.937738,501.0161479386033,3.6531076,17.649649,16.40546,1.2441883,2016.0,J135817.56+255005.1,209.5731992,+25.8347698,0.0509,0.0502,139.7,13.573,13.499,12.586,9.266,15.138,14.526,14.045,0.025,0.032,0.428,,0.059,0.056,0.072,2100125701351030019,0000,0,00nn,AACU,-110,71,-1,74,0.091
0.110903,1258549181505722880,209.9452956376281,25.819202442955888,31.907388558266145,74.66178079619024,-0.09581374464583106,0.19259618,-0.22963834510855147,0.16154577,-0.007628559397509996,0.1950123,18.842772,546.812059703305,1.8478634,19.080162,18.506556,0.5736065,2016.0,J135946.87+254909.0,209.9453278,+25.8191918,0.0892,0.0833,17.3,15.726,14.216,10.918,8.794,,,,0.045,0.040,0.103,0.353,,,,2100125701351027926,0000,0,111n,AAAB,92,243,542,256,
0.505901,1258570381464358784,209.6592299715256,26.01169470805686,32.491517089224125,74.94429023897015,-0.062946072337413,0.25010195,0.11547448900146734,0.19820352,0.05883982932327615,0.22366971,18.97829,482.64767274018084,2.2413387,19.115236,18.728912,0.38632393,2016.0,J135838.21+260042.6,209.6592095,+26.0118340,0.1676,0.1518,8.9,16.229,15.506,12.184,9.163,,,,0.061,0.099,0.286,0.497,,,,2100125701351036791,0000,0,0nnn,AABC,116,449,74,494,
0.184107,1258579147493332096,209.82483286083055,26.171957826662606,33.1768778848722,74.81838834646356,-0.1503393109279875,0.49472052,-0.324209468409827,0.35341004,0.2877481184672263,0.47443768,18.70364,621.5706773853518,5.1377354,17.32339,15.998805,1.324584,2016.0,J135917.96+261019.1,209.8248717,+26.1719953,0.0441,0.0429,132.6,13.116,13.004,11.304,8.442,14.654,13.922,13.682,0.023,0.026,0.133,,0.048,0.043,0.057,2100125701351036576,0000,1,11nn,AABU,100,55,132,58,0.329
0.205101,3954931028619469056,193.63864070923267,22.184347170464207,311.248329863394,85.00569297398805,-0.1263097940081248,0.14110167,0.1589813665227939,0.13939892,0.04496207925181216,0.12891226,17.483517,1912.2308935336216,24.396038,17.749975,16.800734,0.94924164,2016.0,J125433.27+221103.8,193.6386520,+22.1844032,0.0426,0.0410,131.5,13.067,12.282,10.114,8.083,15.797,15.016,14.378,0.024,0.024,0.056,0.191,0.072,0.088,0.083,1938122701351007732,d000,0,220n,AAAB,109,65,15,67,0.339
0.036887,3954989642038129536,193.28586148081712,22.295530705874782,307.60486140082463,85.15179849423653,0.10370671102013222,0.20907177,-0.005659025258609838,0.20575055,0.02440591577798944,0.17286788,18.523571,733.6992714516754,3.19084,18.679472,18.124388,0.5550842,2016.0,J125308.60+221743.9,193.2858645,+22.2955406,0.0574,0.0562,9.0,14.608,13.404,10.601,7.848,,,,0.029,0.032,0.089,0.157,,,,1938122701351012827,0000,0,011n,AAAB,359,145,226,153,
0.133864,3955069081752843264,192.3877867143816,22.154192152362967,297.9054902336773,85.00751763125922,-0.5605458775452444,0.30350748,-0.15572456946417268,0.35276514,0.17640596031684608,0.24680305,18.827608,554.502282240954,2.8272758,19.439651,18.043205,1.3964462,2016.0,J124933.07+220915.0,192.3878247,+22.1541800,0.0745,0.0703,18.3,15.261,13.842,10.878,8.217,,,,0.036,0.036,0.109,0.277,,,,1922122701351002770,0000,0,000n,AAAB,176,230,176,240,
0.040198,3955109969841895424,191.58701587627962,22.280784454031952,289.2482601119805,85.01673300561028,-0.11899999169534466,0.261647,-0.08460974646480345,0.23111232,-0.3928999744094781,0.29456773,18.956684,492.34930161018957,1.25303,19.224894,18.533014,0.6918793,2016.0,J124620.88+221650.7,191.5870090,+22.2807753,0.1339,0.1222,13.7,15.875,15.071,11.828,8.742,,,,0.050,0.077,0.267,,,,,1922122701351013663,0000,0,00nn,AABU,4,442,639,481,
0.052529,3955119594863639936,192.09927276813212,22.22787483385522,294.7467720959873,85.05122521612681,-0.827573763238585,0.6957565,0.28154097581763293,0.5226115,-0.10472686956279215,0.48346794,18.63122,664.4443284407314,11.997539,17.223959,15.807748,1.4162111,2016.0,J124823.82+221340.3,192.0992868,+22.2278815,0.0422,0.0404,125.5,12.433,12.229,9.739,7.683,14.257,13.608,13.136,0.023,0.024,0.046,0.152,0.050,0.072,0.056,1922122701351005419,0000,5,000n,AAAB,35,87,-133,79,0.331
0.068278,3955132200592638592,191.85519073437226,22.380345423731185,291.8448756792696,85.16537789104024,-0.5473682442592054,0.32735458,0.023607886141009487,0.2563333,0.1076030646306991,0.22984892,18.842339,547.0304494452749,4.0069227,19.036276,18.390322,0.64595413,2016.0,J124725.25+222249.2,191.8552108,+22.3803414,0.0802,0.0746,8.9,15.401,13.871,10.902,8.499,,,,0.040,0.036,0.112,0.320,,,,1922122701351016338,0000,0,001n,AABB,230,242,93,265,
0.226883,3955140687448033792,192.04118723669993,22.50827470871241,293.624593039372,85.3207575681827,0.0444121699616087,0.16254345,0.23604898448456352,0.12847406,-0.10290014743973652,0.11146591,17.759844,1482.548288868957,2.972021,17.961473,17.39061,0.5708637,2016.0,J124809.90+223029.8,192.0412551,+22.5082810,0.0580,0.0558,179.3,14.586,13.166,10.237,8.003,,,,0.032,0.029,0.069,0.189,,,,1922122701351016309,0000,0,110n,AAAB,352,195,-66,197,
0.072265,3955167900360654080,192.37280247122618,22.28869743102234,297.60873442220475,85.14031387316257,-0.35062186919867283,0.213918,0.009421834175091813,0.220094,0.2742811043606059,0.1857579,18.089096,1094.7338356130447,4.0308685,18.236153,17.822233,0.41391945,2016.0,J124929.47+221719.3,192.3728241,+22.2886956,0.0592,0.0562,15.8,14.722,13.378,10.213,7.421,,,,0.031,0.030,0.057,0.110,,,,1922122701351019006,0000,0,0000,AAAB,19,176,434,183,
0.071025,3955240639926860800,192.13494645660842,22.72539751705076,294.2892995368441,85.54843156144223,0.11328846003150875,0.28887188,0.3948604949168296,0.22545692,0.2421931590572432,0.23842232,18.782072,578.2526454911989,3.3389409,18.966768,18.475277,0.49149132,2016.0,J124832.38+224331.4,192.1349332,+22.7254130,0.0833,0.0780,3.6,15.334,14.050,10.949,8.497,,,,0.039,0.039,0.110,0.377,,,,1922122701351032520,0000,0,000n,AABC,184,264,60,283,
0.120807,3955271220093625216,192.58553224879853,22.962822653270422,299.4633132304385,85.82719066192966,-0.13003707058263816,0.3121844,0.1240635355037227,0.2699848,-0.20547846982902424,0.19771746,18.575401,699.4970539445528,1.9950795,18.834637,18.191591,0.6430454,2016.0,J125020.53+225746.2,192.5855628,+22.9628409,0.0750,0.0702,7.0,15.202,13.841,10.758,8.645,,,,0.036,0.037,0.090,0.346,,,,1922122701351049094,0000,0,000n,AAAB,-9,224,248,243,
0.053756,3955478997727982208,191.0379734120113,22.11169741712662,284.27767327395986,84.7174856006574,0.6725830117464922,0.39409074,-0.2567226697073984,0.29135928,-0.25116141663492764,0.30096507,18.836323,550.0694273780923,3.1519215,18.321753,17.195345,1.1264076,2016.0,J124409.11+220642.1,191.0379755,+22.1117122,0.0399,0.0383,135.0,13.305,12.339,9.158,6.535,15.972,15.362,14.611,0.024,0.023,0.033,0.071,0.078,0.101,0.077,1905122701351002834,0000,0,0000,AAAA,140,54,128,58,0.272
0.259862,3955486041474320256,190.63451173272642,22.048608028115325,280.74232070103074,84.53267166130918,0.1972949076978646,0.13063133,-0.0778401044893319,0.10832088,-0.23045691587050504,0.12830429,17.850672,1363.5724519604555,1.8741828,18.07441,17.387644,0.6867657,2016.0,J124232.29+220255.1,190.6345679,+22.0486581,0.0646,0.0619,1.2,14.729,13.670,10.497,8.381,16.749,16.322,15.520,0.032,0.034,0.075,0.278,0.150,,0.176,1905122701351005748,0000,0,000n,AAAB,339,200,389,208,0.344
0.069560,3955535583920595072,190.71098100645497,22.179241407843218,280.9430472435694,84.6800759293193,0.15621580799624601,0.20083886,-0.10116202255343715,0.1597351,0.06286242774059517,0.18753326,18.679075,635.7941449499641,1.427914,18.756378,18.45275,0.30362892,2016.0,J124250.63+221045.3,190.7109982,+22.1792524,0.0529,0.0525,167.7,14.352,13.048,10.179,7.849,,,,0.029,0.028,0.068,0.242,,,,1905122701351005727,0000,0,000n,AAAB,181,160,204,159,
0.137043,3955759751149622016,190.42312805859504,22.728522261415023,275.74492455357273,85.07711112631544,-0.197308709018565,0.18388882,0.2071892821049411,0.15262328,-0.0795739533834622,0.18420865,18.486736,759.0187580248622,1.7148787,18.757256,18.063065,0.694191,2016.0,J124141.55+224342.7,190.4231662,+22.7285369,0.0894,0.0829,10.8,15.392,14.174,11.185,8.375,,,,0.039,0.046,0.127,0.254,,,,1905122701351032742,0000,0,000n,AABB,65,266,268,291,
0.095485,3955761739718863360,190.00041986447786,22.557250779089475,272.7399188054101,84.74459106752028,-0.28535532498985083,0.23370084,-0.23603847251732607,0.18117797,0.005806775861647462,0.19016945,18.606356,679.8366881087927,3.8893828,18.058884,17.072453,0.9864311,2016.0,J124000.10+223326.1,190.0004483,+22.5572542,0.0499,0.0481,164.4,13.786,13.098,10.056,7.821,15.908,15.338,14.732,0.026,0.028,0.067,0.167,0.087,0.100,0.104,1905122701351013934,0000,0,110n,AAAB,47,165,188,152,0.025
0.125683,3955849425771516672,191.24607294871427,22.054295125815308,286.4633011177138,84.71842851877585,-0.12419202404199826,0.30589655,0.3202183008576923,0.2414771,0.2702795369925779,0.2788235,18.901537,518.0023933439945,1.0278189,19.151428,18.441368,0.7100601,2016.0,J124459.05+220315.5,191.2460665,+22.0543295,0.0670,0.0633,11.2,15.116,13.621,10.520,8.039,,,,0.035,0.032,0.081,0.197,,,,1905122701351000057,0000,0,000n,AAAB,95,211,346,223,
0.114743,3955852311989117056,191.40764683630888,22.18916091297829,287.66672258576926,84.8878825961255,0.01211943142032956,0.22552031,-0.043965166782568524,0.20986708,0.08785743977661314,0.21783711,18.401003,821.3823337788194,2.36357,18.60111,18.015419,0.58569145,2016.0,J124537.83+221121.0,191.4076647,+22.1891882,0.0858,0.0813,5.8,15.347,14.093,11.045,8.448,,,,0.038,0.044,0.130,0.309,,,,1922122701351010870,0000,0,001n,AABB,399,277,564,294,
0.332127,3955869324355819776,191.1712470230568,22.309759197435135,284.91826310243465,84.94358833822484,0.12691584592844948,0.22526814,-0.10247279649349866,0.18679358,0.09926168660530885,0.20280959,18.731274,605.9506835532568,1.6405164,18.896215,18.425674,0.470541,2016.0,J124441.12+221835.2,191.1713426,+22.3097855,0.0842,0.0788,6.8,15.309,14.132,11.192,9.064,,,,0.037,0.043,0.133,0.490,,,,1905122701351024784,0000,0,000n,AABC,86,252,69,273,
0.118638,3955890829255862912,191.49071886011097,22.534829724251278,287.5069987810305,85.24171927346038,-0.04499920199243524,0.09705555,0.12296292633112316,0.093131796,-0.0250377304301765,0.10020561,17.278471,2309.7156106934226,2.3781695,17.827473,16.549648,1.2778244,2016.0,J124557.77+223205.4,191.4907473,+22.5348496,0.0413,0.0403,108.2,13.534,12.192,9.255,7.170,15.645,14.835,14.914,0.025,0.023,0.038,0.095,0.063,0.055,0.126,1922122701351013537,0000,0,1111,AAAA,68,58,47,61,0.201
0.279923,3955892341084357376,191.58337723383406,22.583408779034187,288.36609324452024,85.3101026221286,-0.12854794027224276,0.20533355,0.22195689153615986,0.17179614,-0.023500340915288867,0.1941273,18.614235,674.9208366878047,1.7515718,18.776451,18.244843,0.5316086,2016.0,J124620.02+223500.4,191.5834498,+22.5834482,0.1294,0.1168,18.6,16.011,14.823,10.981,8.222,,,,0.053,0.066,0.111,0.251,,,,1922122701351038382,0000,0,000n,AABB,437,445,-381,487,
0.317113,3955974289060119296,191.10698209892166,22.957052909158477,281.7159061295569,85.53704590281559,0.07933119864911681,0.18413264,-0.1799479193923022,0.19088045,0.17605645885869753,0.2614606,18.254753,939.8225519182644,3.6636887,18.38237,17.957108,0.42526245,2016.0,J124425.68+225725.6,191.1070179,+22.9571346,0.0611,0.0595,175.1,14.583,13.537,10.843,8.455,,,,0.030,0.032,0.109,0.348,,,,1905122701351051490,0000,0,000n,AABB,-116,165,-188,174,
0.044741,3956023870162800896,191.97304719749465,23.22428551374137,291.12879834714187,86.01451550666064,0.00604016542771295,0.1808882,0.12080861716023428,0.16169885,0.06868509388981461,0.18155296,18.35042,860.5554551582985,2.3449,18.476068,18.056156,0.41991234,2016.0,J124753.53+231327.4,191.9730605,+23.2242832,0.0710,0.0669,16.3,15.091,13.755,10.824,8.441,,,,0.035,0.036,0.096,0.303,,,,1922122701351062186,0000,0,011n,AAAB,-156,206,193,223,
0.156740,3956064689531979776,191.68820583403564,23.21117483145738,287.5363557696121,85.94210907645066,0.09775865749468365,0.14690441,-0.019757440036495138,0.124333166,-0.12176811138169588,0.14396195,18.04214,1143.1177842607185,2.7728271,18.171743,17.742296,0.42944717,2016.0,J124645.17+231240.3,191.6882427,+23.2112022,0.0477,0.0463,172.2,14.044,12.700,9.725,7.386,16.762,16.205,15.437,0.027,0.026,0.042,0.115,0.160,0.220,0.184,1922122701351064763,0000,0,1100,AAAB,120,394,248,182,0.317
0.221875,3956139112725393792,190.5418125718784,22.928982399829575,275.86362809446166,85.30525793771935,0.04501199525953784,0.19847682,-0.16906690295839402,0.16824333,-0.13267397067930847,0.19025308,18.596584,685.9827339427563,2.1027565,18.798904,18.247704,0.55120087,2016.0,J124210.02+225544.4,190.5417546,+22.9290132,0.0870,0.0819,4.7,15.429,14.119,11.338,8.612,,,,0.039,0.043,0.152,0.346,,,,1905122701351046313,0000,0,01nn,AABB,238,269,70,292,
0.204983,3956154853781051776,190.27817914078005,23.042178480261047,272.599048368492,85.29283377160436,0.20502741069322009,0.28061882,-0.19633738054318278,0.22386017,-0.3778852041665355,0.23541626,18.98199,481.00588689022544,1.3199307,19.158422,18.647266,0.5111561,2016.0,J124106.75+230231.6,190.2781663,+23.0421228,0.0912,0.0844,9.2,15.609,14.118,10.939,8.461,,,,0.043,0.040,0.128,,,,,1905122701351043452,0000,0,011n,AABU,135,303,28,330,
0.100731,3956198623792078464,190.81433120260297,23.522741136347694,275.34309868828035,85.94845181520363,0.20995480647898734,0.13194364,-0.03280515505959512,0.11450056,-0.013265105904819496,0.13673714,17.847176,1367.9695044924474,2.4943044,18.045643,17.591272,0.4543705,2016.0,J124315.43+233121.8,190.8143013,+23.5227465,0.0517,0.0510,155.2,14.461,13.060,10.265,7.829,,,,0.028,0.027,0.071,0.181,,,,1915124201351011149,0000,0,000n,AAAB,256,156,200,156,
0.044989,3956207836497587584,190.1853812612705,23.179405185834142,270.8465521941404,85.36877822337098,-0.17921389750049993,0.25304905,0.20008415735943402,0.23360676,0.36419378191967333,0.2396184,18.941416,499.32161989208987,2.6782863,19.012184,18.588984,0.4232006,2016.0,J124044.49+231045.9,190.1853827,+23.1794176,0.0511,0.0507,168.1,14.120,13.108,10.507,8.602,16.925,16.407,15.191,0.028,0.028,0.079,0.295,0.158,,0.140,1905122701351043387,0000,0,000n,AAAB,184,124,265,128,0.082
0.133477,3956213810796383104,190.45765646035196,23.326376807320603,272.66389061527127,85.62140912061642,0.16494737309443583,0.18504469,-0.13690108401005335,0.15029575,-0.13897506316116348,0.16027138,18.291143,908.8443242566402,2.780794,18.503212,17.94688,0.55633163,2016.0,J124149.84+231934.8,190.4576774,+23.3263451,0.1005,0.0932,14.4,15.721,14.328,11.079,7.979,,,,0.046,0.045,0.139,,,,,1905122701351059584,0000,0,00nn,AABU,423,327,-281,352,
0.102582,3956234254840768128,190.19833827868285,23.518142612526283,268.6776059124637,85.66230668020327,0.21635164480560326,0.23617569,-0.04632387293599999,0.20102882,0.02647632709773469,0.193132,18.79702,570.3464227909666,4.725766,18.895876,18.4062,0.48967552,2016.0,J124047.59+233105.4,190.1983315,+23.5181704,0.0540,0.0533,4.7,14.316,13.263,10.632,8.269,,,,0.028,0.029,0.089,0.285,,,,1899124201351002699,0000,0,000n,AAAB,210,138,127,146,
0.076208,3956240027276803712,190.56884626330134,23.492608090989805,272.7701180978428,85.8162979503403,-0.04741281307520811,0.19328904,0.2046880951712027,0.15834922,0.04720624703982208,0.17396739,18.528997,730.04250245035,2.882484,18.625704,18.071657,0.55404663,2016.0,J124216.52+232933.3,190.5688682,+23.4926014,0.0461,0.0448,141.5,13.847,12.746,10.146,8.136,16.751,16.375,15.595,0.025,0.026,0.064,0.241,0.143,0.223,0.167,1899124201351000026,0000,0,000n,AAAB,189,126,113,130,0.183
0.098305,3956243570625960704,190.57598049641788,23.537844422196432,272.5437548937874,85.85894975901273,0.31619875387681057,0.24748707,-0.08078592381381074,0.19906667,-0.013134895055820259,0.23279461,18.896046,520.628916354939,1.3834256,19.116833,18.426014,0.6908188,2016.0,J124218.22+233216.2,190.5759521,+23.5378525,0.0994,0.0927,15.9,15.557,14.375,11.203,8.692,,,,0.044,0.049,0.172,0.471,,,,1899124201351000111,0000,0,00nn,AABC,14,321,331,347,
0.030583,3956249373125684480,190.7946816437419,23.6905026312583,274.0016032112136,86.08915135221544,0.09591996217770103,0.109068096,0.043749162618190576,0.11075027,-0.08121875852670797,0.12197682,17.595678,1724.54776530874,1.9231473,17.97781,16.982626,0.99518394,2016.0,J124310.72+234125.8,190.7946823,+23.6905111,0.0465,0.0452,165.4,14.107,12.852,9.745,7.655,16.283,15.910,15.256,0.026,0.025,0.045,0.154,0.109,0.159,0.133,1915124201351011136,0000,0,110n,AAAB,161,257,141,180,0.082
0.030643,3956278578903435264,191.2620197122931,23.542406044573976,280.65358645388153,86.13454853912103,0.0449078110335144,0.26830015,0.08341781131003428,0.2310684,-0.1573912846941776,0.23861837,18.632772,663.4953767256782,1.0623028,19.401987,17.55319,1.8487968,2016.0,J124502.88+233232.6,191.2620120,+23.5424108,0.0403,0.0382,136.4,13.128,11.944,9.088,6.874,16.233,15.577,14.735,0.024,0.022,0.034,0.075,0.101,0.133,0.109,1915124201351008134,hh00,0,0000,AAAA,146,53,165,56,0.178
0.137862,3956289165998463232,191.08188259063525,23.49383048898229,278.69397733723366,86.02636145186385,-0.20067432378912434,0.13194844,0.10133564656943334,0.13185333,-0.005531897211659337,0.144718,17.879393,1327.9739796724255,1.9964778,18.140892,17.42571,0.71518135,2016.0,J124419.64+232937.6,191.0818692,+23.4937942,0.0570,0.0550,177.2,14.658,13.242,10.051,7.763,16.788,15.892,15.459,0.030,0.029,0.057,0.180,0.148,0.150,0.174,1915124201351008154,0000,0,110n,AAAB,113,178,252,184,0.377
0.027630,3956308544890931328,191.63460089678858,23.758650247366198,284.49306376868424,86.45359198918356,0.048773148484521515,0.22623998,-0.04364878752421775,0.1760424,0.17922881561074042,0.22483563,18.686258,631.6020116013864,1.2854681,19.017035,18.134693,0.8823414,2016.0,J124632.30+234531.1,191.6346086,+23.7586532,0.0965,0.0886,13.7,15.625,14.302,10.855,8.583,,,,0.045,0.045,0.102,0.310,,,,1915124201351005619,0000,0,011n,AAAB,-22,315,-17,343,
0.138724,3956318951595594880,191.8384244214854,23.959252929220508,286.4997398219014,86.69986633967473,0.09935460932210682,0.1978844,-0.2380162349793206,0.1937356,0.1510267221434312,0.21551351,18.773981,582.5784085474081,1.6793427,18.929972,18.463383,0.46658897,2016.0,J124721.21+235733.3,191.8383896,+23.9592747,0.0708,0.0669,10.1,15.042,13.857,10.942,8.340,,,,0.034,0.036,0.125,0.258,,,,1915124201351021739,0000,0,000n,AABB,105,209,255,224,
0.051177,3956368532698191104,190.91893497979453,24.02836018547614,273.05608515502803,86.44025631243206,0.17114040042164969,0.19388513,-0.1193564045392943,0.2043671,0.027200360702767393,0.21596742,18.555336,712.545358246197,1.6019211,19.066366,17.901476,1.1648903,2016.0,J124340.54+240142.0,190.9189224,+24.0283518,0.0681,0.0658,17.7,14.956,13.933,10.134,7.866,16.809,16.008,15.665,0.034,0.039,0.053,0.171,0.173,0.205,0.251,1915124201351013874,0000,0,000n,AAAB,-56,220,355,228,0.482
0.033939,3956420965659383424,194.08053952855616,22.3248625390211,316.1934574005337,85.07034891996342,0.00905439540207962,0.30714402,-0.21269478385140747,0.24154238,0.07155789999830808,0.21546215,18.758501,590.9435998840651,1.4820845,18.996504,18.343948,0.65255547,2016.0,J125619.33+221929.4,194.0805470,+22.3248561,0.0701,0.0663,18.7,15.162,13.835,11.056,8.790,,,,0.034,0.037,0.120,0.362,,,,1938122701351020991,0000,0,00nn,AABC,163,197,-28,212,
0.078724,3956434091078987136,193.94931363105863,22.39615336109408,314.97605032481044,85.16562473001161,0.09772103278403663,0.3055755,-0.0745217409309871,0.27118978,-0.11347828455675037,0.2052889,18.750278,595.4362547399942,2.869072,19.032722,18.305809,0.72691345,2016.0,J125547.83+222346.0,193.9492960,+22.3961388,0.0721,0.0688,8.0,15.332,14.090,11.420,8.448,,,,0.034,0.037,0.172,,,,,1938122701351018436,0h00,0,00nn,AABU,27,218,-78,235,
0.049104,3956449832134754688,194.53409728992935,22.461558705859336,321.3330122418247,85.09214719542419,-0.02081251436323777,0.3172233,-0.2225444808116636,0.3010149,0.04936263201222135,0.24497576,18.891008,523.049792120503,1.1109861,19.031866,18.542624,0.48924255,2016.0,J125808.18+222741.6,194.5341067,+22.4615692,0.0807,0.0762,4.4,15.245,14.142,11.743,8.483,,,,0.036,0.043,0.246,0.310,,,,1938122701351023560,0000,0,01nn,AABB,4,220,220,240,
0.146752,3956464641182002048,194.61018062885984,22.78407242978053,323.37827245833375,85.37515614160075,0.2990266603551933,0.26665252,0.2789232858375822,0.24483985,-0.24267633630883964,0.23121518,18.616209,673.694274906878,2.1141605,18.709593,18.404451,0.30514145,2016.0,J125826.43+224702.7,194.6101638,+22.7841101,0.0635,0.0613,3.5,14.603,13.503,10.844,8.721,,,,0.031,0.035,0.106,0.323,,,,1938122701351026089,0000,0,001n,AAAB,210,156,148,166,
0.071738,3956609192601886848,194.98283007624616,23.305119667676706,330.0695004600195,85.72165756488057,0.2080889766250304,0.17829858,-0.025391759998822396,0.1413094,0.0029236806664304045,0.124095544,17.964144,1228.2573408085977,1.4624937,18.151579,17.60147,0.55010796,2016.0,J125955.88+231818.4,194.9828449,+23.3051342,0.0717,0.0682,5.8,15.131,13.975,10.468,7.991,16.834,16.403,15.456,0.034,0.037,0.075,0.209,0.154,0.200,0.162,1954122701351060633,0000,0,000n,AAAB,77,220,177,231,0.135
0.030214,3956652898189035520,194.5310609734398,23.489343963028638,325.84603571624115,86.05996684142126,-0.020529599285093365,0.09755915,0.016550264267664264,0.08779643,-0.02589216199687045,0.073579416,16.907692,3249.9010981568117,7.206666,17.082285,16.35179,0.73049545,2016.0,J125807.45+232921.6,194.5310529,+23.4893480,0.0323,0.0317,80.3,11.728,10.508,7.372,5.080,15.505,14.653,13.462,0.024,0.021,0.016,0.029,0.058,0.046,0.037,1948124201351007923,d000,0,1111,AAAA,194,35,106,35,0.054
0.146329,3956679217748630656,194.7066606948069,23.648759047444454,328.9561172027419,86.14121607699214,-0.13537260455490763,0.18340857,0.03463890098901661,0.13928537,-0.12395646983440735,0.12266968,18.11035,1073.5117716290777,3.2321272,18.468742,17.550272,0.9184704,2016.0,J125849.58+233855.4,194.7066245,+23.6487355,0.0632,0.0611,5.9,14.726,13.981,10.815,8.771,16.435,15.873,15.323,0.029,0.038,0.119,0.401,0.115,0.149,0.143,1948124201351005560,0000,0,001n,AABC,96,157,-55,170,0.436
0.052527,3956701753440950272,193.30740013258313,22.908627613517314,308.522434059118,85.76091536310415,0.10314932378487747,0.17226814,0.11638844250396609,0.21321993,0.08349452426870452,0.15637179,17.932554,1264.5170800584667,4.6626005,18.051512,17.73028,0.32123184,2016.0,J125313.77+225431.0,193.3074158,+22.9086295,0.0499,0.0493,172.6,14.448,13.057,10.310,7.981,,,,0.028,0.026,0.060,0.183,,,,1938122701351039426,0000,0,000n,AAAB,368,125,101,130,
0.148478,3956746043143539328,193.8717085534128,23.418536935841004,317.01116736307614,86.17909383483835,0.01647792767311563,0.25225312,-0.19634419194850242,0.19072302,0.04184379916031803,0.17434807,18.506865,745.0760512882807,2.6774645,18.67303,18.202671,0.4703598,2016.0,J125529.20+232506.6,193.8716865,+23.4185010,0.0872,0.0815,12.4,15.469,14.470,10.915,8.720,,,,0.038,0.046,0.104,0.439,,,,1938122701351058168,0000,0,000n,AAAC,236,270,-77,290,
0.031002,3956767380541280384,193.14188902673393,23.18722560352759,306.7038006520289,86.05069980753073,0.03103027504632845,0.22031434,-0.23045499854465212,0.18321754,-0.2840913892455326,0.20510311,18.41371,811.8259316841048,5.0767026,18.526846,18.132288,0.39455795,2016.0,J125234.05+231114.0,193.1418940,+23.1872329,0.0579,0.0558,174.8,14.700,13.581,10.652,8.233,,,,0.029,0.032,0.077,0.251,,,,1938122701351063381,0000,0,001n,AAAB,134,162,210,170,
0.159727,3956782704984427520,192.88405642220897,23.258847231086328,303.2665083680942,86.13053336619457,-0.2424562765921382,0.24925382,-0.07656185259939192,0.1952873,0.2369815918182001,0.18240756,18.575554,699.3993106167306,2.4589179,18.667356,18.338446,0.32891083,2016.0,J125132.18+231531.8,192.8841037,+23.2588565,0.0574,0.0558,163.8,14.446,13.269,10.530,7.920,,,,0.029,0.031,0.079,0.239,,,,1922122701351054188,0000,0,001n,AAAB,98,164,226,162,
0.123709,3956790745163217024,193.03356961155103,23.371884097261564,305.3697726576681,86.24033745869687,-0.014844599762632188,0.16845506,-0.030593062254680503,0.17614579,-0.12196648427994515,0.1594338,17.973877,1217.2958531245174,1.8488201,18.115807,17.637676,0.47813034,2016.0,J125208.06+232218.8,193.0335972,+23.3719073,0.0706,0.0679,12.3,15.015,14.033,10.508,8.220,,,,0.032,0.039,0.079,0.217,,,,1938122701351063401,0000,0,000n,AAAB,152,225,294,238,
0.130195,3956808921464714496,193.5595701314754,23.559593543056717,313.13740255270073,86.37571896096445,-0.1054674545787256,0.3098525,0.07120715479890224,0.24511746,-0.06364030723395808,0.2387727,18.863995,536.2270101993017,2.2720783,19.01749,18.560223,0.45726776,2016.0,J125414.29+233334.6,193.5595659,+23.5596295,0.0622,0.0596,9.8,14.912,13.710,10.877,8.636,,,,0.031,0.032,0.106,0.291,,,,1932124201351002769,0000,0,000n,AAAB,131,161,101,172,
0.045818,3956903964796599808,194.38305343548456,24.211158809868444,328.47419949695467,86.77596437990142,-0.23072661337632272,0.35315558,0.43989919160080015,0.3140298,-0.230634108634694,0.2776178,18.698536,624.4994810728431,7.3263683,18.023455,16.72091,1.3025455,2016.0,J125731.93+241240.2,194.3830441,+24.2111683,0.0475,0.0467,135.0,13.595,13.254,12.033,8.797,15.522,14.699,14.229,0.025,0.029,0.315,,0.066,0.082,0.080,1948124201351034083,0000,0,01nn,AABU,89,70,-115,76,0.048
0.069682,3956963643366608640,193.7589577912606,24.32223386703644,319.2367972488619,87.0793612128242,0.1021583760702296,0.21608491,0.10171433358247214,0.18121889,-0.15580139855377745,0.18098286,18.500835,749.225081051376,1.6279242,18.660563,18.121012,0.5395508,2016.0,J125502.15+241920.0,193.7589777,+24.3222270,0.0876,0.0820,14.0,15.625,14.268,10.788,8.907,,,,0.040,0.044,0.099,0.437,,,,1932124201351027289,0000,0,000n,AAAC,1,288,331,309,
0.116050,3957043362256090240,195.73106320161583,24.202842262440605,345.0640575462436,86.09431128410863,-0.0026324847082219993,0.14851321,0.09762488522772872,0.17375371,-0.05399793305628049,0.121838115,17.677027,1600.058724999951,7.6709366,17.74476,17.436193,0.30856705,2016.0,J130255.45+241210.1,195.7310492,+24.2028127,0.0490,0.0472,160.1,13.996,12.821,10.117,7.620,16.342,15.732,15.119,0.027,0.026,0.081,0.166,0.098,0.135,0.133,1965124201351035974,0000,0,22nn,AAAB,230,107,92,113,0.893
0.850791,3957052154053419904,195.02811594738924,23.87613789112684,334.44782407073683,86.20452776154609,0.12371984530363182,0.2678176,0.1260403314193293,0.27767077,-0.04213532772202428,0.22587596,18.679365,635.6249584013324,1.1567467,18.814432,18.33784,0.47659302,2016.0,J130006.76+235234.9,195.0281907,+23.8763641,0.0696,0.0659,8.3,14.945,13.793,10.929,8.621,,,,0.033,0.035,0.118,0.396,,,,1948124201351018226,0000,0,110n,AABC,223,186,109,201,
0.479282,3957062702492338432,195.28673787913323,24.069752743482702,339.05551299722214,86.23914053380621,-0.49263606406041427,0.41770828,0.3224196027396052,0.36873296,-0.3737442675793625,0.2957751,18.903347,517.1397133026869,0.91281974,19.339401,18.27871,1.0606918,2016.0,J130108.83+240411.5,195.2868026,+24.0698720,0.2270,0.2068,16.5,16.467,16.384,12.221,9.116,16.816,16.025,17.094,0.073,0.233,,,0.141,,,1948124201351021001,0000,0,1nnn,ABUU,-149,809,-71,880,0.172
0.084065,3957063183529500160,194.94550387212357,23.818991001477936,333.03015524157524,86.1926371611236,0.4031040304437187,0.28030384,-0.22238287095346193,0.22592136,-0.03335386539906805,0.20013593,18.77168,583.8143156804198,1.8072553,19.100985,18.22097,0.8800144,2016.0,J125946.91+234908.4,194.9454879,+23.8190092,0.0750,0.0714,4.4,15.140,14.124,11.269,8.981,,,,0.034,0.041,0.206,0.461,,,,1948124201351018244,0000,0,01nn,AABC,164,204,-17,222,
0.593859,3957065077611263744,194.9590226139218,23.942948749131535,334.13273952940506,86.29413046811075,-0.11200927271591138,0.31466052,-0.21126671812792244,0.30730206,0.37543423806248516,0.23544377,18.75224,594.361519338371,0.8262821,19.153822,18.211485,0.94233704,2016.0,J125950.18+235635.1,194.9590894,+23.9431020,0.3297,0.2959,18.2,16.998,16.701,11.985,8.964,,,,0.103,,,,,,,1948124201351018849,0000,0,nnnn,AUUU,-909,1296,717,1417,
0.046473,3957071807823211008,194.92220053163217,24.104480748165578,334.9801518253553,86.45017516918931,-0.22029984143065717,0.25735706,-0.22564196844147627,0.21634474,0.060203075647291604,0.19400658,18.60381,681.4329558495134,0.9675789,18.899105,18.204075,0.6950302,2016.0,J125941.32+240616.1,194.9221869,+24.1044840,0.0750,0.0699,14.6,15.356,13.806,10.776,8.883,,,,0.037,0.036,0.115,0.408,,,,1948124201351031408,0000,0,000n,AABC,96,207,55,225,
0.080768,3957075449955300992,195.18972482546747,24.132958741126007,338.4894507411315,86.34159086621808,-0.49696310665381305,0.32397848,-0.08744830871251136,0.29636547,-0.21145192219394682,0.22886421,18.537413,724.4056035758395,2.8026214,18.684958,18.199142,0.48581505,2016.0,J130045.53+240758.7,195.1897424,+24.1329744,0.0960,0.0889,13.9,15.606,14.402,10.952,8.180,,,,0.042,0.047,0.141,,,,,1948124201351028631,0000,0,000n,AABU,242,308,59,336,
0.151515,3957078954648797312,195.09509598818155,24.19339440501377,337.8966960028082,86.44015376656182,-0.3401010441752376,0.41822135,-0.13872421874293445,0.38711098,0.03465276898255129,0.3097247,18.902824,517.3885647674912,1.0042146,19.443615,18.222502,1.2211132,2016.0,J130022.82+241136.0,195.0951167,+24.1933568,0.0947,0.0869,18.8,15.690,14.374,10.623,8.349,,,,0.042,0.047,0.110,0.326,,,,1948124201351028632,d000,0,000n,AABB,333,303,-196,329,
0.019224,3957097444484246528,195.63015207149857,24.382491119910924,345.8079315338847,86.29000102331595,0.13061297684716508,0.20378886,-0.13155322533414343,0.21864317,0.12986423112530268,0.14608562,18.14824,1036.695159197807,2.2079253,18.232605,17.912436,0.32016945,2016.0,J130231.23+242256.9,195.6301473,+24.3824943,0.0695,0.0659,1.1,14.940,13.837,11.581,8.382,,,,0.032,0.036,0.289,,,,,1948124201351025911,0000,0,00nn,AABU,79,182,264,201,
0.047867,3957108542679735808,195.4019584169268,24.359445165087383,343.0863871470959,86.40708268285437,0.31045571962937496,0.30961025,-0.19691762123131362,0.33015642,0.1083387176909349,0.26213032,18.685368,632.1200125678223,1.8661227,18.638098,17.845537,0.7925606,2016.0,J130136.46+242134.0,195.4019442,+24.3594480,0.0465,0.0445,133.6,13.724,12.696,10.089,7.679,16.738,16.242,15.239,0.025,0.025,0.075,0.153,0.133,0.178,0.120,1948124201351025877,0000,0,220n,AAAB,204,84,141,88,0.667
0.073031,3957122114775948288,196.07798985481193,24.15974901337445,347.9854178743586,85.84945417283339,-1.1867217425843429E-4,0.2189623,-0.16957408192130854,0.24879219,0.12001871872599239,0.18998328,18.422655,805.1644189662647,2.0576375,18.643503,18.011307,0.6321964,2016.0,J130418.71+240935.1,196.0779895,+24.1597693,0.0928,0.0862,18.2,15.341,14.238,11.156,8.838,,,,0.040,0.048,0.173,0.441,,,,1965124201351033718,0000,0,000n,AABC,347,278,488,301,
0.070489,3957123965905830400,196.11139831496882,24.214208416804816,348.81307134674705,85.86739073091208,0.29149203136619983,0.34747773,0.602238361211599,0.3362215,0.012186547913772536,0.24954584,18.8744,531.1129135671686,1.6992501,19.21689,18.423986,0.7929039,2016.0,J130426.73+241251.1,196.1113826,+24.2141951,0.1318,0.1188,14.7,15.896,14.739,10.917,7.918,,,,0.054,0.066,0.118,,,,,1965124201351033800,0000,0,000n,AABU,757,444,112,491,
0.093380,3957126336727780224,196.29322245214215,24.22944894865522,350.5591936547258,85.76022447173784,-0.1468936557998794,0.2099899,0.387434572769771,0.23310554,-0.047253761267643093,0.1577675,18.118696,1065.2906310628027,2.8373334,18.288586,17.710314,0.57827187,2016.0,J130510.36+241346.0,196.2932013,+24.2294663,0.0845,0.0795,12.1,15.238,14.035,10.616,8.104,,,,0.037,0.045,0.106,0.301,,,,1965124201351033867,hh00,0,110n,AAAB,358,268,146,287,
0.082207,3957141184430721152,196.03303547166178,24.402148870492322,349.9856216649412,86.05068817074402,-0.04857162221366862,0.25725213,0.18959795265554102,0.25963837,-0.004469151786360162,0.19590181,18.55393,713.4687695042054,1.95761,18.761261,18.086164,0.6750965,2016.0,J130407.93+242407.7,196.0330594,+24.4021558,0.0907,0.0853,6.8,15.337,14.253,11.661,8.805,,,,0.038,0.048,0.345,0.533,,,,1965124201351040984,0000,0,00nn,AABC,175,263,517,288,
0.073161,3957144719188085632,196.2988689459137,24.41626709850951,352.4856848828323,85.88364856733087,0.14557648856859123,0.22872205,-0.19920064350594133,0.2631592,0.06916793464487739,0.18630661,18.221973,968.6290506310909,6.124597,18.465483,17.80272,0.6627636,2016.0,J130511.73+242458.5,196.2988908,+24.4162631,0.0924,0.0857,7.0,15.457,14.143,10.860,8.412,,,,0.040,0.044,0.162,0.385,,,,1965124201351041001,0000,0,000n,AABC,666,296,185,324,
0.098770,3957183614412035968,196.45300962838067,24.812774370560742,358.09990166211634,86.02564970647369,0.04937265277658859,0.32159236,0.3665564366855326,0.310766,-0.1463853646824353,0.22472702,18.849903,543.2325186846106,3.5451086,18.96636,18.543913,0.4224472,2016.0,J130548.72+244846.0,196.4530019,+24.8128009,0.0985,0.0913,15.0,15.493,14.435,11.898,8.530,,,,0.041,0.052,0.301,,,,,1965124201351056639,0000,0,01nn,AABU,-168,295,143,322,
0.045026,3957229935634912000,196.21423989648306,24.912748727187566,357.36556005876736,86.25907880560892,0.11920697388658379,0.11967797,-0.08743097714683486,0.13149267,-0.0018012351802660798,0.0994826,17.328217,2206.2760620180243,7.833542,17.400969,17.12268,0.2782879,2016.0,J130451.41+245445.8,196.2142261,+24.9127494,0.0456,0.0439,150.2,13.823,12.590,10.228,7.750,16.300,15.902,15.159,0.025,0.025,0.075,0.196,0.107,0.170,0.128,1965124201351059325,0000,0,320n,AAAB,303,89,114,97,0.362
0.092329,3957288377254153728,194.69445980716185,24.460887305888896,335.10953927727127,86.8625622316276,-0.08943332417029293,0.1479211,0.02194209312330906,0.12724133,0.11587639122151552,0.119631805,17.776329,1460.2106020169683,6.0119557,17.817463,17.293385,0.52407837,2016.0,J125846.66+242739.2,194.6944335,+24.4608964,0.0399,0.0378,124.9,13.179,12.034,9.283,6.977,16.088,15.186,14.536,0.023,0.022,0.044,0.106,0.098,0.095,0.074,1948124201351044705,0000,0,1100,AAAA,134,71,97,69,0.041
0.071829,3957304668066042880,195.4058112800704,24.661579636754368,346.3763398218731,86.63398052308544,0.10107294984809657,0.37577924,-0.014251249409387046,0.38635382,0.13750600428609938,0.26781893,18.981836,481.0745677771223,1.2374835,19.20306,18.609863,0.59319687,2016.0,J130137.38+243941.6,195.4057895,+24.6615821,0.0782,0.0729,21.5,15.400,13.888,10.950,8.179,,,,0.039,0.035,0.191,,,,,1948124201351049834,0000,0,10nn,AABU,-217,215,39,233,
0.165645,3957312089769512576,195.0251384461834,24.598188854308578,341.01471017817715,86.80662161523915,-0.40021254067801654,0.26779065,0.07321764808926721,0.2389227,0.021673073245289318,0.18046613,18.469204,771.374166717912,1.3405304,18.661554,18.040226,0.62132835,2016.0,J130006.02+243553.4,195.0250885,+24.5981812,0.0974,0.0901,16.4,15.627,14.523,10.887,8.452,,,,0.041,0.052,0.134,0.281,,,,1948124201351044807,0000,0,110n,AABB,-525,308,210,335,
0.116088,3957391078512280448,194.87887624628917,25.080511723203,344.90774156911255,87.26485763855005,-0.05774759475659906,0.21998423,-0.2835979970393307,0.21604481,-0.043979344768319564,0.18109192,18.282024,916.5101500276174,1.0486326,18.54726,17.843508,0.7037525,2016.0,J125930.93+250449.7,194.8789066,+25.0804949,0.0880,0.0832,2.8,15.517,14.433,11.115,8.283,,,,0.038,0.047,0.165,0.340,,,,1950125701351005373,0000,0,00nn,AABB,341,270,-234,289,
0.367742,3957415306423860608,195.27051780637527,24.81643618828797,346.6213621156322,86.83117171584105,0.013513550349598683,0.2183103,-0.060355336521419015,0.23792665,-0.2618785931733923,0.16771719,18.318548,886.1913812138595,2.1752038,18.488922,17.984932,0.5039902,2016.0,J130104.90+244858.8,195.2704515,+24.8163536,0.0537,0.0521,178.4,14.524,13.234,10.382,7.727,16.879,16.092,15.727,0.028,0.029,0.087,0.159,0.134,,,1948124201351054711,0000,0,000n,AAAB,266,120,28,129,0.384
0.178280,3957492134798774016,194.95736855035787,25.31184306947047,349.4162875531996,87.38451568408028,-0.025219425003700467,0.3038715,-0.24515609228269453,0.29940557,0.3500404452671561,0.24071176,18.92704,505.9772491164801,1.7109938,19.038551,18.587345,0.4512062,2016.0,J125949.75+251842.5,194.9573196,+25.3118208,0.0767,0.0732,10.6,15.278,14.172,11.349,8.576,16.891,15.917,16.032,0.035,0.041,0.175,0.373,0.163,,0.248,1950125701351018765,0000,0,00nn,AABC,209,210,384,226,0.644
0.144988,3957528281243969024,195.24479175167144,25.664670305883565,359.05575456501896,87.4102824480681,0.2982105522739928,0.22119007,-0.03150500456939201,0.24042296,-0.34163470227627296,0.17788622,18.585606,692.9542751738318,2.915169,18.824373,18.185024,0.639349,2016.0,J130058.73+253952.8,195.2447475,+25.6646760,0.0708,0.0676,3.5,15.360,13.839,10.657,8.338,,,,0.036,0.034,0.096,0.267,,,,1950125701351029404,0000,0,000n,AAAB,242,206,363,221,
0.072068,3957531614138197376,195.5730049309815,25.72060914782387,3.4586428273236662,87.19184727518069,0.02528396580142615,0.20354323,-0.024669640594334363,0.1882297,-0.06784777622859665,0.14576048,17.835495,1382.766107243409,7.4252725,17.77491,17.197098,0.5778122,2016.0,J130217.51+254314.2,195.5729913,+25.7206249,0.0385,0.0364,128.1,13.093,12.077,9.356,6.994,16.359,15.443,14.467,0.022,0.021,0.038,0.093,0.094,0.092,0.081,1950125701351026781,0000,0,0110,AAAA,131,71,140,71,0.083
0.045838,3957572978966831488,192.68424145660717,23.928517568626333,300.0645279655488,86.79636427080305,-0.004001409574363039,0.22602883,-0.06305868989324158,0.19514826,-0.14966319629803926,0.23196524,18.723394,610.3643933012546,2.0188997,18.939436,18.369081,0.57035446,2016.0,J125044.22+235542.6,192.6842554,+23.9285168,0.0879,0.0822,9.0,15.423,14.147,11.033,8.428,,,,0.039,0.044,0.126,0.351,,,,1932124201351013905,0000,0,000n,AABB,356,276,45,300,
0.353076,3957597271301880320,192.7203305565226,23.999208719602873,300.6043010292773,86.86844289714314,-0.28432976473591065,0.25979322,0.10069895808430904,0.2016216,0.11558758882589854,0.2507278,18.989483,477.6980967299787,0.9232065,19.249577,18.701954,0.5476227,2016.0,J125052.89+235956.9,192.7204123,+23.9991451,0.1657,0.1507,15.0,16.163,15.363,12.005,9.165,,,,0.061,0.097,0.314,,,,,1932124201351016605,0000,0,0nnn,AABU,468,565,-236,618,
0.056398,3957604181905590784,192.92617994403466,24.076456383691866,304.0756262741299,86.94761388846196,0.0412427185534661,0.0936764,0.10530875416039186,0.08649048,0.04888306218930013,0.08637374,17.211725,2456.1578911585716,14.012893,17.269932,16.47529,0.7946415,2016.0,J125142.28+240435.2,192.9261670,+24.0764667,0.0383,0.0370,115.9,13.064,12.013,8.709,5.785,15.910,15.213,14.042,0.024,0.022,0.028,0.049,0.077,0.103,0.063,1932124201351034975,0000,0,1011,AAAA,161,53,101,56,0.387
0.026051,3957622903666690432,192.33491856506075,23.95564643186455,294.3327267584245,86.79230211505293,-0.18876946335434466,0.22688238,0.21925498424186135,0.22147864,0.18140978388952658,0.2132401,18.796892,570.4131732548512,1.6852667,18.896759,18.407885,0.48887444,2016.0,J124920.37+235720.3,192.3349109,+23.9556447,0.0512,0.0497,159.7,14.253,13.085,10.294,7.588,,,,0.028,0.027,0.072,0.182,,,,1915124201351024608,0000,0,110n,AAAB,263,150,332,154,
0.044037,3957646062130383104,192.76254114308242,24.079369438239144,301.268394338693,86.94986691109726,0.14986385694101578,0.20182896,-0.13696622591642638,0.17422485,-0.05694719598098644,0.21229865,18.65326,651.0933712827633,2.4659395,18.894777,18.302402,0.5923748,2016.0,J125103.00+240445.7,192.7625278,+24.0793681,0.0899,0.0831,10.0,15.517,14.000,10.972,8.264,,,,0.042,0.040,0.128,,,,,1932124201351035030,hh00,0,011n,AABU,264,286,200,313,
0.042672,3957705744995895424,193.37367776401243,24.351141000697467,312.5134396414645,87.18454338773432,0.05993103438928056,0.17805919,0.038011356746324526,0.16685402,0.0700456099860736,0.14949326,18.39183,828.3518295182377,3.1045456,18.467426,18.112661,0.35476494,2016.0,J125329.68+242104.1,193.3736877,+24.3511486,0.0610,0.0592,2.4,14.729,13.531,10.749,8.787,,,,0.030,0.033,0.093,0.383,,,,1932124201351032398,0000,0,000n,AAAC,241,162,250,170,
0.207124,3957708356336024192,193.48006251296235,24.45902206286141,314.891187403663,87.27293471792055,0.07604767176289544,0.17691277,-0.1268580260380719,0.14840041,-0.2583741226459368,0.15478063,18.375824,840.6532594961833,1.2933238,18.714903,17.890192,0.82471085,2016.0,J125355.22+242732.5,193.4801141,+24.4590553,0.0565,0.0540,165.3,14.365,13.580,10.417,8.063,17.258,15.810,15.499,0.028,0.032,0.079,0.263,,0.144,0.165,1932124201351048277,0000,0,000n,AAAB,140,195,133,210,0.353
0.015140,3957829302615055488,192.16848343312705,24.211267005130342,290.72865362472515,87.01729553829898,-0.07493146202976947,0.15670118,-0.11463766406415032,0.14328393,0.13757585390917354,0.15094274,18.068752,1115.438688688528,5.520968,18.260921,17.619957,0.6409645,2016.0,J124840.43+241240.5,192.1684875,+24.2112689,0.0407,0.0388,127.3,13.157,11.987,9.148,6.712,17.143,15.711,15.074,0.024,0.023,0.031,0.064,0.238,0.152,0.156,1915124201351027187,0000,0,1100,AAAA,65,52,89,54,0.466
0.075617,3957870396862500352,192.51574237594008,24.666236017646934,295.6976348922429,87.51864873225445,0.04623062195204019,0.17449252,-0.21539213252159767,0.16217986,0.0947576096974592,0.18460487,18.468245,772.0557087907725,4.7594438,18.60499,18.152443,0.45254707,2016.0,J125003.77+243958.3,192.5157315,+24.6662175,0.1088,0.0992,11.2,15.758,14.459,10.915,8.271,,,,0.048,0.052,0.114,0.215,,,,1932124201351040399,0000,0,000n,AABB,183,363,415,398,
0.219788,3957872153504849792,192.45885553517888,24.74618114377956,294.24324093101916,87.59084760888865,0.20942720439574822,0.6598358,0.7159349119231697,0.5903991,0.3092227861128225,0.6277023,18.92622,506.35930192747225,4.4394464,18.187313,16.864618,1.3226948,2016.0,J124950.11+244446.0,192.4588253,+24.7461266,0.0598,0.0584,156.0,14.193,13.926,11.857,8.575,15.585,14.785,14.625,0.027,0.039,0.251,,0.078,0.081,0.095,1932124201351065690,0000,0,00nn,AABU,-153,127,-211,138,0.185
0.123386,3957893520966113024,191.65901744646752,24.460294711751605,280.6141024914982,87.12148343813297,0.04518983374797832,0.25986293,-0.07484528412692837,0.23733166,-0.1951917517372078,0.26398322,18.990583,477.21446763536136,1.1766412,19.235744,18.635622,0.60012245,2016.0,J124638.15+242737.0,191.6589799,+24.4602922,0.1323,0.1209,20.1,16.062,14.891,11.666,8.846,,,,0.054,0.063,0.207,,,,,1915124201351046841,0000,0,00nn,AABU,-643,453,155,491,
0.104087,3957921421073921664,191.54885925860088,24.760672766216395,276.1792874188884,87.35537982312172,0.07590562517357155,0.15058306,0.11546863330918317,0.13213027,0.113990253503324,0.15171352,18.175198,1011.2708014141349,1.3762697,18.347918,17.815983,0.53193474,2016.0,J124611.72+244538.5,191.5488635,+24.7607014,0.0795,0.0734,178.1,15.193,14.004,10.714,8.033,,,,0.035,0.041,0.101,0.200,,,,1915124201351060197,0000,0,000n,AAAB,292,246,46,269,
0.111757,3957987082533657728,192.64406233071725,24.985593533905455,297.7234095366977,87.84862367956711,-0.0937790067133485,0.22110876,0.09665575561457651,0.2188139,0.29744511467207874,0.20621336,18.691835,628.3656115940029,3.3054209,18.801651,18.472725,0.3289261,2016.0,J125034.56+245908.2,192.6440383,+24.9856157,0.0537,0.0528,9.7,14.463,13.167,10.426,8.105,,,,0.029,0.028,0.073,0.255,,,,1932124201351065682,0000,0,111n,AAAB,118,152,116,155,
0.153423,3958000139234257408,192.96029457375457,25.077365235530024,305.48180090457066,87.94711839812534,-0.27463431431156077,0.25220585,-0.14479691585858886,0.22958949,0.21146524010168907,0.21620634,18.856586,539.8982282848954,1.44362,19.058746,18.537663,0.52108383,2016.0,J125150.46+250438.5,192.9602507,+25.0773807,0.1121,0.1012,17.3,15.824,14.518,11.576,8.655,,,,0.048,0.052,0.195,,,,,1933125701351009067,0000,0,11nn,AABU,541,359,112,396,
0.030331,3958015085720485248,192.8167452947234,25.22808993595973,301.7661855685344,88.09945301152787,-0.004423375554942273,0.21226111,0.3059020553723366,0.23460126,0.05374466660802525,0.21454045,18.748854,596.2185103840096,1.6798314,19.018616,18.419498,0.5991173,2016.0,J125116.02+251341.1,192.8167546,+25.2280893,0.1241,0.1141,14.4,15.943,14.918,11.181,8.542,,,,0.050,0.067,0.127,,,,,1933125701351009092,0000,0,00nn,AABU,61,424,-124,460,
0.111404,3958039721652877440,192.51801467972146,25.161825049992032,293.9962367075236,88.00983166554967,0.2006911680767131,0.19629514,0.2518688111920603,0.18211517,-0.01837774220205171,0.17847227,18.559599,709.7523695713094,1.5718,18.705055,18.269695,0.43535995,2016.0,J125004.32+250942.6,192.5180258,+25.1618543,0.0925,0.0866,8.3,15.480,14.213,11.314,8.896,,,,0.042,0.043,0.143,0.443,,,,1933125701351011839,0000,0,11nn,AABC,322,273,286,294,
0.258965,3958054943017124224,192.1272825705542,25.30160790342352,282.98986264521494,88.05885180587097,0.25554962869942077,0.18583526,-0.038833983290534564,0.17006263,-0.16925864327614082,0.19759491,18.586788,692.1993058592982,2.4423575,18.806858,18.177542,0.62931633,2016.0,J124830.56+251805.7,192.1273613,+25.3015975,0.1229,0.1147,11.6,15.907,14.728,11.027,8.801,,,,0.052,0.060,0.140,0.533,,,,1916125701351021831,0000,0,000n,AABC,156,420,-54,451,
1.112092,3958060371855841792,192.4245650758362,25.477469978375428,289.54629345709486,88.30380803604041,0.34695790704285884,0.23315716,-0.08644451659938503,0.20308241,-0.058881757346613404,0.23801747,18.8035,566.953421877137,3.38777,18.968143,18.49391,0.47423363,2016.0,J124941.91+252839.9,192.4246619,+25.4777663,0.1238,0.1128,13.9,15.717,14.942,11.955,8.861,,,,0.046,0.075,0.317,,,,,1916125701351024380,0000,0,00nn,AABU,375,383,698,420,
0.786772,3958075352701777536,192.86953322587235,25.504483702767605,303.25212661215966,88.3762087011341,-0.20198856247325767,0.24630705,-0.2095895457221516,0.23341152,0.12909465720715685,0.23688948,18.87044,533.0537190496714,1.5117471,19.092844,18.57676,0.5160847,2016.0,J125128.66+253016.8,192.8694186,+25.5046762,0.1432,0.1317,14.0,16.082,15.144,11.234,9.040,,,,0.055,0.081,0.142,0.505,,,,1933125701351017792,0000,0,00nn,AABC,-136,505,-332,544,
0.065852,3943674297294334080,199.37835923401045,22.279397214664108,355.0264073156671,82.34860555116101,0.22902444334349792,0.21841104,0.12369960073386266,0.113359526,-0.2617449921268831,0.17638722,18.63435,662.531777376852,1.7286803,18.837515,18.282333,0.5551815,2016.0,J131730.80+221645.8,199.3783396,+22.2793997,0.0713,0.0665,6.9,15.045,13.650,10.677,7.804,,,,0.034,0.035,0.094,0.161,,,,1987122701351023746,0000,0,1100,AAAB,86,222,233,232,
0.107694,3943876671857771904,197.43743696814786,22.44222728670497,345.48716604891956,83.73773986884241,-0.07735884695659395,0.17928958,-0.15297161484239383,0.22562997,-0.11905783243458198,0.1628755,18.14616,1038.6828477453878,1.8964028,18.334736,17.762442,0.57229424,2016.0,J130944.98+222631.9,197.4374361,+22.4421974,0.0683,0.0639,12.1,15.129,13.738,10.288,7.977,16.731,16.390,15.743,0.033,0.035,0.067,0.211,0.125,0.234,0.183,1971122701351020964,0000,0,000n,AAAB,260,286,92,271,0.509
0.086959,3943881619660112512,197.61684854153248,22.524656853784613,347.12065000792796,83.68990280425756,0.18105437750297718,0.26280293,0.2409775143651645,0.31145576,-0.0018224034876534873,0.2248083,18.960482,490.62988371978,2.064796,19.074203,18.5475,0.5267029,2016.0,J131028.04+223128.8,197.6168553,+22.5246802,0.1195,0.1085,12.4,16.039,14.799,12.013,8.496,,,,0.048,0.058,0.273,,,,,1971122701351023632,0000,0,00nn,AABU,568,402,-285,438,
0.120331,3943909867660329472,197.98921366516888,22.33805924463039,348.23962510304233,83.31939434311131,0.24177354763089115,0.25448832,0.02583832486479894,0.20332628,0.13282926989578375,0.22156404,18.6607,646.6462447184712,2.4027953,18.826729,18.292593,0.5341358,2016.0,J131157.40+222016.9,197.9891949,+22.3380307,0.1232,0.1138,9.8,15.904,14.936,11.221,9.011,,,,0.049,0.066,0.147,0.495,,,,1987122701351013421,0000,0,00nn,AABC,-40,423,-161,452,
0.082550,3943914334426348288,198.24681805419323,22.426492083901174,350.22406977446605,83.21714160670994,0.3222517146029221,0.47574425,-0.5271657913179172,0.495387,-0.04798322320544047,0.40021282,17.98554,1204.289562608446,9.572649,16.28449,15.081361,1.2031298,2016.0,J131259.23+222535.4,198.2468214,+22.4265148,0.0412,0.0384,141.2,12.079,12.148,11.436,8.454,13.821,13.170,12.840,0.022,0.022,0.175,,0.073,0.079,0.064,1987122701351015803,0000,5,22nn,AABU,0,49,0,52,0.173
0.168240,3943940993287785216,198.40354739683494,22.60274928496508,352.15172606012976,83.23559991729019,-0.1993145881485164,0.26478913,-0.2777956877961417,0.28273925,0.029803300516559182,0.20031099,18.806005,565.6456080057959,1.5874965,18.99844,18.385462,0.612978,2016.0,J131336.85+223610.0,198.4035791,+22.6027857,0.1274,0.1159,14.5,16.074,14.693,11.213,8.642,,,,0.055,0.057,0.155,,,,,1987122701351034857,0000,0,01nn,AABU,-46,428,-30,466,
0.056976,3943967901258441856,198.11741893398266,22.64380893776674,350.8328039999804,83.45488673244782,-0.05678187641413796,0.1840532,0.33861563330559613,0.1855141,-0.05381422675168389,0.15120013,18.155005,1030.2554483675553,6.145283,18.179956,17.049973,1.1299839,2016.0,J131228.18+223837.7,198.1174272,+22.6438228,0.0453,0.0439,98.6,13.678,12.745,9.885,7.515,16.274,15.512,14.806,0.026,0.025,0.051,0.144,0.109,0.130,0.095,1987122701351037371,0000,0,110n,AAAB,164,65,146,415,0.211
0.415048,3943991334600324480,197.90438944227358,22.915503094364333,351.36323119929233,83.78492287550732,-1.3871240148993926,0.7335034,0.22369395298090208,0.7592822,-0.1691345826231443,0.5990894,18.726507,608.6165215054102,7.1425605,15.927452,14.442056,1.4853964,2016.0,J131137.04+225456.2,197.9043670,+22.9156165,0.0306,0.0298,141.8,10.354,10.366,7.411,5.174,12.918,12.294,11.877,0.021,0.021,0.016,0.033,0.099,0.109,0.088,1971122701351049180,0000,5,3111,AAAA,-263,55,-329,69,0.396
0.293098,3943996175027702912,198.39477515232653,22.861197265005757,353.74907230026304,83.41560438648159,-0.015693782957818043,0.26012817,-0.002394467561386464,0.30910772,0.010182510519750257,0.21522775,18.804031,566.6755819140535,1.3153236,19.018461,18.4153,0.60316086,2016.0,J131334.73+225140.5,198.3947403,+22.8612721,0.1093,0.1008,10.9,15.803,14.636,10.731,8.477,,,,0.046,0.058,0.094,0.405,,,,1987122701351034818,0000,0,110n,AAAC,-176,376,434,405,
0.126589,3944009163008976256,198.40412251378663,23.09521651629957,355.3625892306337,83.56177826247176,0.3556493375567633,0.19450238,0.05067531407577962,0.18930332,0.04550769929837418,0.15775108,18.408903,815.4282391737745,1.9846953,18.622002,18.048046,0.57395554,2016.0,J131336.99+230542.9,198.4041280,+23.0952513,0.0706,0.0668,12.6,15.164,13.831,10.948,8.364,,,,0.034,0.035,0.106,0.283,,,,1987122701351042605,0000,0,000n,AAAB,383,210,138,219,
0.125060,3944025415165243776,198.3086680614585,23.2050292089694,355.61709017553363,83.69949188822837,-0.08354025650401523,0.23672287,0.09825150461556795,0.25917968,-0.04614013011648914,0.19269626,18.767273,586.188753799339,1.7460494,18.815428,18.239128,0.57629967,2016.0,J131314.08+231218.2,198.3086782,+23.2050627,0.0677,0.0649,8.2,14.846,13.847,11.310,8.423,,,,0.032,0.036,0.140,,,,,1987122701351061472,0000,0,00nn,AABU,228,168,248,177,
0.109758,3944231607955101440,196.50234400964627,22.140799720474202,337.2906178520317,84.01439304726199,-0.04183818010440937,0.29735923,0.5152918520854104,0.31444708,-0.3111546300154099,0.21629575,18.86877,533.8732218232878,1.3376299,19.096819,18.463877,0.6329422,2016.0,J130600.56+220826.9,196.5023386,+22.1408298,0.0981,0.0930,16.1,15.604,14.397,11.180,8.390,,,,0.043,0.050,0.128,0.315,,,,1971122701351010811,0000,0,nnnn,AABB,301,310,38,331,
0.382227,3944280398783161216,196.19928564188132,22.214751140682694,335.3473707559684,84.22560629945986,0.065353852745063,0.31120384,-0.10751484148616362,0.3947593,0.01480595733604173,0.25857282,18.740122,601.0325548467181,2.506704,18.95629,18.359324,0.5969658,2016.0,J130447.81+221252.7,196.1992391,+22.2146541,0.0797,0.0760,7.6,15.200,14.306,10.865,9.021,,,,0.035,0.046,0.104,0.520,,,,1954122701351000078,0000,0,000n,AAAC,62,250,123,265,
0.149878,3944291192036922880,196.32929659848466,22.491092892363014,337.86059125995496,84.39521368915103,-0.2483709369343042,0.20716415,-0.04669577445950554,0.25440973,-0.09036040094529343,0.18694814,18.48645,759.2179966446369,1.4860476,18.71149,18.01409,0.69740105,2016.0,J130519.02+222927.7,196.3292844,+22.4910528,0.0910,0.0852,11.2,15.519,14.214,10.732,8.217,,,,0.040,0.046,0.096,0.236,,,,1971122701351013275,0000,0,001n,AAAB,-296,295,-72,316,
0.138591,3944423236512052352,194.95346750254149,22.198252643389253,324.4837938270925,84.71583184116665,-0.05976087114458074,0.27496752,-0.15870115770010051,0.26392367,0.31732885983867837,0.23679805,18.895472,520.904443260586,1.3807467,19.148468,18.439402,0.7090664,2016.0,J125948.84+221153.6,194.9535084,+22.1982456,0.1101,0.1009,17.3,15.733,14.355,10.875,8.852,,,,0.048,0.053,0.121,0.471,,,,1954122701351010331,0000,0,110n,AABC,141,364,87,394,
0.085056,3944429348248935168,194.84947951478625,22.382558829617857,324.2028096334302,84.92218825578527,-0.30752345618558924,0.23168963,0.15362357823046233,0.22020088,-0.12370338450324606,0.2046411,18.52493,732.7829776297825,2.2193532,18.699257,18.199633,0.49962425,2016.0,J125923.86+222257.2,194.8494562,+22.3825685,0.0788,0.0744,3.6,15.293,13.999,11.258,8.453,,,,0.037,0.039,0.159,0.392,,,,1954122701351012745,0000,0,00nn,AABC,159,234,47,256,
0.154412,3944433540137551104,194.55850608110543,22.2821945661192,320.96063497017826,84.91430078130105,0.01062252356717305,0.17212611,-0.058043683949700914,0.19579019,-0.0735668659406964,0.14965676,18.359394,853.4717054904263,0.97803926,18.681936,17.850729,0.8312073,2016.0,J125814.03+221656.0,194.5584738,+22.2822254,0.1010,0.0921,14.0,15.504,14.645,11.909,8.535,,,,0.041,0.056,0.258,0.343,,,,1938122701351023607,0000,0,11nn,AABB,281,302,450,331,
0.168261,3944437079190608512,194.56396038694604,22.339756598372247,321.2108825761759,84.96770398585927,0.175353839845058,0.32455477,-0.4568262682854912,0.31152657,0.1452046273884775,0.26408565,18.984007,480.11373656560215,1.0641278,19.22293,18.591501,0.6314297,2016.0,J125815.34+222023.0,194.5639215,+22.3397268,0.1051,0.0975,13.2,15.811,14.503,11.374,8.730,,,,0.047,0.051,0.155,0.422,,,,1938122701351023665,0000,0,11nn,AABC,281,354,-568,385,
0.042384,3944449757933476864,195.49558561334027,22.06748376426602,328.83548886236764,84.40088015927321,-0.11839447123002894,0.2544711,-0.04593535900807065,0.2586502,-0.21214003740936474,0.18909045,18.630413,664.9380778717637,2.253863,18.78901,18.259909,0.5291004,2016.0,J130158.93+220402.9,195.4955729,+22.0674832,0.0881,0.0824,14.5,15.370,14.227,11.676,8.305,,,,0.040,0.043,0.220,,,,,1954122701351005046,0000,0,00nn,AABU,199,258,95,277,
0.340033,3944532530543512448,195.33404216425936,22.68843449742961,330.2800376033474,85.02557190931195,-0.09169735228570612,0.19016895,-0.2258101548585828,0.21343395,-0.13868497496943322,0.14727665,18.284098,914.7607061028723,2.2609897,18.442125,17.99767,0.4444561,2016.0,J130120.18+224118.6,195.3341134,+22.6885024,0.0857,0.0803,24.3,15.241,14.530,11.394,8.661,16.968,16.465,15.587,0.036,0.052,0.195,0.375,0.167,0.216,0.188,1954122701351031129,hh00,0,11nn,AABC,523,260,28,277,0.451
0.469367,3944538685232562176,194.91078547304147,22.57533201606177,325.60678852884496,85.08160342949608,0.2013147035371829,0.3085245,-0.3227230787175049,0.274007,0.1087295946053245,0.23439169,18.91735,510.5129001734707,1.4036639,19.131405,18.583548,0.5478573,2016.0,J125938.56+223430.8,194.9106942,+22.5752325,0.1210,0.1106,14.5,15.896,14.586,11.404,8.620,,,,0.050,0.057,0.195,0.355,,,,1954122701351036619,0000,0,00nn,AABB,-125,402,-618,437,
0.117144,3944607984529472384,196.6839214222626,22.20182619198297,338.9515744752699,83.97207404891441,0.185267314802645,0.2675534,0.2451893273602349,0.3131515,-0.29413808647217304,0.2168188,18.664207,644.5606916453912,2.6111686,18.828178,18.35114,0.47703934,2016.0,J130644.14+221206.6,196.6839533,+22.2018399,0.0981,0.0910,11.8,15.532,14.514,10.897,8.275,,,,0.041,0.054,0.123,0.257,,,,1971122701351008295,0000,0,011n,AABB,166,320,4,349,
0.042953,3944624408483670016,196.83097479918573,22.559631048085002,342.053849238807,84.1820501704836,-0.17123583193380815,0.28124893,-0.07051269098643125,0.32916898,-0.0524222809659707,0.24687554,18.941391,499.33308020782295,1.2634616,19.173916,18.58144,0.5924759,2016.0,J130719.43+223334.7,196.8309771,+22.5596428,0.2113,0.1894,21.1,16.679,15.313,11.834,8.921,,,,0.085,0.092,0.281,0.439,,,,1971122701351016141,0000,0,nnnn,AABC,67,762,-1033,830,
0.019757,3944682820038828544,196.28136361111822,22.61227387169395,338.1740053479304,84.52062659636951,0.06270188761692594,0.15196072,0.018534009357416673,0.19155629,0.005011580820752394,0.12368226,18.101156,1082.6411272610924,2.10914,18.238598,17.794853,0.44374466,2016.0,J130507.52+223644.1,196.2813692,+22.6122720,0.0492,0.0481,3.1,14.032,12.857,10.073,7.954,16.606,16.254,15.644,0.027,0.027,0.052,0.182,0.130,0.233,0.167,1954122701351025711,0000,0,111n,AAAB,199,125,95,136,0.404
0.196108,3944731576508120960,197.58180953267197,22.739809288121766,348.24959517479704,83.86984168972002,0.49016374455578676,0.29421884,0.20748962012558247,0.29715362,0.026363619087771975,0.23307057,18.920835,508.87681131879845,1.5494926,18.97056,18.286186,0.68437386,2016.0,J131019.62+224423.4,197.5817635,+22.7398434,0.0671,0.0649,17.1,14.896,13.988,11.159,8.316,,,,0.031,0.038,0.143,0.255,,,,1971122701351028752,0000,0,01nn,AABB,442,196,-18,201,
0.091210,3944780405991685504,198.05657097179403,23.332942002181962,355.1514994540766,83.95928568086879,0.0873220154499269,0.118720815,-0.08010083738515794,0.14018215,-0.1290146038315414,0.09704626,17.486881,1906.3117494388057,2.6373837,17.769077,17.026405,0.74267197,2016.0,J131213.57+231958.6,198.0565660,+23.3329669,0.0469,0.0455,159.2,14.140,12.780,9.946,7.990,16.268,15.448,15.405,0.027,0.025,0.052,0.219,0.107,0.117,0.141,1987122701351064119,0000,0,000n,AAAB,190,205,101,199,0.035
0.343663,3944836343645998336,197.20389265829866,23.587648396817443,351.83473931925323,84.71431956830361,-0.26558690738781,0.18074493,-0.22480412346252102,0.24795064,-0.1083258401114024,0.1670189,18.11663,1067.3187919820937,1.4925631,18.583643,17.472445,1.1111984,2016.0,J130848.91+233515.7,197.2038068,+23.5877024,0.1680,0.1531,7.1,16.130,16.331,12.521,8.884,16.370,17.605,16.983,0.055,0.209,,,0.125,,,1965124201351000263,0000,0,0nnn,ABUU,-203,547,1047,611,0.274
0.188074,3944861318879927168,197.39583157643392,23.71569990582897,354.13380118997827,84.66879177392067,-0.1640493616324077,0.36473796,-0.07694574557033443,0.35207283,0.09320952564527793,0.27438903,18.991543,476.79303498493687,2.1866925,19.176971,18.717745,0.4592266,2016.0,J130935.00+234256.7,197.3958390,+23.7157517,0.1492,0.1377,15.3,16.306,14.966,11.590,8.687,,,,0.062,0.068,0.223,,,,,1981124201351009500,0000,0,00nn,AABU,237,532,404,580,
0.107620,3944912205652844288,196.46192654685177,23.14482812421684,343.02032598518275,84.8525830805397,-0.20482472717726793,0.28315848,-0.17964333173735403,0.38134843,0.08551863252322545,0.24624723,17.68974,1581.4342537810003,2.785557,18.427286,16.768787,1.6584988,2016.0,J130550.86+230841.3,196.4619540,+23.1448121,0.0752,0.0725,174.0,14.764,14.837,12.153,9.177,15.759,14.904,14.825,0.030,0.068,,,0.075,0.068,0.116,1971122701351039515,0000,0,00nn,AAUU,-151,186,68,199,0.128
0.193417,3944924643877731328,196.3414599839179,23.177402490658004,342.2679582214543,84.94668390413821,0.39135426853167704,0.35496652,0.13041180089156504,0.41782984,-0.10691085490509462,0.31908384,18.965622,488.31259627352426,1.6562812,19.17484,18.645813,0.52902794,2016.0,J130521.96+231038.7,196.3415132,+23.1774248,0.1230,0.1119,13.8,15.924,14.589,11.121,8.350,,,,0.050,0.059,0.147,0.255,,,,1971122701351039631,0000,0,01nn,AABB,-98,416,-543,455,
0.094809,3944928938845116544,196.4417306529686,23.387681409203847,344.6074845749251,85.05215827469931,0.16327226347241286,0.29690844,0.19761571982249684,0.29796976,-0.0558449717588468,0.22818732,18.801949,567.7631775915573,2.4017644,19.100475,18.414341,0.68613434,2016.0,J130546.01+232315.5,196.4417346,+23.3876553,0.0891,0.0819,14.5,15.495,14.107,10.813,8.556,,,,0.042,0.043,0.096,0.330,,,,1971122701351062126,0000,0,001n,AAAB,439,273,177,295,
0.149676,3944965570621883776,195.49928537916097,23.3206508226918,335.5996367077994,85.50588240242688,-0.2088678828835378,0.14460304,0.03499074919231751,0.16862461,-0.03809613574599112,0.11961375,17.670307,1609.9917608113496,3.3681626,17.914553,17.264019,0.6505337,2016.0,J130159.83+231914.4,195.4993002,+23.3206901,0.1046,0.0972,9.7,15.542,14.405,11.269,8.254,16.768,16.066,15.822,0.044,0.052,0.161,0.268,0.145,0.151,,1954122701351058055,0000,0,11nn,AABB,1044,335,46,361,0.095
0.028802,3944965703765157760,195.52073175712857,23.33600978015526,335.91656127596644,85.50860366862821,0.10706257729236372,0.1836572,0.09792289547690372,0.21497115,-0.09112255569070714,0.15701249,18.02095,1165.6461942434005,7.2672224,18.091398,17.676712,0.4146862,2016.0,J130204.97+232009.6,195.5207243,+23.3360139,0.0504,0.0487,8.0,14.131,12.835,9.711,6.983,,,,0.028,0.027,0.041,0.098,,,,1954122701351057985,0000,0,2100,AAAA,166,158,185,167,
0.089167,3945034182724056960,196.80226102844574,23.683565452054715,349.7490160303084,85.04594572628935,0.18246399014784015,0.2865301,-0.05503531256186846,0.28695506,0.254977608003518,0.20833918,18.654358,650.4346597316911,1.5513916,18.867943,18.259771,0.60817146,2016.0,J130712.53+234100.8,196.8022346,+23.6835709,0.0927,0.0865,4.2,15.349,14.627,11.305,8.775,,,,0.038,0.055,0.152,0.391,,,,1965124201351002695,0000,0,00nn,AABC,463,303,100,326,
0.445672,3945048235856756608,197.22680892540782,23.707842294691677,352.95879319145376,84.77987587058041,0.4420880497930213,0.29450634,0.10196470961295363,0.29636562,0.22831916150985565,0.22026348,18.759186,590.5716076728493,3.3900204,18.85711,18.510515,0.34659386,2016.0,J130854.40+234228.1,197.2266798,+23.7078056,0.0677,0.0653,3.8,14.831,13.959,11.637,8.755,,,,0.031,0.038,0.196,0.399,,,,1965124201351000067,d000,0,00nn,AABC,-220,174,18,184,
1.860561,3945052981796394240,197.17182272870843,23.804587674783484,353.3904542042951,84.88175865773506,-0.03722964674350691,0.2699252,-0.26646354772839737,0.32445064,0.06102003736215903,0.2227593,18.781801,578.3971268923532,2.9602637,18.985388,18.687464,0.29792404,2016.0,J130841.31+234818.0,197.1721307,+23.8050209,0.0901,0.0844,13.7,15.395,14.377,11.640,8.283,,,,0.039,0.045,0.237,,,,,1965124201351023719,0000,0,11nn,AABU,-305,265,396,285,
0.074609,3945054558048657536,197.24541412994023,23.85531322203634,354.31290017275796,84.86416368661212,-0.45780973923378165,0.34144312,-0.40189555874105704,0.39787948,0.1860523288769115,0.2770539,18.902054,517.7564424907214,1.7948138,19.055195,18.558558,0.49663734,2016.0,J130858.89+235119.1,197.2454005,+23.8553298,0.1034,0.0954,16.6,15.747,14.322,11.274,8.142,,,,0.046,0.049,0.166,,,,,1965124201351023742,00P0,0,00nn,AABU,468,335,193,362,
0.166411,3958112323780256512,194.32625563751066,24.911841083289147,333.9967252500423,87.42134196635679,-0.17306781400294763,0.13868919,0.0627902700216207,0.12953252,0.20959087376526447,0.12457406,17.839262,1377.9771801618556,2.6067948,17.98403,17.558258,0.4257717,2016.0,J125718.29+245442.5,194.3262097,+24.9118211,0.0658,0.0620,9.3,15.156,13.818,10.647,8.482,,,,0.033,0.033,0.090,0.346,,,,1948124201351062538,0000,0,011n,AAAB,259,187,454,204,
0.044151,3958118405453986816,194.26586190023346,25.082648828051955,334.9343535990397,87.59601974797562,0.13388372591745445,0.21855879,-0.12621663973360273,0.21713108,0.21798065843594147,0.21384397,18.773415,582.8825409304221,1.1771297,18.911592,18.37514,0.53645325,2016.0,J125703.80+250457.5,194.2658666,+25.0826603,0.0552,0.0533,161.6,14.587,13.433,10.476,7.508,,,,0.028,0.029,0.078,0.163,,,,1950125701351010608,0000,0,0110,AAAB,277,137,215,147,
0.811396,3958211009244854400,194.14367795946316,25.506556264933096,338.58614718534807,88.01134674770832,-0.22272737557725708,0.31886005,-0.06195112704738451,0.3389146,0.27021344080891885,0.2461791,18.99712,474.34979777330375,2.1910026,19.2086,18.607277,0.6013222,2016.0,J125634.51+253024.2,194.1438313,+25.5067342,0.0975,0.0900,18.9,15.702,14.559,11.228,8.382,,,,0.043,0.048,0.149,,,,,1933125701351026138,0000,0,01nn,AABU,267,305,-238,328,
0.135965,3958245502125890816,194.77338833803168,25.452813086754688,349.04366911418947,87.60185537829584,-0.12300081183172042,0.19337021,0.003934759829119507,0.26189306,-0.08835089013115091,0.22315969,18.515724,739.0209209593052,2.0660086,18.66576,18.203375,0.46238518,2016.0,J125905.60+252710.1,194.7733467,+25.4528163,0.0730,0.0687,18.4,15.384,13.831,10.777,8.356,,,,0.036,0.035,0.097,0.351,,,,1950125701351015905,0000,0,001n,AAAB,-197,209,-150,227,
0.070380,3958261548123726592,194.60100906513895,25.582858147199538,348.60047691037886,87.80383772309631,-0.03456734089681551,0.18127553,0.07123278596564842,0.2037033,0.11705107462359451,0.2062746,18.502209,748.2778695313688,2.454818,18.69972,18.087954,0.6117668,2016.0,J125824.23+253458.2,194.6009874,+25.5828594,0.0641,0.0616,19.4,14.981,13.787,10.820,8.232,,,,0.032,0.033,0.089,0.220,,,,1950125701351015881,0000,0,110n,AAAB,-141,176,370,188,
0.081896,3958329649125308672,194.56274766869618,26.083569786958144,358.86641995102934,88.15325948977875,0.09396653827305317,0.19257705,-0.03146154239603327,0.24513553,-0.15865172342836042,0.20801997,18.53081,728.8248637318338,1.4357549,18.753323,18.098505,0.6548176,2016.0,J125815.05+260500.9,194.5627458,+26.0835925,0.0752,0.0708,20.7,15.373,14.023,10.989,8.829,,,,0.036,0.036,0.105,0.408,,,,1950125701351043812,0000,0,000n,AAAC,490,226,-528,242,
0.148724,3958377134283800576,194.81326303059384,26.421693036784564,11.322934493790342,88.11806211983313,0.14920760520131177,0.1740063,-0.017618357186462076,0.21658053,-0.243623440933553,0.16877373,18.468748,771.6983538530177,1.3298233,18.803713,18.02927,0.7744427,2016.0,J125915.17+262518.0,194.8132263,+26.4216680,0.0832,0.0766,178.4,15.227,14.537,10.803,8.296,,,,0.034,0.052,0.107,0.275,,,,1950125701351061769,0000,0,000n,AAAB,45,252,32,276,
0.112459,3958388133695666432,193.23755254850883,25.417775441750155,314.2267749853798,88.25625688513558,0.11189046564817129,0.18315324,-0.056506648543491404,0.17460085,0.07960334764319274,0.1755062,18.383972,834.3686221105266,1.6518805,18.412045,17.693878,0.71816635,2016.0,J125257.01+252504.0,193.2375635,+25.4178051,0.0453,0.0451,157.6,13.829,12.787,9.854,7.577,16.614,16.289,15.074,0.026,0.025,0.044,0.130,,,0.144,1933125701351020415,0000,0,1100,AAAB,188,178,156,148,0.081
0.050160,3958437474279991168,193.53822823300447,25.9235281490594,329.8367828350002,88.65087389459437,-0.06676037538305629,0.19128823,0.2993912646090344,0.19695869,-0.05625183093530478,0.22293259,18.436424,795.0182264875355,4.4523764,18.241577,17.27323,0.96834755,2016.0,J125409.17+255524.7,193.5382283,+25.9235421,0.0402,0.0388,150.1,13.281,12.252,8.980,6.150,16.173,15.361,14.689,0.024,0.024,0.030,0.050,0.102,0.111,0.090,1933125701351050728,0000,0,4500,AAAA,170,55,142,59,0.185
0.189074,3958439909525804288,193.47703153871555,25.892568042410346,327.1653817590732,88.64638435360182,-0.07257013983289504,0.21065211,-0.32505823944958756,0.17361057,0.09448141624649478,0.18598062,18.702955,621.9633338701509,1.2906154,18.940575,18.240759,0.69981575,2016.0,J125354.47+255333.2,193.4769735,+25.8925621,0.0946,0.0888,6.3,15.368,14.511,11.123,9.149,,,,0.040,0.051,0.131,0.533,,,,1933125701351034163,0000,0,11nn,AABC,-278,293,343,313,
0.320884,3958459872533784448,192.99114672453467,25.82452873585548,308.12692141184846,88.69096278683696,0.08306391192997738,0.21135397,-0.05768598815755411,0.21516341,0.05659732101625588,0.21708299,18.707355,619.4471018836284,1.3608803,19.041739,18.21868,0.8230591,2016.0,J125157.89+254928.3,192.9912457,+25.8245282,0.0890,0.0826,15.8,15.440,14.375,10.701,8.655,,,,0.040,0.046,0.095,0.333,,,,1933125701351036872,0000,0,000n,AAAB,549,285,184,310,
0.179382,3958504132171648512,193.59518018378714,26.33475610986049,342.7252712049232,88.9697755863348,-0.14621252578461663,0.10811962,0.05356189302647212,0.12667514,-0.044960576094543986,0.10842108,17.603436,1712.2710400365258,7.2489038,17.787193,17.21043,0.57676315,2016.0,J125422.83+262004.9,193.5951399,+26.3347218,0.0463,0.0454,170.4,14.174,12.762,9.384,7.190,16.543,15.883,15.115,0.027,0.025,0.035,0.099,0.128,0.165,0.125,1933125701351058764,0000,0,1100,AAAA,255,225,162,197,0.332
0.110819,3958520654911055232,193.25935404355684,26.456244457291106,330.9979844544402,89.23907988424071,0.04203861626023165,0.2118542,0.05794733857070597,0.19458906,0.28129314104965525,0.21370104,18.958197,491.6635242461542,1.6080204,19.190145,18.562244,0.6279011,2016.0,J125302.24+262722.3,193.2593347,+26.4562190,0.0732,0.0694,12.8,15.061,13.855,11.051,8.652,,,,0.034,0.039,0.131,,,,,1933125701351061490,0000,0,000n,AABU,-143,202,270,221,
0.098641,3958526324267567872,194.21715643524345,26.118914848308048,353.4908069140234,88.42145717424157,0.11909657316744222,0.1513803,-0.043815503170248515,0.17688704,0.12277618137672837,0.15093169,18.042412,1142.830551814815,4.653122,18.242167,17.689318,0.5528488,2016.0,J125652.11+260708.1,194.2171278,+26.1189243,0.0860,0.0800,12.3,15.440,14.247,11.156,8.798,,,,0.039,0.042,0.140,0.383,,,,1950125701351040703,0000,0,11nn,AABC,570,264,49,286,
0.575540,3958534334382726784,194.31892690859635,26.20135178465845,357.86031432665675,88.39997675291548,0.16983592321244867,0.2414787,0.24564103585195318,0.24608162,-0.13054992763810527,0.26081795,18.942327,498.9027688439836,1.2027502,19.173702,18.612022,0.56167984,2016.0,J125716.50+261205.2,194.3187906,+26.2014547,0.1331,0.1222,14.8,16.118,14.919,11.670,8.503,,,,0.056,0.064,0.196,,,,,1950125701351040843,0000,0,00nn,AABU,318,428,-382,467,
0.178842,3958582330641630848,194.18755946800874,26.652901878107485,11.366890087021439,88.72371083608209,0.11560662578451535,0.18949802,-0.16524030196451017,0.20220432,0.1820588689015829,0.19361174,18.613016,675.6790397886956,1.4000297,18.868906,18.250858,0.6180477,2016.0,J125645.01+263910.2,194.1875629,+26.6528523,0.0954,0.0885,0.3,15.465,14.414,11.935,8.633,,,,0.040,0.049,0.299,,,,,1943127201351007990,0000,0,00nn,AABU,53,286,464,310,
0.470330,3958633908904192128,194.00729092043176,26.75662472279733,13.232174646779658,88.91138100045416,-0.3572482766984941,0.51445293,0.018861863022895962,0.57960373,0.27833580683612824,0.590943,18.746937,597.2718400801698,2.8973117,16.811068,15.479306,1.3317614,2016.0,J125601.75+264524.3,194.0072989,+26.7567552,0.0716,0.0461,179.0,12.588,12.667,11.885,8.529,13.991,13.302,13.112,0.036,0.039,0.348,,0.055,0.067,0.049,1943127201351007910,0000,4,nnnn,AABU,157,49,162,52,0.490
0.071959,3959289492712306560,190.20437701559115,24.043590090192215,264.5264233337984,86.09521100527107,-0.11976996844781419,0.18059099,0.006075559965304333,0.14872001,-0.2351003960891026,0.15988378,18.454931,781.5813198204104,2.3360238,18.630775,18.119892,0.51088333,2016.0,J124049.04+240236.9,190.2043734,+24.0436098,0.0651,0.0620,12.3,14.987,13.580,10.823,8.380,,,,0.033,0.031,0.100,0.268,,,,1899124201351021443,0000,0,000n,AAAB,83,186,110,198,
0.115709,3959349862772590080,190.0380120015803,24.425339675841347,259.0814094187003,86.29072930471392,-0.00706487278387713,0.07475027,0.06759116835122152,0.058802895,-0.061489624077402535,0.06484668,16.85728,3404.3521348257636,4.660639,16.96356,16.59784,0.36572075,2016.0,J124009.11+242531.3,190.0379953,+24.4253680,0.0403,0.0389,112.5,13.245,11.984,8.963,6.310,16.018,15.767,14.851,0.024,0.023,0.034,0.052,0.082,0.146,0.081,1899124201351046378,0000,0,0000,AAAA,86,54,107,56,0.135
0.068797,3959392120955025536,190.4100060429357,24.33438707431496,264.09140551484836,86.44009764482776,-0.04776423228344197,0.22198257,-0.1173941678222481,0.19310394,0.22420477968116467,0.22197182,18.773762,582.6957869305127,2.2496834,19.012012,18.378023,0.63398933,2016.0,J124138.40+242003.8,190.4100219,+24.3343996,0.1303,0.1220,6.6,15.873,15.204,12.252,9.042,,,,0.048,0.082,0.423,,,,,1899124201351029748,0000,0,00nn,AACU,382,442,53,478,
0.241345,3959394388697760128,190.5699429779486,24.348990683459775,265.8505855830823,86.53933980232652,0.05444799687882129,0.17197813,0.20325925165946224,0.1604733,-0.27763678269547726,0.17013869,18.398705,823.1232446429959,1.855963,18.598043,17.987556,0.610487,2016.0,J124216.79+242056.5,190.5699704,+24.3490529,0.0730,0.0687,10.0,15.121,13.752,10.400,8.081,16.730,16.477,15.828,0.035,0.035,0.080,0.250,0.132,0.216,0.235,1899124201351026715,0000,0,000n,AAAB,326,225,334,241,0.772
0.789165,3959401672962332288,190.5707611587311,24.559094771075273,263.70598669445627,86.70726790133041,-0.29192366192231956,0.24093744,0.26153776934271306,0.22610202,-0.04132244812077364,0.25713685,18.995428,475.08986951555073,1.4909629,19.197302,18.640532,0.5567703,2016.0,J124217.02+243333.2,190.5709437,+24.5592379,0.1073,0.0995,18.7,15.727,14.625,11.837,8.481,,,,0.045,0.053,0.228,0.277,,,,1899124201351052941,0000,0,00nn,AABB,69,345,-86,371,
0.290280,3959426205815753216,190.62894361547,24.619374172886545,263.78170647781053,86.78735666473163,-0.133054431538079,0.21382128,0.09479670529716024,0.1948893,0.09352028085204572,0.22008799,18.659462,647.3839108907197,4.1846685,18.841734,18.22659,0.6151447,2016.0,J124230.94+243710.0,190.6289426,+24.6194548,0.0925,0.0847,17.6,15.329,14.359,11.221,8.601,,,,0.040,0.047,0.146,,,,,1899124201351051741,0000,0,00nn,AABU,46,282,-524,304,
0.196815,3959692253269608960,190.17933043308258,25.188550396095273,251.2141639816201,86.90995062574017,-0.12536708249880113,0.15454195,0.11514307262757906,0.1430926,-0.040176163967798224,0.14466767,18.235762,956.4057633383273,6.108975,18.253479,17.654263,0.59921646,2016.0,J124043.05+251118.7,190.1793904,+25.1885440,0.0498,0.0484,158.4,13.975,13.012,10.159,7.779,17.148,16.208,15.592,0.026,0.027,0.063,0.158,0.184,0.189,0.163,1900125701351002706,0000,0,001n,AAAB,192,153,21,148,0.696
0.720396,3959695689243449088,190.4307417820134,25.227478000148214,253.48107122051675,87.10815169675011,-0.16796373445252802,0.22456352,0.1907247974643119,0.19128509,0.24560219159580804,0.20527053,18.793379,572.2624066624627,2.8812282,18.961164,18.441778,0.5193863,2016.0,J124143.41+251339.4,190.4308821,+25.2276327,0.1271,0.1152,16.4,15.857,14.787,11.480,8.623,,,,0.051,0.063,0.207,0.352,,,,1900125701351002835,0000,0,00nn,AABB,374,403,406,439,
0.111850,3959713178350302208,190.3108044281961,25.40745521241044,249.33915048953313,87.13927736301501,0.006925994355263096,0.18065707,-0.2038928551178963,0.1705773,-0.026634520180139995,0.17796881,18.484142,760.8340437387335,1.4713005,18.695492,18.160309,0.53518295,2016.0,J124114.58+252426.8,190.3107700,+25.4074556,0.1195,0.1107,12.4,15.801,15.017,11.797,8.837,,,,0.047,0.070,0.219,,,,,1900125701351021978,0000,0,00nn,AABU,391,396,-369,430,
1.474998,3959765856125017984,190.09556560681725,25.551479219997542,244.79256645489474,87.06390970507402,-0.08129695919435102,0.53694975,-0.11768737436457492,0.5521898,-0.2063345305460303,0.58989245,18.58943,690.5178778194735,4.6244307,16.901543,15.593188,1.3083544,2016.0,J124023.04+253305.2,190.0960187,+25.5514511,0.0706,0.0482,100.9,12.767,12.830,12.360,7.986,14.109,13.497,13.213,0.036,0.039,0.464,,0.073,0.082,0.067,1900125701351019127,0000,5,nnnn,AACU,250,52,-35,50,1.538
0.096541,1443815555051932800,204.47669776725303,23.721503708912824,17.505537257796583,78.97432888363393,-0.18077562891781998,0.10938053,-0.019352182223048103,0.07683447,-0.017523411507859753,0.10287453,17.825533,1395.5122709379002,2.8290915,18.02326,17.455025,0.5682354,2016.0,J133754.40+234317.5,204.4767065,+23.7215293,0.0462,0.0448,121.8,13.957,12.713,9.891,7.252,16.494,16.153,15.929,0.026,0.025,0.053,0.096,0.132,0.211,0.269,2047124201351006466,0000,0,2200,AAAA,45,158,-32,124,0.296
0.256424,1449228549579293952,201.98018176403477,27.237827205390943,35.790878908685755,81.88771808461335,0.20272077309710598,0.18422227,0.06780033298450419,0.11335285,0.15161982508771626,0.14933364,18.124878,1059.2428248064423,2.0755742,18.31413,17.810612,0.50351906,2016.0,J132755.22+271416.3,201.9801204,+27.2378730,0.0562,0.0557,10.1,14.600,13.267,10.375,7.999,,,,0.030,0.029,0.069,0.194,,,,2028127201351035834,0000,0,001n,AAAB,166,180,217,172,
0.215797,1449237173873812864,202.15310331075227,27.38056378841913,36.80899969289213,81.73619932798111,0.2537786903424343,0.28188926,-0.1464017110703256,0.18708006,-0.011273959437207354,0.26886815,18.923077,507.82763443454246,1.1974941,19.048319,18.595835,0.45248413,2016.0,J132836.73+272249.9,202.1530473,+27.3805303,0.0798,0.0737,21.1,15.365,13.989,10.803,8.268,,,,0.039,0.036,0.092,0.282,,,,2028127201351035863,0000,0,000n,AAAB,-386,244,12,257,
0.043304,1443839465134213504,205.38748882528748,23.614169414568845,18.446785563467216,78.15420899876048,-0.12233360145584139,0.21978894,-0.06629782029552114,0.13601498,0.0791991100870048,0.20621087,18.868797,533.8609584945881,1.1280346,18.958906,18.398754,0.56015205,2016.0,J134132.99+233650.9,205.3874936,+23.6141582,0.0528,0.0514,171.6,14.428,13.320,10.638,8.316,,,,0.029,0.028,0.081,0.218,,,,2047124201351000051,0000,0,220n,AAAB,23,76,50,82,
0.304697,1454058051324691456,209.2667123052436,30.812021946764123,51.224898350233296,75.19643546562824,-0.4010446471796562,0.25895572,0.03707416245752951,0.18856692,0.06289470859449087,0.21907686,18.868996,533.7627210176765,1.2298021,19.032469,18.62009,0.4123783,2016.0,J135704.00+304843.5,209.2666737,+30.8120998,0.1140,0.1052,10.6,16.038,14.886,11.351,8.505,,,,0.047,0.058,0.138,0.260,,,,2086130201351050433,0000,0,01nn,AABB,36,241,-246,263,
0.023851,1443850357171699328,205.11619262052972,23.682237525351457,18.34612520483319,78.41106446621393,-0.2197734931580982,0.21392111,0.0019171971369461838,0.14288051,-0.2759709702228,0.19196177,18.79545,571.1719057747449,1.3790972,19.011303,18.35449,0.65681267,2016.0,J134027.88+234056.0,205.1161993,+23.6822349,0.0626,0.0595,8.6,15.111,13.515,10.245,8.038,,,,0.034,0.031,0.051,0.176,,,,2047124201351002356,0000,0,111n,AAAB,-71,128,42,132,
0.118921,1449257514838339328,201.55127326861015,27.213141443326272,35.54723934316185,82.2684298069296,0.3545151865282632,0.22132471,0.11320151839777778,0.12819442,-0.0770199274707409,0.15981978,18.563765,707.0350497615902,1.4237301,18.807453,18.186872,0.6205807,2016.0,J132612.30+271247.1,201.5512868,+27.2131107,0.0837,0.0780,2.4,15.354,14.192,11.006,8.271,,,,0.037,0.041,0.134,,,,,2011127201351029903,hh00,0,00nn,AABU,7,270,55,292,
0.165830,1443856408781428352,205.37977632339422,23.845352341272744,19.501597179623868,78.23749407584549,-0.18753406554215535,0.17491278,-0.08728175559413075,0.12874593,0.3281849286609532,0.17054802,18.71002,617.9295207631234,2.3297665,18.919348,18.328697,0.59065056,2016.0,J134131.15+235043.4,205.3797981,+23.8453939,0.0900,0.0843,9.9,15.658,14.389,10.880,7.989,,,,0.041,0.046,0.085,0.173,,,,2047124201351019050,0000,0,000n,AAAB,-52,194,20,207,
0.203586,1449262600079611776,201.34604846566498,27.196226874352913,35.38670111651692,82.45048768105023,0.10633899971902874,0.25267333,0.031207063024861176,0.15160821,0.16200553818396735,0.18785906,18.765362,587.2217818602742,1.5817994,19.35175,18.190527,1.1612225,2016.0,J132523.05+271146.5,201.3460797,+27.1962761,0.1199,0.1108,17.8,15.744,15.140,11.802,8.479,,,,0.046,0.075,0.246,,,,,2011127201351030002,0000,0,01nn,AABU,-175,394,214,427,
0.105844,1449268479890488320,201.2658265801044,27.288532890917025,36.08244258279919,82.52351081368695,-0.19020982751302024,0.17609087,0.08213209465580307,0.10391971,-0.14277513305031225,0.13296017,18.17322,1013.1156228842408,3.7997887,18.215925,17.679678,0.53624725,2016.0,J132503.80+271718.8,201.2658352,+27.2885613,0.0403,0.0386,121.0,13.226,12.143,9.310,6.975,17.042,16.259,14.999,0.024,0.022,0.033,0.091,0.180,0.198,0.091,2011127201351032625,0000,0,1200,AAAA,73,54,148,57,0.245
0.038863,1454075269849264768,209.68806124783436,30.983206751692954,51.62374636395087,74.80994501302246,0.0949825114796912,0.117297634,7.164856967799262E-4,0.082376145,-0.10502868938179094,0.101172894,17.931185,1266.1138283441448,2.9982579,18.031466,17.582129,0.449337,2016.0,J135845.13+305859.5,209.6880738,+30.9832055,0.0381,0.0369,137.4,13.404,12.079,9.313,7.039,16.005,15.660,15.103,0.024,0.022,0.028,0.065,0.078,0.113,0.132,2104130201351064269,0000,0,0011,AAAA,22,34,16,123,0.199
0.155776,1449280192266071680,201.8752018749443,27.367259314792168,36.70365207520435,81.98289052143338,0.15841755158960888,0.24121848,-0.25871868310977747,0.15858816,0.04882957357807345,0.20246893,18.570751,702.5000539083044,1.302842,18.841568,18.085434,0.75613403,2016.0,J132730.05+272202.2,201.8752325,+27.3672930,0.0916,0.0850,12.3,15.528,14.274,11.150,8.715,,,,0.040,0.045,0.140,0.391,,,,2011127201351027274,0000,0,000n,AABC,293,290,-81,314,
0.054784,1454099179932133376,209.53248924121024,31.31206681797719,52.95631557395611,74.87697172231216,-0.08720174210475988,0.13706897,0.0024567134454131635,0.103205286,0.04999743647317156,0.12870394,18.175808,1010.7021978043407,2.870874,18.442678,17.666616,0.776062,2016.0,J135807.80+311843.4,209.5325069,+31.3120651,0.0639,0.0611,170.9,15.097,13.952,10.759,8.491,,,,0.031,0.034,0.075,0.279,,,,2100131801351008249,0000,0,000n,AAAB,27,115,247,122,
0.107401,1443892280348288384,205.57824095854713,24.10066156992103,20.963250124962414,78.14476068958393,0.023167861569835673,0.16008694,0.10559555308661585,0.09573216,-0.004306420180488189,0.15051341,18.347343,862.9968464068078,1.4863327,18.550447,17.92565,0.6247978,2016.0,J134218.78+240602.4,205.5782512,+24.1006899,0.0943,0.0869,13.0,15.656,14.600,11.056,8.569,,,,0.041,0.050,0.100,0.276,,,,2047124201351020943,0000,0,000n,AAAB,-210,188,191,208,
0.199324,1449306477465979776,201.826685250485,27.685114712310018,38.99232682623519,82.02158259584986,-0.007899417911045486,0.25559428,0.05073247891057908,0.17657143,-0.04180921727076251,0.21003312,18.678768,635.9739624974808,2.8328507,18.644733,17.978867,0.66586685,2016.0,J132718.40+274106.6,201.8266937,+27.6851696,0.0454,0.0435,142.7,13.692,12.737,10.350,7.995,17.281,16.456,15.415,0.025,0.025,0.061,0.203,0.257,0.233,0.204,2011127201351051111,0000,0,220n,AAAB,98,121,256,116,0.338
0.060407,1443909769454584064,205.03802689143438,23.921619909620343,19.358798175423228,78.55786778499177,0.02020304555149157,0.09989522,0.04655681793937658,0.06054426,-0.10162336210547418,0.08865353,17.51615,1855.611290832654,5.6158967,17.688257,17.15567,0.53258705,2016.0,J134009.13+235517.8,205.0380446,+23.9216244,0.0485,0.0475,164.5,14.279,13.075,10.355,7.749,16.424,15.579,15.190,0.026,0.026,0.073,0.129,0.115,0.114,0.133,2047124201351016939,0000,0,000n,AAAB,86,77,171,80,0.413
0.515565,1449319916418919040,200.33598067805286,26.78571046260558,31.690213061102302,83.3280341789654,-0.4081291206428869,0.28004113,0.011802729681538475,0.15407313,0.15944660114562004,0.20173901,18.85171,542.328797468149,1.2382177,18.950056,18.565369,0.38468742,2016.0,J132120.63+264709.0,200.3359849,+26.7858536,0.1136,0.1053,12.7,15.830,14.823,11.543,8.414,,,,0.046,0.061,0.177,,,,,2011127201351011055,0000,0,11nn,AABU,270,380,-401,412,
0.005475,1443913583386041728,205.11235309092393,24.08548638486763,20.25017752710312,78.54521815876602,-0.11064190813576413,0.12278721,0.08265350682142392,0.07586302,0.10787133481968567,0.11887773,17.74778,1499.115642479403,3.1566033,17.878767,17.459301,0.41946602,2016.0,J134026.96+240507.7,205.1123532,+24.0854879,0.0422,0.0407,124.9,13.459,12.252,9.754,7.755,16.979,16.020,15.366,0.025,0.023,0.041,0.131,0.191,0.218,0.149,2047124201351023003,0000,0,110n,AAAB,28,108,2,81,0.064
0.197318,1443916229085891328,204.90510832087446,23.922755120800787,19.164784364850444,78.67318062250605,-0.10362997581853008,0.22238052,0.012766175871041927,0.12348689,-0.061538815201503894,0.19724733,18.728151,607.6953818003079,2.1561472,18.995382,18.291939,0.7034435,2016.0,J133937.22+235522.1,204.9051218,+23.9228085,0.1061,0.0973,12.9,15.860,14.604,10.936,8.545,,,,0.047,0.050,0.093,0.259,,,,2047124201351014968,0000,0,011n,AAAB,176,245,247,265,
0.076393,1443918492532769280,204.7138863116493,23.93847123392463,18.948463096056212,78.84352776025656,-0.07763437340154854,0.17597026,0.13146225986594678,0.10187641,0.18328794740198523,0.1712657,18.55084,715.5012207526327,1.7141368,18.73008,18.125202,0.6048775,2016.0,J133851.32+235618.5,204.7138708,+23.9384870,0.0973,0.0903,15.7,15.690,14.478,10.826,8.584,,,,0.043,0.049,0.096,0.299,,,,2047124201351014982,0000,0,110n,AAAB,48,224,-187,237,
0.111428,1449332487787696128,200.23974969048592,26.83619645751884,32.0689459780526,83.41755997406459,-0.34355009708664797,0.26389346,-0.110264304135235,0.16274469,-0.1815518391277946,0.2154027,18.84551,545.4345203680283,1.5330087,19.038183,18.575167,0.4630165,2016.0,J132057.53+265010.2,200.2397259,+26.8361739,0.1288,0.1173,14.3,16.124,14.978,12.139,9.005,,,,0.052,0.061,0.323,,,,,1994127201351023910,0000,0,00nn,AABU,457,432,473,471,
0.728604,1449352077134057088,200.83622766923475,27.043349354456566,34.06644128131194,82.89878116827919,-0.09339143578209752,0.7748853,0.5284801025784369,0.42893082,-0.5018542648917195,0.5968529,18.743168,599.348569207547,8.777654,17.253246,15.971202,1.2820444,2016.0,J132320.74+270235.9,200.8364533,+27.0433255,0.0745,0.0529,85.5,13.416,13.360,12.489,7.913,14.632,14.013,13.678,0.036,0.042,0.532,,0.048,0.060,0.053,2011127201351016502,0000,0,nnnn,AACU,-43,67,61,69,0.716
0.094355,1449353485882739200,200.74946889746664,27.116420056586378,34.63629700861242,82.97877742750926,0.27701842992837294,0.8255641,-0.37725301531364275,0.48909417,-0.3631454102278388,0.6298963,18.537899,724.0808532015765,4.229104,16.376787,15.261974,1.1148129,2016.0,J132259.87+270659.0,200.7494847,+27.1163979,0.0356,0.0344,115.1,11.691,11.695,8.703,6.919,13.621,13.186,12.905,0.023,0.020,0.025,0.077,0.053,0.080,0.075,2011127201351035313,0000,5,1100,AAAA,-210,40,-67,40,0.236
0.166497,1449381278615944832,200.69510308478814,27.44250422729981,37.30995732467579,83.03028285390788,0.2436348329888422,0.2807785,-0.30271395897040165,0.16892047,0.029268587920743667,0.2194507,18.81841,559.2195048902792,2.2869227,19.179737,18.263462,0.916275,2016.0,J132246.81+272633.1,200.6950603,+27.4425306,0.1152,0.1051,18.4,15.850,15.006,11.914,8.598,,,,0.044,0.066,0.243,,,,,2011127201351043261,0000,0,00nn,AABU,-92,387,318,414,
0.385846,1449381867027185280,200.62381169775136,27.43538593987215,37.25809401383795,83.09364432750692,-0.3788916447024418,0.26121125,-0.14157692449469952,0.14767066,0.2506708716289552,0.1958937,18.650503,652.7475815745187,1.0670942,19.16084,18.026163,1.134676,2016.0,J132229.72+272607.7,200.6238471,+27.4354884,0.2545,0.2280,15.4,16.750,17.164,12.749,9.080,,,,0.080,0.397,,,,,,2011127201351043581,0000,0,0nnn,ACUU,-983,927,720,1008,
0.171717,1449393480617973376,200.05060517602175,27.24646527637739,35.633812819216146,83.60315752896553,-0.034924647025339775,0.29121968,0.10482577996664,0.16539119,-0.0633701377657133,0.20944415,18.742834,599.5335135828126,2.2210293,18.958313,18.402517,0.55579567,2016.0,J132012.13+271447.4,200.0505756,+27.2465051,0.1029,0.0966,9.8,15.901,14.530,11.449,8.780,,,,0.046,0.048,0.175,,,,,1994127201351026464,0000,0,01nn,AABU,377,356,491,387,
0.063551,1443997760448739072,206.59837053896737,23.771759741336282,20.828568313586096,77.15647786201107,-0.027400200959491756,0.09303516,-0.030437977165102516,0.07143166,0.0340941374917705,0.09038748,17.477955,1922.0499554959383,3.5632544,17.550577,17.006926,0.5436516,2016.0,J134623.60+234618.3,206.5983531,+23.7717674,0.0391,0.0375,106.9,13.138,12.095,9.282,7.127,16.518,15.495,14.456,0.024,0.022,0.029,0.085,0.132,0.106,0.076,2064124201351019375,0000,0,3300,AAAA,5,71,83,59,0.050
0.230319,1444005972426653056,207.1543520832221,23.8453197583041,21.820624308852366,76.69408904356425,0.10573682969875624,0.13166125,-0.1682852955033261,0.10277633,-0.026465697135047088,0.1267907,18.316435,887.9177271814965,1.3263355,18.454617,18.005598,0.44901848,2016.0,J134837.06+235043.1,207.1544207,+23.8453320,0.0613,0.0586,2.0,15.001,13.509,10.317,8.251,,,,0.033,0.030,0.062,0.225,,,,2064124201351021820,0000,0,110n,AAAB,178,126,243,132,
0.135345,1449440106784007168,200.30558221130426,27.56614171822513,38.426695516055226,83.37261091137364,-0.21432277873519875,0.2732265,0.04768735096368426,0.16084598,-0.10093053094436115,0.18513219,18.58114,695.8098343953947,2.0376065,18.745789,18.243456,0.5023327,2016.0,J132113.34+273358.2,200.3055968,+27.5661770,0.0703,0.0668,19.2,15.252,13.929,10.993,8.424,,,,0.034,0.035,0.101,0.285,,,,2011127201351040631,0000,0,110n,AAAB,178,227,212,229,
0.039531,1449463226591962752,201.07812425201726,27.518370170933196,37.873801819194924,82.68923535144708,0.25762551455511346,0.21902835,-0.15988920682583846,0.1378663,0.16007092015129365,0.17712997,18.656326,649.2562614066055,2.875154,18.731085,18.325184,0.40590096,2016.0,J132418.74+273106.1,201.0781162,+27.5183785,0.0480,0.0472,152.1,14.150,13.015,10.121,7.520,,,,0.027,0.026,0.055,0.126,,,,2011127201351045762,0000,0,110n,AAAB,234,309,215,210,
0.108464,1449485938379095424,201.1676933079619,27.828813129197638,40.271209382308726,82.597324205808,-0.17255244361189964,0.18737431,-0.0077989046409481745,0.12218319,-0.05713375193390735,0.1428993,18.315815,888.4244110256446,2.7979515,18.531013,17.923254,0.6077595,2016.0,J132440.24+274943.8,201.1676681,+27.8288334,0.0718,0.0679,4.8,15.162,13.954,10.932,8.323,,,,0.033,0.037,0.106,,,,,2011127201351058886,0000,0,111n,AAAU,18,233,81,243,
0.232179,1449498415259756544,201.41765633851944,27.862820933234765,40.42703108811037,82.3746340554565,0.14091415853904732,0.5827488,-0.6678096141005042,0.42049035,-0.6634389530082923,0.4936157,17.594286,1726.7600761230165,16.310492,15.625285,14.614332,1.010953,2016.0,J132540.25+275146.2,201.4177171,+27.8628566,0.0387,0.0363,131.4,11.854,11.800,9.800,6.680,13.335,12.849,12.396,0.022,0.022,0.047,0.071,0.040,0.055,0.037,2011127201351056255,0000,5,1100,AAAA,-16,51,23,52,0.066
0.054590,1449531190154519552,200.68542728499253,27.810081967203455,40.33859391211955,83.02417878495542,-0.3334864196925378,0.27430508,-0.1446984410936875,0.19019851,0.25893729981994157,0.2365218,18.753029,593.9297747420237,3.307159,19.030191,18.271326,0.75886536,2016.0,J132244.50+274836.3,200.6854352,+27.8100954,0.0548,0.0523,171.9,14.623,13.289,10.640,8.335,,,,0.028,0.028,0.084,0.252,,,,2011127201351061657,0000,0,000n,AAAB,251,176,142,178,
0.063051,1444115751790279936,207.44306042826182,24.252993497409822,23.832869969607806,76.55601483913794,-0.13015018328191577,0.13557912,-0.004047377992876005,0.122014314,-0.09501041465557108,0.13573156,18.205719,983.2384859154467,2.0261798,18.386326,17.838213,0.54811287,2016.0,J134946.33+241510.8,207.4430736,+24.2530062,0.0652,0.0622,174.5,15.101,13.703,10.439,7.976,17.366,16.763,16.511,0.033,0.032,0.069,0.178,0.226,0.270,0.392,2080124201351035035,0000,0,000n,AAAB,-144,145,129,156,0.373
0.079736,1449562599250990848,201.09160601063388,28.043983935747715,41.98200416140075,82.64797312473547,0.13515590467462593,0.21725456,0.0021806083991661174,0.14578846,0.14033936460986152,0.15788391,18.24992,944.0140425266335,11.5583515,17.842096,16.674006,1.1680908,2016.0,J132421.98+280238.4,201.0916169,+28.0440039,0.0430,0.0412,124.9,13.247,12.552,10.341,8.205,15.700,15.068,14.482,0.024,0.023,0.076,0.219,0.075,0.101,0.071,2005128701351002813,0000,0,990n,AAAB,90,54,64,58,0.146
0.110797,1449591491495241472,201.1730112064599,28.508586583473576,45.48851035705012,82.5205149961613,-0.1259617098780397,0.25388074,0.006263431054407618,0.15862738,0.16050533684950624,0.17492688,18.528954,730.0711908605932,2.897036,18.782183,18.146059,0.63612366,2016.0,J132441.52+283031.0,201.1730167,+28.5086170,0.1065,0.0986,11.1,15.798,14.810,11.008,8.441,,,,0.045,0.056,0.121,0.325,,,,2005128701351024684,0000,0,001n,AABB,162,399,-188,427,
0.046713,1449591766373108608,201.02204144970884,28.39269428653257,44.74823411729156,82.66866133209159,0.1702186418764658,0.23801087,-0.14303881401278806,0.1386571,-0.1807860529512515,0.17420633,18.583107,694.5505532748623,1.66503,18.679827,18.17261,0.5072174,2016.0,J132405.28+282333.7,201.0220273,+28.3926978,0.0519,0.0506,168.0,14.374,13.211,10.386,8.253,,,,0.028,0.028,0.068,0.254,,,,2005128701351021789,0000,0,111n,AAAB,76,214,178,220,
0.122821,1449608228983995520,202.72637875350202,27.581791488545733,38.1585757486343,81.22705506606098,-0.16761175725532165,0.20380515,0.09482517484327743,0.082313016,0.1721955491099408,0.15906481,18.211123,978.3580663191398,3.2351065,18.383535,17.895416,0.48811913,2016.0,J133054.33+273454.5,202.7263865,+27.5818249,0.0661,0.0627,14.6,15.030,13.548,10.681,8.467,,,,0.034,0.032,0.078,0.298,,,,2028127201351044040,0000,0,000n,AAAB,371,192,388,204,
0.102631,1444169254198706432,207.7634622640878,24.67034268470199,25.87208277811988,76.37834679816743,0.3138307738844709,0.7388077,0.4463674082405015,0.41462225,0.07909006484819549,0.5382613,18.525826,732.1782089934087,7.430752,16.50991,15.138996,1.3709145,2016.0,J135103.23+244013.3,207.7634687,+24.6703706,0.0409,0.0389,120.5,11.998,12.039,11.366,9.041,13.801,13.078,12.701,0.023,0.022,0.149,,0.073,0.073,0.054,2080124201351040268,0000,5,11nn,AABU,43,33,34,34,0.118
0.073874,1444208115062715008,207.17999584750152,24.810038140704417,25.92658725610838,76.92621862644806,-0.11414705553791735,0.1730735,0.07903158454151653,0.13523465,-0.036405381838760326,0.16178158,18.470924,770.1535819691865,1.633527,18.634672,18.17114,0.4635315,2016.0,J134843.20+244836.2,207.1800010,+24.8100581,0.0495,0.0486,151.3,14.441,13.181,10.417,8.462,,,,0.027,0.027,0.063,0.231,,,,2064124201351048457,0000,0,110n,AAAB,55,77,1,80,
0.218444,1449693574278487552,202.21526485850114,28.02333743059365,41.247900434566006,81.66099393839508,-0.2650249332220559,0.24783853,-0.14471592896170882,0.16994867,0.10912859438660226,0.20205499,18.919632,509.4415006300354,1.8211421,19.129232,18.579296,0.5499363,2016.0,J132851.66+280123.7,202.2152709,+28.0232770,0.0576,0.0559,16.0,14.643,13.386,10.745,8.480,,,,0.031,0.028,0.081,0.331,,,,2022128701351005380,0000,0,110n,AAAB,233,157,-113,162,
0.137997,1449712167192542080,202.6881264804623,28.222654785676124,42.36781479599003,81.22981989463979,0.051427038008964886,0.1473126,-0.036064461268802195,0.07484641,0.10693278623205417,0.13209087,17.936964,1259.3928954829034,3.7956455,18.057262,17.41218,0.6450825,2016.0,J133045.15+281321.6,202.6881500,+28.2226870,0.0423,0.0421,107.2,13.586,12.458,9.460,6.957,16.986,15.972,15.166,0.026,0.024,0.036,0.080,0.189,0.167,0.160,2022128701351002628,0000,0,0000,AAAA,165,1323,229,421,0.091
1.064536,1449713296768590848,202.79259139859576,28.271372472750826,42.63243318086653,81.13392177168785,-0.026766450615563746,0.24166274,-0.0950631834021993,0.10237956,-0.2570148653953934,0.2057554,18.730938,606.1376834259065,1.3939644,18.995913,18.322662,0.6732502,2016.0,J133110.20+281617.9,202.7925106,+28.2716595,0.1158,0.1053,10.3,15.720,14.714,11.354,8.831,,,,0.048,0.059,0.143,0.491,,,,2022128701351002743,0000,0,01nn,AABC,-276,372,344,409,
0.112741,1449715117834179072,202.6030539194705,28.25598427269543,42.62957484060167,81.30156929896003,-0.2566754700287719,0.20423381,0.07361595300967029,0.11100246,0.08398125184867883,0.16957854,18.589668,690.3656695337454,4.058916,18.838457,18.131954,0.7065029,2016.0,J133024.72+281521.6,202.6030403,+28.2560132,0.0775,0.0733,11.3,15.327,14.070,11.188,8.924,,,,0.037,0.038,0.127,0.504,,,,2022128701351002682,0000,0,111n,AABC,179,232,130,251,
0.163651,1454478339644579072,209.8638884430396,31.437424475366697,53.201116317684104,74.5742969441421,0.7218464043674535,0.6654536,0.27187518080655815,0.5063184,-0.9082336070186967,0.6470692,18.286707,912.5649515075761,5.952479,18.72988,17.197853,1.5320263,2016.0,J135927.32+312614.8,209.8638431,+31.4374483,0.0846,0.0815,2.2,15.269,15.306,12.914,9.028,15.997,15.717,15.410,0.033,0.076,,,0.083,0.119,,2100131801351018678,0000,0,0nnn,AAUU,138,145,-11,156,0.154
0.098888,1449725528835259776,202.2426569067938,28.32965024733615,43.33122816866101,81.6102271341455,-0.019537106397733688,0.20816155,0.03996118111876856,0.11936656,0.009510027377523184,0.133267,18.201464,987.0993962416912,4.1211467,18.263771,17.697172,0.5665989,2016.0,J132858.23+281946.8,202.2426628,+28.3296772,0.0411,0.0392,135.0,13.412,12.184,9.426,7.027,,,,0.025,0.022,0.039,0.083,,,,2022128701351018636,0000,0,2211,AAAA,165,56,215,59,
0.253672,1444251678915208704,206.03121874800283,24.119360566469588,21.636133436356427,77.75543791068068,0.1043472532214975,0.1917152,0.03264856868010689,0.1277139,-0.08961046280227299,0.18402919,18.672724,639.5244152353057,3.9937544,18.836248,18.403645,0.43260384,2016.0,J134407.48+240709.4,206.0311925,+24.1192943,0.0808,0.0742,25.0,15.438,14.094,11.319,8.777,,,,0.039,0.038,0.116,0.329,,,,2064124201351032253,0000,0,nnnn,AABB,,,,,
0.178778,1449726976239725824,202.27859156758444,28.339970504408054,43.37866446660431,81.57768743662706,0.3010551509190471,0.2786229,0.1162976496049727,0.15409806,0.011828999071934826,0.18401003,18.745205,598.2254599045675,1.2698748,18.971441,18.41538,0.5560608,2016.0,J132906.86+282024.0,202.2785870,+28.3400200,0.1686,0.1560,7.7,16.340,15.413,11.576,9.048,,,,0.065,0.091,0.184,0.482,,,,2022128701351018877,0000,0,1nnn,AABC,-890,599,228,650,
0.208579,1449755219945157120,203.08778086473367,28.208573574603495,42.09462942640335,80.87994141310726,-0.04247555008107486,0.1263699,0.0401767854433398,0.05611242,0.1497402289142533,0.10917716,17.84787,1367.095176228817,3.263694,18.024206,17.52273,0.5014763,2016.0,J133221.07+281231.0,203.0878063,+28.2086270,0.0671,0.0630,14.3,14.956,13.695,10.416,7.661,,,,0.033,0.036,0.071,0.148,,,,2022128701351000055,0000,0,1100,AAAB,279,209,193,217,
0.723903,1449766932319528960,203.2283559257104,28.478788315528053,43.70929560996765,80.73237365539539,0.43620324632026136,0.25910324,0.029613304918912776,0.11276123,0.17814228722275527,0.18115489,18.745123,598.2700346140247,3.7130344,18.828846,18.42806,0.40078545,2016.0,J133254.84+282844.0,203.2285326,+28.4789161,0.0806,0.0756,14.1,15.384,14.040,11.082,8.407,,,,0.038,0.039,0.118,,,,,2040128701351012806,0000,0,00nn,AABU,469,254,686,266,
0.056764,1444296385230715904,206.64161486289458,24.682919866374224,24.85013430738117,77.37109492404794,-0.17448830319580366,0.27727973,-0.10326597520202295,0.1903805,-0.027876830468813188,0.25217134,18.873692,531.4597069010972,3.631503,18.373236,17.02761,1.3456249,2016.0,J134633.99+244058.5,206.6416301,+24.6829275,0.0487,0.0469,145.2,13.672,13.177,11.672,8.516,15.805,14.951,14.502,0.025,0.027,0.168,,0.092,0.096,0.084,2064124201351043543,0000,0,55nn,AABU,82,50,111,53,0.213
0.292136,1444344037892155904,205.432535559677,24.69557194986122,23.596980921823874,78.43793792155581,-0.08416788653062589,0.18569161,0.16298701070965527,0.1272334,-0.15710672625202804,0.19077218,18.810797,563.1551168300896,2.2965322,19.00301,18.38743,0.6155796,2016.0,J134143.78+244144.1,205.4324549,+24.6956069,0.1285,0.1188,13.8,16.124,14.985,11.565,9.158,,,,0.053,0.066,0.165,0.450,,,,2047124201351039136,0000,0,00nn,AABC,-375,297,-699,322,
0.086533,1444354311454272384,206.06409527165238,24.69488363683325,24.3003849569198,77.88257464965008,0.028717010973177012,0.18933539,0.16870871235816437,0.13629395,8.582920236732544E-4,0.1886349,18.762075,589.0017287335102,2.1165657,18.734392,18.221243,0.51314926,2016.0,J134415.38+244141.6,206.0640848,+24.6949057,0.0546,0.0531,4.6,14.485,13.546,10.913,8.501,,,,0.028,0.029,0.084,0.232,,,,2064124201351038985,0000,0,000n,AAAB,-111,79,136,83,
0.250255,1449850770081543424,203.20498147945324,28.91620192215711,46.41482032019092,80.69734320798732,0.030202648947755272,0.19683643,-0.02041958318165881,0.10072005,0.06685211739727956,0.16947429,18.611996,676.3142324797474,1.7449044,18.81768,18.20839,0.6092911,2016.0,J133249.20+285458.0,203.2050033,+28.9161351,0.0952,0.0889,7.3,15.416,14.345,11.182,8.428,,,,0.041,0.047,0.153,,,,,2040128701351035776,hh00,0,11nn,AABU,230,301,93,328,
0.127116,1449867610648951424,203.0872268926172,29.076222101204667,47.49807649841136,80.77350897533485,-0.7628813123391511,0.4275222,-0.061257719076313784,0.18625203,0.11447522495694956,0.35937312,18.083782,1100.1045497092525,5.2598166,16.374174,15.142617,1.2315569,2016.0,J133220.94+290434.5,203.0872512,+29.0762503,0.0422,0.0390,131.4,11.989,12.006,11.276,8.255,13.597,12.981,12.681,0.023,0.023,0.176,,0.040,0.044,0.041,2022128701351050564,0000,5,11nn,AABU,-44,46,70,48,0.092
0.214787,1449872073119404160,203.33860081706115,29.169689984885355,47.83413331691337,80.54116829321457,0.020260056200859522,0.15194194,0.1020125870651485,0.07549339,0.09919692439488514,0.13638642,18.212156,977.4263826081051,3.1595793,18.352571,17.924551,0.42802048,2016.0,J133321.28+291010.8,203.3386679,+29.1696785,0.1174,0.1094,18.5,15.754,14.892,11.277,8.891,,,,0.047,0.064,0.168,0.434,,,,2040128701351038519,0000,0,00nn,AABC,613,406,-181,433,
0.329435,1444390633993123840,206.74181261206084,24.736807917825274,25.188914036585924,77.29579066449033,0.10418735765744903,0.232888,0.03688489337623631,0.16680618,-0.3449161718910291,0.2232855,18.984217,480.0204344051224,1.3907088,19.189852,18.785667,0.40418434,2016.0,J134658.05+244412.4,206.7419128,+24.7367986,0.0771,0.0719,10.6,15.368,14.217,11.612,8.642,,,,0.036,0.039,0.135,0.282,,,,2064124201351051244,0000,0,00nn,AABB,20,138,19,151,
1.024517,1449875302934816512,203.1212983853465,29.206400246227137,48.26267218920614,80.72136677573775,-0.23142216746993338,0.23400216,-0.11337255473680108,0.10950013,-0.1542754551735931,0.19532107,18.921616,508.5115553995977,1.7694274,19.259874,18.340027,0.9198475,2016.0,J133229.14+291223.9,203.1214259,+29.2066622,0.1203,0.1086,58.4,15.353,13.988,10.874,8.404,,,,0.069,0.043,0.100,0.297,,,,2022128701351050567,0000,0,nnnn,AAAB,,,,,
0.671948,1444394069966930304,206.65409674387993,24.786897213223437,25.324498341074925,77.38506709794748,-0.03312417474515298,0.1771851,0.17388686368972958,0.13076559,0.18555458115873522,0.17281039,18.646301,655.2785740245483,2.6878808,18.857492,18.31043,0.5470619,2016.0,J134636.96+244713.4,206.6540025,+24.7870631,0.0725,0.0683,11.8,15.166,14.257,11.228,8.470,,,,0.033,0.039,0.117,0.213,,,,2064124201351051243,0000,0,00nn,AABB,148,126,265,136,
0.184909,1449894303870146944,201.93112994468444,28.374625584881084,43.85394048063602,81.87772075703349,0.4415047415884552,0.25536475,-0.07724087476281824,0.16786619,-0.2838405684352899,0.20163383,18.914988,511.6246409439853,1.872114,19.080141,18.627693,0.4524479,2016.0,J132743.47+282228.8,201.9311616,+28.3746687,0.0685,0.0647,2.9,15.112,13.712,10.362,7.635,,,,0.034,0.034,0.072,0.144,,,,2022128701351015986,0000,0,000n,AAAB,77,220,207,233,
0.052341,1449896301029994240,201.58286062633454,28.178103843636308,42.68190047144808,82.20385907027773,-0.09289914732380072,0.3571699,-0.13014543681224613,0.24102104,0.10016612505771073,0.32005364,18.950119,495.3348088879659,2.9402902,18.642427,17.601501,1.040926,2016.0,J132619.88+281041.2,201.5828638,+28.1781181,0.0477,0.0467,8.5,14.030,13.109,9.851,7.275,16.374,15.538,14.797,0.026,0.028,0.042,0.118,0.122,0.147,0.095,2022128701351010488,0000,0,0000,AAAB,196,260,149,186,0.212
0.067487,1444411833951599488,206.51008924504958,24.981827973273006,26.060707011838215,77.5569944447012,-0.08018809795884108,0.122145474,0.15699168591723497,0.09447888,0.06047045815881074,0.1177435,18.145868,1038.9623343527996,1.9262837,18.38369,17.714401,0.66928864,2016.0,J134602.42+245854.6,206.5100881,+24.9818467,0.0646,0.0625,0.8,15.155,13.883,10.897,8.615,,,,0.032,0.032,0.085,0.254,,,,2064124201351053825,0000,0,001n,AAAB,137,113,17,120,
0.165642,1444426295106421888,207.14600431285152,25.05646021926729,26.96205533788234,77.0108427312615,-0.05551528539951363,0.21443665,-0.07737154699456403,0.16516937,-0.04789619635383928,0.21437055,18.958797,491.39186364369203,0.9606153,19.174318,18.625998,0.5483208,2016.0,J134835.04+250323.3,207.1460342,+25.0564974,0.1218,0.1129,12.2,16.113,14.974,11.449,9.013,,,,0.050,0.061,0.137,0.372,,,,2066125701351002840,0000,0,00nn,AABC,303,263,14,284,
0.081783,1449931412387018112,201.99641985639474,28.567647522370372,45.1508188869077,81.79620608215008,6.506512054843365E-5,0.16708988,-0.04729424628374027,0.10675981,-0.14025014770535532,0.13930725,18.14387,1040.8759168330027,3.2288284,18.266676,17.853241,0.41343498,2016.0,J132759.14+283403.5,201.9964446,+28.5676542,0.0525,0.0508,173.8,14.393,13.093,10.230,7.531,,,,0.028,0.028,0.059,0.131,,,,2022128701351015972,0000,0,220n,AAAB,-6,188,82,166,
0.106697,1449938284334821504,201.94780558134852,28.71664101654025,46.22899406586946,81.8164116360598,0.03673183719456538,0.12531321,0.004712253334061565,0.09187268,-8.451976563312973E-4,0.08491708,17.501467,1880.874937352987,3.0667543,17.712645,17.127598,0.58504677,2016.0,J132747.47+284259.9,201.9478304,+28.7166611,0.0500,0.0483,7.4,14.534,13.150,9.553,7.406,16.574,16.141,15.131,0.029,0.027,0.035,0.120,0.139,0.201,,2022128701351034536,0000,0,1100,AAAB,207,82,79,88,0.431
0.323691,1444460379966121728,206.30909759093524,25.014349132810388,26.019251213731692,77.74182519101416,-0.08266962799064538,0.24743815,-0.24790425322732781,0.17246845,-0.20306005007893257,0.22014453,18.972126,485.39580142532975,0.89018446,18.988195,18.112925,0.87527084,2016.0,J134514.20+250051.8,206.3091714,+25.0144092,0.0395,0.0381,128.8,13.441,12.273,9.165,6.896,16.793,15.845,14.838,0.024,0.023,0.029,0.066,,0.165,0.117,2066125701351007482,0000,0,0011,AAAA,9,289,54,1275,0.130
0.186235,1449953952375321472,201.300943505312,28.48525209379571,45.185853396910346,82.41275987340443,-0.17650158327705945,0.2956401,0.27888822580310124,0.20084552,-0.06588177385232705,0.24852267,18.970268,486.22743291327777,1.1692735,19.300623,18.410355,0.8902683,2016.0,J132512.22+282907.0,201.3009444,+28.4853038,0.1204,0.1103,11.8,15.858,15.249,11.189,8.395,,,,0.046,0.079,0.152,,,,,2005128701351024711,0000,0,0nnn,AABU,30,431,-247,472,
0.192107,1454711367390731392,205.74427615193076,27.908632152242003,39.808850982782275,78.55165368755345,-0.01501385364292488,0.28822383,-0.2546321655243361,0.167277,0.2120515236300243,0.22969455,18.998365,473.8057571198525,1.52638,19.303322,18.534424,0.768898,2016.0,J134258.62+275430.8,205.7442605,+27.9085806,0.0989,0.0920,18.0,15.682,14.515,11.434,8.478,,,,0.043,0.049,0.156,,,,,2061127201351055741,0000,0,00nn,AABU,-184,287,-166,313,
0.076843,1444478972880333440,206.19622520726682,25.26866831246505,27.093754061542878,77.89583324241845,0.09269580921866225,0.22323903,-0.042164590631441096,0.14326641,0.02517351568237082,0.20641217,18.866812,534.8375146432368,2.240772,18.96546,18.677986,0.28747368,2016.0,J134447.09+251607.2,206.1962399,+25.2686850,0.0661,0.0631,11.4,15.210,14.003,11.132,8.089,,,,0.032,0.034,0.097,0.175,,,,2066125701351007526,0000,0,11nn,AAAB,132,122,-40,134,
0.489756,1449978450869070208,201.55735388557196,28.862144575810657,47.67453726209597,82.12871389615566,0.09289955937797932,0.18061051,0.029973478054935887,0.1253063,0.009359978740483464,0.15940426,18.405472,818.0092237933248,2.0009272,18.60351,18.054592,0.5489178,2016.0,J132613.76+285144.2,201.5573518,+28.8622806,0.0644,0.0615,10.8,14.985,13.775,11.144,8.439,,,,0.032,0.032,0.120,0.269,,,,2022128701351037297,0000,0,110n,AABB,326,200,149,205,
0.122734,1449996833329148416,201.87367150458442,28.95852992235234,47.9839343058891,81.83871197786362,-0.22531922461099085,0.2819952,-0.2074166642716679,0.18717182,0.10040573262043002,0.20279571,18.972553,485.2053084952587,1.238875,19.159668,18.680618,0.47904968,2016.0,J132729.68+285730.7,201.8737060,+28.9585458,0.1148,0.1049,13.7,15.876,14.910,11.633,8.846,,,,0.046,0.060,0.195,0.391,,,,2022128701351042737,0000,0,11nn,AABC,-49,380,99,414,
0.060895,1444514191612181760,206.6342036842777,25.54309711113694,28.717678910493074,77.56010405228179,-0.23518462285695713,0.19364046,-0.10957397487211018,0.12087352,0.15917776123689395,0.19092903,18.408438,815.7771803215146,3.4579902,18.376326,17.677732,0.69859314,2016.0,J134632.21+253235.1,206.6342165,+25.5431094,0.0425,0.0403,135.0,13.519,12.565,10.235,8.142,16.826,16.037,15.223,0.024,0.023,0.054,0.193,0.160,0.239,0.134,2066125701351016410,0000,0,110n,AAAB,51,52,22,52,0.574
0.234002,1454736724877021184,204.98185374864107,27.799585816822162,39.29366004121689,79.22725502571998,-0.07170107920467357,0.21998742,-0.033798905410163796,0.12640892,0.07242292920549703,0.18489301,18.799608,568.9885849674429,1.9828885,18.975609,18.346527,0.6290817,2016.0,J133955.62+274758.5,204.9817826,+27.7996019,0.0561,0.0541,12.8,14.570,13.334,10.311,7.648,,,,0.030,0.030,0.055,0.148,,,,2045127201351050886,0000,0,000n,AAAB,90,150,260,156,
0.070643,1454738069201698048,204.89937979494238,27.7606921504884,39.08949156900972,79.30067541598618,0.29426678761850705,0.7907926,0.39809336028927056,0.37109256,-0.3792645975510572,0.6786943,18.565222,706.0861970192129,8.203724,16.897541,15.563855,1.3336859,2016.0,J133935.84+274538.5,204.8993595,+27.7607000,0.0465,0.0444,130.9,12.890,12.868,12.216,8.860,14.280,13.516,13.212,0.024,0.026,0.343,,0.039,0.042,0.041,2045127201351050847,0000,4,11nn,AABU,41,56,72,58,0.198
0.130578,1444543667972148864,204.00881828961587,23.639652745686686,16.284952200267746,79.34529894582326,0.2310748172462063,0.1584432,0.06605944695350635,0.09133318,-0.18985405773759473,0.14980756,18.474533,767.5970194451885,3.0440784,18.463268,18.11861,0.3446579,2016.0,J133602.12+233822.6,204.0088392,+23.6396220,0.0447,0.0436,142.8,13.675,12.516,9.976,7.656,16.919,16.383,15.654,0.025,0.025,0.053,0.145,0.191,0.225,0.195,2047124201351008560,0000,0,320n,AAAB,48,203,27,146,0.144
0.075665,1444549582142778112,203.82800347063971,23.61105393672515,15.807585088122597,79.48873862104445,0.40021351036712716,0.32772246,0.21166202225308345,0.19646974,-0.4493595365191189,0.2956265,18.952305,494.3390694338606,2.612517,18.263733,17.104342,1.1593914,2016.0,J133518.72+233639.8,203.8280150,+23.6110721,0.0580,0.0560,159.3,14.147,13.699,11.383,8.564,15.893,15.376,14.808,0.028,0.035,0.161,,0.086,0.115,0.100,2031124201351000032,0000,0,11nn,AABU,-46,100,159,107,0.327
0.365470,1454759303525271168,204.79047956638675,28.090670604556053,40.8871730574718,79.38822817146881,-0.11681917471049053,0.25409073,-0.22519032172957823,0.1377905,0.20688317641087145,0.22151285,18.997484,474.19067743138726,2.0018208,19.104866,18.728828,0.3760376,2016.0,J133909.68+280526.4,204.7903661,+28.0906873,0.0670,0.0628,9.0,14.976,13.730,10.858,8.546,,,,0.033,0.035,0.095,0.276,,,,2040128701351000068,0000,0,110n,AAAB,125,175,148,187,
0.209374,1444556209276678912,203.92458083705367,23.69418038691075,16.40811862206488,79.43701388259744,-0.060941534279574376,0.23311484,-0.02312816270732857,0.12545668,-0.032321975973305626,0.19747086,18.828047,554.2785356162692,2.3001246,19.009686,18.43106,0.5786247,2016.0,J133541.90+234138.8,203.9245853,+23.6941224,0.1282,0.1173,15.7,16.117,14.738,11.692,8.402,,,,0.054,0.058,0.218,,,,,2031124201351000251,0000,0,11nn,AABU,538,402,-380,434,
0.243565,1444626474941865216,203.57912922425305,24.00319259595276,17.393190868517586,79.84191402432874,0.06563688375048014,0.20296942,0.12030570005365197,0.11071231,-0.01759662921389772,0.18785885,18.688633,630.221746809598,1.2819072,18.842455,18.38748,0.45497513,2016.0,J133418.97+240011.3,203.5790745,+24.0031470,0.0950,0.0878,12.0,15.533,14.669,10.942,8.553,,,,0.040,0.053,0.101,0.271,,,,2031124201351016836,0000,0,000n,AAAB,3,242,-303,266,
0.239412,1450189454022493184,208.23486655658192,25.154268546724555,28.245673090432327,76.06608358193898,-0.11820857045091973,0.14138997,-0.060183491265840244,0.11946132,-0.02713481341521111,0.13977262,18.191774,995.9484297913865,4.3875933,18.31279,17.891287,0.42150307,2016.0,J135256.38+250915.2,208.2349317,+25.1542378,0.0799,0.0745,13.8,15.331,14.208,10.858,8.774,,,,0.037,0.040,0.090,0.372,,,,2083125701351005507,0000,0,001n,AAAC,-103,194,285,208,
0.083720,1450210963218840448,208.61793965174087,25.369614957155907,29.386558939955496,75.76719596819666,0.3066250012014694,0.20589843,-0.059261707866617844,0.17726727,0.00451291985202875,0.19582094,18.92782,505.6136326772049,1.7805648,19.08227,18.638893,0.44337654,2016.0,J135428.31+252210.6,208.6179653,+25.3696164,0.0983,0.0901,18.5,15.718,14.560,11.940,8.679,,,,0.043,0.049,0.219,0.332,,,,2083125701351021304,0000,0,00nn,AABB,229,215,-154,235,
0.131756,1450217182331443968,208.23770092053627,25.29503267910876,28.821648928733243,76.09094719281754,0.11674047460295663,0.16244426,0.0138316261053084,0.14791295,-0.20823725162032927,0.15356672,18.56886,703.7250509676385,1.2309667,18.805267,18.159449,0.6458187,2016.0,J135257.05+251742.2,208.2377239,+25.2950628,0.0560,0.0540,21.6,14.728,13.289,10.309,7.909,,,,0.031,0.029,0.057,0.184,,,,2083125701351018536,0000,0,111n,AAAB,157,114,155,115,
0.080484,1450219656232643968,208.2581706859412,25.36170854991816,29.108477379472433,76.08526870749344,0.15096547119887424,0.21721482,-0.10225647680913723,0.19324192,-0.3956069298124566,0.20155768,18.87948,528.63318981825,1.6185325,19.09442,18.556519,0.5379009,2016.0,J135301.95+252142.1,208.2581466,+25.3617138,0.0905,0.0842,14.2,15.634,14.277,10.992,8.518,,,,0.042,0.044,0.094,,,,,2083125701351018590,0000,0,110n,AAAU,100,208,45,223,
0.054052,1450230312045929984,207.8065777580913,25.0403210207902,27.443207268236907,76.42247001473027,-0.07871008053364748,0.43085286,0.06111033644020673,0.35640728,0.5652310293148872,0.4412815,18.382927,835.1715373185054,6.905099,16.866676,15.500656,1.3660202,2016.0,J135113.57+250225.1,207.8065624,+25.0403267,0.0455,0.0432,133.7,12.871,12.895,12.804,9.463,14.216,13.481,13.206,0.024,0.026,0.528,,0.045,0.050,0.049,2083125701351010570,0000,0,00nn,AACU,-19,42,-20,45,0.145
0.282198,1450234018602840960,207.71445281225672,25.081889960458593,27.54266079234542,76.5127509499583,-0.014137458536765023,0.15803187,-0.0893103621071992,0.11910386,-0.1056400023154335,0.15579423,18.386263,832.6097593276918,3.4820826,18.59618,17.97602,0.62015915,2016.0,J135051.45+250455.0,207.7144048,+25.0819552,0.0586,0.0568,175.2,14.801,13.407,10.591,8.449,,,,0.031,0.030,0.071,0.260,,,,2083125701351010620,0000,0,110n,AAAB,44,102,70,107,
0.114407,1444737495552020608,204.82539674770692,24.77201089715654,23.250324627479543,78.99050430669362,0.4245171871377579,0.39353082,-0.031981630151017265,0.22673853,-0.4966490240806651,0.3735241,18.415148,810.7511119126227,2.8314998,17.867254,16.805454,1.0618,2016.0,J133918.08+244619.3,204.8253731,+24.7720343,0.0686,0.0660,177.6,14.581,14.483,12.612,9.002,15.835,15.096,15.177,0.029,0.047,0.412,0.415,0.078,0.114,0.137,2047124201351044792,0000,0,11nn,AACC,-87,125,203,134,0.224
0.205030,1450248380973544576,207.57494132824866,25.214311230115744,27.991193959661675,76.6632847550499,0.055214973040054835,0.1756394,-0.0588706958812782,0.15220374,-0.13753913991690025,0.17521772,18.744678,598.5152640261458,1.3842798,18.920225,18.419256,0.50096893,2016.0,J135017.98+251251.7,207.5749485,+25.2143678,0.1125,0.1042,13.1,15.962,14.697,11.317,8.904,,,,0.049,0.053,0.144,0.354,,,,2083125701351010751,0000,0,00nn,AABB,62,253,183,273,
0.156098,1450261991725612544,207.6870335718232,25.477495006992832,29.192414673289623,76.61357657518425,0.08737266022133505,0.12084649,-0.04831120682611332,0.08647519,-0.10747546182418491,0.11015119,17.790768,1440.9194384365708,3.9610305,17.942732,17.472523,0.47020912,2016.0,J135044.89+252839.1,207.6870513,+25.4775353,0.0437,0.0424,128.5,13.887,12.725,10.075,7.709,16.340,15.985,15.248,0.025,0.023,0.050,0.128,0.094,0.138,0.122,2083125701351013368,0000,0,221n,AAAB,20,80,109,70,0.144
0.317693,1450271470718169600,208.1503369627612,25.503385148052597,29.617045872375275,76.20662229925853,-0.07445427360222814,0.09687805,0.00456117297242787,0.08037545,0.0205068658525639,0.09312032,17.596914,1722.585179270739,3.0428662,17.70997,17.374857,0.33511353,2016.0,J135236.09+253012.3,208.1504157,+25.5034375,0.0467,0.0450,136.7,14.007,12.684,9.973,7.769,16.294,15.627,15.482,0.026,0.025,0.054,0.138,0.126,,0.250,2083125701351015985,0000,0,011n,AAAB,21,81,80,86,0.755
0.101156,1450272707668770560,208.06699059981653,25.540487998516866,29.71544268883431,76.28716092684274,0.0987919651207203,0.13770132,0.12086752728402886,0.111422986,0.07347104656226569,0.13093701,18.146406,1038.4462921410454,3.3359997,18.388927,17.695312,0.69361496,2016.0,J135216.08+253225.8,208.0670130,+25.5405075,0.0545,0.0529,158.3,14.635,13.387,10.305,8.119,,,,0.029,0.029,0.061,0.199,,,,2083125701351016012,0000,0,011n,AAAB,75,115,35,119,
0.364460,1450329710474373504,208.88298060644584,25.77596160351564,31.16986540254351,75.60032396031919,-0.159913302224528,0.23971415,-0.2806952557563847,0.20151018,0.3144861274099187,0.250297,18.961082,490.3587916598508,0.85638314,19.648998,18.143497,1.5055008,2016.0,J135531.91+254633.8,208.8829730,+25.7760626,0.1785,0.1609,19.1,16.341,16.181,12.833,8.960,,,,0.060,0.160,,,,,,2083125701351026795,0000,0,0nnn,ABUU,361,435,-871,481,
0.271647,1450341289706250752,209.10660473692084,25.831336761470784,31.51183430657229,75.4098690053423,0.06479975598149382,0.15349615,-0.13726883726908354,0.12614895,0.0999810513787386,0.14112282,18.20701,982.069697089236,1.1288922,18.804218,17.494038,1.3101807,2016.0,J135625.60+254952.8,209.1066871,+25.8313510,0.1427,0.1309,8.3,15.998,16.137,12.953,9.177,16.408,16.114,16.057,0.050,0.155,,,0.113,,,2083125701351026633,0000,0,1nnn,ABUU,-149,363,72,399,0.140
0.465214,1450347921135910272,209.42005197741562,25.972500399247828,32.224064694965875,75.15163952494729,-0.027460154795268078,0.16791904,0.14354070495691765,0.1413021,0.002129094982787086,0.16396423,18.463457,775.4684208711346,1.6707718,18.615465,17.995684,0.6197815,2016.0,J135740.83+255821.3,209.4201506,+25.9725944,0.0641,0.0608,11.8,14.941,13.744,10.671,8.482,,,,0.031,0.034,0.079,0.254,,,,2100125701351034299,0000,0,000n,AAAB,206,140,80,151,
0.125702,1450359676461665664,208.99952378416435,26.01083819967323,32.163873372292606,75.53126819790947,0.054830049217916496,0.06571576,-0.005141119383206625,0.050817426,-0.027891987674621394,0.059362963,16.621717,4229.218712873354,23.956371,16.793344,16.26538,0.52796364,2016.0,J135559.89+260039.1,208.9995506,+26.0108635,0.0393,0.0381,124.6,13.153,11.997,9.013,6.502,15.404,15.343,14.720,0.024,0.022,0.031,0.065,0.049,0.081,0.085,2083125701351049629,0000,0,1100,AAAA,25,41,11,150,0.224
0.123849,1450363279939058560,209.2094458352369,26.079483598577273,32.537414103678735,75.35387377790275,0.15801042352420305,0.23717713,-0.030537645076275308,0.16947682,-0.3889044309311631,0.20635326,18.819359,558.7315909313272,1.819208,18.988354,18.411016,0.57733727,2016.0,J135650.26+260446.2,209.2094373,+26.0795171,0.0658,0.0633,0.1,15.169,13.677,10.625,7.947,,,,0.034,0.032,0.078,0.192,,,,2100125701351034298,0000,0,111n,AAAB,106,148,332,156,
0.231797,1450389805656914176,208.27402548571158,25.908116230546604,31.365130613680666,76.16207566922469,-0.016484754511491312,0.2629133,-0.23412369669040303,0.18882196,0.17853877882207395,0.2212036,18.835812,550.3290061167996,1.5994788,19.472996,17.977259,1.4957371,2016.0,J135305.77+255429.4,208.2740537,+25.9081754,0.0738,0.0685,16.9,15.153,14.089,10.574,8.547,,,,0.034,0.039,0.072,0.294,,,,2083125701351044426,0000,0,110n,AAAB,193,161,197,172,
0.308529,1450425230547443712,208.72048388702513,26.215534405703814,32.84907825497831,75.80679828407372,-0.24975262084743488,0.22615397,0.022622647385115106,0.16961561,-0.05906215029458513,0.20697258,18.972599,485.18494454498517,2.654378,19.253176,18.546064,0.70711136,2016.0,J135452.93+261255.7,208.7205502,+26.2154727,0.0933,0.0863,9.4,15.598,14.373,11.020,8.159,,,,0.041,0.046,0.124,0.220,,,,2083125701351047165,0000,0,11nn,AABB,-124,214,246,240,
0.376568,1450437874930508032,208.72857774497876,26.468519834617805,33.878011116026464,75.82929730458335,0.07938268467360383,0.20774503,-0.004551103229773312,0.1556499,-0.057037324801989725,0.19668283,18.61191,676.3676131123376,3.783604,18.764736,18.214483,0.5502529,2016.0,J135454.88+262806.8,208.7286788,+26.4685723,0.1023,0.0938,14.7,15.659,14.678,11.123,8.575,,,,0.043,0.055,0.111,0.265,,,,2083125701351055185,0000,0,00nn,AABB,93,240,-60,257,
0.062853,1450463094978803456,207.20300493475565,25.586606302537703,29.32534749414837,77.06274106205169,-0.029403538321129775,0.19015421,-0.12354334835552289,0.13085063,-0.13697544045441945,0.16454692,18.573101,700.9805689802903,1.9361843,18.706478,18.269753,0.43672562,2016.0,J134848.72+253511.8,207.2030090,+25.5866234,0.0901,0.0834,8.2,15.684,14.390,10.879,8.350,,,,0.042,0.044,0.082,0.251,,,,2066125701351021538,0000,0,110n,AAAB,11,168,110,184,
0.144951,1450474571131502848,207.45718502156765,25.889953051523158,30.81816461085743,76.88597179271459,-0.29942196685010497,0.17442045,0.0025427984513528594,0.11856219,0.08068508405626909,0.16966283,18.484125,760.8456762100901,1.9737718,18.60698,18.293089,0.31389046,2016.0,J134949.73+255323.9,207.4572126,+25.8899848,0.0552,0.0537,174.5,14.761,13.393,10.488,7.906,,,,0.030,0.029,0.066,0.144,,,,2066125701351023954,0000,0,110n,AAAB,61,92,-56,97,
0.026472,1444979525549005568,203.8837697587428,25.038102397913036,23.4785599067957,79.88407825832365,0.15516335557961972,0.20864005,0.0808061431017012,0.111736596,0.19341395391992597,0.17715444,18.806116,565.5878559553028,4.001713,18.751474,18.49884,0.25263405,2016.0,J133532.10+250217.1,203.8837658,+25.0381088,0.0620,0.0605,167.1,14.640,13.649,10.803,8.373,,,,0.030,0.033,0.098,0.272,,,,2033125701351000042,0000,0,000n,AAAB,192,136,85,146,
0.092739,1450501199929030784,207.58871603861593,26.019862143833556,31.45819633290998,76.78788875287385,-0.08246346277224062,0.16190341,0.10671951638650792,0.111181065,0.04872568212747321,0.15031418,18.366198,848.1405672252622,1.0460691,18.585327,17.940058,0.6452694,2016.0,J135021.29+260111.5,207.5887322,+26.0198834,0.0611,0.0586,19.5,15.110,13.731,10.465,8.588,,,,0.032,0.032,0.060,0.263,,,,2083125701351039259,0000,0,000n,AAAB,83,106,0,115,
0.058729,1450515738393286272,206.98609315940587,25.753507454425478,29.91860471878416,77.28349492068537,-0.050717991568428364,0.13228893,0.002702176928645637,0.08573449,0.03005565450592611,0.10776088,18.00664,1181.1106582531029,4.4169025,18.14077,17.688013,0.45275688,2016.0,J134756.65+254512.6,206.9860829,+25.7535209,0.0438,0.0433,116.1,13.993,12.771,10.035,7.632,17.044,16.417,15.852,0.025,0.024,0.047,0.114,0.170,0.199,0.204,2066125701351026447,0000,0,000n,AAAB,20,61,20,62,0.443
0.191032,1450531230339647360,206.98345339413498,25.932722999617027,30.722133532539363,77.31368382216561,-0.019768314600340117,0.1511836,0.01912677409868805,0.10683476,-0.10595838485688802,0.12813638,18.317791,886.8094586413288,4.083493,18.35464,17.734695,0.6199436,2016.0,J134756.01+255557.8,206.9833956,+25.9327336,0.0463,0.0451,144.2,13.915,12.980,10.573,8.611,16.900,16.393,15.188,0.026,0.026,0.058,0.223,0.158,0.206,0.110,2066125701351042912,0000,0,000n,AAAB,40,57,-38,59,0.534
0.067794,1450547001460275968,207.4311641131548,26.01977373283418,31.370062945696347,76.92804642752127,-0.10086595574999915,0.17189305,-0.04032395522434469,0.122311555,-0.2299040587834388,0.16961567,18.485134,760.1395796860933,2.6903303,18.630713,18.196714,0.4339981,2016.0,J134943.47+260111.2,207.4311538,+26.0197901,0.0642,0.0616,12.0,15.171,13.775,10.665,8.366,17.290,16.737,15.692,0.033,0.032,0.074,0.241,0.217,0.266,0.174,2066125701351045539,0000,0,110n,AAAB,0,112,0,120,0.039
0.171349,1450571809190767872,207.20103023489588,26.37200103762097,32.81124833436728,77.1779605790603,-0.07272765878554636,0.1651641,0.07536411123686029,0.10597035,-0.2715763546958598,0.18027309,18.480394,763.4653558613395,4.0121617,18.629385,18.069126,0.56025887,2016.0,J134848.24+262219.3,207.2010221,+26.3720481,0.0432,0.0424,126.8,13.777,12.542,9.771,7.852,17.433,16.213,15.668,0.026,0.024,0.040,0.148,0.246,0.160,0.162,2066125701351048086,0000,0,110n,AAAB,-18,61,52,63,0.247
0.065495,1445090541863659136,203.9138694550909,25.819175317802294,27.88934956650177,80.02197436915901,-0.012079414705082106,0.120784074,-0.0125503845857287,0.05571472,0.09889077846954099,0.1047031,17.49815,1886.6298481469769,8.401337,17.568686,17.072983,0.49570274,2016.0,J133539.32+254908.9,203.9138520,+25.8191662,0.0387,0.0374,123.5,13.206,11.997,9.333,7.013,16.914,15.948,15.133,0.023,0.022,0.031,0.087,0.182,0.186,0.124,2033125701351020411,0000,0,1100,AAAA,70,76,44,70,0.409
0.015883,1445090679303008896,203.87979137635097,25.8218544748632,27.873862337654923,80.05265016990519,-0.2825031029603682,0.22702135,0.06555529958239632,0.10632457,0.24624902448584743,0.20344427,18.556536,711.7585041430983,2.166363,18.719143,18.188044,0.5310993,2016.0,J133531.14+254918.6,203.8797865,+25.8218541,0.0627,0.0599,1.2,14.990,13.566,10.400,7.546,,,,0.033,0.030,0.064,0.141,,,,2033125701351020472,0000,0,000n,AAAB,115,145,250,158,
0.327691,1445126649652849280,205.28414699048116,25.178879688279014,25.803211650322506,78.68344896952635,-0.29546804056954323,0.18486314,0.11353962480644031,0.12956114,0.24043358029454925,0.19198498,18.726942,608.3731990648481,1.0853208,18.94982,18.30199,0.64782906,2016.0,J134108.17+251044.2,205.2840831,+25.1789500,0.0903,0.0845,9.7,15.510,14.586,11.752,9.068,,,,0.038,0.049,0.169,0.516,,,,2050125701351002337,0000,0,00nn,AABC,151,186,68,196,
0.059340,1445129295352662400,205.60726382984257,25.047814062655423,25.48783620652229,78.3690575210931,0.19440421128388283,0.22087425,-0.16098834421590003,0.13265575,0.24650056828437006,0.21333729,18.72745,608.0892757236858,1.521502,18.988865,18.28402,0.7048454,2016.0,J134225.74+250252.1,205.6072578,+25.0478296,0.0636,0.0611,5.3,15.091,13.672,10.786,8.435,,,,0.033,0.032,0.088,0.260,,,,2050125701351000068,0000,0,110n,AAAB,109,120,-18,123,
0.080874,1450639188638078976,208.29477229180995,26.612688800174062,34.305591923440055,76.23022750621475,-0.1381323742374992,0.20200692,0.17780747114949136,0.13504018,0.22249435740416987,0.1840473,18.539186,723.2225950619385,2.0570877,18.630138,18.366852,0.2632866,2016.0,J135310.74+263645.7,208.2947677,+26.6127109,0.0575,0.0555,13.5,14.728,13.581,10.553,7.940,,,,0.030,0.030,0.069,0.150,,,,2078127201351002921,0000,0,011n,AAAB,53,100,-14,105,
0.317290,1450647778572206080,208.38029770628984,26.76482796800055,34.97038383064607,76.16828392819305,-0.07784621277020513,0.19315314,0.0536166336849526,0.15456516,-0.1205057317543775,0.18377835,18.64695,654.8876377048517,1.0092053,18.88391,18.202055,0.68185425,2016.0,J135331.28+264553.6,208.3803531,+26.7649009,0.1270,0.1166,13.4,16.071,15.080,11.499,8.833,,,,0.051,0.066,0.169,,,,,2078127201351003131,0000,0,00nn,AABU,-147,265,165,291,
0.167482,1450652004820243584,207.74219261340042,26.315323794546508,32.8133646540751,76.68969864430959,0.004898386419134777,0.21131736,-0.12567281086452337,0.13631728,-0.17059590974058308,0.18093565,18.639349,659.4882368598652,1.0291718,18.865263,18.240612,0.62465096,2016.0,J135058.12+261855.3,207.7421829,+26.3153695,0.0884,0.0828,14.0,15.630,14.565,10.703,8.086,,,,0.040,0.047,0.072,0.199,,,,2083125701351063027,0000,0,000n,AAAB,-111,176,124,190,
0.195690,1450663549692582656,208.03825033657048,26.610498143927988,34.20105755740748,76.45825333263303,0.19226140415799323,0.234701,-0.19875906223867762,0.15554188,-0.12303675190091258,0.19847906,18.801327,568.0885870987391,1.9119724,18.87817,18.52262,0.35555077,2016.0,J135209.17+263637.6,208.0382317,+26.6104464,0.0587,0.0569,2.8,14.781,13.655,11.087,8.810,,,,0.030,0.031,0.090,0.323,,,,2078127201351005626,0000,0,00nn,AAAB,-1,92,28,98,
0.117220,1445187432030242048,204.75599432654283,25.31852623178369,25.978200923622914,79.18000274529273,0.06578260867376565,0.12738821,0.08924784412651035,0.07007238,-0.07206182016880705,0.100288875,17.886847,1318.8883103985982,2.78514,18.140846,17.41715,0.72369576,2016.0,J133901.43+251906.7,204.7559608,+25.3185382,0.0573,0.0549,18.2,14.574,13.535,9.867,7.507,16.814,15.910,15.041,0.029,0.033,0.050,0.128,0.159,,0.112,2050125701351012518,0000,0,000n,AAAB,161,173,106,178,0.492
0.073257,1450691209281552768,208.2122860506916,26.854154743548147,35.29161088573125,76.32523281507645,-0.2538595976408958,0.20512813,-0.0880223853779652,0.14014149,-0.08929292092625607,0.1892269,18.656769,648.9920391936016,2.0853863,18.845324,18.34075,0.5045738,2016.0,J135250.94+265115.0,208.2122864,+26.8541751,0.1182,0.1089,8.3,15.965,15.209,12.030,9.001,,,,0.045,0.071,0.221,0.428,,,,2078127201351021257,0000,0,00nn,AABC,170,242,91,265,
0.047143,1445219249147861248,205.15736969123543,25.605389739157065,27.83259341773339,78.88143831919518,-0.04353507080000831,0.23243788,-0.12575422480652443,0.13115096,-0.168170001596177,0.22706483,18.750982,595.0501764925493,2.0817657,18.924814,18.361805,0.56300926,2016.0,J134037.76+253619.3,205.1573622,+25.6053785,0.1149,0.1051,9.9,15.713,14.545,11.278,8.881,,,,0.049,0.055,0.146,0.414,,,,2050125701351025411,0000,0,00nn,AABC,294,248,-76,261,
0.235537,1445222242741096064,205.04577232265888,25.684502902716208,28.143476315348806,78.99467342852489,0.07141579364786255,0.1421995,-0.01608767985273995,0.08047354,-0.06178840426488277,0.12909788,18.048567,1136.3705700243224,2.3204954,18.268469,17.644485,0.6239834,2016.0,J134010.97+254104.0,205.0457106,+25.6844685,0.0527,0.0504,170.2,14.429,13.086,10.025,7.639,,,,0.028,0.027,0.059,0.159,,,,2050125701351025356,0000,0,110n,AAAB,54,139,156,143,
0.051578,1450759688240805888,209.9551391847181,26.3889013801665,34.051077407910405,74.7289248892672,-0.24325783537406165,0.19987492,-0.228062079933677,0.1477607,0.1442545534128246,0.1811565,18.694603,626.7662484369417,1.2649328,18.95773,18.24048,0.7172489,2016.0,J135949.23+262320.0,209.9551286,+26.3889121,0.0800,0.0743,18.7,15.495,13.952,10.599,8.459,,,,0.038,0.039,0.091,0.274,,,,2100125701351051259,0000,0,011n,AAAB,26,202,-10,220,
1.720278,1454784386135525888,205.5473549614345,28.377227963372626,42.21698317333853,78.70778640134807,0.5106146350958689,0.8081899,-0.4705980462098361,0.39917752,0.5205874787892334,0.6795978,15.192808,15769.70151155057,167.4591,,,,2016.0,J134211.46+282239.0,205.5477881,+28.3775162,0.0401,0.0374,5.2,8.488,8.425,8.451,7.958,10.245,9.825,9.686,0.024,0.021,0.030,0.184,0.042,0.060,0.044,2057128701351019353,dd00,3,330n,AAAB,-24,35,-247,33,1.395
0.084692,1445316285344624384,205.92495028186386,25.948008468775942,30.120256834269835,78.25712004295701,-0.03815365133342222,0.07374586,-0.0023576628953973474,0.0462406,-0.02469412989629309,0.06501629,16.937557,3161.7237183698403,2.6396213,17.272942,16.402136,0.87080574,2016.0,J134341.99+255652.9,205.9249592,+25.9480306,0.0447,0.0432,99.3,13.617,12.549,9.969,7.840,15.769,14.995,14.633,0.025,0.025,0.048,0.149,0.067,0.082,0.101,2066125701351035952,0000,0,110n,AAAB,50,112,66,81,0.122
0.119106,1450806009463130368,209.2734550579337,26.57809820232116,34.52263258337508,75.35603758152419,0.017555315024475583,0.21604916,-0.13603115431889184,0.17250155,0.07435959557544075,0.19911708,18.614798,674.5714532335217,4.853845,18.481709,17.586948,0.89476013,2016.0,J135705.63+263441.2,209.2734691,+26.5781288,0.0466,0.0452,143.4,13.666,12.809,10.483,8.474,16.668,15.912,15.373,0.026,0.025,0.068,0.271,0.142,,0.165,2095127201351007976,0000,0,011n,AAAB,39,64,-39,66,0.280
0.359425,1450821363970400512,209.23983053000885,26.745486465524838,35.17116318071538,75.40211539319566,0.10146417191049789,0.2263401,0.18478007507741775,0.16821103,0.056185331137436366,0.20689137,18.925602,506.647258091844,1.7047832,19.085968,18.622053,0.46391487,2016.0,J135657.55+264444.0,209.2397929,+26.7455805,0.1428,0.1312,10.4,16.208,14.923,11.910,8.994,,,,0.059,0.064,0.225,0.509,,,,2095127201351008259,0000,0,00nn,AABC,-104,402,-38,430,
0.132699,1445338756613479552,205.64857777040382,26.259417505994367,31.483787124608615,78.5459659685224,-0.24021099860728262,0.15135793,-0.03217405261754337,0.101088256,-0.07944303600442007,0.13652077,17.955343,1238.253672280748,6.24222,17.589659,16.490078,1.0995808,2016.0,J134235.65+261534.0,205.6485738,+26.2594542,0.0376,0.0358,120.1,12.590,11.908,9.557,7.347,15.252,14.476,13.932,0.022,0.021,0.035,0.113,0.064,0.085,0.071,2050125701351043287,0000,1,3200,AAAB,47,53,29,53,0.136
0.099768,1445352221335702016,206.10702547520503,26.235217106341892,31.621632506698614,78.13501875351196,-0.0035595457388225317,0.20768587,-0.12179429747845447,0.14040148,0.031723142765188506,0.20445292,18.716345,614.3402051564182,1.8305235,18.866322,18.402979,0.46334267,2016.0,J134425.67+261406.8,206.1069976,+26.2352291,0.0680,0.0653,179.6,15.036,13.889,11.223,8.852,,,,0.032,0.035,0.119,0.361,,,,2066125701351058860,0000,0,00nn,AABC,0,128,0,137,
0.114437,1445361330961588096,205.7458754230839,26.263668367348338,31.559789224808124,78.4599309822533,-0.7978314897744676,0.83617747,0.20402053555708866,0.47389126,-1.1963946702130672,0.72155416,18.840555,547.9293079508986,3.8058794,17.010178,15.592225,1.4179525,2016.0,J134259.01+261549.3,205.7458805,+26.2636998,0.0428,0.0399,129.1,12.329,12.305,11.742,8.675,14.139,13.532,13.106,0.024,0.023,0.206,,0.067,0.088,0.065,2050125701351043281,0000,5,00nn,AABU,82,37,12,38,0.179
0.311472,1450841292619088384,209.61822305603337,26.93430737985012,36.02280267697636,75.08182229592106,-0.18547415676324613,0.16161312,0.06572665979983244,0.124492526,0.033889319222637465,0.1482389,18.474348,767.728819861396,2.5971203,18.634493,18.113182,0.5213108,2016.0,J135828.37+265603.8,209.6182250,+26.9343939,0.0636,0.0605,174.2,14.702,13.627,10.758,8.436,,,,0.031,0.034,0.085,0.276,,,,2095127201351018537,hh00,0,000n,AAAB,1,128,166,134,
0.107427,1450843049261137408,209.68906894956524,26.96902761283568,36.17624267099971,75.02159727408358,-0.1723490833768755,0.14029498,0.020173289803312688,0.10647054,-0.02082576295546832,0.12642132,18.196972,991.1929794021192,1.9936807,18.562613,17.475845,1.0867672,2016.0,J135845.37+265808.6,209.6890796,+26.9690559,0.0398,0.0384,121.9,13.133,12.069,9.225,6.531,16.967,15.554,14.615,0.024,0.022,0.030,0.058,0.199,0.116,0.104,2095127201351018498,0000,0,0110,AAAA,18,38,21,40,0.473
0.313004,1445424514225313664,205.03355942526656,26.0087101216483,29.814404335105138,79.05848702878866,0.03152924306756127,0.27854627,0.10363979433167192,0.15098973,0.09771811720204669,0.24039085,18.862469,536.981569935518,3.2232115,18.9934,18.517069,0.4763317,2016.0,J134008.07+260031.5,205.0336384,+26.0087604,0.1388,0.1252,18.5,16.167,15.107,11.512,9.104,,,,0.054,0.072,0.171,0.458,,,,2050125701351036796,0000,0,01nn,AABC,-70,444,180,484,
0.398228,1450937259367885824,209.9496108723117,27.14120042747069,36.90064056281034,74.80267100062278,0.2637515898511553,0.19682845,0.03948847151467751,0.1644558,0.1488077183804708,0.17692246,18.70149,622.8026704407387,2.103761,18.90155,18.302534,0.5990162,2016.0,J135947.89+270828.6,209.9495643,+27.1413030,0.1116,0.1021,19.6,15.916,14.868,11.568,8.941,,,,0.047,0.057,0.166,,,,,2095127201351029432,0000,0,00nn,AABU,195,280,653,301,
0.064372,1445475950753328000,204.22978434312773,26.118405651498367,29.83135568596607,79.78880126001408,-0.17934421290261474,0.1840751,0.046568113270613096,0.09992283,-0.09578754897678984,0.14753737,18.202946,985.7537528146077,4.361631,18.040771,17.009178,1.0315933,2016.0,J133655.14+260706.2,204.2297651,+26.1184101,0.0450,0.0428,93.0,13.358,12.688,9.539,7.186,15.912,15.060,14.243,0.027,0.024,0.036,0.110,0.097,0.098,0.072,2050125701351032180,0000,0,nnnn,AAAB,-108,50,85,52,0.325
0.142606,1445488118395501056,204.59647637103194,26.231487008204827,30.70401711029675,79.47826312445855,0.020861289202996354,0.12463192,-0.017477121091414527,0.07144924,-0.1522917416841415,0.102237,17.872602,1336.305668478736,4.005315,18.0914,17.511488,0.5799122,2016.0,J133823.14+261353.3,204.5964323,+26.2314841,0.0415,0.0407,118.3,13.812,12.460,9.464,6.814,16.678,15.575,15.637,0.025,0.024,0.034,0.086,0.167,,0.229,2050125701351050131,0h00,0,1111,AAAA,63,59,122,40,0.073
0.102766,1450953580243646976,209.83314496902418,27.272972241254557,37.379119207866424,74.91435291756349,0.0029954267240990505,0.08390218,0.1060153208534445,0.06800095,-0.008535943527013923,0.082336955,17.296242,2272.2170297993634,4.6518736,17.559885,16.852541,0.70734406,2016.0,J135919.95+271622.7,209.8331318,+27.2729983,0.0436,0.0422,148.5,13.946,12.645,9.920,7.767,16.360,15.486,15.116,0.025,0.024,0.043,0.152,0.108,0.116,0.164,2095127201351029301,0000,0,000n,AAAB,54,85,11,82,0.355
0.083640,1451004329577163264,208.85604087679744,26.683518401027072,34.796083719447886,75.73772269734746,-0.2507566321352473,0.21627899,-0.04567057545220082,0.15474299,-0.011217683774354788,0.16332085,18.558876,710.2260985514147,1.1923752,18.744535,18.209618,0.53491783,2016.0,J135525.45+264100.7,208.8560514,+26.6835396,0.0990,0.0918,12.2,15.786,14.480,11.313,8.431,,,,0.044,0.047,0.135,0.281,,,,2095127201351010727,0000,0,11nn,AABB,20,241,441,264,
0.063178,1451108615678885888,208.4790819895226,27.570245409978938,38.35092353125242,76.12845290725132,-0.04830256944595976,0.204857,0.1680586983641183,0.14562884,0.029799279016230987,0.1837131,18.541042,721.9878642545432,4.08363,18.3473,17.585543,0.7617569,2016.0,J135354.97+273412.9,208.4790639,+27.5702525,0.0614,0.0591,176.9,14.729,13.883,10.613,7.887,16.657,16.095,15.145,0.030,0.034,0.071,0.129,0.157,0.184,,2078127201351049010,0000,0,111n,AAAB,-55,98,2,103,0.196
0.121193,1451128647406357632,208.6211849135248,27.57669732313327,38.39416983588859,76.00275586511798,-0.08328789409103073,0.14116026,0.02308658248154222,0.106046796,0.21707786414224672,0.12548566,18.08475,1099.124506591236,2.2255273,18.246336,17.776365,0.4699707,2016.0,J135429.08+273436.2,208.6211990,+27.5767286,0.0514,0.0506,166.8,14.673,13.192,10.327,8.187,,,,0.029,0.026,0.061,0.172,,,,2078127201351048984,0000,0,000n,AAAB,-81,83,16,88,
0.434041,1445676031805357056,199.66306729590593,22.34565728733379,356.6598045539475,82.1889490782064,0.047886435861941745,0.10908623,0.10372330365371406,0.061632235,0.009339032010305184,0.08897451,17.419283,2028.7732196031552,7.2768593,17.610949,17.04723,0.5637188,2016.0,J131839.11+222044.7,199.6629895,+22.3457540,0.0550,0.0538,19.8,14.478,13.163,10.126,7.278,,,,0.030,0.028,0.067,0.118,,,,2003122701351011813,0000,1,0000,AAAB,296,160,-63,169,
0.043090,1445683831465970816,199.6683815512983,22.465944943195268,357.3757597634303,82.26044464981265,0.13581934815713484,0.17953265,-0.04328590482410941,0.104577556,0.20981305645498385,0.16040447,18.367565,847.0721015187027,2.9048853,18.483395,18.021973,0.46142197,2016.0,J131840.41+222757.4,199.6683943,+22.4659469,0.0817,0.0761,9.0,15.297,13.880,11.111,9.058,,,,0.039,0.039,0.122,0.461,,,,2003122701351011839,0000,0,00nn,AABC,264,231,150,248,
0.083657,1454791464240401152,205.02062826724472,28.281454701518616,41.85790158175265,79.17618318253331,-0.12149215761808087,0.0928186,-0.028135140851257245,0.051422495,-0.10211877507396992,0.08109351,17.200521,2481.638466466937,3.9212594,17.404747,16.806953,0.5977936,2016.0,J134004.94+281653.2,205.0206048,+28.2814654,0.0498,0.0481,3.7,14.208,13.285,9.816,7.626,15.888,15.458,14.784,0.026,0.029,0.040,0.158,0.080,0.118,0.099,2057128701351010605,0000,0,000n,AAAB,13,121,54,126,0.121
0.345627,1445704309870102656,200.13700084619984,22.645381730984287,0.33046962686334264,82.02303093213746,-0.0435621218904647,0.20660077,-0.019758764148621127,0.13410784,0.11202350077654609,0.19968739,18.76656,586.5741424887825,1.8437538,18.867935,18.443129,0.4248066,2016.0,J132032.88+223843.7,200.1370337,+22.6454728,0.0870,0.0814,16.0,15.505,14.036,10.706,8.232,,,,0.042,0.040,0.093,0.249,,,,2003122701351031089,0000,0,001n,AAAB,312,284,271,305,
0.082276,1445710254104783744,199.8230432414079,22.628403393705213,358.9774139782923,82.24659596497588,-0.41905123966203073,0.28911784,-0.17955020488532142,0.14637439,-0.0869877345309808,0.20957428,18.937357,501.19141459531477,1.2925533,19.073675,18.717056,0.35661888,2016.0,J131917.52+223742.3,199.8230338,+22.6284245,0.0871,0.0809,9.3,15.377,14.122,11.440,8.583,,,,0.040,0.042,0.179,,,,,2003122701351033730,0000,0,11nn,AABU,10,262,486,285,
0.093542,1451200493619340672,209.7906195490969,27.950099764300898,39.97926993082321,74.97673717778396,-0.1676975461875829,0.687834,-0.481284925875103,0.46496284,-0.42797922278599937,0.60034615,18.964579,488.7824396605173,5.2576017,18.00094,16.540844,1.4600964,2016.0,J135909.74+275700.4,209.7905983,+27.9501177,0.0546,0.0533,141.6,13.929,13.852,12.703,9.159,15.288,14.523,14.228,0.026,0.035,0.468,,0.048,0.056,0.081,2095127201351055552,0000,0,00nn,AACU,180,70,120,74,0.130
0.039894,1445780549833640320,199.48895578928492,22.937806251163035,359.4721630204599,82.67833465126026,-0.26592199157880725,0.16295436,0.025122426907892407,0.09141734,0.0712305150113848,0.14010502,18.23635,955.8884894111831,3.9426405,18.390305,17.856028,0.53427696,2016.0,J131757.35+225616.0,199.4889654,+22.9377996,0.0461,0.0449,144.9,13.839,12.713,9.976,7.426,,,,0.025,0.025,0.050,0.117,,,,1987122701351050632,0000,0,0000,AAAB,50,149,128,129,
0.038094,1454804825878411520,205.95883423022968,28.03496161902501,40.42091530266927,78.35965356311702,0.08358242010040205,0.21186863,-0.017071285465934078,0.12680586,-0.0730102405051054,0.17969222,18.484554,760.545502074622,3.583536,18.261286,17.368567,0.89271927,2016.0,J134350.11+280205.8,205.9588223,+28.0349612,0.0427,0.0413,157.9,13.428,12.557,9.610,6.657,16.612,15.584,14.716,0.025,0.025,0.036,0.063,0.148,0.135,0.113,2057128701351002726,0000,0,1111,AAAA,110,52,83,123,0.083
0.078243,1445802093389814784,200.2369571816146,22.84286413505117,1.8812012520670667,82.0604977091542,-0.3149212972667132,0.2532163,0.11897353557894844,0.15263908,-0.1789389092560222,0.21463954,18.91954,509.48395643505216,1.6176053,19.02219,18.34564,0.6765499,2016.0,J132056.86+225034.2,200.2369368,+22.8428532,0.0595,0.0574,177.2,14.400,13.571,11.202,8.611,,,,0.029,0.033,0.131,0.353,,,,2003122701351028721,0000,0,11nn,AABB,-37,144,74,156,
0.031922,1445822747888115328,200.4142180736863,23.015676412199706,3.571842625516793,82.01920722632178,-0.09001098796078262,0.5949467,-0.5660857951006526,0.42566407,0.04584332017826811,0.518567,18.684715,632.4999527698351,6.160754,17.416786,16.071548,1.3452377,2016.0,J132139.41+230056.4,200.4142272,+23.0156791,0.0489,0.0479,135.0,13.293,13.300,12.566,8.508,14.738,13.996,13.805,0.025,0.030,0.447,,0.049,0.056,0.073,2003122701351041719,0000,5,00nn,AACU,3,70,55,74,0.100
0.086817,1451294188330621568,206.89174433308722,26.164437604375873,31.718824733314978,77.42767345406676,0.3285944252717016,0.2155281,0.12044481474901825,0.13049549,-2.9214065594234534E-5,0.19685145,18.79484,571.4932175987486,1.7437652,19.023071,18.40467,0.6184006,2016.0,J134734.02+260952.0,206.8917607,+26.1644567,0.0692,0.0654,6.9,15.290,13.929,11.066,9.168,,,,0.034,0.034,0.098,0.427,,,,2066125701351042975,0000,0,000n,AAAC,-74,126,-178,135,
0.080029,1451305252166408192,206.61588942972443,26.249541174719315,31.963550698930252,77.68402717336376,0.0010025174042035618,0.24080682,0.01949760165116879,0.13734451,0.23601526919781063,0.18708716,18.840687,547.8631281127782,1.5316031,19.061356,18.340317,0.7210388,2016.0,J134627.80+261458.2,206.6158704,+26.2495270,0.0851,0.0792,11.6,15.575,14.250,10.616,8.420,,,,0.039,0.044,0.072,0.261,,,,2066125701351053488,0000,0,000n,AAAB,-102,168,-43,182,
0.071589,1451320954566389120,207.14282462455887,26.368300757588262,32.76754469687753,77.2293366925234,-0.1178316475831136,0.19620779,-0.21232124605871916,0.12884976,0.10111677282621895,0.18707655,18.706059,620.1874948294567,0.9459322,18.875494,18.431404,0.4440899,2016.0,J134834.27+262205.9,207.1428094,+26.3683152,0.0554,0.0530,167.1,14.710,13.368,10.400,8.574,,,,0.029,0.028,0.064,0.287,,,,2066125701351050744,0000,0,000n,AAAB,97,87,54,92,
0.088979,1445879918197342848,200.1445455617129,23.27192521264838,4.195079453961492,82.36559955901727,-0.040712679358722054,0.18795604,0.03003490881602285,0.12642336,0.253862633031918,0.17330319,18.64668,655.0504778628184,2.098554,18.814281,18.348215,0.46606636,2016.0,J132034.68+231618.9,200.1445189,+23.2719282,0.0649,0.0634,5.0,14.869,13.353,10.533,8.509,,,,0.033,0.032,0.097,0.365,,,,2003122701351056074,0000,0,111n,AAAC,377,191,-83,201,
0.049574,1454868808009216256,206.41019913719967,28.826617715812112,44.162341931865306,77.91991024027028,-0.01509226076653873,0.17185096,0.0697918422517739,0.12931813,0.040104826923112485,0.16693792,18.311617,891.867245184475,1.7196021,18.652975,17.541124,1.1118507,2016.0,J134538.44+284935.8,206.4102006,+28.8266314,0.0425,0.0407,135.0,13.534,12.372,9.544,7.047,16.733,15.695,14.946,0.026,0.023,0.034,0.103,0.153,0.153,0.123,2057128701351027550,0000,0,1110,AAAA,70,130,119,164,0.265
0.216081,1451358544120725888,206.50991927362367,26.471500811129566,32.950180757085825,77.80410395855615,-0.07177740842313717,0.2526106,0.04517504055195233,0.14629446,0.061087508098681076,0.2016633,18.887197,524.8897617259937,1.6791755,19.126686,18.424612,0.70207405,2016.0,J134602.38+262817.6,206.5099235,+26.4715607,0.0548,0.0531,172.4,14.764,13.434,10.901,7.954,,,,0.029,0.028,0.093,0.180,,,,2066125701351053445,0000,0,000n,AAAB,-67,86,87,93,
0.164173,1451366653019026688,206.61755116244137,26.56418797915441,33.43213271435359,77.71791850086962,0.06151097107178585,0.22352737,0.10441509837920782,0.13195948,0.2503199212196189,0.1973794,18.774982,582.0408081534522,1.0177392,19.013895,18.368313,0.6455822,2016.0,J134628.22+263350.9,206.6175939,+26.5641631,0.0874,0.0818,17.2,15.751,14.312,11.095,8.675,,,,0.043,0.040,0.096,,,,,2061127201351002541,0000,0,011n,AAAU,-165,188,-100,202,
0.060645,1445925655304478848,200.1509933269395,23.6977177314452,7.019771976480016,82.57631851134637,-0.11117242787582865,0.3394625,-0.042464311613236334,0.25464416,-0.07136036500552449,0.3028815,18.94464,497.84130512020164,5.8241506,17.828255,16.537197,1.2910576,2016.0,J132036.24+234151.8,200.1510046,+23.6977311,0.0449,0.0437,155.4,13.148,12.673,10.253,7.660,15.094,14.426,13.774,0.025,0.026,0.063,0.141,0.064,0.071,0.073,1998124201351002719,0000,1,110n,AAAB,49,110,25,100,0.037
0.175513,1451380401208564608,206.22878401165116,26.699406937721292,33.917846569165235,78.0766473833073,0.33625924369942906,0.18815689,-0.08641785285150645,0.12235814,0.06126276986532461,0.15465575,18.425432,803.1074473914998,3.3828099,18.565075,18.094864,0.47021103,2016.0,J134454.91+264158.0,206.2288107,+26.6994495,0.0676,0.0650,14.0,15.242,13.746,10.759,8.283,,,,0.035,0.032,0.085,0.218,,,,2061127201351004654,0000,0,110n,AAAB,159,134,47,142,
0.111818,1451387719832840448,206.22546013258778,26.806832849870425,34.435007955060186,78.08865750433337,-0.1001066726722582,0.1863025,0.10553379254233142,0.120523095,0.18697393206197163,0.16369678,18.508072,744.2487998102641,2.2732966,18.812431,18.004793,0.80763817,2016.0,J134454.11+264824.7,206.2254695,+26.8068628,0.0626,0.0595,1.0,14.931,13.578,10.479,8.068,,,,0.033,0.032,0.070,0.185,,,,2061127201351016066,0000,0,011n,AAAB,137,129,13,132,
0.124232,1451398504495791872,206.65019544009405,26.847220888341553,34.76937881786067,77.7139862409685,-0.0970199385341887,0.14316466,-0.13110363391100927,0.09720831,0.13538042075707113,0.12582332,18.314428,889.559978388779,3.2139187,18.52613,17.925322,0.6008091,2016.0,J134636.05+265050.1,206.6502151,+26.8472506,0.0669,0.0640,4.5,15.311,13.815,10.530,8.118,,,,0.035,0.033,0.056,0.166,,,,2061127201351018458,0000,0,111n,AAAB,13,130,110,136,
0.780279,1451407919064169216,206.86016001487016,27.07579099354303,35.8937780119409,77.54299594592266,-0.07275412501285496,0.17257482,-0.035106667764603035,0.12176573,0.1936466947972413,0.16356784,18.367088,847.4446299607913,1.9181706,18.664774,17.905344,0.75942993,2016.0,J134726.39+270433.3,206.8599834,+27.0759402,0.0682,0.0656,1.2,15.117,14.168,11.065,8.825,,,,0.032,0.038,0.097,,,,,2061127201351020855,0000,0,11nn,AAAU,26,126,473,134,
0.111936,1451436167065048192,207.59867244927696,26.87863639220485,35.20985284266781,76.8728336913467,-0.07189133267144088,0.081220835,0.010927535155968763,0.054547627,-0.09626624723397603,0.071961485,17.20294,2476.115494867202,2.7847645,17.404013,16.814003,0.5900097,2016.0,J135023.68+265243.1,207.5986834,+26.8786659,0.0439,0.0427,149.3,14.162,12.754,9.584,7.410,16.110,15.490,15.548,0.026,0.025,0.033,0.098,0.079,0.077,0.151,2078127201351015930,0000,0,1111,AAAA,-11,75,54,71,0.184
0.024045,1445996741307488384,199.16001911966495,23.367788451008416,0.8884558398836953,83.1742944070587,-0.12130822279827347,0.20902435,0.023724268058928417,0.12505475,0.016468618488582012,0.20661414,18.698084,624.7597615924929,1.3979834,18.86273,18.421778,0.4409523,2016.0,J131638.40+232204.0,199.1600262,+23.3677869,0.0860,0.0800,3.8,15.367,14.008,11.246,8.611,,,,0.040,0.039,0.145,0.424,,,,1987122701351055983,0000,0,00nn,AABC,141,264,328,286,
0.092142,1451449047670940672,207.13160025240586,26.94994711359217,35.38989990174801,77.29345476191487,0.35425274816573576,0.39948595,0.4103946427143123,0.2797686,-0.2852775330781171,0.41066483,18.590208,690.0234155254656,4.5235724,16.924118,15.758457,1.1656609,2016.0,J134831.58+265659.9,207.1315980,+26.9499726,0.0448,0.0425,119.1,12.929,12.822,10.882,8.476,14.502,13.841,13.506,0.023,0.025,0.089,0.312,0.048,0.054,0.052,2078127201351013228,0000,1,110n,AAAB,44,43,100,44,0.057
0.213220,1446010966239572608,198.63909662612,23.153783807287716,356.96866617266187,83.43123647767614,0.034035868218716084,0.16178717,-0.059922216503499125,0.103161335,0.012863160826725652,0.13943098,18.158312,1027.1226306192002,4.4189243,18.299673,17.763601,0.5360718,2016.0,J131433.38+230913.8,198.6390852,+23.1538421,0.0547,0.0537,170.2,14.384,13.330,10.791,9.115,,,,0.028,0.030,0.098,0.517,,,,1987122701351045169,0000,0,110n,AAAC,143,142,-63,146,
0.150124,1446014264774470144,198.6009074594472,23.192977991048597,357.047047086745,83.48309195548588,0.15240304880323413,0.23435165,0.20391211147194419,0.16577734,0.28930370500726643,0.21084498,18.801493,568.0016754458229,1.8335224,19.033514,18.339052,0.6944618,2016.0,J131424.22+231134.8,198.6009291,+23.1930146,0.0899,0.0841,8.6,15.438,14.719,11.755,9.099,,,,0.037,0.055,0.210,0.473,,,,1987122701351058775,0000,0,00nn,AABC,393,268,-363,291,
0.234145,1446028012965038336,198.55438666595325,23.320381908517277,357.70554081790596,83.59520216388181,-0.08525655592917436,0.20057313,0.21057086495644023,0.13235068,0.1331532577830723,0.16785826,18.54801,717.3699068243038,4.0297046,18.59422,18.231375,0.36284447,2016.0,J131413.03+231913.5,198.5543295,+23.3204203,0.0498,0.0488,154.7,14.131,13.115,10.806,8.334,,,,0.026,0.027,0.113,0.252,,,,1987122701351061467,dd00,1,631n,AABB,26,116,-136,118,
0.089736,1446031135406060800,198.40699101777645,23.353538968553195,357.1900536228648,83.72238049131938,0.010787692210954629,0.24014547,-0.08996004825282074,0.21195489,0.12273202078694594,0.16380516,18.434155,796.682414178526,5.90959,18.601215,18.058016,0.54319954,2016.0,J131337.67+232112.6,198.4069805,+23.3535160,0.0806,0.0759,0.8,15.239,14.353,11.469,8.801,,,,0.035,0.045,0.176,0.419,,,,1987122701351061495,0000,0,11nn,AABC,134,233,-34,256,
0.143430,1446041993083420288,198.63440454291407,23.583356670246786,0.00919895513425307,83.69275794653123,0.0025574280830725493,0.14733097,-0.058109771263044604,0.09004551,0.06321523593436223,0.13378958,18.024858,1161.456938753111,2.5413852,18.249922,17.62082,0.6291027,2016.0,J131432.26+233500.0,198.6344463,+23.5833455,0.0550,0.0541,170.1,14.631,13.225,10.070,7.955,,,,0.029,0.029,0.057,0.177,,,,1981124201351002415,0000,0,110n,AAAB,119,201,70,199,
0.030331,1451482239178414720,207.65179984892484,27.295871252828093,37.054962848050366,76.8515110151997,0.06536891776367523,0.2382534,0.07885054264162505,0.15932278,0.04648839495331934,0.22270931,18.785366,576.5018059630493,1.0415888,19.226244,18.05824,1.1680031,2016.0,J135036.43+271745.1,207.6517971,+27.2958793,0.0459,0.0451,164.2,14.386,13.051,9.706,7.583,16.767,15.848,15.434,0.027,0.025,0.035,0.115,0.122,0.120,0.142,2078127201351033779,0000,0,110n,AAAB,48,92,27,84,0.220
0.060566,1451483789662401408,207.51281316646305,27.27800333310709,36.950537012119035,76.9740568118655,-0.08547853029115647,0.07875706,-0.045555298854093984,0.044815417,0.0389818800165492,0.06911915,16.98662,3022.031231249546,19.169508,17.028381,16.283554,0.7448273,2016.0,J135003.07+271640.8,207.5128164,+27.2780199,0.0371,0.0356,128.9,12.622,11.712,8.957,6.602,15.655,14.846,14.185,0.024,0.022,0.024,0.053,0.061,0.075,0.059,2078127201351033743,0000,0,5411,AAAA,17,32,52,52,0.121
0.107138,1451499693925397632,207.10479289980995,27.104491193497136,36.08492051020165,77.32728968491358,-0.1722872061651958,0.17162527,-0.08672313071227641,0.106034145,0.03850824127988202,0.16378967,18.265966,930.1658367130899,2.6230118,18.482138,17.857704,0.6244335,2016.0,J134825.14+270616.2,207.1047641,+27.1045063,0.0581,0.0559,6.8,14.914,13.487,10.019,7.917,16.682,16.325,15.737,0.031,0.030,0.050,0.140,0.125,0.199,0.192,2078127201351036172,0000,0,000n,AAAB,54,101,-14,105,0.547
0.156037,1446073260444964480,199.0725428794129,23.88282124407652,4.238345175623125,83.52252577138013,0.39150101001058724,0.25291038,0.15407340261008332,0.13431548,-0.2916263265921854,0.2514142,18.811584,562.746781756833,3.537182,18.965637,18.507965,0.45767212,2016.0,J131617.41+235258.3,199.0725608,+23.8828614,0.0932,0.0861,14.0,15.655,14.195,11.120,8.341,,,,0.044,0.042,0.126,0.329,,,,1998124201351013756,0000,0,011n,AABB,112,294,190,321,
0.072147,1451527112996795648,206.99577227065677,27.414066640949148,37.48007147336721,77.43847858636344,-0.26410550983864167,0.16163763,-0.1133371983821552,0.110227525,-0.2526796327728155,0.1494829,18.2624,933.2264476389623,3.0019276,18.45641,17.887243,0.5691662,2016.0,J134758.98+272450.6,206.9957528,+27.4140565,0.0505,0.0489,164.4,14.448,13.098,10.263,7.987,17.213,16.686,16.048,0.029,0.026,0.051,0.170,0.203,0.257,0.255,2061127201351023206,0000,0,000n,AAAB,14,82,24,82,0.155
0.040690,1446113220821065600,200.01025132824734,23.67943582376181,6.4036190927826615,82.67973626623427,-0.21285669938401064,0.13493636,0.024728674547140814,0.086593784,-0.07738912648365884,0.123117484,17.7516,1493.8475922753032,2.0253468,17.940933,17.456709,0.48422432,2016.0,J132002.45+234045.9,200.0102414,+23.6794425,0.0863,0.0803,14.4,15.399,14.267,10.592,8.769,16.906,16.398,15.509,0.040,0.045,0.082,0.385,0.214,0.244,0.264,1998124201351002799,0000,0,111n,AAAC,321,271,161,291,1.308
0.181790,1446121535877772416,200.04045557618892,23.939639692429893,8.312733071559563,82.78029794986442,0.06174641522780806,0.20383146,0.07590792884375464,0.12266594,-0.18910644789195716,0.18177235,18.446693,787.5340924667224,3.4925685,18.569916,18.04952,0.5203953,2016.0,J132009.71+235622.8,200.0404977,+23.9396724,0.1085,0.1000,11.9,15.768,14.456,11.298,8.704,,,,0.049,0.048,0.161,0.440,,,,1998124201351022313,0000,0,00nn,AABC,331,351,-10,384,
0.122587,1446153048052923008,199.30556346705202,23.787898614853205,4.4960608128189055,83.29108179852008,-0.24247959825388846,0.23033611,-0.06383504328424267,0.12752478,-0.09924985602632266,0.2060742,18.925905,506.5059353709885,0.8901758,19.223438,18.509714,0.71372414,2016.0,J131713.34+234716.5,199.3055898,+23.7879227,0.1025,0.0950,6.8,15.489,14.661,11.480,9.011,,,,0.040,0.063,0.177,0.490,,,,1998124201351016568,0000,0,00nn,AABC,-197,319,-471,349,
0.090245,1454877324926758400,205.72659833507436,28.46829398643437,42.62886000620782,78.54485884738146,-0.06312224727419362,0.11616682,-0.0019689280169393883,0.07115894,-0.0018510917318579488,0.09586115,17.798624,1430.5294641347143,7.825148,17.946035,17.493383,0.45265198,2016.0,J134254.38+282805.7,205.7266046,+28.4682695,0.0641,0.0609,22.7,14.880,13.736,10.891,8.335,,,,0.033,0.033,0.092,0.217,,,,2057128701351019683,0000,0,110n,AAAB,298,145,200,157,
1.524369,1446172869326712960,199.1997127523668,24.02875297800849,5.8729341084535625,83.49673144039104,0.1284057873972873,0.31417882,0.06399135774316544,0.1383568,0.13237268297089416,0.2495591,18.923857,507.4629715196874,2.040216,19.024872,18.634232,0.39064026,2016.0,J131647.83+240144.1,199.1992950,+24.0289367,0.0783,0.0737,1.1,15.168,14.073,11.375,8.392,,,,0.035,0.040,0.213,0.278,,,,1998124201351014444,0000,1,11nn,AABB,550,233,52,259,
0.090774,1451610199139863168,206.35001490129955,27.236892684223207,36.540945062587156,78.00474307825336,0.6358099973739628,0.5046163,0.021744163907209787,0.2923346,0.21627820356768243,0.44747,18.820923,557.927766799989,2.01367,17.545254,16.25062,1.2946339,2016.0,J134524.00+271412.9,206.3500221,+27.2369171,0.0457,0.0448,118.9,13.196,13.003,10.767,8.678,14.913,14.290,13.835,0.025,0.026,0.073,0.307,0.064,0.069,0.062,2061127201351028169,0000,5,011n,AAAB,20,64,109,61,0.126
0.383860,1446193622608385792,199.81465974084495,24.23816786168037,9.716545662245764,83.09944450155656,0.14347033213077456,0.20951857,-0.0019168216854779398,0.11955571,-0.21796825941465986,0.16180451,18.433142,797.4254997618792,1.9183105,18.689678,18.001453,0.6882248,2016.0,J131915.49+241417.2,199.8145587,+24.2381141,0.0670,0.0635,15.4,14.950,13.721,10.523,8.173,,,,0.033,0.034,0.077,0.299,,,,1998124201351033075,0000,0,000n,AAAB,-18,220,165,225,
0.087539,1446204617724608256,199.53524592835683,24.31565132835047,9.34609291446187,83.36207030704202,-0.1324596617200097,0.28357008,0.10299643268475663,0.15394866,0.08409566835688559,0.22334856,18.982637,480.7192224292458,1.9238899,19.04191,18.602585,0.43932533,2016.0,J131808.46+241856.4,199.5352665,+24.3156668,0.0671,0.0646,13.0,14.838,13.767,10.773,8.590,,,,0.032,0.035,0.107,0.330,,,,1998124201351035959,0000,0,000n,AAAB,246,206,115,216,
0.068393,1451628817822057984,206.42872614031424,27.37200655140964,37.20213662914412,77.94020997560409,0.18030455033584125,0.2483613,-0.1283899204740946,0.14979333,0.17483293110359352,0.21984324,18.889961,523.5551011559502,2.858051,19.011614,18.573061,0.43855286,2016.0,J134542.89+272219.2,206.4287106,+27.3720196,0.0876,0.0826,15.4,15.548,14.321,11.408,9.242,,,,0.040,0.043,0.135,0.459,,,,2061127201351025636,0000,0,00nn,AABC,221,181,2,196,
0.040073,1446210493239930496,199.72162001340783,24.38006024479683,10.479552805081621,83.23759875530509,0.37918121757223733,0.226135,0.10537363074893755,0.128853,0.25038969093902314,0.18350118,18.573654,700.6244076657315,1.2934468,18.778538,18.298574,0.4799633,2016.0,J131853.18+242248.2,199.7216148,+24.3800703,0.0884,0.0820,12.2,15.536,14.025,10.810,8.623,,,,0.042,0.041,0.104,0.364,,,,1998124201351033105,0000,0,000n,AAAC,199,277,228,299,
0.836439,1451654969878861824,205.53490289520516,27.158504702082155,35.98572831538491,78.72531608148239,-0.05270584583823648,0.12921618,0.05750964043234254,0.07455917,0.03378095185439326,0.10610174,17.80128,1427.0355240576541,4.4750566,17.963202,17.496887,0.46631432,2016.0,J134208.37+270931.4,205.5348932,+27.1587369,0.0514,0.0487,7.2,14.146,12.954,10.055,7.804,,,,0.028,0.026,0.054,0.140,,,,2061127201351033331,0000,1,650n,AAAB,399,97,440,104,
0.080380,1446243998280522752,200.85677368085288,23.71763385484204,9.41421381886066,82.01497860997684,-0.1359583597567873,0.22788785,-0.194310907780288,0.16485558,-0.12446179763255713,0.22161904,18.972271,485.3310524115894,2.2534003,19.262106,18.560394,0.70171165,2016.0,J132325.61+234303.4,200.8567493,+23.7176342,0.0868,0.0804,19.9,15.368,14.257,11.257,8.373,,,,0.038,0.046,0.143,,,,,2014124201351008888,0000,0,00nn,AABU,-82,266,74,286,
0.078424,1451670805423070336,205.7254296771372,27.552744037949143,38.01449129420739,78.56851651375757,0.14475165147756708,0.18773226,0.09480706650136282,0.118156895,-0.07127541604803694,0.1676577,18.485674,759.7610833384176,2.3745356,18.58742,18.098986,0.48843384,2016.0,J134254.09+273309.9,205.7254092,+27.5527560,0.0515,0.0497,156.7,14.364,13.233,10.296,7.638,,,,0.028,0.027,0.067,0.138,,,,2061127201351037713,0000,0,011n,AAAB,131,126,-45,128,
0.133085,1446261551811438848,201.41726615164276,23.901703566093047,12.145217784467068,81.63275592524145,0.12641809054424072,0.19592863,-0.04522230460548963,0.1394166,-0.2920910895196066,0.16961469,18.528896,730.1102491214548,2.285622,18.73801,18.193865,0.5441456,2016.0,J132540.13+235406.2,201.4172370,+23.9017292,0.1083,0.1002,12.5,15.773,14.549,11.279,8.496,,,,0.046,0.053,0.149,,,,,2014124201351016063,0000,0,01nn,AABU,410,310,-55,329,
0.035609,1446301035446227200,200.992125484105,23.957246788789814,11.354604934383314,82.0088520397958,-0.1718497976734727,0.20899725,-0.04749826345375939,0.14208224,-0.07744419416819515,0.2022925,18.567404,704.6687404531017,4.8352513,18.425484,17.842266,0.5832176,2016.0,J132358.10+235726.0,200.9921147,+23.9572470,0.0472,0.0451,141.8,13.609,12.749,10.500,8.324,16.841,15.773,15.322,0.025,0.026,0.085,0.298,0.161,0.150,0.144,2014124201351013495,0000,0,110n,AAAB,99,97,197,99,0.373
0.068271,1451745400414382848,207.18044259608013,27.7674472621755,39.11041360346575,77.28224596978819,0.15932483169845119,0.24671702,0.27696291615870694,0.15052862,-0.016235220615781143,0.19754373,18.774323,582.3955149913417,1.8425261,18.988094,18.397207,0.59088707,2016.0,J134843.30+274602.7,207.1804333,+27.7674302,0.0952,0.0875,17.0,15.855,14.464,11.131,8.669,,,,0.042,0.047,0.091,,,,,2078127201351061756,0000,0,00nn,AAAU,358,193,20,211,
0.101179,1451747633797522432,207.02179267083574,27.78700201873568,39.19556661540398,77.42273791182316,0.13859380409853203,0.2720051,-0.08553482379394624,0.17596665,-0.13304772607554677,0.20881811,18.95291,494.06349341642033,1.1931746,19.160343,18.538658,0.621685,2016.0,J134805.22+274713.3,207.0217879,+27.7870298,0.0805,0.0752,19.0,15.593,14.191,11.011,9.088,,,,0.041,0.037,0.088,0.480,,,,2061127201351047878,0000,0,001n,AAAC,29,160,78,171,
0.130061,1446334914148326528,201.25857551636796,24.279176778572428,14.1628304766973,81.91591441924346,-0.07009513327872655,0.23510516,0.28916231801078673,0.15761046,0.12149621466353577,0.19931081,18.761326,589.4080462133347,1.7538855,18.859331,18.450502,0.40882874,2016.0,J132502.04+241645.0,201.2585365,+24.2791829,0.0633,0.0599,13.5,14.852,13.614,10.599,7.715,,,,0.032,0.032,0.080,0.135,,,,2014124201351028586,0000,0,000n,AAAB,224,165,-107,178,
0.069481,1451770070706898048,207.03756818355785,28.037115982354994,40.343198703999434,77.4076469531237,0.10508310278348544,0.1205547,0.041105749395298846,0.08549176,-0.013887482602149864,0.11520572,17.94681,1248.0238632800629,1.8107136,18.151888,17.578232,0.5736561,2016.0,J134809.01+280213.6,207.0375470,+28.0371112,0.0587,0.0569,27.5,14.980,13.638,10.516,8.106,16.956,16.435,16.203,0.031,0.031,0.063,0.194,0.164,0.200,,2074128701351007840,0000,0,000n,AAAB,193,120,-8,123,0.206
0.031704,1446355083314656768,200.9973173732729,24.42720139050117,14.503849612179977,82.19220964581075,0.07459622884879055,0.33671543,-0.15463190111280248,0.2261001,0.10956336859941612,0.293556,18.754162,593.3101969979685,3.0989597,17.83486,16.594963,1.2398968,2016.0,J132359.35+242537.8,200.9973207,+24.4271931,0.0411,0.0396,137.0,12.926,12.291,9.208,7.208,15.369,14.647,14.011,0.024,0.024,0.034,0.119,0.077,0.083,0.062,2014124201351036107,0000,5,0000,AAAB,13,55,54,132,0.157
0.168835,1446355323832825728,201.04588818970186,24.428067228244547,14.630955984848795,82.15150692487659,0.2247147554409249,0.21768096,-0.10486302294743881,0.1421921,0.001166002759215374,0.17444505,18.428663,800.7211527826234,4.919103,18.553253,18.192036,0.3612175,2016.0,J132411.00+242540.9,201.0458542,+24.4280320,0.0737,0.0697,16.7,15.053,14.028,11.260,8.530,,,,0.034,0.040,0.136,0.331,,,,2014124201351036176,0000,0,00nn,AABB,47,216,100,231,
0.081034,1446361573010350720,201.8963966943993,24.093898110867638,14.506919918797818,81.3073604083378,0.21120376268014096,0.13648857,-0.08420192747784475,0.10197438,-0.20472692572942117,0.12155941,18.05713,1127.4426509455022,2.3501735,18.241953,17.720528,0.52142525,2016.0,J132735.14+240538.0,201.8964202,+24.0939048,0.0861,0.0802,8.6,15.359,14.143,11.012,8.917,,,,0.039,0.042,0.139,0.417,,,,2014124201351024558,0000,0,000n,AABC,-34,239,247,260,
0.104384,1451789488253716864,206.66016509550306,27.96150485471748,40.01200311568474,77.74183451148373,0.07839601471003088,0.25224116,-0.0626183761240478,0.1534013,-0.4057406788001481,0.23483454,18.834883,550.7998790999762,1.6158499,19.013422,18.46564,0.5477829,2016.0,J134638.44+275741.4,206.6601926,+27.9615207,0.1085,0.0989,18.2,15.666,14.990,11.521,9.045,,,,0.043,0.065,0.145,,,,,2061127201351050685,0h00,0,00nn,AABU,-262,259,87,281,
0.031535,1451791889140681344,206.42086690114988,27.923599246894227,39.84329160654968,77.95364964041521,0.3858836705555469,0.24799629,-0.024693830395465608,0.15281112,-0.07111464748742875,0.22784331,18.877659,529.5212702829909,1.3751298,18.923151,18.263926,0.65922546,2016.0,J134541.00+275524.9,206.4208671,+27.9236080,0.0426,0.0410,149.4,13.496,12.443,10.090,8.159,,,,0.025,0.023,0.049,0.210,,,,2061127201351050359,0000,0,220n,AAAB,0,66,83,71,
0.115874,1446371747787785856,202.0130906904075,24.314977549950196,16.124592894153032,81.28962713516414,-0.11036152200445432,0.13407117,-0.06923851454951756,0.102325805,0.12164430038855868,0.12158227,18.065098,1119.1992368495253,3.2204275,18.353235,17.76661,0.58662605,2016.0,J132803.13+241853.8,202.0130804,+24.3149468,0.0804,0.0781,14.8,15.222,14.028,10.854,8.593,,,,0.038,0.039,0.105,0.391,,,,2014124201351022525,0000,0,nnnn,AAAC,,,,,
0.114270,1451813879373309568,206.68500503762203,28.02506262118947,40.30958763950795,77.71900098289181,-0.4851101873455705,0.29345477,-0.11463449879541128,0.17726451,-0.15314180404424185,0.2590021,18.99853,473.73412123404574,1.8744378,19.13443,18.736744,0.397686,2016.0,J134644.39+280130.1,206.6849799,+28.0250399,0.0668,0.0635,4.6,15.138,13.744,10.806,8.462,,,,0.033,0.034,0.081,0.253,,,,2074128701351010474,0000,0,000n,AAAB,-41,139,-220,148,
0.071130,1446423699712208896,202.29116158146368,24.79860222678788,19.672922583564155,81.20877004732408,-0.11849640837333252,0.1162613,0.07497508401098134,0.0729665,0.04465146230573937,0.09292915,17.414495,2037.7386379649715,5.2371736,17.603064,17.080957,0.5221062,2016.0,J132909.87+244755.0,202.2911648,+24.7986218,0.0536,0.0524,6.1,14.432,13.116,10.297,8.108,,,,0.030,0.028,0.056,0.196,,,,2014124201351045352,0000,0,110n,AAAB,105,155,128,152,
0.188693,1446460602071122560,201.33159661356783,24.740831389492097,17.42008068775668,82.01794673097848,0.22074929303858454,0.2476019,-0.22107782309470533,0.15446016,0.18566019775859754,0.22536252,18.813955,561.518938512609,1.9588788,19.016815,18.424622,0.5921936,2016.0,J132519.59+244427.0,201.3316520,+24.7408460,0.1149,0.1067,10.6,15.796,14.639,11.440,8.568,,,,0.047,0.058,0.185,,,,,2014124201351049697,0000,0,11nn,AABU,279,380,-440,412,
0.226946,1451888474365528704,208.43715018602109,27.792945039551025,39.2773629821055,76.17075598484432,0.07168702051250732,0.14312239,-0.10837508604259491,0.099505424,0.08485400368402651,0.12867278,18.074953,1109.0870533685968,1.8314192,18.264517,17.625275,0.6392422,2016.0,J135344.92+274734.8,208.4371763,+27.7930037,0.0661,0.0629,9.6,14.914,14.088,10.620,8.797,,,,0.032,0.036,0.066,0.328,,,,2078127201351051641,0000,0,110n,AAAB,34,116,105,125,
0.624306,1446467439659113472,201.879697086335,24.77805580683587,18.7821412035378,81.55828561962629,-0.697960082258965,0.58646476,-0.19713034929388779,0.3786093,0.23273315127064115,0.42808935,18.649271,653.4893730845293,6.6272235,17.100828,15.710671,1.3901567,2016.0,J132731.16+244640.6,201.8798569,+24.7779609,0.0602,0.0422,128.3,12.466,12.220,10.218,7.690,14.263,13.554,13.149,0.031,0.031,0.071,,0.049,0.050,0.050,2014124201351047372,0000,4,nnnn,AAAU,-46,49,200,49,0.431
0.076134,1446507773696170880,200.37985615738765,24.21807024275383,11.358768669782279,82.62566401330709,-0.19019386704735194,0.24654828,-0.11993071890261403,0.14142767,0.008386167290829126,0.22291759,18.938606,500.61512977358524,3.5866585,19.185453,18.43496,0.750494,2016.0,J132131.16+241305.1,200.3798649,+24.2180898,0.0800,0.0740,24.0,15.225,13.889,10.808,8.384,,,,0.037,0.037,0.115,0.317,,,,1998124201351027656,0000,0,011n,AABB,-123,237,1334,250,
0.043077,1451931561476822784,207.84582454500855,27.891018222358728,39.674315194295986,76.69453636492486,0.12320166529355192,0.16037187,0.12079984886554301,0.10656584,-0.1207369746713735,0.15857181,18.217234,972.8663465078389,2.1390765,18.342682,17.918348,0.42433357,2016.0,J135122.99+275327.6,207.8458138,+27.8910110,0.0563,0.0546,6.1,14.907,13.437,10.491,8.063,,,,0.030,0.028,0.065,0.168,,,,2078127201351056668,0000,0,000n,AAAB,26,98,-135,101,
0.059176,1451940705463061376,207.50800595373806,27.918357458944573,39.792727707404005,76.99311120640893,-0.1395931956341541,0.07862143,0.02981920391606098,0.049636427,0.11926250515110932,0.07385131,17.257307,2355.177022473177,7.967213,17.28863,17.030062,0.2585678,2016.0,J135001.91+275506.1,207.5079911,+27.9183673,0.0409,0.0398,132.2,13.516,12.491,9.883,7.542,16.184,15.675,14.958,0.025,0.022,0.040,0.108,0.077,0.097,0.095,2078127201351059125,0000,0,110n,AAAA,27,66,4,59,0.234
0.133884,1451945236652879232,207.81323663602547,28.000643238901148,40.151219821300515,76.72326976749608,-0.06564344720313765,0.23786527,0.08600227773616843,0.1728028,-0.46953796053927366,0.23608975,18.931103,504.0871716037999,2.325683,19.109703,18.638042,0.4716606,2016.0,J135115.16+280002.2,207.8131963,+28.0006325,0.1099,0.1011,15.8,16.027,15.082,11.186,9.277,,,,0.045,0.062,0.100,0.518,,,,2078127201351056817,0000,0,00nn,AAAC,104,241,285,263,
0.035031,1451967433044268288,208.26729461698284,28.295497512595098,41.393182980106594,76.3189876895871,0.07619843788921442,0.1358987,0.01846630405601827,0.090825155,-0.03475058891955409,0.12627272,17.933718,1263.163231759747,3.0880854,18.112728,17.545473,0.567255,2016.0,J135304.14+281743.7,208.2672842,+28.2954944,0.0444,0.0438,167.0,14.192,12.784,9.742,7.359,,,,0.026,0.025,0.036,0.103,,,,2074128701351000039,0000,0,0000,AAAA,13,72,24,69,
0.019319,1451969460268840960,208.35207728892664,28.357950573819508,41.64894247816988,76.24288945825315,-0.191842631658448,0.17506926,-0.06527994369286144,0.11734809,0.07294633498181616,0.16385868,18.56507,706.1864946793524,3.099328,18.607664,18.181269,0.42639542,2016.0,J135324.49+282128.6,208.3520802,+28.3579553,0.0538,0.0520,176.7,14.578,13.510,10.593,7.932,,,,0.028,0.029,0.066,0.130,,,,2091128701351013003,0000,0,000n,AAAB,-4,83,166,88,
0.083720,1451980352305408128,208.10980165245542,28.359729134620732,41.68080347098142,76.45596436114371,-0.07406013510506869,0.11759113,-0.051757431136931716,0.082817614,0.019007202355291117,0.108329065,17.916136,1283.7849606144339,4.1339192,18.145958,17.557377,0.5885811,2016.0,J135226.35+282134.9,208.1097929,+28.3597072,0.0614,0.0599,15.6,14.928,13.848,11.112,8.395,,,,0.031,0.032,0.096,0.236,,,,2074128701351022368,0000,0,01nn,AAAB,36,101,104,107,
0.222386,1452008183693960960,208.6304139766007,28.22825973600404,41.088171578873556,76.00041138665723,-0.06788207819352121,0.15936543,-0.09663999902338877,0.1064903,-0.17565163870610837,0.1428785,18.238338,954.1389629833261,1.3322934,18.494541,17.725544,0.7689972,2016.0,J135431.30+281341.5,208.6304197,+28.2281982,0.0511,0.0500,169.2,14.423,13.244,10.221,7.705,16.520,16.367,15.427,0.027,0.028,0.053,0.132,0.140,0.238,0.239,2091128701351008001,0000,0,110n,AAAB,46,76,69,78,0.637
0.568664,1446613258093149056,200.3497935572906,24.861590662554075,15.994467564021399,82.89772612661886,-0.27289131345731704,0.20106007,-0.15339782690218656,0.12333514,-0.03555418935613035,0.16268392,18.612566,675.9589357864235,2.4011207,18.822245,18.260794,0.56145096,2016.0,J132123.95+245142.2,200.3498300,+24.8617451,0.1107,0.1016,11.0,15.689,14.615,11.641,8.640,,,,0.046,0.054,0.208,,,,,1998124201351055182,0000,0,21nn,AABU,-96,345,-487,376,
0.303728,1446614735561895168,200.5545248524306,24.8432221061908,16.366176970766155,82.71694195644605,0.16331185868211065,0.20172702,-0.1262429196929868,0.12450379,-0.08912644454796624,0.16958982,18.483044,761.6046666996003,2.8745086,18.625038,18.199013,0.4260254,2016.0,J132213.06+245035.6,200.5544349,+24.8432434,0.0997,0.0915,15.8,15.630,14.323,11.289,8.364,,,,0.044,0.047,0.156,,,,,1998124201351055090,0000,0,00nn,AABU,500,320,247,350,
0.092372,1446631056437658112,200.16157491289445,25.03308541605483,16.846164609718247,83.11632392554336,-0.17045456461752503,0.28299832,-0.2601963193782056,0.15257722,-0.25629884528778835,0.22010775,18.967993,487.24738669223734,1.215578,19.145357,18.63101,0.5143471,2016.0,J132038.77+250159.1,200.1615700,+25.0331107,0.1160,0.1050,18.8,15.835,14.686,10.985,8.671,,,,0.049,0.058,0.115,0.365,,,,2000125701351005559,0000,0,000n,AABC,522,389,183,423,
0.051621,1452047564249763712,208.89850052974444,28.652542345831257,42.80008959582325,75.75318858770338,0.45457391515287715,0.5150001,0.03227633176340419,0.35291055,-0.354997521849974,0.48656604,18.679419,635.5935361149374,3.1488624,17.290422,16.016989,1.2734337,2016.0,J135535.63+283909.1,208.8984922,+28.6525547,0.0474,0.0458,133.2,13.348,13.250,12.852,8.671,14.891,14.243,13.843,0.024,0.028,0.459,,0.049,0.048,0.047,2091128701351033751,0000,0,11nn,AACU,110,43,5,45,0.332
0.185669,1452055466989594496,209.11183011397296,28.793800688305293,43.33633938260228,75.56004251279803,0.07189841206146846,0.11004682,0.09852018332963122,0.07978163,-0.08685436719443126,0.10047984,17.694399,1574.6607035289949,5.2286797,17.79632,17.42989,0.36643028,2016.0,J135626.82+284737.6,209.1117717,+28.7937944,0.0468,0.0461,149.6,14.255,13.157,10.382,7.643,17.298,16.088,15.472,0.025,0.026,0.056,0.114,0.248,0.223,0.171,2091128701351031113,0000,0,110n,AAAB,-16,67,53,70,0.070
0.051794,1446640956337931008,201.08994474227123,24.66183716350059,16.33925744933374,82.1979958226911,-0.06758144132531689,0.2590207,0.012572692200696676,0.16892095,0.23510711535906215,0.2303127,18.773945,582.5981664401185,2.9144669,18.943544,18.455402,0.488142,2016.0,J132421.58+243942.6,201.0899324,+24.6618462,0.0637,0.0611,4.4,14.891,13.581,10.680,7.895,,,,0.032,0.031,0.083,0.210,,,,2014124201351036159,0000,0,000n,AAAB,70,188,44,199,
0.209192,1446648893437501184,201.09392523006935,24.872859701232528,17.82016668106867,82.26489580077364,-0.014361388683667218,0.1648856,0.09104701255746706,0.10084976,0.07258306631363645,0.13140608,18.116129,1067.8131177310495,1.3242196,18.4502,17.54754,0.90265846,2016.0,J132422.52+245222.3,201.0938622,+24.8728699,0.0679,0.0642,14.5,14.801,13.856,10.415,8.725,16.799,15.957,15.448,0.032,0.037,0.072,0.420,0.145,,0.130,2014124201351051569,0000,0,110n,AAAC,55,209,-185,219,0.492
0.081685,1446664733276807424,200.83852230357553,25.007600179908472,18.23152980248929,82.52724094321248,-0.2804173901276809,0.14574261,0.0477540022523569,0.0961612,-0.032605535066122106,0.11970221,17.894285,1309.8835340978603,2.5826612,18.086271,17.553099,0.5331726,2016.0,J132321.23+250027.3,200.8384982,+25.0075939,0.0655,0.0629,16.6,14.768,13.977,10.404,8.114,16.692,15.920,15.618,0.031,0.039,0.079,0.215,0.139,0.162,0.192,2016125701351009365,0000,0,000n,AAAB,76,206,115,208,0.148
0.054199,1446673357571184896,200.98198278539542,25.14282345641903,19.517683055345323,82.44427967008183,-0.009364987069251724,0.110821046,-0.07857486178083715,0.071893536,0.02220113285734282,0.10415884,17.498722,1885.6346110250552,2.365296,17.705862,17.115759,0.59010315,2016.0,J132355.67+250834.1,200.9819663,+25.1428251,0.0762,0.0713,8.5,15.044,14.038,11.176,8.372,,,,0.034,0.041,0.138,0.306,,,,2016125701351009378,0000,0,00nn,AABB,-27,222,135,241,
0.173127,1446720705290615936,200.92834600583151,25.19868845591753,19.818638591598532,82.50692386802217,0.16487963826775068,0.2956098,-0.1339487884180414,0.18736194,-0.17663540213225168,0.25590032,18.925762,506.57241145850605,2.0386174,19.277657,18.375809,0.90184784,2016.0,J132342.79+251155.4,200.9283134,+25.1987264,0.0559,0.0537,161.9,14.342,13.267,10.550,7.605,,,,0.029,0.030,0.081,0.147,,,,2016125701351009351,0000,0,1100,AAAB,272,148,184,156,
0.125444,1446726615165618560,200.92585731601582,25.31889138437729,20.70089907804715,82.54269888509555,0.3010363628355939,0.17746605,0.04397866142654395,0.09810902,-0.14749889854790124,0.14242843,17.949589,1244.8332926257606,3.2793462,18.161234,17.521648,0.6395855,2016.0,J132342.19+251908.0,200.9258244,+25.3189095,0.0557,0.0548,159.0,14.652,13.217,10.197,7.859,17.101,15.936,15.820,0.030,0.028,0.063,0.228,0.208,0.174,0.203,2016125701351012207,0000,0,000n,AAAB,244,210,249,195,0.454
0.146702,1446736403395681152,200.5246088277499,25.3612677864254,20.236076591799915,82.90303223273433,-0.38698135979479675,0.2755801,0.024823470063938084,0.16976844,0.1410390618284742,0.227188,18.92443,507.1940024922191,2.3965223,19.052416,18.703003,0.34941292,2016.0,J132205.89+252140.6,200.5245706,+25.3612894,0.0764,0.0720,7.9,14.999,14.108,11.837,8.565,,,,0.033,0.041,0.254,,,,,2000125701351024004,0000,0,01nn,AABU,154,213,-269,233,
0.061611,1452142083594109440,207.70082630664848,28.310530950941196,41.51236497295798,76.81719378813271,-0.0619703011233604,0.24050379,-0.11156412914364326,0.1572323,0.0716945974340607,0.20931262,18.746443,597.5437331809899,1.3296382,18.929436,18.406559,0.52287674,2016.0,J135048.20+281837.8,207.7008410,+28.3105197,0.1031,0.0965,12.9,15.908,14.842,11.613,8.901,,,,0.044,0.052,0.177,0.375,,,,2074128701351020140,0000,0,00nn,AABC,-337,224,524,239,
0.048674,1452144866732919552,207.5863506716611,28.313433789690528,41.538187339192255,76.91784659258062,-0.28350648676200135,0.2591951,-0.015912956716360498,0.16254953,0.08090311323642849,0.23735496,18.879744,528.505313392103,4.130303,19.012547,18.499132,0.5134144,2016.0,J135020.72+281848.3,207.5863540,+28.3134206,0.0821,0.0769,12.3,15.587,14.249,11.274,8.846,,,,0.038,0.040,0.115,0.323,,,,2074128701351017805,0000,0,11nn,AABB,-55,168,7,183,
1.726918,1446785022425650560,198.29368463099692,23.476085798244885,357.49313513586543,83.87972661847306,-0.0128120754197312,0.2739649,-0.6064533692697637,0.34557244,0.2315184837455791,0.23118524,18.95825,491.63949641355777,0.9469113,19.022404,18.622198,0.4002056,2016.0,J131310.38+232834.9,198.2932755,+23.4763846,0.0792,0.0753,176.8,15.004,14.510,12.267,9.007,,,,0.033,0.050,0.361,,,,,1981124201351004628,0000,0,00nn,AACU,601,204,180,226,
0.076770,1452205030634881280,207.01207319492693,28.454479065575303,42.26066201959427,77.4172674070386,-0.00183394933803872,0.17737001,-0.06736735768425675,0.11913873,-0.12354621566714338,0.15264462,18.509703,743.1309358882119,2.1663766,18.625542,18.275177,0.35036469,2016.0,J134802.89+282716.1,207.0120490,+28.4544782,0.0614,0.0594,11.2,15.015,13.636,10.663,8.346,,,,0.032,0.030,0.078,0.211,,,,2074128701351015461,0000,0,110n,AAAB,27,132,-3,139,
0.061522,1446820073654023680,198.68252571462156,23.807439286662714,1.9318602914097864,83.78320486496987,-0.03337416268057767,0.06338912,-0.07012973920405455,0.03835547,-0.019916346536922862,0.055542633,16.736052,3806.5025385311365,71.575195,17.01751,16.12752,0.88998985,2016.0,J131443.80+234826.8,198.6825260,+23.8074564,0.0341,0.0325,116.3,11.367,10.503,8.047,6.093,15.514,14.688,13.832,0.023,0.020,0.020,0.057,0.060,0.072,0.057,1981124201351020684,0000,1,9900,AAAA,108,33,86,33,0.274
0.058147,1454893783241679232,205.58284141157125,28.583554592467006,43.25554010247043,78.66277992441482,0.03688804544677089,0.22587891,-0.003923149177488075,0.14829685,-0.3375424352783236,0.2005996,18.893309,521.9434208801772,1.0191466,19.02298,18.60238,0.42059898,2016.0,J134219.87+283500.8,205.5828328,+28.5835689,0.1228,0.1109,21.1,16.057,14.743,10.924,8.670,,,,0.055,0.057,0.117,0.389,,,,2057128701351019972,0000,0,000n,AABC,111,371,540,403,
0.066042,1454894332997540352,205.62905994803245,28.623704118953277,43.44283038586817,78.61921594206947,-0.11754537164348978,0.14606202,0.10211967578796827,0.0971964,-0.04861856437843237,0.13879277,18.258568,936.5248375523487,2.7099938,18.297682,17.931194,0.3664875,2016.0,J134230.97+283725.2,205.6290447,+28.6236916,0.0448,0.0441,121.4,13.798,12.705,10.148,7.659,,,,0.026,0.025,0.060,0.135,,,,2057128701351032866,0000,0,110n,AAAB,125,110,59,102,
0.209595,1452219770962717824,206.985652531011,28.589150712249978,42.88399253433062,77.43336925583547,-0.0701535441874245,0.20968619,-0.16791400582313354,0.14100225,-0.03637491536954997,0.17849945,18.806765,565.2502532683076,1.0941489,19.01649,18.469889,0.54660225,2016.0,J134756.54+283520.7,206.9856147,+28.5891029,0.1260,0.1164,17.3,16.175,14.883,11.572,8.609,,,,0.053,0.060,0.189,0.317,,,,2074128701351015627,0000,0,00nn,AABB,318,312,-265,337,
0.131268,1452227123946798464,207.1105666455478,28.721506617995086,43.45709069171567,77.31571576263956,-0.12542052028381445,0.15190087,-0.037636158209677986,0.10916219,0.029994897107258132,0.14005652,18.323397,882.2432308083373,1.5535195,18.53759,17.946503,0.59108734,2016.0,J134826.52+284317.3,207.1105285,+28.7214922,0.0947,0.0884,8.4,15.565,14.609,11.379,8.582,,,,0.041,0.050,0.144,,,,,2074128701351032333,0000,0,11nn,AABU,77,219,-115,239,
0.032900,1454902377473502336,205.75074780828177,28.735419297511378,43.95968875007559,78.50358130663142,-0.08997796129131479,0.06736011,0.05734344982774707,0.042325146,-0.08748618962667686,0.05675218,16.758469,3728.716291451903,6.464251,16.89673,16.452448,0.44428253,2016.0,J134300.17+284407.4,205.7507381,+28.7354159,0.0416,0.0403,119.1,13.342,12.349,9.779,7.101,15.694,15.611,14.598,0.024,0.023,0.044,0.094,0.070,0.149,0.097,2057128701351032859,0000,0,3300,AAAA,165,108,100,98,0.118
0.093578,1446859312475170432,197.9732956157251,23.889826293493407,358.99937643327996,84.3629547612513,-0.07586205364114852,0.109428525,-0.05129196048943927,0.0985206,0.008074098123277425,0.08114714,17.311989,2239.5019865582913,5.949884,17.474756,16.952658,0.52209854,2016.0,J131153.59+235323.4,197.9733188,+23.8898413,0.0544,0.0528,175.9,14.556,13.451,10.078,7.936,16.486,16.171,15.635,0.029,0.029,0.056,0.177,0.145,0.234,0.191,1981124201351014209,0000,0,011n,AAAB,162,97,33,242,0.311
0.098955,1446860029734378112,197.93959921583402,23.912189661154645,358.9983322527884,84.40102273088512,-1.5639545215541352E-4,0.27170265,-0.02266910820305066,0.21957381,0.1359444532835397,0.20844474,18.599718,684.0048396201411,3.0457907,18.583487,18.062218,0.52126884,2016.0,J131145.51+235443.8,197.9396288,+23.9121944,0.0529,0.0523,11.2,14.272,13.426,10.867,8.384,,,,0.027,0.030,0.105,0.282,,,,1981124201351014202,0000,0,110n,AAAB,176,126,78,131,
0.076624,1454916220151065088,206.0533084215187,28.87119560795735,44.511838226465926,78.2273017548937,-0.057199129640484805,0.1656955,-0.06864149244660184,0.10154037,0.18751726452461198,0.14429787,18.12168,1062.367708896271,2.229026,18.31759,17.721865,0.595726,2016.0,J134412.79+285216.2,206.0532978,+28.8711765,0.0772,0.0715,3.8,15.093,14.077,11.004,8.786,,,,0.035,0.040,0.115,0.407,,,,2057128701351030233,0000,0,110n,AABC,236,196,316,213,
0.190024,1452249182898379776,207.54880679142585,28.988320821260377,44.523103091592134,76.9132028355736,-0.0618827487108451,0.23722352,0.05583676098179792,0.15809752,-0.16921669046551785,0.21930283,18.940317,499.8275447976069,1.0673572,19.166315,18.619453,0.54686165,2016.0,J135011.70+285917.8,207.5487618,+28.9882856,0.0719,0.0689,18.5,15.128,14.035,11.716,8.952,,,,0.033,0.037,0.184,,,,,2074128701351042388,0000,0,00nn,AABU,-54,136,-14,146,
0.114354,1454922645422175616,206.09362893564196,28.945270702395323,44.85595695684017,78.18504040320722,0.39243921612925864,0.2529407,0.16385036544802722,0.13240734,-0.2808310584501485,0.1865884,18.616076,673.7775148603304,4.6624866,18.663816,18.131784,0.532032,2016.0,J134422.46+285643.0,206.0936004,+28.9452903,0.0533,0.0522,165.6,14.410,13.386,10.750,8.212,,,,0.027,0.029,0.081,0.281,,,,2057128701351048705,0000,0,000n,AAAB,-52,126,97,127,
0.372704,1454929624746034944,205.96573257579655,28.971839256935286,45.04114856003068,78.29368646889718,0.7708800050146533,0.45596722,-0.13225883616344336,0.28570282,-0.15126931050585057,0.42754403,18.926357,506.29564176449196,1.4571655,19.364138,17.880928,1.4832096,2016.0,J134351.79+285818.9,205.9658029,+28.9719225,0.1578,0.1456,11.7,16.112,15.939,12.767,8.953,,,,0.054,0.137,,,,,,2057128701351048907,0000,0,0nnn,ABUU,-357,460,260,506,
0.161600,1452272307002180352,208.12841354949066,28.796055149210343,43.53674901201104,76.4204939972737,0.1256694164075036,0.22543205,0.012899926708387927,0.14945261,-0.12998099692191648,0.20213088,18.7982,569.726721621856,1.7965192,19.028791,18.407042,0.6217499,2016.0,J135230.80+284745.8,208.1283629,+28.7960618,0.1241,0.1142,10.8,16.196,14.953,11.432,8.604,,,,0.052,0.059,0.144,0.280,,,,2074128701351024805,0000,0,01nn,AABB,-82,274,292,300,
1.074673,1452277705777426304,208.175228846493,28.896093069502175,43.95029958169517,76.37328487498347,0.04867874949540234,0.25467697,-0.05179517685401254,0.17684975,-0.0814816479856109,0.21361715,18.982653,480.71239997612594,1.7630165,19.153646,17.9792,1.1744461,2016.0,J135242.11+285346.7,208.1754619,+28.8963110,0.0497,0.0490,146.2,13.903,13.369,10.462,7.990,16.329,15.753,14.867,0.026,0.029,0.059,0.154,0.127,0.165,0.165,2074128701351024659,0000,0,110n,AAAB,52,70,-20,68,1.265
0.084471,1452278079438251776,208.10612302091445,28.89623907279014,43.96804801520171,76.43364294539538,-0.27910361917563614,0.24626376,-0.19077182457254604,0.16305873,0.09146369023417773,0.21187088,18.923473,507.6418786113563,1.4568399,19.0573,18.593956,0.46334457,2016.0,J135225.46+285346.4,208.1061018,+28.8962248,0.0725,0.0699,2.6,15.424,14.040,11.348,8.667,,,,0.036,0.036,0.136,0.259,,,,2074128701351024705,0000,0,22nn,AABB,70,131,43,139,
0.094232,1446890472462104320,198.35559858162966,24.14444294967659,3.089126287475303,84.21701453717463,-0.30618446600647,0.28342053,-0.16886822497748824,0.16489577,-0.1509420484660024,0.2305871,18.76765,585.984849360557,2.959,18.704138,17.858524,0.8456135,2016.0,J131325.33+240840.0,198.3555712,+24.1444506,0.0521,0.0505,155.4,14.152,13.231,10.473,7.546,,,,0.027,0.029,0.087,0.145,,,,1981124201351025154,0000,0,000n,AAAB,160,175,108,176,
0.684298,1454954879151032832,204.75439411545622,28.240164259704237,41.70742154425644,79.41264363710435,-0.38614333752884955,0.28647894,-0.12586108390156225,0.15295117,0.3314824416854792,0.22649466,18.988905,477.95285399161617,1.1937292,19.141428,18.692072,0.44935608,2016.0,J133901.06+281425.2,204.7544482,+28.2403483,0.1287,0.1164,9.3,15.879,14.972,12.123,8.598,,,,0.050,0.069,0.287,0.388,,,,2040128701351000178,0000,0,00nn,AABC,164,377,187,420,
0.121366,1454965182777697792,204.49945601641383,28.284692386414587,42.026180862782645,79.63410398330818,0.013577775623512457,0.22550134,0.12052351812700299,0.13306408,-0.29851818680183395,0.19763485,18.75654,592.0125469922478,3.9013646,18.907927,18.367374,0.54055214,2016.0,J133759.86+281704.7,204.4994340,+28.2846648,0.0613,0.0582,3.8,14.741,13.546,10.817,8.666,,,,0.031,0.031,0.094,0.378,,,,2040128701351002698,0000,0,000n,AAAC,186,150,-53,159,
0.452765,1446921121348956672,198.23926023141524,24.524239012830517,5.855354639837302,84.50272869083665,0.06330347268123403,0.15752696,-0.03710276709104634,0.10139747,0.03051945092238611,0.12076765,17.940649,1255.126161348738,2.8887916,18.047337,17.62947,0.41786575,2016.0,J131257.43+243127.6,198.2393329,+24.5243460,0.0821,0.0772,14.5,15.434,14.279,11.252,9.217,,,,0.037,0.042,0.145,0.522,,,,1981124201351039750,0000,0,00nn,AABC,174,266,-282,279,
0.180124,1454979240206231936,204.61066261769963,28.61048173623087,43.778320214672,79.5110369999373,-0.10594500493937138,0.242897,0.15843137408901303,0.1252344,0.24436617184778558,0.19511598,18.868044,534.2313965018753,1.513847,19.01506,18.576746,0.43831444,2016.0,J133826.54+283637.6,204.6106116,+28.6104595,0.0988,0.0911,17.4,15.746,14.286,11.365,8.526,,,,0.045,0.045,0.140,,,,,2040128701351022408,0000,0,00nn,AABU,76,274,236,301,
0.207638,1454991330538912256,205.2810423603573,28.659940344886746,43.75836052711322,78.92058988272291,0.043110695869300344,0.21697617,-0.191644727890232,0.12954825,0.06282362778970682,0.18158454,18.712307,616.629369094205,1.6968486,18.91368,18.334642,0.5790367,2016.0,J134107.43+283935.7,205.2809767,+28.6599388,0.1046,0.0956,16.4,15.834,14.393,11.215,8.903,,,,0.048,0.047,0.123,,,,,2057128701351035643,0000,0,00nn,AABU,130,305,-47,336,
0.105764,1455000676387546624,204.83058217981318,28.652444944364177,43.90778982905582,79.31493794286659,-0.3531935792249159,0.21502244,0.07085630976290107,0.12344648,0.17749091041171017,0.1765009,18.670513,640.8280529450622,2.0015717,18.889498,18.263504,0.6259937,2016.0,J133919.33+283908.7,204.8305538,+28.6524294,0.1040,0.0958,18.6,15.794,14.809,11.155,8.879,,,,0.044,0.056,0.112,0.393,,,,2040128701351024975,0000,0,000n,AABC,103,322,130,344,
0.069907,1452345424525572352,207.6920634164545,29.131202474955867,45.10163319288129,76.77623595953271,-0.21435143604755375,0.11924202,0.031885742907818704,0.07522855,0.17141608305030948,0.10832312,17.849966,1364.4582500508584,1.4255141,18.16792,17.358786,0.8091335,2016.0,J135046.09+290752.3,207.6920549,+29.1312204,0.0474,0.0469,10.4,14.128,13.239,10.049,7.914,16.095,15.409,14.914,0.027,0.027,0.044,0.134,0.077,0.086,0.084,2074128701351044832,0000,0,111n,AAAB,27,92,48,94,0.075
0.128266,1446959741694744704,199.4530290116639,24.43265441014119,9.97461463207105,83.48087098273079,0.01929825866700715,0.24647932,-0.08922644871034398,0.13827135,-0.05052523106764012,0.19746727,18.82892,553.8324241432997,1.0485029,18.995525,18.568754,0.42677116,2016.0,J131748.73+242557.6,199.4530526,+24.4326828,0.1388,0.1275,17.6,16.047,14.898,11.573,8.785,,,,0.057,0.067,0.196,,,,,1998124201351044042,0000,0,01nn,AABU,-108,467,21,503,
0.116909,1452354499792653952,207.9282268538102,29.331961135147143,45.882914206463084,76.55195127736141,0.3399467654571815,0.7752201,0.622767239333167,0.54057,0.24591404417163912,0.7444866,18.769896,584.7745517795913,4.693557,16.471785,14.979338,1.4924469,2016.0,J135142.77+291955.1,207.9282241,+29.3319935,0.0385,0.0354,120.3,11.406,11.453,10.069,8.101,13.426,12.747,12.337,0.022,0.020,0.053,0.154,0.084,0.083,0.060,2074128701351051818,0000,5,110n,AAAB,-107,32,88,32,0.019
0.152169,1455019234942054656,204.16649416298063,28.417307603442612,42.891405851546324,79.916711721381,-0.38802628155344615,0.2610865,0.04831839683204803,0.13917477,-0.15605514857152117,0.21780835,18.837353,549.5481094743574,1.0142151,19.493788,18.06365,1.4301376,2016.0,J133639.96+282502.4,204.1665235,+28.4173411,0.0743,0.0714,11.4,15.225,14.115,10.544,8.232,,,,0.035,0.040,0.072,0.258,,,,2040128701351017580,0000,0,000n,AAAB,62,232,240,235,
0.031895,1446971630164300416,199.3833714117627,24.60297608041801,11.104518088689517,83.61085821843551,-0.25521169529784055,0.22817731,0.04331031259776599,0.12071797,0.21968235131708624,0.18322812,18.637024,660.9019180699297,2.313846,18.850971,18.172794,0.6781769,2016.0,J131732.00+243610.6,199.3833652,+24.6029693,0.0999,0.0921,14.6,15.753,14.399,11.291,8.574,,,,0.045,0.046,0.147,,,,,1998124201351043948,0000,0,00nn,AABU,123,326,183,352,
0.119887,1446976852844520320,199.14255139912052,24.5822397989449,10.084988066034867,83.80030153283943,0.0944073857615463,0.17740355,0.0990890741399941,0.090454035,0.017704314881324835,0.14256687,18.127954,1056.24625432676,2.6530786,18.373625,17.737385,0.63624,2016.0,J131634.20+243456.0,199.1425189,+24.5822245,0.0774,0.0722,13.8,15.271,14.070,10.410,8.228,17.038,16.165,15.792,0.036,0.041,0.070,0.270,0.209,0.258,0.239,1998124201351041270,0000,0,000n,AAAB,-10,263,268,276,0.225
0.098631,1452368896522618496,207.7417567906945,29.436918189340467,46.40869601654146,76.70237807414048,0.2844840601897546,0.67939794,0.2006808233488669,0.5141656,-0.25390182378008525,0.61543185,18.58011,696.4696817725891,8.005243,16.554855,15.208222,1.346633,2016.0,J135058.02+292613.0,207.7417651,+29.4369446,0.0401,0.0375,129.4,12.227,12.255,11.644,9.165,13.881,13.189,12.895,0.022,0.022,0.187,,0.065,0.072,0.057,2074128701351051822,0000,5,11nn,AABU,-32,35,45,36,0.197
0.159716,1452381467891370368,207.96968444415782,29.472039851255243,46.46439425680665,76.50124080817379,0.04692580918085181,0.17828853,0.11276392098698909,0.11762086,-0.15090773517684783,0.15167515,18.492062,755.3048216517955,2.1518497,18.851112,18.22765,0.6234627,2016.0,J135152.71+292819.3,207.9696347,+29.4720493,0.0790,0.0745,17.1,15.442,14.207,11.402,8.722,,,,0.036,0.040,0.127,,,,,2074128701351049578,0000,0,11nn,AABU,109,147,-16,159,
0.062887,1446997056370607488,198.58104378618307,24.421879457989156,6.487163071634047,84.18121823033646,-0.05228212957502124,0.22336923,-0.023683202366414503,0.11966031,-0.10149790268076067,0.17323059,18.440573,791.9864112769416,2.0516315,18.588732,18.06714,0.5215912,2016.0,J131419.44+242518.7,198.5810277,+24.4218699,0.0771,0.0735,19.8,15.353,14.023,11.254,8.139,,,,0.037,0.038,0.161,0.212,,,,1981124201351041835,0000,0,00nn,AABB,153,247,62,257,
1.211413,1452396173859490816,208.10785722366145,29.64180996674129,47.12414076286213,76.36227194294223,-0.10665806912611014,0.14505573,-0.07634429691477988,0.11205766,0.10343350055201675,0.14125362,18.261059,934.3797035443961,1.8954866,18.478228,17.918861,0.5593662,2016.0,J135225.79+293830.1,208.1074876,+29.6417099,0.0656,0.0605,36.0,14.761,14.014,10.442,7.936,,,,0.031,0.036,0.065,0.168,,,,2086130201351010027,0000,0,000n,AAAB,-230,124,142,127,
0.042724,1455065036472955520,204.6851253405703,29.03035474838586,46.01851876685018,79.39923047887117,-0.2599242187631247,0.160017,0.028731755683663353,0.086312816,0.011188036727806772,0.14332347,18.1588,1026.6596858569555,4.0305204,18.296555,17.910336,0.38621902,2016.0,J133844.42+290149.3,204.6851158,+29.0303632,0.0537,0.0526,179.3,14.535,13.082,10.054,7.483,,,,0.029,0.028,0.050,0.120,,,,2040128701351049187,0000,0,1110,AAAB,-112,130,122,130,
0.014010,1452404454556497152,208.24586897920565,29.794791201467927,47.70173612742617,76.22429065304473,-0.07405277530245052,0.15194714,-0.12610142306603292,0.1155789,-0.07050102596210389,0.13066705,18.113136,1070.7605026036313,15.400577,18.11267,17.682793,0.42987823,2016.0,J135259.00+294741.2,208.2458709,+29.7947877,0.0462,0.0449,112.0,14.005,12.956,10.552,8.264,,,,0.026,0.025,0.065,0.207,,,,2086130201351007497,0000,0,120n,AAAB,33,64,105,65,
0.240084,1452404832513619456,208.25826605493333,29.79386493854795,47.69206857191058,76.21374091752479,-0.17554902329182592,0.16275151,-4.567069238124893E-4,0.12755392,-0.018277007093084937,0.15441044,18.403711,819.3361730792019,2.7323167,18.387936,17.800196,0.58773994,2016.0,J135302.00+294737.9,208.2583429,+29.7938671,0.0476,0.0381,9.0,13.487,12.356,9.213,6.735,16.575,15.834,15.206,0.026,0.024,0.032,0.074,0.160,0.165,0.203,2086130201351007482,0000,0,nnnn,AAAA,13,110,390,88,0.493
0.055289,1447023448944590464,198.57248280690854,24.749047219474367,9.353027657085038,84.33927981023794,0.07850083292349978,0.3010537,-0.07933612841864135,0.15357721,0.08477326335824789,0.27364218,18.882553,527.1395788201062,1.6315017,19.008965,18.514431,0.49453354,2016.0,J131417.39+244456.5,198.5724659,+24.7490474,0.0690,0.0676,153.9,14.970,13.531,10.393,7.708,,,,0.039,0.032,0.070,0.165,,,,1981124201351048698,0000,0,0000,AAAB,438,482,-22,392,
0.131718,1447064023501349376,197.5217049868149,24.024368608093983,357.5274926878935,84.77408657474919,0.5458701843536995,0.4142242,-0.22185124297178432,0.35228217,-0.37304603529488417,0.29812,18.994698,475.40914677041997,2.9402893,19.118933,18.619022,0.49991035,2016.0,J131005.20+240127.8,197.5217038,+24.0244052,0.0720,0.0679,9.7,15.234,13.764,10.589,7.771,,,,0.036,0.034,0.097,0.247,,,,1981124201351011803,0000,0,110n,AAAB,255,251,106,260,
0.188164,1455148595060908416,205.64730610630443,29.458734685540097,47.618277600605076,78.5078640586127,0.14179511100142644,0.20241728,-0.1365770449837136,0.11484104,-0.2025584568210101,0.16634451,18.531534,728.3385963843323,1.6472584,19.1925,17.706163,1.4863358,2016.0,J134235.33+292731.5,205.6472492,+29.4587514,0.0429,0.0410,132.0,14.011,12.590,9.280,7.120,16.345,16.009,15.211,0.025,0.023,0.033,0.098,0.114,0.203,0.167,2057128701351058975,0000,0,nnnn,AAAA,397,178,136,136,0.273
0.140084,1447105323906566912,197.99191926043997,24.53356091637534,4.747947265527162,84.70241275863816,0.24002908295854808,0.35034737,0.30924049971740986,0.3012841,-0.17505292621356625,0.2569915,18.927896,505.5776227936096,2.2437778,19.029926,18.652327,0.37759972,2016.0,J131158.06+243200.9,197.9919211,+24.5335998,0.0555,0.0539,176.9,14.777,13.311,10.304,8.000,,,,0.030,0.029,0.063,0.185,,,,1981124201351037711,0000,0,000n,AAAB,224,211,206,194,
0.317061,1447109378355706112,198.1660219898503,24.58152802507055,6.037731245504765,84.58886363317693,-0.07966544557424865,0.33172697,-0.2644614972559021,0.19684255,0.059842547293939105,0.22570242,18.783096,577.7078608744796,2.286312,19.103971,18.36046,0.7435112,2016.0,J131239.83+243453.7,198.1659858,+24.5816097,0.1156,0.1069,20.4,15.993,14.728,11.245,8.448,,,,0.049,0.056,0.163,,,,,1981124201351039838,0000,0,01nn,AABU,-280,407,708,433,
0.019866,1455171173704724224,205.13913438000367,29.387892474471194,47.60341352138056,78.95611224669328,-0.047524293378106125,0.13490339,0.03999132570376839,0.07944956,-0.041215090543764085,0.10581833,17.938286,1257.8599057811864,4.1397467,18.01893,17.736586,0.28234482,2016.0,J134033.39+292316.3,205.1391336,+29.3878870,0.0498,0.0490,173.6,14.189,13.033,10.748,8.387,,,,0.027,0.027,0.083,,,,,2057128701351064086,0000,0,000n,AAAU,143,102,117,105,
0.095445,1455213603685987328,204.99257050955356,29.63167689576933,48.974115066980175,79.04146356769283,-9.686049251764126E-4,0.23788567,0.14208676865356454,0.15036753,0.10859707329530384,0.20859376,18.90457,516.5575301795535,1.350425,19.059933,18.31507,0.7448635,2016.0,J133958.21+293753.9,204.9925699,+29.6316504,0.0678,0.0643,10.0,14.860,13.989,11.082,8.262,,,,0.031,0.038,0.119,0.213,,,,2052130201351008179,0000,0,000n,AABB,39,179,103,185,
0.149768,1447167961709413632,197.22878850098502,24.900760344252554,4.338813235044839,85.4860977484457,-0.3092354794737024,0.32676998,0.21202008871743153,0.30129772,-0.30936351367779763,0.23499826,18.653952,650.677875543888,3.0802577,18.673737,18.314867,0.35886955,2016.0,J130854.91+245402.6,197.2288244,+24.9007344,0.0695,0.0676,3.7,14.718,13.850,11.695,8.374,,,,0.031,0.039,0.225,,,,,1965124201351051358,0000,0,00nn,AABU,138,181,-135,196,
0.046026,1447199057272996224,197.6584158393442,25.166700353371894,9.521729609074725,85.26715633477377,0.00930805452569769,0.25974682,0.09071561092010708,0.19621614,0.16645693693487873,0.1829617,18.515848,738.9372767260448,2.6940327,18.72424,18.043491,0.680748,2016.0,J131038.01+251000.0,197.6584055,+25.1666916,0.0938,0.0864,13.9,15.481,14.321,11.104,8.423,,,,0.041,0.048,0.122,,,,,1983125701351010455,0000,0,00nn,AABU,232,286,323,311,
0.547571,1455277757613093248,207.2061615942223,29.419431000791466,46.56913094972248,77.16778340688248,0.1057216254021409,0.199161,0.22434870945273208,0.1289316,-0.0983699771153889,0.19592176,18.476643,766.1079044025538,2.80509,18.338049,17.57044,0.76760864,2016.0,J134849.45+292510.3,207.2060419,+29.4195418,0.0436,0.0412,131.4,13.480,12.626,9.813,7.597,16.081,15.713,14.753,0.025,0.024,0.043,0.135,,0.100,0.080,2074128701351056836,0000,0,110n,AAAB,178,222,-22,161,0.342
0.057467,1455300568184036096,206.30786081606615,29.10093087097226,45.511725824481545,77.98258113528355,0.07182577339576557,0.15571152,0.04890854564060215,0.10316051,0.1997057101841367,0.13983849,18.217001,973.0745434374757,2.1071692,18.289316,17.898497,0.39081955,2016.0,J134513.88+290603.2,206.3078564,+29.1009154,0.0544,0.0534,16.0,14.449,13.340,10.785,8.461,,,,0.029,0.029,0.095,0.277,,,,2057128701351051295,0000,0,210n,AAAB,176,130,126,131,
0.141463,1455333587892539392,206.81456617283015,29.44005597851576,46.853358491782345,77.50374073303631,0.053733527191311345,0.2338147,-0.025715135570522577,0.13169877,-0.057851099142966905,0.17815286,18.72558,609.1369134961062,1.4676334,18.910265,18.357363,0.5529022,2016.0,J134715.48+292624.1,206.8145211,+29.4400547,0.0848,0.0794,5.8,15.428,14.159,11.115,8.689,,,,0.039,0.042,0.120,,,,,2074128701351059520,0000,0,110n,AABU,-129,218,50,235,
0.049304,1455333931489562752,206.84813668507394,29.4562571927604,46.910386037459276,77.4726854849492,-0.11476217640367839,0.25874302,-0.0925984645333515,0.15261564,-0.19955965106991724,0.19694567,18.98162,481.1694672836115,1.2741736,19.161415,18.624414,0.53700066,2016.0,J134723.54+292722.5,206.8481247,+29.4562661,0.0938,0.0870,10.8,15.574,14.274,11.316,8.811,,,,0.042,0.045,0.167,0.470,,,,2074128701351059532,0000,0,00nn,AABC,52,260,355,287,
0.037513,1455350909496013056,206.53376441952386,29.636248798446967,47.91514676976058,77.71889090459285,-0.010070277646923472,0.1333688,-0.06595346391982353,0.08601945,-0.035215913072073876,0.11824018,17.420803,2025.9336606554803,7.123843,16.929804,16.066303,0.8635006,2016.0,J134608.10+293810.4,206.5337598,+29.6362392,0.0357,0.0349,135.0,12.416,11.692,8.364,5.838,14.863,14.046,13.366,0.023,0.022,0.021,0.041,0.055,0.057,0.047,2069130201351008081,0000,5,6610,AAAA,117,37,72,39,0.119
0.157751,1455359151537416192,206.65979885683612,29.765303172265774,48.43458618658689,77.59119032294163,0.06682874371599312,0.22259675,0.16184752750901363,0.14756984,-0.14881768864120812,0.18360944,18.84654,544.9176518198882,1.1235735,19.028555,18.536032,0.4925232,2016.0,J134638.34+294554.9,206.6597879,+29.7652604,0.0891,0.0824,23.4,15.539,14.186,10.903,8.822,,,,0.042,0.042,0.096,0.381,,,,2069130201351008191,0000,0,001n,AAAC,242,248,54,264,
0.639617,1455365782966951936,206.68217337599955,29.949212949196763,49.26298861178736,77.5423142059184,0.18837645581252083,0.25506175,-0.08902001298610565,0.15474598,0.0025054729840055107,0.21554348,18.88777,524.6131369733008,1.374386,19.263683,18.297405,0.9662781,2016.0,J134643.71+295657.8,206.6821588,+29.9493902,0.0903,0.0830,78.5,15.275,14.327,11.228,8.352,,,,0.039,0.046,0.150,,,,,2069130201351015917,0000,0,00nn,AABU,213,278,56,255,
0.270297,1455398871395255168,207.31547063719236,29.847768614395477,48.41260347703889,77.01633380121422,-0.1375127059673085,0.21113043,0.1566107535606865,0.1521826,0.011845714498935567,0.20972107,18.884962,525.9707547954557,1.0676243,19.093824,18.471003,0.6228218,2016.0,J134915.70+295051.7,207.3154306,+29.8477020,0.1153,0.1062,20.8,15.883,14.768,11.400,8.637,,,,0.048,0.058,0.152,,,,,2069130201351021223,0000,0,00nn,AABU,274,317,-26,339,
0.273060,1447391540526724352,200.33744510514725,25.305306306278343,19.405150955121826,83.04940792856655,0.18452795593839283,0.28814363,-0.023398721903624534,0.18306683,-0.011284765958766655,0.23727475,18.96157,490.13816779202483,1.5313029,19.145815,18.693663,0.45215225,2016.0,J132120.96+251819.1,200.3373625,+25.3053197,0.1087,0.1006,13.6,15.825,14.532,11.372,8.511,,,,0.046,0.053,0.174,0.317,,,,2000125701351021310,0000,0,01nn,AABB,106,361,224,393,
0.147667,1447394018723721344,200.09465655227487,25.288290268496887,18.72687517094446,83.25418374894822,0.38694538586827076,0.22766976,0.04206918180172989,0.1464156,0.044851050968390885,0.1777503,18.766949,586.3644019130378,6.9566298,18.809008,18.425081,0.3839264,2016.0,J132022.70+251717.8,200.0946144,+25.2883054,0.0589,0.0563,168.1,14.574,13.553,10.761,8.311,,,,0.029,0.031,0.097,,,,,2000125701351018519,0000,0,111n,AAAU,261,171,-95,174,
0.102494,1455417189431455104,207.97803364121083,30.05041688247124,48.909608602416775,76.41832716461153,0.06509876849335614,0.23385303,0.19065942723028353,0.16093504,-0.29314557987497175,0.21494268,18.904224,516.7220398136494,2.103695,18.893124,18.374258,0.5188656,2016.0,J135154.72+300301.4,207.9780031,+30.0504062,0.0543,0.0526,172.9,14.414,13.447,10.553,8.565,,,,0.028,0.030,0.067,0.275,,,,2086130201351012789,0000,0,111n,AAAB,83,93,2,98,
0.034162,1455422407816183936,207.7347964310103,30.036841588962904,48.99039579186522,76.6284796025305,-0.04948420653969582,0.18359858,0.1087743285127776,0.1122156,-0.0850387267212016,0.15808201,18.544127,719.9393633517316,1.6984929,18.818983,18.086018,0.73296547,2016.0,J135056.34+300212.6,207.7347879,+30.0368476,0.0762,0.0726,4.6,15.248,14.164,10.939,8.487,,,,0.035,0.040,0.105,0.285,,,,2069130201351023941,0000,0,000n,AAAB,450,176,386,190,
0.047373,1455439622044934528,207.22105733240812,29.817469776202568,48.33311778829471,77.10182696782871,0.008837054980245465,0.23691176,0.280779482077111,0.16235653,0.14403767082883273,0.21651372,18.972927,485.0383837352761,1.9900029,19.138239,18.679092,0.4591465,2016.0,J134853.05+294902.9,207.2210586,+29.8174829,0.1381,0.1265,17.3,16.274,14.802,12.020,9.270,,,,0.060,0.059,0.255,,,,,2069130201351002867,0O00,0,0nnn,AABU,-81,426,518,459,
0.162321,1447456519087764608,199.70127177449865,25.470805915087563,19.34533205248904,83.64745572494434,0.27563531164248967,0.20553914,0.021991827711377438,0.106597446,0.09216573002506423,0.15514994,18.3052,897.1528679420222,2.6080103,18.427498,17.999645,0.42785263,2016.0,J131848.29+252814.8,199.7012296,+25.4707818,0.1062,0.0975,11.6,15.679,14.621,11.336,8.078,,,,0.044,0.055,0.144,0.204,,,,2000125701351016160,0000,0,00nn,AABB,323,348,414,376,
0.267168,1455466010324247040,207.22722864680432,30.157811344428207,49.8307418179411,77.04182126378903,0.11870145210305877,0.16494572,0.18253623485703108,0.110987104,-0.16780853736737375,0.1599242,18.393763,826.8788377469089,2.6543105,18.559582,18.110804,0.44877815,2016.0,J134854.53+300927.8,207.2272322,+30.1577372,0.1132,0.1053,8.0,15.861,14.792,11.969,8.507,,,,0.047,0.056,0.249,,,,,2069130201351029223,0000,0,00nn,AABU,-224,291,162,322,
0.090391,1455468174987272448,207.02520797494475,30.166831910007897,50.008339552204035,77.21218805113588,-0.03699677893994137,0.17521338,0.051379829335196955,0.11846632,-0.07663723605408485,0.16802946,18.462553,776.113383016609,2.861971,18.707737,17.980263,0.7274742,2016.0,J134806.05+301000.6,207.0252330,+30.1668446,0.0607,0.0579,174.3,14.654,13.472,10.435,7.981,,,,0.031,0.031,0.071,0.185,,,,2069130201351031554,0000,0,110n,AAAB,74,165,36,171,
0.042876,1447482598129483904,199.581300716742,25.806491007331644,22.05652113214276,83.84014345227212,-0.19616019726687975,0.15120609,0.05324425614432948,0.08239316,-0.005159761335121943,0.13323034,17.737053,1513.998695837426,5.1818204,17.950024,17.36383,0.5861931,2016.0,J131819.50+254823.3,199.5812875,+25.8064904,0.0538,0.0519,0.6,14.726,13.184,9.870,7.440,,,,0.030,0.029,0.047,0.118,,,,2000125701351034752,0000,0,0000,AAAB,40,94,132,222,
0.851226,1447489092119809024,200.5113885027364,25.485324956239236,21.180075234961606,82.947933257486,0.27715813026268404,0.443302,-0.15702374694522875,0.31611264,-0.2319403985382929,0.36537507,17.964657,1227.677081448771,14.654286,16.223387,15.003129,1.2202578,2016.0,J132202.67+252907.6,200.5111634,+25.4854458,0.0558,0.0417,120.9,12.230,12.321,11.240,8.180,13.482,12.968,12.735,0.027,0.028,0.170,,0.036,0.054,0.044,2000125701351021171,0000,5,nnnn,AABU,103,45,-6,46,1.111
0.181896,1447490393494537472,200.33137922785863,25.454855036524943,20.582912193422782,83.09651652462371,0.4002279774178435,0.22347605,-0.024220957216723942,0.12654813,0.014319278349244008,0.15864253,18.465187,774.2336333138516,3.5658507,18.646189,18.057222,0.58896637,2016.0,J132119.52+252717.6,200.3313384,+25.4548896,0.0675,0.0629,0.3,14.841,13.609,10.571,8.560,,,,0.033,0.033,0.086,0.300,,,,2000125701351021226,0000,0,000n,AAAB,136,192,24,204,
0.127246,1447513483238245120,200.36565657664207,25.75027909143411,23.035071779508595,83.14032603704534,-0.22595584892518328,0.17704436,-0.1274821942186274,0.09789977,0.1464819767785489,0.13074496,17.97985,1210.615560472639,2.362497,18.078339,17.484385,0.5939541,2016.0,J132127.75+254501.0,200.3656271,+25.7503024,0.0427,0.0414,150.5,13.478,12.383,9.488,7.310,16.619,15.946,15.023,0.025,0.024,0.038,0.122,0.117,0.195,0.109,2000125701351029380,0000,0,0000,AAAB,55,60,214,212,0.184
0.027413,1455540884489576704,206.08033361169402,29.933198015180878,49.61793390127508,78.0586595423793,0.12234229544312564,0.7965825,-0.40291477196164416,0.45739678,-1.2556352540334377,0.71953833,18.865147,535.6590347244652,6.6096115,17.02815,15.655566,1.3725843,2016.0,J134419.28+295559.4,206.0803380,+29.9331914,0.0426,0.0408,128.6,12.583,12.576,11.683,8.405,14.144,13.435,13.070,0.023,0.024,0.186,,0.042,0.043,0.039,2052130201351023358,0000,5,00nn,AABU,26,47,-7,49,0.071
0.026154,1455541846562249984,206.01966793288133,29.939579540507285,49.6942957823005,78.10921548823374,-0.22978736641446157,0.48121545,0.2409418906130491,0.31331858,-0.40019053204819505,0.44338247,18.80175,567.8667771152611,3.2174683,17.287205,15.948819,1.3383856,2016.0,J134404.72+295622.4,206.0196756,+29.9395766,0.0469,0.0448,139.1,13.079,12.950,11.677,8.887,14.609,14.003,13.716,0.025,0.027,0.198,,0.050,0.054,0.065,2052130201351023362,0000,0,11nn,AABU,37,56,104,60,0.162
0.064857,1447556059249838464,200.06511172734767,25.672156319437285,21.838841198460962,83.38474545004782,-0.0879965041761899,0.15514636,0.013835992326554572,0.086577915,-0.086994025575347,0.11577693,17.84324,1372.9376320349895,1.6020018,18.02297,17.48766,0.53531075,2016.0,J132015.62+254019.7,200.0651048,+25.6721394,0.0600,0.0575,5.8,14.789,13.528,10.386,8.127,,,,0.032,0.030,0.073,0.206,,,,2000125701351032125,0000,0,431n,AAAB,220,178,11,184,
0.059144,1455563458837711488,206.2042443304728,29.99037800594466,49.79520488627923,77.94274757283452,-0.10102018827392735,0.13061537,-0.03132697732040407,0.079249725,-0.030914438094819016,0.10619958,17.939337,1256.643132169749,2.5492935,18.228956,17.418663,0.8102932,2016.0,J134449.02+295925.3,206.2042593,+29.9903679,0.0544,0.0525,12.1,14.733,13.401,9.906,7.763,16.399,16.091,15.339,0.029,0.029,0.046,0.161,0.109,0.172,0.159,2069130201351013470,0000,0,110n,AAAB,253,136,239,143,0.092
0.043980,1447571241959006720,200.22088654865556,25.994316273542886,24.821729890593932,83.31969420422469,-0.4815719485774203,0.29637778,-0.07831267962123153,0.18313855,0.279355611681036,0.24750859,18.907633,515.102631708494,2.6339183,18.992666,18.644867,0.3477993,2016.0,J132053.01+255939.5,200.2208836,+25.9943282,0.0827,0.0783,7.5,15.377,14.176,11.290,8.480,,,,0.037,0.040,0.149,0.294,,,,2000125701351047879,0000,0,01nn,AABB,-79,252,-113,269,
0.140465,1455593072636713472,205.85320437014673,30.042540812233305,50.319432199510636,78.23154461967205,0.0029639643715254245,0.22891097,-0.08189057139645545,0.14095114,0.13013816049086047,0.20619275,18.843775,546.3073711811428,1.9171897,19.007374,18.410496,0.59687805,2016.0,J134324.76+300233.2,205.8531830,+30.0425752,0.0713,0.0688,12.3,15.138,13.896,11.283,8.637,,,,0.035,0.035,0.139,0.315,,,,2052130201351023406,0000,0,22nn,AABB,29,184,135,194,
1.024418,1455613692775183104,206.05540339585156,30.10951783581368,50.47416401004846,78.04690748387485,0.6091326620042492,0.59736913,0.07529531008953941,0.39209983,-0.9000073789569965,0.58932483,18.731213,605.9846456477326,4.164339,16.800745,15.412961,1.387784,2016.0,J134413.30+300633.2,206.0554209,+30.1092337,0.0682,0.0446,172.0,12.581,12.615,11.906,8.695,13.943,13.132,12.926,0.031,0.033,0.290,,0.039,0.038,0.036,2052130201351023351,0000,5,nnnn,AABU,-57,44,-103,50,1.047
0.492460,1455627157496771072,206.06870343260385,30.341466781709908,51.55686101689671,77.9885209006654,0.34263892362975457,0.19846867,0.033751232681828225,0.13651523,-0.07165605752209622,0.16146202,18.618185,672.4695573973822,1.2190397,18.801935,18.207424,0.59451103,2016.0,J134416.52+302029.0,206.0688442,+30.3414039,0.0894,0.0823,14.8,15.418,14.200,10.850,8.479,,,,0.040,0.044,0.090,0.347,,,,2052130201351025918,0000,0,000n,AAAB,608,235,226,251,
0.044698,1455632075235185536,205.87960855339912,30.303098711387044,51.54360455771441,78.15617383087371,0.17456717107392195,0.57707685,0.04588792537590827,0.35818422,0.134400977628235,0.53850234,18.788315,574.9381458744296,3.109367,17.147808,15.85973,1.2880783,2016.0,J134331.10+301811.1,205.8796211,+30.3030927,0.0466,0.0449,140.0,13.008,13.020,12.286,8.953,14.507,13.771,13.551,0.024,0.027,0.391,,0.043,0.051,0.054,2052130201351025867,0000,5,00nn,AACU,-88,55,172,57,0.091
0.054586,1447646494081610240,198.89761305453334,25.612195696528524,18.633172324253433,84.38250301458777,0.07931884870613669,0.19918376,0.09260903387618316,0.099468544,-0.0083452738693486,0.14988302,18.15919,1026.2931430387791,2.0896697,18.299168,17.85481,0.44435692,2016.0,J131535.42+253643.8,198.8976068,+25.6121816,0.0781,0.0741,13.5,15.505,14.180,10.847,8.263,,,,0.037,0.039,0.103,0.257,,,,1983125701351025280,0000,0,000n,AAAB,123,274,337,288,
0.080544,1447656389685985536,199.03741433404554,25.825119101385493,21.063133807923414,84.31928779888733,-0.1190418185417925,0.12970331,-0.03169926544897241,0.06689415,-0.02534425464957972,0.10063128,17.354403,2153.7011786737694,2.13591,18.28596,16.444107,1.8418522,2016.0,J131608.97+254930.4,199.0373904,+25.8251250,0.0402,0.0399,124.9,13.437,12.810,8.970,6.447,15.296,14.986,14.156,0.025,0.024,0.026,0.060,0.058,0.101,0.057,1983125701351025208,0000,0,2200,AAAA,52,52,64,56,0.084
0.157871,1455650934435655296,206.81630578242059,30.17739583659676,50.20394947707787,77.38791143093674,-0.178505236949508,0.22489369,0.1442060949141796,0.15126598,0.12497731610812776,0.22365567,18.989206,477.81974406832956,3.0912437,19.090265,18.54786,0.5424061,2016.0,J134715.92+301038.6,206.8163563,+30.1773998,0.0842,0.0795,16.7,15.544,14.151,10.931,8.579,,,,0.039,0.041,0.115,0.325,,,,2069130201351031583,0000,0,000n,AABB,25,244,-107,257,
1.161515,1455673684879009664,206.54061790073567,30.44936663810712,51.64952619170727,77.56786845388267,0.07703036254531953,0.2233578,0.06734902313404068,0.14845572,-0.04485885933583893,0.22133733,18.82405,556.3219704142027,1.852736,19.005838,18.348135,0.6577034,2016.0,J134609.74+302658.8,206.5406015,+30.4496890,0.0976,0.0905,14.2,15.514,14.617,11.081,8.118,,,,0.042,0.053,0.128,0.176,,,,2069130201351042495,DDd0,0,nnnn,AABB,-247,270,-399,290,
0.046999,1455674715670592000,206.71379362895618,30.406040021105504,51.31148091413331,77.43067844060955,0.1861586485336577,0.16777584,0.05463027388472112,0.10485224,-0.21541107801071513,0.16016015,18.253553,940.8601874054731,1.6137562,18.397808,17.962738,0.43507004,2016.0,J134651.31+302421.7,206.7138042,+30.4060307,0.0506,0.0498,151.8,14.158,12.934,10.301,8.051,,,,0.029,0.027,0.068,0.216,,,,2069130201351034168,0000,0,000n,AAAB,201,122,91,120,
0.263412,1455679246860208128,206.6576882273036,30.492107712465256,51.74483172031878,77.46024244595112,-0.1862120182634021,0.2637999,0.07787505169980163,0.17083387,-0.011395528677784261,0.25642055,18.983612,480.2884852260858,1.1508813,19.115614,18.546347,0.5692673,2016.0,J134637.86+302931.4,206.6577590,+30.4920672,0.1060,0.0991,15.4,15.752,14.757,11.261,8.606,,,,0.045,0.054,0.161,0.305,,,,2069130201351042150,0000,0,11nn,AABB,7,324,-441,342,
0.121357,1447726243034031616,198.65665980614264,26.123976356620567,23.27399974027338,84.72175097667254,-0.18085891002280163,0.61615366,-0.28627478987747984,0.33543703,-0.30917800853864136,0.43950206,18.167728,1018.2514243379753,7.152547,16.549648,15.284846,1.264802,2016.0,J131437.60+260726.4,198.6566747,+26.1240073,0.0395,0.0375,125.9,12.277,12.196,10.244,8.639,13.968,13.282,12.995,0.022,0.022,0.075,,0.055,0.062,0.061,1983125701351044234,0000,5,001n,AAAU,16,54,109,59,0.236
0.069461,1447745583271063168,199.1023328870776,26.295654990443467,25.85289487888755,84.36222503159645,0.07822033411293428,0.33578324,0.10840073941456616,0.18070093,-0.21922516897414374,0.26359844,18.974527,484.32368710047086,1.0539415,19.320007,18.417517,0.9024906,2016.0,J131624.55+261744.4,199.1023252,+26.2956730,0.0970,0.0909,12.9,15.666,14.782,11.774,8.374,,,,0.041,0.053,0.211,,,,,1983125701351049312,0000,0,11nn,AABU,118,329,116,344,
0.036286,1447749603360426752,198.85130022643463,26.18816901238293,24.32897183429327,84.56381297218601,0.12940779076301795,0.28892988,-0.12035261886284357,0.14018354,-0.13645276462977257,0.23065771,18.773058,583.0740355623567,2.5950065,18.918417,18.492786,0.42563057,2016.0,J131524.31+261117.4,198.8513037,+26.1881786,0.1027,0.0951,16.5,15.701,14.661,11.297,8.559,,,,0.044,0.053,0.149,0.265,,,,1983125701351044319,hh00,0,00nn,AABB,-87,384,-68,397,
0.263909,1447756269149707264,198.88234951054972,26.358964047108298,26.15589294668572,84.56723332110118,-0.20201816827363886,0.28128746,0.1574939015274445,0.14271927,0.12892345059895247,0.21805297,18.6355,661.8304258063072,3.3042057,18.846212,18.244188,0.6020241,2016.0,J131531.75+262132.4,198.8822970,+26.3590203,0.0737,0.0705,20.1,15.287,14.055,10.870,8.227,,,,0.035,0.038,0.106,0.248,,,,1983125701351049245,0000,0,110n,AAAB,-34,254,246,277,
0.109539,1447775957279671040,199.89815277096812,26.173745353400733,25.89533981857468,83.63806177426336,-0.15126238841198342,0.25601354,-0.1453157046604855,0.14021674,-0.013726507171485722,0.17489745,18.564526,706.5390078545996,2.0298045,18.731134,18.30724,0.42389488,2016.0,J131935.56+261025.5,199.8981857,+26.1737525,0.0582,0.0566,168.6,14.650,13.493,11.020,9.094,,,,0.030,0.030,0.115,0.528,,,,2000125701351045297,0000,0,000n,AABC,77,156,-29,160,
0.158015,1447792003277519616,199.50386538266932,26.359206044044086,27.051707881120823,84.01749317015258,0.04341943380500716,0.18241832,-0.05656038745165812,0.09726847,-0.14514529579289182,0.13489601,18.153605,1031.584251766867,2.0895305,18.25463,17.88688,0.36774826,2016.0,J131800.93+262133.0,199.5039009,+26.3591758,0.0579,0.0560,3.8,14.740,13.557,10.556,7.986,16.619,16.389,15.456,0.030,0.030,0.091,0.175,0.159,0.219,,2000125701351061076,0000,0,110n,AAAB,62,299,91,253,0.576
0.040540,1447797844433065344,199.59760599687118,26.439678971215166,27.92871624917954,83.94627512000852,-0.1565043484929612,0.24864429,-0.05761475856484964,0.13429236,-0.07753245985668511,0.18274324,18.665577,643.7482487084083,4.1000996,18.83497,18.227413,0.6075573,2016.0,J131823.42+262622.8,199.5975943,+26.4396830,0.0475,0.0466,159.2,14.203,13.016,10.439,8.012,,,,0.026,0.026,0.073,0.194,,,,2000125701351061065,0000,0,000n,AAAB,-56,154,242,148,
0.070241,1455786350460493696,206.62351006920915,31.290398980167996,55.324145315857834,77.29698605240739,-0.04224798332477007,0.113563284,0.08545690768899264,0.08028163,-0.11386271434281546,0.10249889,17.90784,1293.6316940600477,1.8082335,18.06981,17.573788,0.49602318,2016.0,J134629.64+311725.5,206.6235062,+31.2904182,0.0501,0.0489,167.5,14.423,12.999,10.159,7.896,,,,0.028,0.027,0.053,0.188,,,,2064131801351005354,0000,0,000n,AAAB,136,144,-21,136,
0.059553,1455787411317230080,206.7511096664269,31.324844658586407,55.34142396030839,77.18271772049286,0.02269620103771393,0.15897341,-0.14570876175810243,0.10960708,0.2752477676567652,0.13843921,18.382776,835.2881795730452,4.8125777,18.580528,17.980228,0.60029984,2016.0,J134700.26+311929.4,206.7510946,+31.3248343,0.0917,0.0853,3.7,15.502,14.454,11.105,8.643,,,,0.039,0.050,0.117,0.328,,,,2064131801351002922,0000,0,011n,AABB,-123,260,-216,283,
0.193536,1447807916132229760,199.96831068362417,26.48004913756669,28.710832326226893,83.62285055106798,0.3871440512388486,0.4013463,0.41118583446342694,0.2627553,-0.028830502398611013,0.31540352,18.877619,529.5409885273505,1.4818325,18.280302,17.083641,1.196661,2016.0,J131952.38+262848.2,199.9682558,+26.4800709,0.0452,0.0442,152.5,13.595,13.173,9.609,7.067,15.661,14.835,14.155,0.024,0.028,0.039,0.095,0.079,0.074,0.084,2000125701351058491,0000,4,1100,AAAA,-74,61,81,65,0.170
0.055288,1455792088537173888,203.95989253672803,28.80242136525999,45.20153351217011,80.05782103785597,-0.08036087090849434,0.0804409,0.03791804157353145,0.043259066,0.07097079297497777,0.06927646,16.90888,3246.344017213672,12.251373,17.066275,16.593819,0.47245598,2016.0,J133550.37+284808.6,203.9598778,+28.8024130,0.0424,0.0419,158.8,13.806,12.426,9.593,7.525,16.348,15.833,15.405,0.025,0.024,0.037,0.151,0.101,0.167,0.147,2040128701351030277,0000,0,110n,AAAB,161,201,135,140,0.457
0.044773,1455796104330566656,203.92737293636313,28.891779996679407,45.736348302903416,80.07468457951643,-0.09078422271358685,0.15427308,0.05567053723645264,0.07360661,0.16203316471217927,0.1444617,18.091143,1092.6711966099413,5.229921,18.14558,17.724684,0.42089653,2016.0,J133542.56+285330.4,203.9273589,+28.8917783,0.0462,0.0444,139.8,13.844,12.759,10.147,7.939,16.562,15.993,15.134,0.026,0.025,0.050,0.176,0.127,0.180,0.121,2040128701351030281,0000,0,110n,AAAB,101,107,44,107,0.245
0.244637,1447814130949114880,200.24718647696108,26.61920465158491,30.192472996002508,83.3914673107,0.35479248533228475,0.24766082,0.0174867061133644,0.1332662,0.048899445779399364,0.1897807,18.519735,736.296334231398,4.8222437,18.62175,18.215334,0.40641594,2016.0,J132059.30+263709.1,200.2471125,+26.6192203,0.0741,0.0714,5.2,15.120,14.046,10.849,8.079,,,,0.034,0.041,0.101,0.274,,,,1994127201351000070,0000,0,011n,AAAB,188,274,116,273,
0.057825,1447814749424424320,200.28631765395824,26.663793771524215,30.608091950318073,83.36124661651232,0.25634478179519166,0.20707965,0.07967564513264366,0.11825867,-0.04028745510736341,0.16186504,18.331648,875.5636519246763,2.9761925,18.480373,17.977472,0.5029011,2016.0,J132108.71+263949.6,200.2863203,+26.6637779,0.0844,0.0795,17.6,15.451,14.217,10.776,8.579,,,,0.039,0.042,0.092,0.352,,,,2011127201351011017,0000,0,000n,AAAB,132,283,303,300,
0.049302,1455816071634192896,203.8604178510541,29.02346289814357,46.54182181503517,80.11435757060208,-0.12174821533681313,0.57518166,0.5020192347006552,0.3047607,-0.48338524567956814,0.5373068,18.70419,621.2568918104802,3.7878428,17.425804,16.051073,1.3747311,2016.0,J133526.49+290124.4,203.8604037,+29.0234571,0.0479,0.0461,130.2,13.386,13.390,12.098,8.749,14.795,14.028,13.756,0.024,0.029,,,0.048,0.056,0.057,2040128701351043985,0000,0,11nn,AAUU,-24,62,-79,65,0.095
0.029367,1447845814923918464,199.50840674986992,26.47508057140898,28.158613148113492,84.0302436803644,0.3172548866806181,0.26750338,0.17580747601393687,0.13120508,-0.07663322929167704,0.1503773,18.294043,906.4205196750735,2.5318456,18.432173,18.030779,0.4013939,2016.0,J131802.01+262830.2,199.5084153,+26.4750833,0.0625,0.0596,1.0,15.025,13.626,10.848,8.978,,,,0.032,0.031,0.098,0.492,,,,2000125701351061084,0000,0,011n,AAAC,323,208,27,210,
0.165834,1455852935337531392,204.40565130473263,29.468096694614836,48.5944908433061,79.57295939765768,0.009269734484042507,0.19611874,0.07566376748544582,0.11251914,-0.08247088257615984,0.17260034,18.503048,747.7006870811877,1.2480676,18.664814,18.155636,0.50917816,2016.0,J133737.36+292804.9,204.4056748,+29.4680554,0.0637,0.0603,175.9,14.808,13.544,10.808,8.281,,,,0.032,0.032,0.104,0.284,,,,2040128701351054690,0000,0,001n,AAAB,279,157,97,166,
0.082982,1455884958614219904,203.41129100788925,29.44200485734255,49.38173309219385,80.42834722607186,-0.015569743268098195,0.14047667,0.09862277266363008,0.07331274,0.006126518608126463,0.14077516,18.007965,1179.6708054920248,1.6030054,18.207752,17.60788,0.5998726,2016.0,J133338.71+292631.2,203.4113173,+29.4420071,0.0740,0.0702,13.1,15.183,13.945,10.807,8.450,,,,0.036,0.037,0.104,,,,,2040128701351062395,0000,0,210n,AAAU,320,226,493,242,
0.102717,1455893308030689664,203.48111890037967,29.557200494145025,49.98327133162375,80.34544331677789,-0.23567011914701952,0.51459897,0.2085687801500711,0.2707298,-0.5049456575707513,0.47180662,18.660498,646.7663850601041,3.5914114,17.480095,16.279518,1.2005768,2016.0,J133355.47+293325.9,203.4811505,+29.5572081,0.0491,0.0474,136.7,13.425,13.352,11.942,9.019,15.027,14.513,14.122,0.024,0.030,,,0.071,0.081,0.069,2034130201351005482,0000,1,11nn,AAUU,220,82,9,87,0.096
0.077427,1447917278883676032,202.6314100422832,24.861200813393783,20.639923985120575,80.93173460172598,0.03984115799807473,0.16279764,0.05712466083236013,0.07532853,-3.7911051336040735E-4,0.12865359,18.225113,965.8314868166534,2.8901598,18.305227,17.948883,0.35634422,2016.0,J133031.53+245140.3,202.6313908,+24.8612134,0.0665,0.0634,1.8,14.850,13.784,11.112,8.687,,,,0.032,0.035,0.128,0.346,,,,2031124201351047397,0000,0,01nn,AABB,-114,166,189,177,
0.129357,1447933634119210240,202.3326892612309,25.10735523444272,21.68631101132506,81.25988786902462,0.2567064655784685,0.19401136,0.07495019735125572,0.13173947,-0.2123539648943354,0.15671799,18.494753,753.4348089495287,2.3314433,18.62745,18.259474,0.36797714,2016.0,J132919.84+250626.6,202.3326913,+25.1073911,0.0686,0.0647,4.1,14.920,13.804,10.589,8.056,,,,0.034,0.035,0.079,0.198,,,,2016125701351000075,0000,0,000n,AAAB,314,188,-146,197,
0.008805,1447942915544151040,202.86591391987767,25.0139138398303,21.931675693496537,80.76939990195925,0.11847439852658363,0.11803808,0.0703994679967242,0.049891777,0.0044994611568545525,0.09745905,17.626024,1677.0141748103101,2.6889203,17.835882,17.23503,0.60085297,2016.0,J133127.81+250050.0,202.8659112,+25.0139135,0.0472,0.0464,128.4,13.936,12.821,10.256,7.843,16.496,16.192,15.553,0.026,0.026,0.066,0.178,0.135,0.179,,2033125701351006547,0000,0,110n,AAAB,113,112,157,114,0.541
0.632185,1455950310836082560,204.484755155223,29.644362108892032,49.477796221989415,79.47292917016259,-0.07306353207603485,0.19173951,-0.07044195423612536,0.11484069,0.06892637680774505,0.1779725,18.456272,780.6172997319169,2.6542697,18.675837,18.066956,0.608881,2016.0,J133756.35+293840.2,204.4848264,+29.6445264,0.0864,0.0816,1.0,15.247,14.210,11.680,8.774,,,,0.039,0.042,0.202,,,,,2052130201351010827,0000,0,00nn,AABU,286,229,-160,237,
1.774297,1447950680845027200,202.80197321481236,25.233956068531995,23.173467388210828,80.88152105220102,0.01014734478511951,0.26609573,-0.12362855264207878,0.12209354,0.10750114641894835,0.19975746,18.798504,569.5676007148861,2.4876735,18.905237,18.579485,0.32575226,2016.0,J133112.36+251403.2,202.8015333,+25.2342469,0.0931,0.0884,172.0,15.436,14.578,12.117,8.774,,,,0.038,0.052,0.286,0.402,,,,2033125701351008710,0000,0,00nn,AABC,202,265,624,282,
0.128104,1455977592469143168,205.24082177515766,30.06566666762257,50.96788099944734,78.74608291332147,-0.20599342823200803,0.21231046,-0.09330740693144282,0.13634227,0.06472991966264273,0.18148865,18.722244,611.0107331850497,1.3518368,19.028826,18.179468,0.8493576,2016.0,J134057.80+300356.4,205.2408608,+30.0656778,0.0720,0.0673,8.4,15.273,13.854,10.633,8.669,,,,0.036,0.034,0.084,0.414,,,,2052130201351018438,0000,0,011n,AAAC,234,206,497,223,
0.068483,1455991924775612672,204.99070456625628,30.107725461123618,51.420046359115695,78.94846184563556,0.24355091680961452,0.5268012,0.09559545428149722,0.3127785,-0.3533964343442845,0.47656807,18.390337,829.4907957142218,4.766521,16.2679,14.896269,1.3716316,2016.0,J133957.77+300627.7,204.9907258,+30.1077204,0.0386,0.0361,120.8,11.599,11.641,10.973,8.555,13.411,12.710,12.372,0.022,0.021,0.099,,0.064,0.067,0.050,2052130201351015876,0000,5,110n,AAAU,-113,36,-189,37,0.202
0.009998,1448017437521269888,202.4249377912728,25.40211654002488,23.70104814940963,81.25263832995024,-0.15452751343882032,0.20834586,-0.0637621075148275,0.12951429,0.3088099508692298,0.16785075,18.60247,682.2737060334347,1.9373705,18.710873,18.412853,0.2980194,2016.0,J132941.98+252407.6,202.4249405,+25.4021179,0.0643,0.0617,9.7,14.832,13.550,10.670,8.473,,,,0.032,0.032,0.076,0.294,,,,2016125701351022493,0000,0,110n,AAAB,285,174,66,183,
0.078709,1448031799891999872,202.26337084257116,25.519496657876694,24.23916431793774,81.42142507028204,0.006910103695825922,0.115828075,0.013322408215403862,0.07750173,-0.19211425390526898,0.10325096,17.619488,1687.142271599743,8.815504,17.711126,17.393808,0.31731796,2016.0,J132903.20+253110.2,202.2633660,+25.5195181,0.0538,0.0525,177.0,14.343,13.153,10.382,7.953,,,,0.029,0.029,0.067,0.219,,,,2016125701351022481,0000,0,000n,AAAB,3,128,27,132,
0.097908,1448040153603694848,202.52382615153178,25.712173453907365,25.816057621042322,81.232355369595,0.016451516413488413,0.17908737,-0.016066328890561633,0.08682491,-0.05966573166899345,0.12986185,17.965118,1227.155586866665,4.034198,18.048683,17.64407,0.4046135,2016.0,J133005.72+254243.9,202.5238374,+25.7121987,0.0378,0.0372,168.4,13.525,12.116,8.817,6.491,16.230,15.814,14.799,0.024,0.023,0.023,0.058,0.094,0.131,0.112,2033125701351028937,0000,0,3400,AAAA,215,50,116,53,0.224
0.227791,1448043825800629376,202.4219277034233,25.73064478670093,25.8157766485068,81.32599704905374,-0.2426913667911885,0.2732099,0.2610810764408027,0.17329392,-0.05273426685327185,0.20432806,18.998156,473.89766900999643,2.9426847,19.164331,18.745842,0.41848946,2016.0,J132941.27+254350.5,202.4219598,+25.7307011,0.1153,0.1041,14.4,15.918,14.487,11.186,8.227,,,,0.052,0.050,0.140,0.231,,,,2016125701351024960,0h00,0,00nn,AABB,92,343,-169,374,
0.199781,1448051629757196544,203.2360987630995,25.44559454727565,25.010971368466503,80.54854393119277,-0.3809082032237655,0.27437043,-0.1306052589354228,0.12067722,-0.03763076132955404,0.19108965,18.810066,563.5340482708891,2.385989,18.915169,18.49189,0.4232788,2016.0,J133256.67+252644.2,203.2361397,+25.4456360,0.0689,0.0661,19.1,15.013,13.847,11.314,8.510,,,,0.033,0.035,0.158,,,,,2033125701351014759,0000,0,11nn,AABU,-86,176,434,185,
0.089394,1448063174628888576,203.289551253635,25.65471421564257,26.317379847095616,80.54445446855598,-0.05585338457562993,0.112871766,0.06959894115262674,0.052116375,0.1255144137189061,0.098311014,17.480745,1917.116771235196,1.6829039,17.723696,17.069921,0.65377426,2016.0,J133309.49+253917.0,203.2895617,+25.6547372,0.0482,0.0479,124.8,13.941,13.207,10.077,7.886,15.942,15.462,14.805,0.026,0.028,0.052,0.151,0.085,0.115,0.119,2033125701351024715,0000,0,000n,AAAB,188,140,44,132,0.211
0.079232,1448066090910463872,203.00856015726262,25.511482347623275,25.135255582003776,80.76331631028593,0.2679101076139194,0.28815508,0.059132453456958646,0.12040581,0.19262353092345008,0.24902378,18.983887,480.1664307232656,1.2329072,19.254908,18.616667,0.6382408,2016.0,J133202.05+253041.3,203.0085802,+25.5114949,0.0998,0.0912,15.9,15.579,14.400,11.891,8.553,,,,0.043,0.050,0.268,0.266,,,,2033125701351012954,0000,0,00nn,AABB,-27,266,-219,288,
0.127252,1448075509775334656,203.16204197293024,25.670027404114993,26.27196452298891,80.6601647130145,-0.3493043797637937,0.23106347,0.005488852433777486,0.10275325,0.13436207767425684,0.19439544,18.663515,644.9718590906389,1.7028373,18.88385,18.465242,0.4186077,2016.0,J133238.88+254012.2,203.1620203,+25.6700569,0.1157,0.1059,15.3,15.877,14.646,11.298,8.631,,,,0.049,0.056,0.140,,,,,2033125701351024895,0000,0,11nn,AABU,179,347,-414,378,
0.061897,1448082347362866048,203.17127661278442,25.872695937302158,27.51070086731198,80.68941984420603,0.01889388399235463,0.084071465,0.05346865905492207,0.037859377,0.024290978547733766,0.06733021,17.073917,2788.560972874889,2.6468017,17.228592,16.706825,0.52176666,2016.0,J133241.10+255221.7,203.1712894,+25.8727087,0.0392,0.0375,111.0,13.241,11.912,9.192,7.247,15.777,15.456,14.849,0.024,0.022,0.031,0.095,0.073,0.105,0.120,2033125701351024701,0000,0,1100,AAAA,129,50,171,178,0.181
0.673116,1448095434126945792,203.7967746723193,25.94371343741378,28.499701892263396,80.14672440274003,-0.2549440990817148,0.23680842,-0.16657928055609755,0.10990892,0.421764852959324,0.22198555,18.788565,574.8050897513546,1.1996099,18.969072,18.473137,0.49593544,2016.0,J133511.20+255637.9,203.7966726,+25.9438763,0.1261,0.1129,10.5,15.829,14.949,11.140,8.567,,,,0.048,0.070,0.129,,,,,2033125701351037050,0000,0,nnnn,AABU,160,336,812,384,
0.047293,1448101039060578304,203.41090836490147,25.83125301731737,27.492335752831423,80.46984411128803,-0.12256670766219575,0.08598232,0.0401080713788656,0.03839222,0.004458441231704878,0.07070369,16.957209,3105.0117335714694,11.357722,16.995325,16.559664,0.43566132,2016.0,J133338.61+254952.5,203.4109000,+25.8312638,0.0334,0.0321,123.1,12.149,11.029,8.179,5.554,15.773,14.707,13.690,0.022,0.020,0.021,0.035,0.076,0.055,0.055,2033125701351024681,0000,0,0011,AAAA,43,35,34,35,0.085
0.073767,1448101245219406720,203.39251690468933,25.84473341664519,27.55498186110412,80.48850815793854,0.1958997958768306,0.20598197,0.05890049998980265,0.090050474,0.19957253132007735,0.16544206,18.461273,777.0297772941296,3.6007607,18.6931,18.01626,0.6768398,2016.0,J133334.20+255041.1,203.3925256,+25.8447524,0.0702,0.0667,14.4,15.099,13.781,10.381,8.131,,,,0.034,0.036,0.069,0.217,,,,2033125701351024761,0000,0,110n,AAAB,233,176,155,190,
0.150895,1448117664877981952,203.48618596836445,26.19855730374909,29.746557726622264,80.4608761268152,0.03900764946103989,0.16781877,-0.1172611297826022,0.08130773,-0.11681924175816646,0.13914713,18.114786,1069.1334870862734,2.8510842,18.302132,17.771162,0.5309696,2016.0,J133356.68+261154.9,203.4861825,+26.1985991,0.0665,0.0626,16.1,14.995,13.630,10.635,8.167,,,,0.034,0.033,0.084,0.241,,,,2033125701351034580,0000,0,000n,AAAB,-11,170,110,184,
0.148976,1448151749738873088,202.82818570494217,26.159194602793256,28.980310003861263,81.03974420791945,0.09565813745408862,0.2211942,-0.04341000959659633,0.095202774,-0.23146763586197408,0.19592927,18.56892,703.6853044317166,1.9143704,18.783474,18.239477,0.5439968,2016.0,J133118.75+260933.2,202.8281555,+26.1592259,0.0677,0.0638,12.0,15.072,13.756,10.836,8.489,,,,0.034,0.034,0.096,0.286,,,,2033125701351032708,0000,0,011n,AAAB,396,179,-114,190,
0.220574,1448173739971024128,203.0966144975422,26.243835747183848,29.727407051333646,80.81326571902449,0.08090901228504128,0.19946134,0.04588866167914718,0.08672306,0.12501879788620818,0.14863135,18.512175,741.4411237354814,2.218331,18.690475,18.154839,0.5356369,2016.0,J133223.18+261438.0,203.0965834,+26.2438903,0.0935,0.0859,9.6,15.587,14.434,11.164,8.363,,,,0.042,0.046,0.119,,,,,2033125701351047578,0000,0,001n,AABU,41,247,37,270,
0.082423,1448221328208606848,201.72967169232606,25.80311506090235,25.456310711543054,81.95144197370732,0.20796678671923802,0.25284246,0.28462589932247134,0.16480057,-0.12635270228488266,0.2407857,18.810791,563.1581345878309,1.8463229,19.152248,18.339268,0.81298065,2016.0,J132655.12+254811.2,201.7296926,+25.8031281,0.0996,0.0925,8.3,15.413,14.876,11.479,8.835,,,,0.039,0.065,0.181,0.436,,,,2016125701351030097,0000,0,01nn,AABC,-221,316,-2,342,
0.060945,1448228101372539648,202.23292265171236,25.82272662663058,26.200674317561166,81.5107895418148,0.16352288825776032,0.22978258,0.064365773746975,0.14890553,-0.015324051668574468,0.179132,18.803083,567.170540557469,1.7360977,18.985859,18.473345,0.5125141,2016.0,J132855.90+254921.7,202.2329173,+25.8227104,0.1299,0.1193,6.9,15.936,15.113,11.699,9.158,,,,0.050,0.075,0.227,,,,,2016125701351025038,0000,0,00nn,AABU,458,398,321,428,
0.164026,1448229750639959296,202.00880007037955,25.784165994554918,25.67468619364857,81.70132983554215,-0.22598127452284344,0.6411352,0.4859622752930189,0.44472486,-0.047753528533872214,0.51056004,18.961483,490.1780411026484,2.3819008,17.853197,16.393925,1.4592724,2016.0,J132802.11+254703.1,202.0088189,+25.7842083,0.0528,0.0505,149.6,13.604,13.529,11.898,9.030,14.990,14.322,13.927,0.025,0.032,,,0.051,0.053,0.057,2016125701351027345,0000,0,11nn,AAUU,160,79,152,84,0.173
0.244445,1448292147924767488,201.451045321079,26.13667064440875,27.517397890733076,82.25785171308245,-0.24603531460778447,0.32928115,0.025624178682602715,0.19424091,-0.004027414589359509,0.2461323,18.991796,476.6809776656676,2.5574903,19.161278,18.711239,0.4500389,2016.0,J132548.24+260811.7,201.4510136,+26.1366090,0.1102,0.1013,21.3,15.883,14.538,11.863,8.469,,,,0.050,0.049,0.231,,,,,2016125701351040881,0000,0,00nn,AABU,152,351,-65,378,
0.720457,1448314344315772800,201.73890630602833,26.242874393935743,28.5739919611681,82.01885171109416,-1.1950684742029911,0.71112233,-0.489391712926339,0.48098513,0.3474206108377365,0.63249975,18.76904,585.2358682640028,3.6231112,16.922077,15.708112,1.2139654,2016.0,J132657.39+261434.3,201.7391291,+26.2428858,0.0563,0.0394,87.1,12.442,12.410,8.677,7.110,14.360,13.550,13.198,0.030,0.032,0.036,0.181,0.065,0.054,0.055,2016125701351056174,0h00,5,nnnn,AAAB,-339,44,110,44,0.798
0.287704,1448350967501901952,202.4299231024185,26.30070513947289,29.570878106052724,81.41330004665141,0.14962848415600435,0.25788498,-0.18061605185254503,0.14246158,-0.18328407368280575,0.20498762,18.64643,655.2013256012928,2.0428731,18.91092,18.264519,0.64640045,2016.0,J132943.17+261802.8,202.4299108,+26.3007843,0.1372,0.1255,15.7,16.085,15.174,11.364,8.817,,,,0.054,0.078,0.155,0.422,,,,2016125701351051333,0000,0,00nn,AABC,-272,419,189,453,
0.151917,1448452539184302848,202.6950597700011,27.092497603870648,34.94395478843433,81.2472169850848,0.21222259708990004,0.79792356,-0.2756860955391812,0.38166022,-0.03821358427660543,0.71784496,18.841965,547.218267617857,2.7767267,16.97339,15.605677,1.3677139,2016.0,J133046.82+270533.0,202.6951021,+27.0925166,0.0441,0.0410,139.6,12.568,12.517,11.526,9.027,14.163,13.512,13.222,0.023,0.024,0.181,,0.042,0.048,0.047,2028127201351017731,0000,1,11nn,AABU,-11,53,-54,55,0.214
0.082014,1448484974777256064,203.96223082598544,26.298515605244585,30.666341868702908,80.0509235053615,0.1407547817054354,0.10752519,0.03235835857358621,0.0541994,0.051539619032189316,0.10708914,17.594448,1726.5032048164662,3.5689194,17.800816,17.18193,0.61888504,2016.0,J133550.92+261754.6,203.9622056,+26.2985125,0.0615,0.0584,174.9,14.712,13.570,10.544,8.280,17.259,16.010,15.468,0.031,0.031,0.078,0.202,0.223,0.188,0.165,2033125701351040455,0000,0,001n,AAAB,133,156,37,172,0.240
0.052508,1448489475902955648,203.72554877914806,26.20630774465021,29.968750298369756,80.24921897982162,-0.9985253331713879,0.6200837,-0.024870475156162145,0.26369107,0.40867654343998483,0.6302619,17.991552,1197.6396789178818,7.157492,15.897042,14.527651,1.3693914,2016.0,J133454.13+261222.7,203.7255565,+26.2063206,0.0384,0.0362,125.7,10.995,11.068,10.490,8.806,12.842,12.346,11.821,0.022,0.021,0.066,0.435,0.056,0.074,0.043,2033125701351036318,0000,5,110n,AAAC,-63,38,-121,38,0.134
0.270412,1448535243073300352,204.3179515597249,26.770354156132584,33.53524554065465,79.78309404670185,-0.2578150918434174,0.23319396,-0.04255508451422824,0.118196405,0.02778160424948982,0.18693383,18.810612,563.2515810413189,1.4935529,19.074144,18.40826,0.665884,2016.0,J133716.30+264613.5,204.3179369,+26.7704281,0.0943,0.0870,16.8,15.602,14.488,10.931,8.694,,,,0.042,0.049,0.095,0.341,,,,2045127201351007423,0000,0,000n,AAAB,135,276,421,302,
0.382937,1453547671770968576,209.7168590394975,28.95279185857728,43.85801562256606,75.02297118902487,0.13881936397799416,0.22737975,0.2352663348348782,0.17736574,-0.3520119786580623,0.21168298,18.87452,531.0545117322473,1.2654258,19.033825,18.556684,0.47714043,2016.0,J135852.01+285709.9,209.7167393,+28.9527735,0.0951,0.0878,11.6,15.705,14.463,11.814,8.990,,,,0.042,0.046,0.207,0.378,,,,2091128701351048742,0000,0,11nn,AABC,163,194,-28,212,
0.011058,1448584579363050624,204.08311756171432,26.795227969645182,33.58222427829601,79.99404462144355,0.08981624691601767,0.19068933,-0.10071145362112637,0.08925824,0.22838716167817583,0.147749,18.521805,734.8938169732672,2.18319,18.693933,18.190533,0.5034008,2016.0,J133619.94+264742.8,204.0831141,+26.7952276,0.0679,0.0642,13.2,15.080,13.759,11.067,8.555,,,,0.033,0.034,0.107,0.315,,,,2045127201351014226,0000,0,110n,AAAB,226,176,167,190,
0.623158,1448599152187813760,203.57918532672463,26.926285894268,34.16506545970505,80.45174605015177,-0.48173022095274065,0.3312862,0.09221205840331285,0.13792813,0.40503584008908655,0.28222874,18.835703,550.3840015021101,1.0925043,19.574818,18.03305,1.5417671,2016.0,J133419.01+265534.0,203.5792288,+26.9261172,0.0639,0.0607,178.9,14.680,13.857,10.404,7.982,16.876,15.936,15.372,0.030,0.037,0.068,0.252,0.200,0.179,0.148,2028127201351023088,0000,0,000n,AAAB,282,159,244,176,0.729
0.117360,1448601385570808320,203.67250190344032,27.023223415570296,34.775467054488814,80.37442202841268,-0.5240780762448083,0.2655193,0.009879545809034695,0.12028668,-0.1302970327806686,0.20235178,18.770626,584.3816724250414,0.95567477,19.126602,18.273502,0.8530998,2016.0,J133441.39+270123.5,203.6724662,+27.0232164,0.4555,0.4073,9.5,17.304,17.441,12.692,8.613,,,,0.139,,,,,,,2045127201351012777,0000,0,nnnn,BUUU,-1077,1423,-615,1567,
0.070220,1453597355953104384,209.6634395018648,29.395040197902635,45.57851900459709,75.04020564733365,-0.24732001360512768,0.1565459,0.04947890619845292,0.1268488,0.016918156989433376,0.13682038,18.268805,927.7370418437987,2.3464484,18.452456,17.908787,0.54366875,2016.0,J135839.22+292342.0,209.6634417,+29.3950208,0.0548,0.0538,179.5,14.687,13.464,10.655,8.026,,,,0.029,0.029,0.072,0.181,,,,2091128701351053641,0000,0,000n,AAAB,54,88,97,93,
0.082028,1448635672293411840,204.4349824944793,27.024660946150203,34.99963487814752,79.69629832912118,-0.02853533956464261,0.24484369,-0.02460104857801236,0.14071737,-0.17419693185675203,0.22941905,18.883062,526.8918212395699,1.7797127,19.075773,18.558744,0.5170288,2016.0,J133744.39+270128.8,204.4349647,+27.0246773,0.1163,0.1079,7.7,15.942,14.648,11.379,8.555,,,,0.049,0.057,0.148,,,,,2045127201351016875,0000,0,001n,AABU,302,344,-25,373,
0.073755,1448670483004578432,204.80575422286967,27.305080761937035,36.62177331673948,79.37895095027034,0.16055764731735042,0.26662248,-0.04590258146736529,0.14897074,-0.17529487366746627,0.2306681,18.967987,487.2504129227925,2.0019333,19.021063,18.731232,0.28983116,2016.0,J133913.37+271818.3,204.8057466,+27.3051001,0.0644,0.0618,7.0,14.865,13.726,11.194,8.355,,,,0.032,0.033,0.106,0.240,,,,2045127201351026431,0000,0,11nn,AAAB,181,158,67,162,
0.139148,1448676903979717248,205.04400780016692,27.518386027243924,37.79295800819911,79.1722134156044,0.03924204040626198,0.2173319,-0.006538940829346258,0.11545725,-0.07551249535452567,0.1740749,18.690779,628.9777757798824,1.2385062,19.69646,17.726482,1.9699783,2016.0,J134010.55+273106.0,205.0439790,+27.5183570,0.0378,0.0365,123.5,13.201,11.757,8.950,6.767,16.790,15.733,15.016,0.024,0.022,0.028,0.072,0.177,0.170,0.113,2045127201351045721,0000,0,2200,AAAA,191,45,107,47,0.355
0.003774,1448682027876299136,204.32288742694445,27.018645948616772,34.9343687420577,79.79566059407321,0.01309887358200178,0.1353395,0.030809259610461676,0.07342099,0.07954855373519504,0.124483004,17.909187,1292.028679600518,2.283633,18.100515,17.334763,0.7657528,2016.0,J133717.49+270107.1,204.3228867,+27.0186468,0.0402,0.0386,138.4,13.239,12.057,9.335,7.222,16.960,16.045,14.908,0.024,0.023,0.031,0.107,0.184,0.204,0.094,2045127201351014179,h000,0,1100,AAAA,127,141,54,205,0.158
0.080184,1453665456954348160,209.23224975256394,29.628741646834385,46.62525677962477,75.39247772481305,0.1763613955423844,0.1558175,0.0255760331907773,0.110007,0.028256427091408562,0.14187138,18.4877,758.345460137078,1.5372765,18.613825,18.174488,0.43933678,2016.0,J135655.74+293743.4,209.2322702,+29.6287283,0.0813,0.0760,16.9,15.639,14.379,10.804,9.242,,,,0.038,0.041,0.075,0.492,,,,2086130201351002651,0000,0,110n,AAAC,21,160,-164,174,
0.103419,1448691957840693888,204.46349272962237,27.239092924349098,36.20285005951328,79.68079094936473,0.07250954064268733,0.21626464,-0.04046938259582589,0.1075732,-0.13620388732613334,0.21591912,18.596464,686.0586634116924,1.5603195,19.036234,18.01147,1.0247631,2016.0,J133751.23+271420.8,204.4634693,+27.2391127,0.0707,0.0663,12.1,15.268,13.765,10.601,8.192,,,,0.035,0.034,0.070,0.200,,,,2045127201351028869,0000,0,000n,AAAB,248,202,-11,216,
0.171840,1453676452071011584,209.49290123191133,29.886934138905392,47.53763590854059,75.1394471903199,0.16713415126215841,0.1910279,0.014117647140791544,0.15023592,-0.039893705816813785,0.17232642,18.769512,584.9808456231455,2.1578429,18.983665,18.400938,0.58272743,2016.0,J135758.30+295312.8,209.4929467,+29.8869073,0.0671,0.0644,3.7,15.366,14.020,10.944,8.707,,,,0.034,0.033,0.092,0.337,,,,2086130201351022942,0000,0,000n,AAAB,-95,119,-136,129,
0.096295,1448700062443509504,204.0478422994233,27.17012992651887,35.73129046704411,80.04757150036937,-0.037883479755638313,0.13098198,-0.05703414213154864,0.06455529,-0.10207968372501693,0.10576305,17.8107,1414.7078983661722,3.9654274,17.99386,17.465994,0.52786636,2016.0,J133611.47+271012.5,204.0478232,+27.1701506,0.0739,0.0707,17.3,15.131,14.048,10.284,8.150,16.677,16.162,15.357,0.036,0.039,0.067,0.241,0.133,0.203,0.154,2045127201351031153,0000,0,000n,AAAB,116,222,-186,226,0.576
0.061168,1448700062443513728,204.0457754134619,27.181209766757195,35.79493021267343,80.0498509101517,0.013238644567827307,0.17012568,-0.06817528265533868,0.0874511,-0.0751168227638923,0.1300015,18.340317,868.6009194108987,3.5636723,18.566708,17.921013,0.64569473,2016.0,J133610.98+271052.3,204.0457586,+27.1812017,0.0620,0.0603,11.0,14.990,13.492,10.423,7.945,,,,0.032,0.031,0.074,0.179,,,,2045127201351031131,0000,0,000n,AAAB,158,183,-48,188,
0.185143,1448712809906633216,204.2370100981985,27.428474991618277,37.24093524974155,79.88682470025729,6.336242636213376E-4,0.1630371,-0.07584503047244835,0.08504072,-0.12917071157427837,0.14286287,18.32704,879.2870691313411,1.8367085,18.524488,17.960522,0.56396675,2016.0,J133656.89+272542.6,204.2370508,+27.4285116,0.0806,0.0759,21.9,15.356,14.073,11.124,8.092,,,,0.038,0.040,0.111,0.185,,,,2045127201351038217,0000,0,110n,AABB,-228,231,97,245,
0.067401,1453766307081737600,209.7186167253601,29.903670235830834,47.515515250188976,74.94313459368284,-0.11067343997800269,0.12247247,0.09515008161168817,0.09500124,-0.03716395491228135,0.11721469,17.412622,2041.2564785185102,6.4625373,17.428404,15.954976,1.4734278,2016.0,J135852.47+295413.2,209.7186383,+29.9036711,0.0307,0.0297,109.4,11.426,10.446,7.591,5.128,14.694,13.861,12.891,0.023,0.019,0.016,0.028,0.040,0.039,0.033,2104130201351013708,0000,0,0000,AAAA,-6,26,27,34,0.117
0.108036,1448802660622571008,203.70969735090847,27.339723666268068,36.67245343659559,80.35330151217983,-0.26864424805375364,0.1588316,-0.05824589071862675,0.08351545,-0.04342076848442971,0.12331924,18.252346,941.9074242459136,1.1904384,18.580687,17.790009,0.790678,2016.0,J133450.33+272023.0,203.7097310,+27.3397265,0.0740,0.0697,16.0,15.267,13.908,10.853,8.579,,,,0.037,0.036,0.088,0.313,,,,2045127201351033508,0000,0,111n,AAAB,138,203,2,223,
0.366362,1453779153328291840,209.78449713695952,30.142939984883107,48.40108565288015,74.85776524825737,-0.0743873444024354,0.21785343,-0.20099149097417335,0.16230057,0.0767362159932791,0.19665048,18.760904,589.6372700825706,2.9828036,18.810825,18.409224,0.4016018,2016.0,J135908.30+300834.7,209.7845923,+30.1429999,0.0515,0.0497,165.9,14.339,13.303,10.758,8.625,,,,0.026,0.029,0.076,0.295,,,,2104130201351037700,0000,0,000n,AAAB,27,71,7,74,
0.180664,1448811216196859008,203.39414936243676,27.313254208739316,36.47486352593394,80.63298556347256,0.04215783911596854,0.20652862,-0.09576620363668609,0.09199062,0.0880011746936767,0.17934017,18.472767,768.846887010796,2.8393366,18.675827,18.109764,0.5660629,2016.0,J133334.60+271847.6,203.3941978,+27.3132284,0.0691,0.0651,16.6,15.031,13.604,10.717,8.283,,,,0.035,0.033,0.085,0.203,,,,2028127201351025858,hh00,0,000n,AAAB,20,181,19,191,
0.154333,1448819810427379456,203.45798959419713,27.503358518367047,37.643856049237655,80.57871740128799,-0.23576029956345207,0.16503593,-0.04039433591778587,0.07504296,0.09585421641432768,0.14628588,18.163578,1022.1526081936817,2.1856835,18.468668,17.683792,0.78487587,2016.0,J133349.92+273012.2,203.4580216,+27.5033906,0.0528,0.0513,159.7,14.430,13.172,10.625,8.189,16.433,15.841,15.294,0.028,0.028,0.079,0.226,0.103,0.136,0.121,2028127201351048979,0000,0,111n,AAAB,129,124,50,126,0.210
0.050430,1456060266294715264,204.38937661204773,30.414435775757504,53.66804084196519,79.37893808835679,0.1636577698369382,0.23076981,-0.05645272503622032,0.15310529,-0.1475383631293452,0.21084704,18.377127,839.6452274092252,6.072157,18.184917,17.576462,0.60845566,2016.0,J133733.45+302451.9,204.3893929,+30.4144355,0.0410,0.0399,137.7,13.237,12.234,9.410,7.152,16.544,15.869,14.886,0.024,0.023,0.032,0.102,0.131,0.165,0.097,2052130201351036700,0000,0,3311,AAAA,263,57,84,60,0.241
0.112189,1456062667180944896,204.55853762998802,30.428270120827385,53.535743666415826,79.23448260544359,-0.1424092371799252,0.23395179,-0.0935859616550746,0.14589758,0.34214426810338655,0.19912592,18.713037,616.213859929093,2.0844793,18.77751,18.479616,0.29789352,2016.0,J133814.05+302541.8,204.5585608,+30.4282940,0.0554,0.0536,12.2,14.524,13.437,10.844,8.849,,,,0.028,0.030,0.088,0.408,,,,2052130201351036731,0000,0,210n,AAAC,219,132,26,137,
0.198158,1453819873914130048,208.77611659319894,29.430640201844927,45.990356395345785,75.80700497059841,0.0049444091112978705,0.10442335,0.12283229716486418,0.068846144,0.14253362799160316,0.09700524,17.508507,1868.7186899954193,2.230688,17.646187,17.213339,0.43284798,2016.0,J135506.26+292550.4,208.7760882,+29.4306894,0.0585,0.0567,16.0,14.842,13.805,10.215,7.737,16.666,16.219,15.426,0.030,0.032,0.051,0.131,0.120,0.144,0.171,2091128701351058662,0000,0,110n,AAAB,-55,95,-2,103,0.543
0.022687,1453822072937410688,208.87457865064547,29.51646478779186,46.30355395374856,75.71331151946505,0.04117293584374744,0.15700422,0.12016443756511751,0.106852226,0.11198246245347862,0.14185502,18.051777,1133.016430263622,3.4017594,18.00533,17.2608,0.7445297,2016.0,J135529.89+293059.2,208.8745776,+29.5164710,0.0439,0.0425,143.1,13.605,12.693,9.738,7.456,16.298,15.465,14.722,0.025,0.025,0.036,0.106,0.096,0.086,0.099,2091128701351058632,0000,0,1221,AAAA,-27,56,78,58,0.267
0.167576,1453838389517383808,208.71099589050462,29.616201960104394,46.76784712727754,75.8443920695712,-0.14936716235101688,0.14995335,0.02984669789374949,0.103693336,-0.0024252793578003196,0.13801067,18.391348,828.7194232890977,2.159994,18.611563,18.071016,0.5405464,2016.0,J135450.62+293658.2,208.7109526,+29.6161745,0.0690,0.0652,15.8,15.262,13.820,10.892,8.300,,,,0.035,0.034,0.084,0.199,,,,2086130201351005116,0000,0,111n,AAAB,91,120,104,129,
0.046050,1456092422713907712,202.9230857126504,29.620195125249776,51.00707981342492,80.80517944453602,0.2193372707931706,0.2263095,0.08098555336667392,0.09629587,0.003714364939383874,0.1563728,18.599974,683.844149539955,1.2896922,18.812685,18.271267,0.5414181,2016.0,J133141.53+293712.7,202.9230832,+29.6202077,0.0781,0.0734,9.9,15.330,14.023,11.032,8.718,,,,0.037,0.039,0.117,,,,,2034130201351011034,0000,0,110n,AABU,164,241,26,259,
0.588068,1448884681613391104,203.2404481915247,27.71785028677525,38.97877942128781,80.76944344200659,-0.1525223283598299,0.69246006,-0.0500960918703261,0.28682578,0.41954325334205816,0.6806617,18.296167,904.6484519235275,7.3044624,16.383806,15.040292,1.3435144,2016.0,J133257.68+274303.7,203.2403435,+27.7177158,0.0599,0.0447,47.1,12.111,12.196,11.400,8.585,13.497,12.775,12.457,0.029,0.030,0.188,,0.032,0.035,0.036,2028127201351046508,0000,5,nnnn,AABU,-15,41,-7,43,0.672
0.064282,1453850346706397568,208.70680255549047,29.821899202090147,47.604406982927145,75.82411407841377,-0.2799650173738796,0.18147865,-0.08751097442986497,0.13347794,0.1444905598316988,0.16918448,18.613478,675.3912969253821,1.6692227,18.873573,18.206358,0.66721535,2016.0,J135449.62+294918.8,208.7067821,+29.8218972,0.0715,0.0665,12.6,15.378,14.101,10.455,8.019,,,,0.036,0.036,0.058,0.154,,,,2086130201351017899,0000,0,001n,AAAB,-43,135,-34,147,
0.069830,1448892962310258944,203.9001138241046,27.356564700568004,36.793385466214616,80.18456468392199,0.25234792631036346,0.21323873,0.07249690377490502,0.103857115,-0.18730252008396947,0.16687597,18.688925,630.0525111190103,2.420219,18.793903,18.470713,0.3231907,2016.0,J133536.03+272123.6,203.9001346,+27.3565708,0.0612,0.0583,9.4,14.690,13.565,11.062,8.720,,,,0.031,0.032,0.109,0.326,,,,2045127201351033482,0000,0,11nn,AAAB,192,140,15,150,
0.001880,1456119944868824064,203.59986149447172,30.014858297064865,52.47389936029772,80.14059866681062,-0.019750972479510638,0.19524787,-0.03457866856901927,0.10955493,0.06306453911961546,0.16594185,18.495129,753.1733946082993,2.6232386,18.637203,18.222898,0.41430473,2016.0,J133423.96+300053.4,203.5998611,+30.0148587,0.0637,0.0612,12.0,14.775,13.658,11.113,8.135,16.795,16.560,15.909,0.031,0.035,0.121,0.235,0.158,,0.210,2034130201351019139,0000,0,000n,AABB,242,175,-52,186,0.230
0.067922,1448914265348402944,203.79062624186002,27.667803051652566,38.625514800207334,80.2831855414512,-0.18775520171980115,0.16779497,0.00884293767089233,0.08058365,0.06276239486961095,0.13211802,18.20419,984.6250290232641,2.423757,18.40584,17.81083,0.59501076,2016.0,J133509.75+274004.1,203.7906328,+27.6678210,0.0862,0.0813,6.6,15.414,14.210,10.856,8.331,,,,0.039,0.044,0.094,0.291,,,,2045127201351035756,0000,0,001n,AAAB,220,252,114,266,
0.100492,1453883710012692096,209.28588920178396,30.19515232454303,48.82430824566104,75.2780706266695,-0.013813704347838882,0.20085251,-0.015062202585550896,0.14219145,0.16950952721494622,0.19197083,18.63072,664.7508131458673,7.5083146,18.918444,18.159058,0.75938606,2016.0,J135708.61+301142.6,209.2858822,+30.1951796,0.0684,0.0654,5.9,15.367,14.011,10.783,8.938,,,,0.034,0.035,0.071,0.421,,,,2086130201351025433,0000,0,000n,AAAC,-17,126,109,135,
0.170491,1456130252786457088,203.39333997280724,30.073015514691104,53.07274211978261,80.2986960158354,0.13728234036610643,0.27089098,0.139447550844006,0.1410367,-0.10134557342574926,0.24144186,18.981808,481.0867029401948,1.4163345,19.172876,18.628721,0.5441551,2016.0,J133334.41+300422.7,203.3933867,+30.0729909,0.1216,0.1102,12.8,15.780,14.932,11.759,8.285,,,,0.048,0.067,0.242,0.222,,,,2034130201351019239,0000,0,01nn,AABB,-163,393,-29,432,
0.084025,1448949690238321536,203.97702543474682,27.88970606412074,39.90776272175826,80.11349547406331,0.02444117913269624,0.17987843,-0.019800087130775298,0.09028116,0.034752484709975565,0.14776468,18.379683,837.6720172858667,1.1941572,18.699759,17.885551,0.8142071,2016.0,J133554.49+275322.9,203.9770501,+27.8897145,0.0650,0.0621,0.8,14.862,13.660,10.292,7.954,,,,0.032,0.034,0.068,0.175,,,,2045127201351055848,0000,0,110n,AAAB,128,190,52,200,
0.061416,1453914019597696896,208.2625530824586,30.07434992423916,48.85389101148002,76.17127330139996,0.2736695404212583,0.19395806,-0.15172003493553296,0.13782462,0.153926935801674,0.19931628,18.629845,665.2866801111315,3.2105248,18.756062,18.296097,0.45996475,2016.0,J135303.01+300427.6,208.2625674,+30.0743382,0.0652,0.0617,8.7,15.180,13.744,10.778,8.317,,,,0.033,0.033,0.074,0.228,,,,2086130201351015478,0000,0,110n,AAAB,-2,120,28,130,
0.092375,1456180319220867200,203.1059511932124,30.123802231570956,53.765451800684964,80.524725498267,0.19387529365849246,0.19414003,-0.023591659330906786,0.08614049,-0.029149076113723162,0.18156831,18.289333,910.3610679968913,3.526777,18.364105,17.788794,0.57531166,2016.0,J133225.42+300725.7,203.1059523,+30.1238279,0.0395,0.0382,141.9,13.167,12.001,9.247,6.875,16.956,16.268,14.875,0.025,0.022,0.032,0.073,0.206,0.237,0.095,2034130201351016424,0000,0,0000,AAAA,92,54,61,56,0.122
0.108274,1448982057111776512,203.3782250595357,27.88502913393769,39.99080012691576,80.64259468980518,0.07028079100140533,0.20765713,0.10806075944157129,0.10394937,0.1406386262656832,0.1674254,18.571888,701.7641493193446,2.8303254,18.680668,18.215534,0.46513367,2016.0,J133330.77+275306.2,203.3782210,+27.8850590,0.0502,0.0490,165.2,14.248,13.106,10.577,8.273,,,,0.026,0.027,0.082,0.232,,,,2028127201351051468,0000,0,110n,AAAB,-2,110,292,112,
0.090682,1453938346292017792,208.89322651682167,30.355633406576835,49.65405213410643,75.58985231106888,-0.1077809032492373,0.18638897,0.013920793691848463,0.1358362,-0.15696606293680804,0.19388139,18.810751,563.1793052980129,1.3133676,18.993612,18.321054,0.67255783,2016.0,J135534.38+302120.3,208.8932502,+30.3556481,0.0933,0.0863,13.7,15.709,14.537,11.183,8.977,,,,0.042,0.047,0.113,0.388,,,,2086130201351027862,0000,0,11nn,AABC,219,192,-117,210,
0.229842,1453939063550708608,208.9213282031917,30.403313132948625,49.82775626073055,75.55841321505254,0.014645740756385472,0.1947717,-0.05542178187394743,0.13507468,-0.13922805228371332,0.18832211,18.763016,588.4917308340022,3.203829,18.82154,18.511724,0.30981636,2016.0,J135541.10+302412.1,208.9212871,+30.4033662,0.0640,0.0616,17.3,14.967,13.822,10.991,8.661,,,,0.033,0.033,0.099,0.276,,,,2086130201351027796,0000,0,000n,AAAB,100,112,46,119,
0.029258,1453943087935886336,208.66545658671964,30.280354200883515,49.476795664269694,75.7957830639309,0.08156249792577501,0.112855665,-0.01738923251998767,0.087997295,0.07905570449336571,0.10521638,17.926481,1271.6111869667347,4.3908014,18.138294,17.546537,0.5917568,2016.0,J135439.70+301649.3,208.6654572,+30.2803623,0.0491,0.0484,4.8,14.698,13.141,9.828,7.594,,,,0.029,0.027,0.036,0.104,,,,2086130201351030198,0000,0,1100,AAAA,43,87,35,90,
0.131966,1448989027843074304,203.3633958844775,28.090277690632675,41.25580793777497,80.64558501531491,-0.05435545194413096,0.2371811,0.09670032228516441,0.11459638,-0.022674895725192434,0.1886827,18.827871,554.3677588739719,1.5227844,18.999805,18.495344,0.5044613,2016.0,J133327.22+280525.0,203.3634373,+28.0902807,0.1038,0.0947,17.6,15.799,14.478,11.427,8.385,,,,0.046,0.048,0.157,,,,,2040128701351010469,0000,0,11nn,AABU,60,299,-124,334,
0.176835,1453956934910453504,208.84540234881146,30.556863119981063,50.47906880859544,75.59772345590555,0.3213986387560491,0.21225934,-0.1355069584407442,0.14949629,-0.14728183211999257,0.19104439,18.763187,588.3991643172955,2.1798313,18.651964,17.91027,0.7416935,2016.0,J135522.90+303324.8,208.8454329,+30.5569046,0.0425,0.0412,128.7,13.765,12.773,9.831,7.363,16.789,15.477,14.688,0.025,0.024,0.039,0.107,0.191,0.146,0.112,2086130201351042905,0000,0,1100,AAAA,47,83,29,68,0.273
0.127305,1449008372375449856,204.02500346373017,28.223280731105568,41.83088712676883,80.05511164340552,-0.144284529718189,0.28284436,-0.05621474077744956,0.14039084,-0.005989787996620137,0.24192901,18.976036,483.65090876601255,1.1040468,19.175364,18.628887,0.54647636,2016.0,J133605.99+281323.6,204.0249960,+28.2232460,0.1044,0.0964,18.4,15.753,14.792,11.083,8.654,,,,0.043,0.057,0.127,,,,,2040128701351005315,0000,0,000n,AABU,173,279,434,304,
0.131099,1453967101097386624,209.4860929079106,30.26634060171671,49.00580675481798,75.09686419429072,-0.1435268202118043,0.15426248,0.03939149679615613,0.12190685,0.20650289300469343,0.15701005,18.203161,985.5573643101967,2.203292,18.30903,17.922016,0.3870144,2016.0,J135756.67+301558.8,209.4861344,+30.2663342,0.0537,0.0529,179.8,14.565,13.403,10.678,8.274,,,,0.029,0.029,0.074,0.190,,,,2086130201351025391,0000,0,000n,AAAB,58,83,58,87,
0.250103,1449015386058431232,204.05541352517747,28.41622469069511,42.93138017925296,80.01416559396671,-0.2816845152482917,0.17915347,0.08155428269581688,0.09276705,0.1646366801303208,0.16310182,18.296476,904.3905765627728,3.0341523,18.55531,17.769608,0.78570175,2016.0,J133613.29+282458.6,204.0553997,+28.4162931,0.0608,0.0585,3.8,14.784,13.698,10.293,8.008,16.774,16.223,15.397,0.030,0.032,0.062,0.217,0.158,0.240,0.158,2040128701351017561,0000,0,000n,AAAB,144,177,128,180,0.394
0.495896,1449049986314370048,201.21436141184017,26.358000176180187,28.930844796753536,82.50059513372224,-0.13572282596169585,0.19083066,0.006742252642384271,0.12002056,0.10416156094728492,0.1591654,18.25448,940.0583825968077,4.880575,18.381598,17.88188,0.4997177,2016.0,J132451.41+262128.6,201.2142125,+26.3579658,0.1308,0.1213,12.8,15.856,14.983,12.101,8.542,,,,0.050,0.075,0.305,,,,,2016125701351059029,0000,0,00nn,AABU,144,429,-128,465,
0.077091,1449065860513459328,201.02531694293032,26.489241499710317,29.77360288390771,82.68521040716384,0.08704747634789588,0.122738175,0.09209256416585043,0.074940056,0.018269656851503287,0.090010196,17.52469,1841.071214984517,4.8168006,17.798468,17.01893,0.7795372,2016.0,J132406.08+262921.3,201.0253382,+26.4892514,0.0476,0.0459,149.0,13.997,12.802,9.787,7.686,16.114,15.527,15.036,0.027,0.026,0.046,0.179,0.084,0.118,0.123,2016125701351061738,hh00,0,110n,AAAB,173,194,247,163,0.066
0.306043,1456279374050794752,204.25858909253404,30.92766035181927,56.506047665889575,79.34012729199716,-0.24495024899184847,0.1762369,-0.018851909249062652,0.13502318,0.14831941308473073,0.20051396,18.764967,587.4356629449371,1.7611133,18.876238,18.455687,0.4205513,2016.0,J133702.03+305539.5,204.2584906,+30.9276512,0.1478,0.1357,13.0,16.170,14.926,11.679,8.787,,,,0.061,0.069,0.205,,,,,2034130201351054417,0000,0,00nn,AABU,141,529,420,572,
0.086471,1456293878156247296,203.79824201170723,30.712815918441322,56.049125939623806,79.7823916825834,-0.12249162941572185,0.13751298,0.06860501035887724,0.10096098,0.0579546417011232,0.19375858,18.59164,689.1126032515313,7.1405873,18.33998,17.58971,0.75026894,2016.0,J133511.57+304246.2,203.7982383,+30.7128397,0.0424,0.0399,138.5,13.088,12.064,9.611,7.085,16.839,15.692,15.121,0.026,0.023,0.041,0.111,0.161,0.152,0.132,2034130201351048954,0000,0,2200,AAAB,131,140,44,149,0.234
1.639831,1456303941263871232,203.36068100231867,30.705226253803545,56.68321041602433,80.14207956335589,-0.21824897327390985,0.1432455,0.015167016643019712,0.12788163,0.2361536902674124,0.20761164,18.97829,482.6482279920163,1.2041944,19.19144,18.682592,0.5088482,2016.0,J133326.44+304218.2,203.3601794,+30.7050796,0.0749,0.0712,24.9,15.072,13.998,11.404,8.763,,,,0.036,0.037,0.166,0.397,,,,2034130201351046249,0000,0,11nn,AABC,-83,210,143,218,
0.208565,1456307720835108864,203.59372906697683,30.73680709880341,56.488687116127196,79.94207117558383,-0.1452234370564192,0.088582374,0.04923935053835739,0.07763799,0.12169638324255054,0.1337745,18.048409,1136.5368317277876,2.2178898,18.21652,17.736534,0.4799862,2016.0,J133422.48+304412.3,203.5936725,+30.7367756,0.0617,0.0585,10.0,14.836,13.526,10.636,8.504,,,,0.032,0.031,0.077,0.309,,,,2034130201351046221,d000,0,110n,AAAB,183,174,165,186,
0.058998,1441903431315890816,205.2283499213485,22.044493314702436,11.28395361197193,77.66594104372841,-0.07976095154826712,0.15896349,-0.12614662288128858,0.100359164,-0.18635864585413733,0.14900178,18.425083,803.3663626387365,3.9863133,18.441387,17.863607,0.57777977,2016.0,J134054.80+220240.2,205.2283539,+22.0445093,0.0498,0.0481,167.7,14.288,13.177,10.110,7.671,17.039,16.409,14.901,0.027,0.027,0.050,0.142,0.218,0.219,0.145,2052122701351005413,0000,0,111n,AAAB,81,70,-19,75,0.106
0.383604,1456355687029655296,205.3868869979718,30.22393246981223,51.616874228100784,78.58879412109131,0.1806346211391217,0.2177295,0.04576968013638794,0.12334983,-0.2637397921707275,0.21361132,18.563892,706.95195187223,1.7607619,18.725992,18.194262,0.53173065,2016.0,J134132.85+301326.5,205.3868786,+30.2240388,0.0564,0.0551,173.5,14.475,13.500,10.991,8.695,,,,0.029,0.030,0.108,0.398,,,,2052130201351031188,dd00,0,110n,AAAC,276,117,4,124,
0.172508,1441923153806050432,204.82686496124052,22.220799699232415,11.236106122592147,78.07739354066979,0.012406956550483638,0.18752617,0.03822893167927953,0.112660006,-0.030087489511904014,0.19664072,18.72934,607.0312481990078,4.6432204,18.797684,18.393642,0.4040413,2016.0,J133918.45+221314.7,204.8268934,+22.2207597,0.0583,0.0563,172.6,14.548,13.729,11.053,8.325,,,,0.029,0.032,0.104,0.217,,,,2052122701351007851,0000,0,000n,AAAB,21,80,51,88,
1.037947,1449168694914607232,201.12063042420422,27.100049878820165,34.59772771118166,82.64801897547795,-0.3051158339386749,0.3155163,-0.2942514478274922,0.18837021,0.07364354352003644,0.28035635,18.854797,540.7887983271106,1.2047638,19.044024,18.42301,0.62101364,2016.0,J132429.02+270559.8,201.1209360,+27.0999544,0.0942,0.0878,4.1,15.594,14.290,11.431,8.357,,,,0.042,0.045,0.154,,,,,2011127201351019220,0000,0,01nn,AABU,-59,293,-241,318,
0.084344,1456398297400813312,205.9919580236201,30.670855765990247,53.1698895606077,77.9785071559217,-0.07740861002234248,0.3641611,0.035776688762788535,0.23290733,-0.5039863265713399,0.32590452,18.121965,1062.0875642661008,5.7347727,16.835629,15.612466,1.2231627,2016.0,J134358.07+304015.1,205.9919696,+30.6708770,0.0443,0.0417,128.3,12.794,12.677,11.947,9.061,14.320,13.695,13.275,0.024,0.025,0.272,,0.037,0.041,0.041,2052130201351049600,0000,1,11nn,AABU,-29,53,135,55,0.115
0.123929,1441959235827635712,204.25070843330215,22.21930589432965,10.026030627628254,78.55114623003543,0.0363504381600295,0.1569175,0.1323817304071647,0.08920198,-0.05013668556777767,0.14640649,18.284788,914.1794065443765,3.0278885,18.353163,18.016455,0.33670807,2016.0,J133700.17+221309.5,204.2507354,+22.2193296,0.0488,0.0483,141.7,14.173,13.012,10.574,8.334,,,,0.027,0.026,0.079,0.252,,,,2036122701351000036,0000,0,210n,AAAB,-12,63,54,67,
0.174175,1441967653962894208,204.5075193076535,22.250692751806934,10.711594681456495,78.3545196207034,-0.00864305071591016,0.20687634,-0.1128174251443883,0.11846754,-0.10207550110783031,0.17611916,18.703997,621.367281459782,1.7148474,18.85723,18.341583,0.515646,2016.0,J133801.81+221502.5,204.5075629,+22.2507195,0.0969,0.0899,17.6,15.723,14.726,11.218,8.909,,,,0.041,0.053,0.132,0.419,,,,2052122701351012796,0000,0,00nn,AABC,12,208,-54,222,
0.126184,1456443995852736384,204.69511225303816,30.637305370860094,54.44097440826878,79.06566032255884,-0.06425853546428927,0.117479764,-0.07220560049555105,0.06749643,0.08601567312702661,0.09060174,17.6304,1670.270765241359,5.86185,17.723114,17.408442,0.31467247,2016.0,J133846.83+303814.3,204.6951419,+30.6373294,0.0511,0.0497,170.6,14.179,13.084,10.430,8.638,,,,0.027,0.028,0.077,0.295,,,,2052130201351042142,0000,0,011n,AAAB,10,102,26,112,
0.204745,1456445950065023232,204.69972252674518,30.7489326582394,54.99988427620597,79.03099311921147,-0.41836189966771,0.48416248,0.04779096555551998,0.27844912,-0.3328171029028464,0.41968074,18.63426,662.5870465668986,6.0078487,17.48584,16.254686,1.2311535,2016.0,J133847.94+304456.1,204.6997874,+30.7489440,0.0528,0.0508,139.3,13.683,13.596,12.183,9.208,15.091,14.357,13.984,0.025,0.032,,,0.053,0.063,0.056,2052130201351042133,0000,0,11nn,AAUU,0,83,0,90,0.163
0.127362,1456452173469647104,205.0640312370692,30.892665272890905,55.257797609436125,78.69032129105163,-0.02581724985524778,0.10656926,0.05274757588243239,0.06066328,-0.01542573518759964,0.094520725,17.494982,1892.1422719474715,1.8785216,17.860043,16.962008,0.89803505,2016.0,J134015.37+305333.6,205.0640709,+30.8926748,0.0515,0.0507,151.5,14.496,13.041,9.946,7.740,16.660,16.501,16.051,0.029,0.027,0.046,0.134,0.123,0.216,0.268,2052130201351057510,0000,0,110n,AAAB,178,139,74,135,0.543
0.034784,1456491304917455488,205.29256715023055,31.28130830536987,56.83771009398002,78.38894315661263,0.21806902217121374,0.12623473,-0.08171635034198257,0.10959867,9.112311949215565E-4,0.14672567,18.493246,754.4807600167295,2.7438993,18.657719,18.178837,0.47888184,2016.0,J134110.21+311652.7,205.2925783,+31.2813069,0.0809,0.0753,19.8,15.390,14.050,11.102,8.648,,,,0.039,0.038,0.110,0.352,,,,2047131801351000103,0000,0,11nn,AABB,418,215,-120,229,
0.123528,1456531402731623808,206.4520126774474,31.24971549616707,55.32633321436294,77.4491102801034,0.08268416771344826,0.25553393,0.12908029801148793,0.1748322,0.3137106891778144,0.22846423,18.95966,491.0015508841108,0.9494153,19.277521,18.686987,0.5905342,2016.0,J134548.47+311458.9,206.4519744,+31.2497052,0.0908,0.0841,12.3,15.580,14.427,11.522,8.976,,,,0.040,0.046,0.168,0.456,,,,2064131801351005439,0000,0,00nn,AABC,-106,259,-32,281,
0.081927,1456538897449621760,206.64575531826412,31.359386584457773,55.60216102045129,77.25994292500366,-0.1364139344307167,0.16648069,-0.035845313978427475,0.11411059,-0.10184106562944086,0.15958019,18.412794,812.5103594264218,1.5858872,18.303722,17.46681,0.83691216,2016.0,J134634.98+312133.8,206.6457582,+31.3594092,0.0454,0.0442,149.0,13.744,12.850,9.693,7.283,16.739,15.644,14.694,0.025,0.026,0.039,0.105,0.172,0.142,0.099,2064131801351019104,0000,0,1110,AAAA,56,131,126,121,0.287
0.093801,1456543192417905280,206.50400544414597,31.43020834696884,56.065115388467945,77.35643391756665,0.34987884810863945,0.6235569,-0.06590476568077433,0.464794,1.1548392299495953,0.6366262,18.824314,556.1873437112627,5.4522,17.129402,15.899467,1.2299347,2016.0,J134600.95+312548.7,206.5039750,+31.4302107,0.0463,0.0439,138.6,13.010,12.946,11.943,8.515,14.525,13.896,13.591,0.023,0.026,0.302,,0.043,0.050,0.049,2064131801351019095,0000,1,11nn,AABU,0,57,0,61,0.200
0.224396,1442130652266552960,203.30050393947147,22.47195939799115,9.034165382684638,79.44581928901395,-0.04832593387909566,0.15369302,0.013520271383282937,0.08887254,0.06389188559078798,0.13556212,18.289474,910.2416145442478,1.9268581,18.617311,17.811714,0.8055973,2016.0,J133312.10+222818.9,203.3004481,+22.4719245,0.0908,0.0847,16.7,15.368,14.432,10.536,8.224,16.781,15.916,16.007,0.039,0.051,0.094,0.336,0.154,,0.246,2036122701351015155,0000,0,011n,AAAB,-4,263,110,279,0.345
0.061385,1456591055533729280,205.641924975802,31.530839141983915,57.545897645094854,78.0280617346492,0.016804698764738984,0.5185891,-0.099820494428139,0.45236242,1.1345989483596903,0.7059329,18.77545,581.7907505849201,3.0078669,16.463827,15.092781,1.3710461,2016.0,J134234.06+313151.0,205.6419444,+31.5308351,0.0402,0.0373,119.4,11.749,11.811,10.924,8.979,13.442,12.801,12.468,0.022,0.022,0.116,,0.042,0.041,0.044,2064131801351013452,0000,5,220n,AABU,-21,43,136,42,0.135
0.251179,1456608162386996608,206.15465520313958,31.668381088449998,57.51945883944674,77.57024093398275,0.016367855464537718,0.12117995,-0.11841695849329925,0.124033436,-0.10997201461793603,0.17199802,18.738333,602.0238434892806,1.1872082,18.992987,18.325205,0.66778183,2016.0,J134437.11+314006.4,206.1546385,+31.6684494,0.0935,0.0873,13.9,15.741,14.370,10.907,8.761,,,,0.043,0.045,0.094,0.365,,,,2064131801351034648,0000,0,110n,AAAC,299,279,-200,298,
0.039980,1456614866832098048,206.18471758006407,31.835484534577997,58.21672158354843,77.49332584630457,-0.10365195074921282,0.0658514,-0.05309391744391044,0.07081128,0.07254760834285633,0.0979972,17.799316,1429.618399190455,1.519804,18.136997,17.215101,0.921896,2016.0,J134444.33+315007.7,206.1847116,+31.8354944,0.0428,0.0418,152.6,13.947,12.503,9.392,6.943,16.319,15.474,15.342,0.026,0.023,0.035,0.082,0.095,0.096,0.158,2064131801351034578,0000,0,1100,AAAA,217,213,120,140,0.051
0.044471,1456622524757665280,205.84186625690617,31.807731139566577,58.535828413386014,77.77787531835045,0.03949819547194557,0.091249466,0.11432897173024675,0.09904587,0.03759661848385032,0.1361008,18.145943,1038.8904066565185,3.5048656,18.280947,17.906763,0.37418365,2016.0,J134322.04+314827.7,205.8418564,+31.8077221,0.0547,0.0534,8.0,14.476,13.208,10.830,8.267,,,,0.030,0.029,0.102,0.284,,,,2064131801351037173,0000,0,011n,AAAB,219,114,149,123,
0.162759,1442169242548149632,203.7652993395131,22.51465258726595,10.310676628620536,79.08564182577086,0.2051875004624172,0.19318339,-0.08436623033805082,0.12221328,-0.21675047142814888,0.19054258,18.73012,606.5949948893747,1.5377581,18.940016,18.372913,0.56710243,2016.0,J133503.67+223052.6,203.7653279,+22.5146159,0.1171,0.1083,8.8,15.835,14.916,11.462,8.673,,,,0.046,0.066,0.198,0.397,,,,2036122701351018152,hh00,0,00nn,AABC,198,266,422,287,
0.099368,1442172438004450816,204.26857660303187,22.391680928759587,10.83826936672077,78.61547229460534,-0.3130125606508075,0.23813279,-0.027981974969150867,0.12743664,-0.035117789609417235,0.23365442,18.908213,514.8274428707042,1.7647959,19.204844,18.50978,0.69506264,2016.0,J133704.46+222329.9,204.2685972,+22.3916610,0.1303,0.1212,7.8,16.128,15.074,11.309,8.508,,,,0.051,0.071,0.161,0.389,,,,2036122701351022746,0000,0,00nn,AABC,214,303,-322,325,
0.029020,1442194870616750976,204.04150434507554,22.65612142652159,11.573190464723996,78.92114783254591,-0.0901528128610084,0.1501675,-0.10190076630603044,0.0842566,0.05902500363431035,0.15353355,18.406137,817.5073210241001,1.193501,18.769125,17.849545,0.91958046,2016.0,J133609.96+223922.0,204.0415047,+22.6561295,0.0513,0.0500,158.2,14.333,13.199,10.500,7.687,16.520,15.944,15.411,0.027,0.027,0.077,0.156,0.120,0.173,0.170,2036122701351027344,0000,0,000n,AAAB,-1,75,55,79,0.198
0.093034,1456663623301749760,204.67974485144268,31.27052610469409,57.62333443876326,78.88945036870751,0.34273242644576846,0.36065218,0.06420316637843068,0.31617805,-0.488781140805916,0.5147672,18.314775,889.2753923175229,3.5501428,16.055676,14.649254,1.4064217,2016.0,J133843.14+311613.9,204.6797558,+31.2705502,0.0378,0.0352,115.5,11.101,11.206,10.141,8.958,12.817,12.229,11.898,0.022,0.020,0.052,0.455,0.036,0.051,0.039,2047131801351005354,0000,5,120n,AAAC,-162,42,-33,44,0.003
0.040314,1442208511433499776,203.515336867826,22.3965057701033,9.1831321077469,79.23518767768385,-0.035101551404985304,0.09250287,0.06845591639531694,0.060055003,-0.08531838143546006,0.08970855,17.542141,1811.7156335848063,2.840826,17.75002,17.161777,0.5882416,2016.0,J133403.68+222347.4,203.5153488,+22.3965038,0.0508,0.0494,170.6,14.462,13.071,9.910,7.509,16.650,16.322,15.606,0.028,0.027,0.047,0.141,0.150,0.216,0.234,2036122701351017677,0000,0,1111,AAAB,1,101,28,103,0.356
0.456753,1442226898189104640,203.39948862589262,22.638365026637185,10.070425572281016,79.44256768515282,-0.3243964519475616,0.24658535,0.08805637718651993,0.124933064,0.24337240907864385,0.19725147,18.786709,575.7886405067376,0.97772586,19.005596,18.366156,0.63944054,2016.0,J133335.84+223818.3,203.3993659,+22.6384222,0.0702,0.0675,11.6,15.026,13.792,10.810,8.429,,,,0.034,0.036,0.098,0.309,,,,2036122701351032406,0000,0,000n,AAAB,210,184,256,196,
0.144608,1456690767495489024,204.74604232132458,31.365117357589387,57.98987422044528,78.80501771121796,0.15957280717609662,0.5879892,0.25640721506076253,0.47881407,-1.3708519721650934,0.7998936,18.618002,672.5835916741404,3.6683106,15.954785,14.61483,1.3399553,2016.0,J133859.06+312154.4,204.7460893,+31.3651187,0.0372,0.0342,121.3,11.202,11.286,10.597,8.539,12.721,12.135,11.883,0.021,0.020,0.086,,0.034,0.047,0.039,2047131801351018730,0000,5,000n,AAAU,159,42,119,43,0.216
0.232744,1442244142481668096,203.87114002226167,22.774987745934272,11.773261893283724,79.1144678450744,-1.0725333571964465E-4,0.20572278,0.06771165324253123,0.11546543,0.1261888549103824,0.18074282,18.721968,611.1671934426535,1.0272288,19.049843,18.170553,0.8792896,2016.0,J133529.06+224629.7,203.8711133,+22.7749280,0.0881,0.0816,12.1,15.289,14.211,11.238,8.686,,,,0.038,0.048,0.149,0.348,,,,2036122701351027600,hh00,0,00nn,AABB,35,177,246,197,
0.101231,1456706671756930432,204.29644443730382,31.180512311669034,57.739079650608424,79.22864793375466,0.1253259987679727,0.14299607,0.04490851240622718,0.12895165,-0.004213523302260602,0.18445598,18.908722,514.5856025877682,0.9914394,19.041979,18.661863,0.3801155,2016.0,J133711.15+311049.9,204.2964667,+31.1805330,0.0917,0.0854,26.6,15.678,14.040,10.952,8.714,,,,0.047,0.040,0.101,0.367,,,,2047131801351008211,0000,0,000n,AAAC,28,298,163,317,
0.078127,1456721583883442688,204.11314326878744,31.273341664488495,58.49276586819063,79.34508603754024,0.16702365126988225,0.11160517,0.046218133717664284,0.11398874,-0.08717954841692621,0.16915767,18.690506,629.1355820393941,1.5016968,18.898048,18.245243,0.6528053,2016.0,J133627.15+311624.0,204.1131641,+31.2733541,0.0471,0.0467,13.6,14.239,12.893,9.768,7.118,,,,0.027,0.026,0.039,0.090,,,,2047131801351010759,0000,0,1111,AAAA,274,160,71,151,
0.019346,1442267369665074176,203.78049376997706,23.058606125982482,12.95407848051722,79.31086540260341,-0.24309294974857693,0.14703318,0.02722311506427572,0.082637034,0.07066118227326103,0.1417481,18.261818,933.7266697700043,2.810388,18.349392,18.042763,0.30662918,2016.0,J133507.31+230331.0,203.7804949,+23.0586114,0.0655,0.0623,8.4,14.794,13.756,11.106,8.396,,,,0.032,0.034,0.121,,,,,2036122701351042089,0000,0,11nn,AABU,34,157,43,169,
0.087875,1456740211158579072,204.61249692001414,31.488779121599,58.789469290189544,78.87073314119888,0.04682417254057269,0.13761593,-0.08009689769652288,0.1343092,-0.14259149408536517,0.20285638,18.854382,540.9962502935235,1.017201,19.251902,18.229849,1.0220528,2016.0,J133827.00+312919.6,204.6125107,+31.4888005,0.0469,0.0456,163.3,14.117,12.732,9.923,7.727,17.361,16.122,15.824,0.026,0.025,0.048,0.152,0.249,0.204,0.232,2047131801351018757,0000,0,110n,AAAB,242,232,33,200,0.568
0.188106,1456792055706601728,205.2086643419589,31.652745625670622,58.69556904968389,78.33731581308831,0.11869972139884617,0.14205116,-0.15497361057472714,0.12757389,0.04580938895130744,0.19102398,18.787867,575.1751110694858,2.8251545,18.959154,18.53697,0.422184,2016.0,J134050.08+313909.7,205.2086883,+31.6526975,0.1276,0.1186,15.0,15.909,14.762,11.658,9.077,,,,0.054,0.062,0.206,0.469,,,,2047131801351029684,0000,0,01nn,AABC,-378,428,322,459,
0.029121,1456872148256922112,204.96598925451596,32.18579889038287,61.52278928653397,78.33729921531786,-0.053145265283516915,0.084432915,-0.022841418051262892,0.07844366,0.026885209575273634,0.124973275,18.00968,1177.8080865884995,4.188473,18.092981,17.630617,0.4623642,2016.0,J133951.83+321108.8,204.9659956,+32.1857928,0.0488,0.0484,173.0,13.901,12.980,10.541,7.798,16.931,15.950,15.456,0.026,0.027,0.072,0.187,0.159,0.135,0.167,2047131801351048661,0000,0,110n,AAAB,-54,113,9,124,0.204
0.153710,1456884311604329984,205.2654708820275,32.24162175727076,61.30303842800472,78.08175638748715,-0.0719482621402129,0.09473599,0.0980627010651223,0.09090801,0.004399346297385497,0.12604015,18.290483,909.3966021867345,2.6428206,18.552555,17.848907,0.7036476,2016.0,J134103.70+321429.9,205.2654350,+32.2416518,0.0803,0.0756,12.5,15.171,14.187,10.894,8.544,,,,0.036,0.043,0.102,0.306,,,,2047131801351051449,0000,0,000n,AAAB,117,248,73,266,
0.055586,1456919878229504256,208.09761340602483,30.1989004575695,49.46321266351025,76.2930627813001,-0.07451491926349951,0.22864854,-0.09932333405081614,0.14994116,0.23815144435440525,0.22022437,18.761547,589.2888863010329,1.6950636,18.989172,18.282015,0.70715714,2016.0,J135223.42+301156.0,208.0976235,+30.1989132,0.0649,0.0626,12.8,15.132,13.705,10.659,8.055,,,,0.033,0.033,0.082,0.169,,,,2086130201351035143,0000,0,000n,AAAB,75,128,-35,132,
0.072394,1456922592648835584,208.07886219157206,30.27496696668309,49.79111374118792,76.2966893666032,-0.23361964215748465,0.20457262,-0.203239734291754,0.14024958,-0.035056785571528956,0.20144866,18.68189,634.1477083935661,1.2729976,18.82824,18.391594,0.4366455,2016.0,J135218.93+301629.9,208.0788753,+30.2749836,0.1170,0.1091,14.4,16.018,14.865,11.646,8.595,,,,0.048,0.060,0.167,,,,,2086130201351035271,0000,0,00nn,AABU,-188,277,-238,301,
0.037454,1456942070324640512,208.0838411957551,30.413391524154036,50.363282638388995,76.26891542090408,0.24813342116871598,0.22215101,-0.0090407234493304,0.15549242,-0.3374150626026652,0.20225975,18.73287,605.0604487363162,1.6016885,18.870579,18.430794,0.439785,2016.0,J135220.12+302448.2,208.0838488,+30.4133996,0.0830,0.0779,8.0,15.199,13.995,10.779,8.002,,,,0.044,0.037,0.085,0.231,,,,2086130201351035125,0000,0,111n,AAAB,-78,155,-52,163,
0.214647,1442487237630705024,202.19337345328546,22.241520637249348,4.998093012728263,80.2169793865876,-0.07998863319810713,0.271379,-0.33756628603890243,0.18932788,-0.23194001805341657,0.22826816,18.997541,474.1656903758833,1.0095365,19.311544,18.555847,0.75569725,2016.0,J132846.42+221429.3,202.1934310,+22.2414939,0.1105,0.1028,16.9,15.763,14.717,11.830,9.098,,,,0.045,0.059,0.261,0.487,,,,2019122701351002349,0000,0,00nn,AABC,-8,299,-400,319,
0.078270,1442488337142338688,202.15063658911976,22.2765098272524,5.05053272901503,80.26903357742151,0.04599760001432025,0.16473493,-0.15862846808713701,0.11774679,0.13658548173796664,0.13961679,18.043282,1141.9166097578156,2.2078156,18.249626,17.685925,0.5637016,2016.0,J132836.15+221635.5,202.1506414,+22.2765311,0.0486,0.0481,12.1,14.386,12.846,9.658,7.124,,,,0.028,0.026,0.038,0.078,,,,2019122701351014647,0000,0,1111,AAAA,111,127,82,121,
0.131137,1456958734797385472,208.62478355010853,30.549701954810025,50.58269150545974,75.78611318136353,-0.077012892662435,0.17037882,0.14168995823885092,0.11939177,0.12099783582286085,0.13512042,18.331736,875.4926755331353,5.380887,18.330627,17.656282,0.674345,2016.0,J135429.93+303258.9,208.6247468,+30.5497200,0.0442,0.0425,136.7,13.632,12.728,10.369,8.002,,,,0.025,0.024,0.056,0.179,,,,2086130201351042901,0000,0,110n,AAAB,6,63,-82,63,
0.266415,1456978633381707136,208.53459543910353,30.834623395551667,51.78238779334006,75.80988012165162,1.2276169088268116,0.73003757,-4.979110194085906E-4,0.50227344,-0.6537801300690917,0.7334556,18.638588,659.9512278648093,6.099835,16.44886,15.191414,1.2574463,2016.0,J135408.32+305004.6,208.5346816,+30.8346263,0.0321,0.0312,116.6,11.430,11.267,7.254,5.546,13.369,12.710,12.459,0.023,0.021,0.016,0.035,0.034,0.035,0.031,2086130201351055112,0000,5,1100,AAAA,-26,29,49,29,0.264
0.038051,1457000997276131200,208.00590408192613,30.770641900838456,51.89462436678991,76.26767708397577,0.008404955754990964,0.22907446,0.1638106273272677,0.15492721,0.10925285168758656,0.20801497,18.89026,523.4108303227362,3.7162597,19.050333,18.435547,0.61478615,2016.0,J135201.41+304614.3,208.0059164,+30.7706412,0.0597,0.0585,177.3,14.749,13.610,11.017,8.624,,,,0.030,0.032,0.100,0.335,,,,2086130201351060176,0000,0,110n,AAAB,67,124,49,132,
0.362473,1442663949765450240,200.0167967484155,22.269906540473567,357.7090739106658,81.88610244615256,-0.04282934417427934,0.23285615,0.2408544786021703,0.14667015,0.3176533710990822,0.23449396,18.979769,481.9916479504922,1.3477812,19.035429,18.645609,0.3898201,2016.0,J132004.03+221611.3,200.0168205,+22.2698083,0.0634,0.0607,1.5,14.645,13.689,10.922,8.836,,,,0.030,0.035,0.111,0.434,,,,2003122701351014368,0000,0,000n,AABC,353,173,-77,182,
0.081169,1442683126794754816,200.29667727321393,22.270030062652438,358.8186602610142,81.68130327448571,-0.12849301802358037,0.16277307,0.1195309112501673,0.11105831,-0.2524360635234988,0.1495228,18.68114,634.5858638064218,17.129307,18.84312,17.983301,0.8598194,2016.0,J132111.20+221612.1,200.2966957,+22.2700448,0.0424,0.0421,159.7,13.775,12.590,9.188,6.738,16.802,15.896,15.107,0.025,0.024,0.033,0.073,0.199,0.180,0.173,2003122701351016857,0000,1,9900,AAAA,281,58,174,62,0.150
0.393212,1442698966634149248,200.33325776393258,22.562137433403986,0.5988407474042531,81.82723654833279,0.34911996489073455,0.18373114,-0.05403051135643477,0.12927382,0.059844767880887724,0.18414716,18.74272,599.5957741431026,2.6911912,18.974628,18.384552,0.59007645,2016.0,J132119.95+223343.7,200.3331395,+22.5621407,0.0834,0.0776,13.7,15.375,14.205,11.072,8.619,,,,0.038,0.043,0.127,0.374,,,,2003122701351028761,0000,0,11nn,AABC,150,232,122,254,
0.194568,1457159326950480128,208.5224684983525,31.650675679953956,55.01946697643106,75.63931302263582,0.11876412092415002,0.15801288,0.012352832652249651,0.12923928,-0.04364935349702852,0.15542914,18.346083,864.0002722532009,2.8547034,18.506369,18.02987,0.47649956,2016.0,J135405.40+313902.5,208.5225163,+31.6507113,0.0833,0.0772,19.1,15.522,14.056,10.954,8.578,,,,0.041,0.039,0.094,0.322,,,,2082131801351028972,0000,0,000n,AAAB,40,184,-38,200,
0.825598,1457168604079829760,208.8061673211486,31.63398506861871,54.71870615152994,75.40918144660372,-0.08447481271884275,0.12631154,0.12541159806465874,0.10625519,-0.15057381488391672,0.12331751,18.171915,1014.3340313143188,1.0547435,18.739368,17.551071,1.1882973,2016.0,J135513.48+313803.1,208.8061671,+31.6342144,0.1145,0.1074,14.3,15.738,15.751,12.882,9.015,,,,0.041,0.112,,,,,,2082131801351023829,0000,0,0nnn,ABUU,-101,253,430,271,
0.247550,1457187433216648832,208.80562021332557,31.765963389161755,55.22659160622449,75.37733682201143,-0.0889841834436237,0.086377084,-0.016012933771441046,0.06945318,0.13167691421153832,0.08417162,17.543493,1809.463052869186,1.872696,17.780022,17.118847,0.6611748,2016.0,J135513.33+314557.3,208.8055483,+31.7659319,0.0458,0.0442,167.2,14.089,12.824,10.021,8.242,16.401,15.928,15.751,0.026,0.025,0.047,0.200,0.150,,0.293,2082131801351026213,0000,0,000n,AAAB,26,80,48,82,0.956
0.047289,1457199600859717376,207.43127323875797,30.857148986828683,52.70127437748918,76.73199187278527,0.004496971210553164,0.22847365,0.10099288611735555,0.15264441,-0.1845104927124508,0.22822866,18.892555,522.3051364772648,2.8874288,19.018396,18.604893,0.41350365,2016.0,J134943.50+305125.7,207.4312581,+30.8571508,0.0785,0.0741,13.2,15.310,14.113,11.505,8.680,,,,0.036,0.038,0.156,,,,,2069130201351054839,0000,0,00nn,AABU,-52,186,295,202,
0.021181,1457201383270075392,207.36552181361978,30.880848704964638,52.85660973483121,76.78179721376473,0.18988900703969783,0.14420523,0.012715586357141276,0.09590303,-0.1870751772506007,0.14555074,18.155336,1029.9401509211123,1.1565713,19.411488,17.061363,2.3501244,2016.0,J134927.72+305251.0,207.3655283,+30.8808469,0.0426,0.0421,152.9,13.576,12.786,9.328,6.818,15.558,14.988,14.392,0.024,0.025,0.032,0.082,0.062,0.084,0.081,2069130201351054770,0000,0,0011,AAAA,166,54,-8,421,0.092
0.095498,1457216402771770112,207.36752537065837,31.028456919460844,53.48265661488786,76.74651106017826,-0.291043211572592,0.26335514,-0.058920675484603474,0.18190701,-0.1413100856914178,0.2311446,18.965557,488.34178844711397,2.4383662,19.06317,18.66699,0.3961792,2016.0,J134928.21+310142.5,207.3675495,+31.0284735,0.1024,0.0951,19.4,15.815,14.541,11.564,8.696,,,,0.046,0.047,0.161,0.317,,,,2069130201351054891,0000,0,00nn,AABB,86,300,433,319,
0.019627,1442779432846344192,200.89589941225702,22.54778425032996,2.541353978042438,81.39144865317685,-0.17292116683193542,0.1739053,-0.027342841428431967,0.11418193,-0.07760828663870882,0.15080467,18.269102,927.4823472033728,1.9939314,18.34054,18.049053,0.29148674,2016.0,J132335.01+223252.0,200.8959041,+22.5477876,0.0566,0.0543,6.7,14.665,13.251,10.428,7.738,,,,0.031,0.028,0.086,0.174,,,,2003122701351021597,0h00,0,000n,AAAB,133,144,36,152,
0.036578,1457230898285232896,207.41051452761582,31.34356034459931,54.77141634227542,76.63416084275481,-0.15089913571881433,0.29219416,-0.014573591124433911,0.17950138,0.24944771997412843,0.23249534,18.842455,546.9719055967726,1.3925574,19.05417,18.436317,0.61785316,2016.0,J134938.52+312036.8,207.4105227,+31.3435677,0.0939,0.0867,9.3,15.565,14.320,11.180,8.328,,,,0.043,0.043,0.140,,,,,2082131801351013342,0000,0,11nn,AABU,259,275,-94,303,
0.026696,1457234609137155328,207.84947343107282,31.222444942914983,53.87762825656974,76.30000175726852,-0.27655341894732294,0.19354305,0.06592043721216051,0.1278835,0.3060400856114108,0.16620907,18.581974,695.2755005525768,1.3869772,18.742064,18.317286,0.42477798,2016.0,J135123.87+311320.7,207.8494698,+31.2224382,0.0766,0.0726,9.5,15.384,13.985,10.898,8.354,,,,0.037,0.038,0.097,0.262,,,,2082131801351007928,0000,0,000n,AAAB,326,199,56,213,
0.086283,1457243233431085440,207.98691756337416,31.356738319128407,54.308011833907756,76.15394894295254,0.017230399980914687,0.21080971,0.1707754981356649,0.14514467,0.24426262868383863,0.18212093,18.797491,570.0994950428209,1.126206,19.252167,18.124352,1.1278152,2016.0,J135156.86+312124.2,207.9869446,+31.3567449,0.0523,0.0501,168.2,14.526,13.099,10.027,7.677,,,,0.028,0.027,0.053,0.150,,,,2082131801351015903,0000,0,111n,AAAB,66,150,-50,144,
0.105819,1457249418184405248,207.65976507400072,31.284860109271477,54.29963704699911,76.44251374049847,-0.029367758058179184,0.1699982,0.17644971120554334,0.11815676,-0.2804583548396325,0.15003319,18.232882,958.9465321905145,1.5119343,18.344757,17.974163,0.37059402,2016.0,J135038.35+311705.4,207.6597995,+31.2848609,0.0727,0.0690,2.8,15.307,13.950,11.107,8.763,,,,0.036,0.036,0.115,0.396,,,,2082131801351010687,0000,0,00nn,AABC,70,202,-239,214,
0.103568,1457255263635856768,207.502643067814,31.456317396786687,55.15415428540848,76.52923510368981,0.07202342687051087,0.19136477,-0.11755213252434274,0.12612529,-0.24003716377101886,0.17450204,18.546568,718.3227982277114,2.8698633,18.603512,18.016737,0.5867748,2016.0,J135000.63+312722.6,207.5026454,+31.4562887,0.0564,0.0553,4.7,14.616,13.462,10.211,7.207,,,,0.030,0.030,0.056,0.087,,,,2082131801351013285,0000,0,0011,AAAA,17,173,248,163,
0.154782,1442826372543927296,201.0371513283617,23.018116079879952,5.689091355644077,81.53229164388895,-0.23944969195349503,0.22589488,0.12509195805826212,0.13974099,0.08767357554687301,0.20144181,18.81148,562.8010260906409,1.6894482,19.035748,18.466257,0.56949043,2016.0,J132408.91+230105.3,201.0371314,+23.0181550,0.1045,0.0941,19.4,15.736,14.444,11.570,8.345,,,,0.045,0.050,0.176,,,,,2003122701351046575,0000,0,00nn,AABU,30,295,412,326,
0.431435,1457282506612651520,207.3078050444539,31.48391646055979,55.457461953385014,76.68233954605694,0.06851021783268246,0.17834799,0.247905860487426,0.14782853,-0.11849796812731467,0.1907193,18.731108,606.043492705013,1.0375372,18.835749,18.318405,0.5173435,2016.0,J134913.84+312901.7,207.3077044,+31.4838328,0.0675,0.0647,15.3,15.091,13.901,9.865,7.606,,,,0.035,0.035,0.047,0.129,,,,2064131801351024675,0000,0,000n,AAAB,136,210,94,219,
0.215436,1457308104617627136,207.42471853388767,31.578173203474634,55.73469975335023,76.56109557666244,-0.029901827800331328,0.21220678,-0.1359571470742688,0.1746553,-0.2856267828033312,0.23575655,18.992397,476.4178589547022,0.9127964,19.156036,18.732378,0.42365837,2016.0,J134941.92+313441.2,207.4246839,+31.5781211,0.1419,0.1289,21.8,16.247,15.048,11.581,8.865,,,,0.058,0.067,0.171,0.357,,,,2082131801351013459,0000,0,00nn,AABC,-243,420,-526,451,
0.040197,1442858666402292736,202.28822714248977,22.230446848032198,5.21373669625816,80.1364941471648,0.1015757221917097,0.15263063,-0.12798451943989686,0.11078747,0.03933636798172064,0.12937047,18.066042,1118.2275509675487,3.6478393,18.222618,17.82743,0.39518738,2016.0,J132909.17+221349.6,202.2882296,+22.2304578,0.0525,0.0511,5.3,14.381,13.158,10.728,8.366,,,,0.029,0.028,0.076,0.251,,,,2019122701351002220,0000,0,000n,AAAB,90,104,138,113,
0.501289,1457336524417080192,207.40003928257337,32.06491019082328,57.758635721109705,76.44196303080905,-0.1300771909599801,0.11603108,-0.008515832301415047,0.14048578,0.01314802093095286,0.19394834,18.767532,586.0492124688342,1.8344413,18.972889,18.397686,0.57520294,2016.0,J134935.98+320354.1,207.3999567,+32.0650306,0.1593,0.1466,13.0,16.262,15.479,11.912,8.535,,,,0.057,0.098,0.256,,,,,2082131801351039785,d000,0,0nnn,AABU,-836,451,295,490,
0.078113,1442896328971484416,202.7960217071057,22.656576670133976,8.70550723666621,79.94347120393704,0.20499431150292852,0.14446108,0.06419867698214932,0.05941405,-0.21142683789973088,0.12759937,18.011774,1175.539619635957,3.8628483,18.206638,17.63141,0.57522774,2016.0,J133111.04+223923.7,202.7960094,+22.6565952,0.0534,0.0528,144.1,14.208,13.279,10.716,7.990,16.541,16.157,15.439,0.028,0.029,0.094,0.180,0.152,0.218,0.226,2019122701351020789,0h00,0,000n,AAAB,28,128,-2,122,0.627
0.152730,1457353291970205056,208.25879528135715,31.81317072901022,55.88966721358712,75.8144427212941,0.5462290342060537,0.60981077,-0.3909605137200239,0.5115448,0.42307650122675855,0.5716676,18.7989,569.3592814262618,3.014353,16.656673,15.293545,1.3631287,2016.0,J135302.11+314847.5,208.2588235,+31.8132057,0.0404,0.0382,124.2,11.935,11.988,11.340,9.269,13.569,12.936,12.674,0.023,0.022,0.159,,0.032,0.034,0.037,2082131801351031474,0000,5,11nn,AABU,53,43,-157,43,0.188
0.037011,1442958000406394368,202.84210025643006,22.997467843890213,10.560246308083974,80.06331344581471,0.07367254502333608,0.1848463,-0.005053084897561743,0.07671713,0.012757922156725957,0.15234213,18.415329,810.6166242052121,1.8668708,18.527641,18.10676,0.42088127,2016.0,J133122.10+225950.9,202.8421086,+22.9974747,0.0482,0.0473,177.8,14.298,12.861,9.857,7.630,,,,0.027,0.025,0.049,0.157,,,,2036122701351037059,0000,0,000n,AAAB,129,104,49,108,
0.025077,1442961573819193216,202.60102993376435,23.06199643105796,10.314173526387073,80.29051918226004,-0.1355634309632496,0.19366787,0.13801013543231208,0.105122276,-0.34996917928894505,0.20723031,18.872633,531.9776088045002,2.3482723,19.173317,18.298944,0.8743725,2016.0,J133024.24+230343.2,202.6010349,+23.0620017,0.0637,0.0608,7.0,14.881,13.504,10.353,8.471,16.618,15.965,15.837,0.033,0.033,0.063,0.285,0.150,,,2019122701351038193,0000,0,111n,AAAB,52,148,18,159,0.127
0.076874,1443026930337723008,203.6639058874061,23.243873075304087,13.632587606719767,79.48473919127873,-0.1017863054311272,0.18811937,0.11867859699543269,0.11837427,0.08235820268045958,0.17502958,18.701036,623.0634656278858,2.7202725,19.13408,18.140194,0.99388695,2016.0,J133439.33+231438.0,203.6639127,+23.2438935,0.0603,0.0583,2.9,14.915,13.457,9.963,7.422,,,,0.033,0.030,0.054,0.118,,,,2036122701351054672,0000,0,0110,AAAB,112,172,122,178,
0.079526,1443038505273442560,203.46281147320744,23.367103899214708,13.844899663223908,79.70342761543363,-0.12322033923730948,0.217884,0.1260877823413219,0.12904577,0.21727026939591168,0.20193271,18.963137,489.4320803190364,1.5234547,19.056694,18.568157,0.48853683,2016.0,J133351.08+232201.5,203.4628344,+23.3671107,0.0754,0.0713,5.0,15.085,14.039,11.173,8.339,,,,0.035,0.040,0.141,,,,,2036122701351054686,0000,0,00nn,AABU,134,156,31,173,
0.090758,1443060873462608256,203.0571443526704,23.203806875662476,12.129601025310002,79.97541224096005,-0.1811870402098185,0.2260083,0.008907307085323047,0.11873861,0.17011036096626236,0.21615227,18.971548,485.65458410214325,2.031556,19.195255,18.6093,0.58595467,2016.0,J133213.71+231213.7,203.0571334,+23.2038300,0.0715,0.0681,3.8,15.141,13.872,10.962,8.544,,,,0.034,0.036,0.122,0.288,,,,2036122701351060192,0000,0,110n,AABB,81,184,293,198,
0.038103,1443115883404397440,203.2667286440257,23.749021237368176,15.449366848676272,80.01712266942293,0.026441923614620083,0.1287367,-0.06001144025900071,0.06475882,-0.08877609597612317,0.11420225,17.996656,1192.0225181874632,2.0300846,18.230913,17.570244,0.6606693,2016.0,J133304.01+234456.4,203.2667398,+23.7490186,0.0616,0.0597,179.9,14.794,13.656,10.604,8.703,16.775,15.817,16.018,0.031,0.033,0.073,0.426,0.128,0.137,0.246,2031124201351004563,0000,0,000n,AAAC,229,151,263,158,0.287
0.236672,1443134472022721152,202.0456126365649,22.99648063557445,8.530194962913935,80.71355626789673,0.204126263054615,0.17997795,0.1717462633365885,0.14153084,-0.09262860267066099,0.1841299,18.666077,643.4519655765532,4.374014,18.961187,18.168266,0.79292107,2016.0,J132810.96+225947.4,202.0456774,+22.9965083,0.1237,0.1113,16.1,15.867,14.739,11.337,8.875,,,,0.051,0.059,0.169,0.477,,,,2019122701351034398,0000,0,00nn,AABC,-22,352,-600,382,
0.107071,1443150311861780864,201.78789000464343,23.095095762750212,8.368444453945067,80.96910351770062,-0.19586241404228777,0.1836554,0.12920118342833203,0.1442616,0.015718111184785534,0.16327798,18.47575,766.7381269595562,1.996965,18.638994,18.20732,0.43167496,2016.0,J132709.09+230542.4,201.7879108,+23.0951185,0.0528,0.0518,175.4,14.390,13.055,10.301,8.057,,,,0.028,0.028,0.069,0.251,,,,2019122701351032453,0000,0,000n,AAAB,54,143,63,139,
0.299236,1443160933316659712,202.21112489528733,23.164000092375566,9.883642397756429,80.65648259688072,0.07137297441486114,0.20108418,-0.08191299734133145,0.14439982,0.06606643316143608,0.18841456,18.836649,549.9047406386235,1.7921841,19.260649,18.346964,0.91368484,2016.0,J132850.67+230950.6,202.2111460,+23.1640809,0.1419,0.1318,10.0,15.983,15.119,11.970,8.908,,,,0.054,0.080,0.286,,,,,2019122701351036445,0000,0,00nn,AABU,-436,434,390,471,
0.103782,1443162685662551040,202.06705379006016,23.154630873225518,9.456633934768023,80.76999690576065,0.19959335718889462,0.1844383,-0.22869828648098095,0.14180963,-0.2575691682763964,0.18791363,18.608435,678.5365375732473,4.3104267,18.723642,17.833714,0.8899288,2016.0,J132816.09+230916.7,202.0670772,+23.1546501,0.0461,0.0446,115.5,13.682,12.700,10.304,8.301,16.876,16.175,15.036,0.026,0.025,0.071,0.295,0.172,0.198,0.123,2019122701351034329,0000,0,111n,AAAB,128,95,51,93,0.499
0.233952,1443264459208716800,202.4645280247929,23.40868019239714,11.857346410023654,80.55513168807545,-0.09683365622482032,0.23805243,-0.20656929801975177,0.1338771,-0.08198994673440298,0.19937883,18.916689,510.82368106888845,1.765367,19.050306,18.575218,0.47508812,2016.0,J132951.49+232431.4,202.4645705,+23.4087322,0.0688,0.0673,55.1,14.957,13.704,10.760,8.800,,,,0.034,0.034,0.095,0.542,,,,2019122701351042454,d000,0,nnnn,AAAC,151,188,68,194,
0.038288,1443274900273204224,202.81198163557735,23.64845994419651,13.965081229059548,80.36290862462268,-0.0020535529162353265,0.21578361,0.004158910844904995,0.08570217,-0.19346661193076675,0.17706588,18.580824,696.0122864081087,2.1625094,18.728954,18.33615,0.3928051,2016.0,J133114.87+233854.4,202.8119750,+23.6484687,0.0743,0.0699,11.8,15.094,13.941,11.523,8.681,,,,0.035,0.039,0.192,,,,,2031124201351006499,0000,0,00nn,AABU,42,169,72,179,
0.104634,1443287785175133568,202.3663097835729,23.706935745287097,13.300330488671273,80.760566705335,0.0550434655670291,0.14310347,0.07362728966759466,0.108756594,0.17819781544103422,0.13209407,18.183247,1003.8028449773009,1.8898784,18.492207,17.737686,0.7545204,2016.0,J132927.91+234225.0,202.3663238,+23.7069618,0.0563,0.0540,6.7,14.628,13.221,10.055,7.833,,,,0.029,0.031,0.052,0.199,,,,2031124201351008544,0000,0,000n,AAAB,77,176,30,173,
0.292573,1443300910595240576,202.99540815646054,23.78215073987575,15.083357314319109,80.25966742632467,-0.2535363484684927,0.16611879,0.033314022552916406,0.084416576,-0.09271001644341643,0.16068855,18.534245,726.5223672921513,1.9004933,18.703136,18.133108,0.5700283,2016.0,J133158.89+234655.4,202.9954027,+23.7820696,0.0691,0.0657,2.2,15.126,13.848,10.909,8.233,,,,0.034,0.034,0.099,0.227,,,,2031124201351014628,0000,0,001n,AAAB,15,171,193,186,
0.084849,1443365889155952512,202.08502286488786,24.1576121061583,15.317855055266241,81.17156078263753,0.02661575357932704,0.08580675,0.10815771342126698,0.06680986,-0.06634598524340186,0.08507839,17.26674,2334.8058768945953,11.221025,17.383423,16.816406,0.5670166,2016.0,J132820.40+240927.4,202.0850405,+24.1576294,0.0401,0.0388,105.0,13.103,12.033,9.339,6.909,16.092,15.428,14.421,0.025,0.022,0.034,0.087,0.091,0.096,0.086,2014124201351022483,0000,0,1100,AAAA,89,44,169,46,0.114
0.041376,1443384031097853440,202.69312367969127,24.323112401544847,17.54309149064561,80.71092338099592,0.03246668856549047,0.17208308,0.011431703850767534,0.083098106,0.13820563931168836,0.15397383,18.352377,859.0049096383096,1.7545979,18.7584,17.794195,0.9642048,2016.0,J133046.35+241923.2,202.6931351,+24.3231172,0.0482,0.0471,171.1,14.257,12.744,9.801,7.817,16.617,15.973,15.367,0.028,0.025,0.047,0.183,0.144,0.158,,2031124201351026738,0000,0,000n,AAAB,236,155,142,137,0.548
0.166356,1443439174182096256,205.64886634759492,22.381421709370986,13.479894389042794,77.46223469318136,0.02416801603332603,0.16703598,0.0902551789191655,0.1165871,-0.07038248572274085,0.15735461,18.570034,702.963917121134,1.2277567,18.73178,18.148464,0.5833149,2016.0,J134235.72+222253.2,205.6488684,+22.3814679,0.0861,0.0801,8.1,15.489,14.387,11.355,9.066,,,,0.037,0.046,0.141,0.493,,,,2052122701351020709,0000,0,00nn,AABC,27,160,-7,176,
0.102095,1443448730485608704,205.8833681715348,22.61568465046565,14.867793445100082,77.36063220720781,0.05466260396851291,0.16000192,0.00409419787461891,0.113718145,0.042871324063480834,0.1623143,18.463982,775.0932574668633,0.9668719,18.75027,17.9435,0.8067703,2016.0,J134332.00+223656.5,205.8833444,+22.6157026,0.0448,0.0438,159.8,14.016,12.613,9.706,7.393,,,,0.026,0.024,0.039,0.101,,,,2052122701351025607,hh00,0,1111,AAAA,0,68,0,68,
0.404271,1443470407184939136,205.62345544834284,22.831238213379727,15.34529189828251,77.66605091840844,0.10760128702921642,0.15016085,0.055050357763174976,0.10593777,-0.1795446434331019,0.15349686,18.445623,788.3099524872251,2.2349122,18.600515,18.175877,0.42463875,2016.0,J134229.60+224952.6,205.6233464,+22.8312884,0.0592,0.0565,8.9,14.961,13.662,10.584,8.008,,,,0.030,0.030,0.070,0.175,,,,2052122701351028449,0000,0,111n,AAAB,55,102,7,111,
0.394230,1443475531081358464,204.8993842312216,22.43202836224434,12.298325212991308,78.11048392225024,-0.27033924769117956,0.21480934,0.16894031192115494,0.12217964,0.16356293202213698,0.20240204,18.675009,638.1803605872464,0.9270201,18.982456,18.2018,0.7806568,2016.0,J133935.82+222555.1,204.8992716,+22.4319944,0.3489,0.3159,7.6,17.237,17.254,12.740,9.381,,,,0.111,0.432,,,,,,2052122701351016537,0000,0,nnnn,BCUU,1268,892,-1185,975,
0.070707,1443483193303054208,205.10370329671665,22.544544997702527,13.179276029385495,77.98791505390629,0.2710612139061126,0.17316778,-0.11728802464775401,0.11757413,0.14381188776136836,0.16364937,18.416084,810.0524267030181,2.5243037,18.468964,17.471025,0.99793816,2016.0,J134024.88+223240.3,205.1036829,+22.5445505,0.0473,0.0466,155.5,13.987,13.121,10.206,7.631,16.449,15.716,14.817,0.025,0.027,0.054,0.112,0.117,0.130,0.091,2052122701351017970,0h00,0,220n,AAAB,18,61,52,65,0.150
0.284581,1443508409055703296,204.89443226699308,22.89499369159179,14.347556858237054,78.30809254022778,0.08864012310026344,0.14798374,-0.04609622391266968,0.08563389,0.07956798909645017,0.12756477,18.267563,928.7986574213204,2.2829235,18.5196,17.870098,0.6495018,2016.0,J133934.65+225341.7,204.8943849,+22.8949278,0.0602,0.0579,13.4,14.742,13.770,10.800,8.046,,,,0.029,0.033,0.087,0.210,,,,2052122701351040616,dd00,0,200n,AAAB,26,94,10,102,
0.093563,1443518652553958528,205.52018521011215,22.894164096127056,15.443469699162032,77.7782056301365,0.19569772362430665,0.23695633,0.0253028925105274,0.17307672,0.057358110153237996,0.22588326,18.921133,508.7375667692977,2.0236018,19.007599,18.633064,0.3745346,2016.0,J134204.83+225338.9,205.5201571,+22.8941663,0.0789,0.0731,7.3,15.409,14.398,11.967,8.900,,,,0.035,0.043,0.223,,,,,2052122701351045696,0h00,0,11nn,AABU,82,144,-9,159,
0.311228,1443523767858818304,205.37302490174653,23.00729631338745,15.69095192631891,77.94689070430911,-0.04131595719676586,0.40885782,0.43134216826217314,0.23594157,-0.19887644485959458,0.40749982,18.927639,505.6975058455122,1.3428503,18.577343,17.661407,0.9159355,2016.0,J134129.54+230026.0,205.3731024,+23.0072475,0.0595,0.0568,3.1,14.792,14.381,9.634,6.271,16.877,16.242,15.430,0.030,0.044,0.033,0.044,0.161,0.199,0.144,2052122701351043162,0000,0,1111,AAAA,89,101,-65,108,1.139
0.342991,1443556929302281600,206.2305690107604,23.005526345754202,17.061911331049718,77.21463483189376,-0.2660540210615071,0.1687131,-0.023981840212131754,0.12956207,-0.11214310753181315,0.17107785,18.749863,595.664411607238,1.3646675,19.129086,18.234133,0.8949528,2016.0,J134455.31+230019.9,206.2304668,+23.0055416,0.1094,0.1001,11.3,15.873,14.843,11.093,9.021,,,,0.045,0.057,0.116,0.415,,,,2068122701351040190,0000,0,00nn,AABC,138,215,6,238,
0.082609,1443686912191983488,204.60951640815517,22.775112955706668,13.268706118273354,78.4986022382644,-0.23709072105401396,0.15034132,0.009340246230705306,0.09303985,-0.2297554169450212,0.15576869,18.247435,946.1789158598161,2.0779903,18.485106,17.89062,0.59448624,2016.0,J133826.28+224630.4,204.6095039,+22.7751328,0.0431,0.0421,135.0,13.906,12.406,9.683,7.889,16.936,16.086,16.226,0.026,0.023,0.038,0.169,0.189,0.179,0.309,2052122701351035555,0000,0,000n,AAAB,78,47,27,51,0.612
0.081236,1443740165490729856,204.8837775585469,23.266796213648558,16.030254544380984,78.46161117980829,0.17814779930809693,0.20951377,-0.03689182895288198,0.12625083,0.04983089503821256,0.1937947,18.865995,535.2398408349985,1.0027978,19.083,18.490654,0.5923462,2016.0,J133932.10+231600.4,204.8837548,+23.2668048,0.1070,0.0991,11.4,15.874,14.692,11.089,8.737,,,,0.046,0.052,0.123,,,,,2052122701351058942,0000,0,11nn,AABU,242,220,-58,241,
0.030654,1443759338224235648,204.30248568375902,23.191033129158182,14.625875258568314,78.92561831948227,0.1822411658988621,0.22415566,-0.0016809931123463186,0.14447281,-0.19767941944263154,0.2225712,18.928583,505.258315360844,4.502012,19.14417,18.548367,0.5958042,2016.0,J133712.59+231127.7,204.3024782,+23.1910281,0.0722,0.0674,6.2,15.196,13.863,10.864,8.286,,,,0.035,0.036,0.114,,,,,2036122701351049513,0000,0,011n,AABU,248,140,-183,155,
0.819185,1443778515253936256,204.05066171404275,23.332789495544738,14.836275592802032,79.1939926710497,-0.14282086398905539,0.24032141,0.027376363737444592,0.14414151,-0.08457635522530793,0.19927217,18.77521,581.9197922780776,4.5477324,18.718023,17.67886,1.0391636,2016.0,J133612.12+231958.7,204.0505261,+23.3329800,0.0592,0.0537,158.1,13.957,13.393,11.477,8.639,16.021,15.672,15.045,0.028,0.032,0.170,,,0.123,0.131,2036122701351052060,0000,0,nnnn,AABU,177,74,78,82,1.141
0.045655,1457414585446908288,207.78909668480728,32.013607734513606,57.140160172258874,76.142095059199,0.09180684842052142,0.05662301,-0.0700868833777508,0.061090555,-0.05491467924007832,0.08074694,17.41345,2039.7028298410419,2.4515538,17.520304,17.204718,0.3155861,2016.0,J135109.38+320049.0,207.7890933,+32.0136201,0.0436,0.0426,135.0,13.987,12.580,9.691,7.290,16.515,15.969,15.650,0.025,0.023,0.044,0.101,0.131,0.196,0.229,2082131801351042359,0000,0,1100,AAAA,70,207,180,153,0.427
0.219332,1457416032852411904,207.98730250244517,31.961368405585763,56.73324091712635,75.99583182119598,-0.15332590245517136,0.09422338,-0.03376332848759002,0.09209694,-0.030942813219805687,0.103826255,18.0419,1143.370136643143,6.37564,18.17037,17.751143,0.4192276,2016.0,J135156.93+315741.0,207.9872386,+31.9613963,0.0539,0.0522,164.6,14.439,13.285,10.298,7.915,,,,0.029,0.028,0.058,0.187,,,,2082131801351042377,0000,0,220n,AAAB,174,157,214,157,
0.220464,1457439122596553984,207.6779076840447,32.27123391033115,58.28462856603173,76.15495473677831,-0.12171279925929529,0.116799235,0.021830996527254697,0.14570129,0.2373129443173784,0.17509754,18.752407,594.2701335049474,1.5270419,18.921068,18.358437,0.5626316,2016.0,J135042.70+321616.6,207.6779398,+32.2712888,0.1139,0.1046,16.7,15.901,14.727,11.129,8.783,,,,0.050,0.054,0.129,0.341,,,,2082131801351039508,0000,0,000n,AABB,278,326,-626,344,
0.612283,1457443692441804032,208.04784448238536,32.17842132481722,57.52856158602419,75.88441228360865,-0.08072943112747698,0.12223232,0.08762742531914444,0.1515956,-0.273704200409908,0.19002338,18.863327,536.5569088867223,1.2540214,19.056318,18.50689,0.54942894,2016.0,J135211.53+321042.3,208.0480454,+32.1784243,0.1428,0.1285,19.5,16.163,14.956,11.445,8.456,,,,0.058,0.067,0.178,,,,,2082131801351042538,0000,0,00nn,AABU,1100,428,266,468,
0.229734,1457502615096095232,209.41291992910143,31.85563721191474,55.07302261673253,74.85501231686888,-0.04551883196717665,0.12646362,0.06350689156486175,0.11864065,0.07505394543206867,0.122320496,18.256388,938.4086968024343,3.4846346,18.471148,17.940756,0.5303917,2016.0,J135739.11+315120.2,209.4129925,+31.8556206,0.0889,0.0837,8.7,15.609,14.488,10.924,8.632,,,,0.040,0.046,0.085,0.278,,,,2100131801351037034,0000,0,000n,AAAB,177,198,-77,212,
0.185968,1457506635185496064,209.64681370517218,31.893900453103782,55.03334398511139,74.6530060585138,-0.18395272144437314,0.19086951,-0.24077836349495566,0.16407913,0.22245970468315068,0.18449384,18.86478,535.8395471656634,1.1503445,19.007011,18.552767,0.4542446,2016.0,J135835.24+315338.0,209.6468745,+31.8939001,0.1183,0.1099,16.6,16.143,14.987,11.128,8.678,,,,0.050,0.062,0.097,0.298,,,,2100131801351034511,0000,0,00nn,AAAB,-17,251,-165,267,
0.089944,1457513713292267520,209.8422832934834,31.79390755557562,54.52192052216521,74.51484319308759,-0.14566235116955759,0.13601263,-0.20062073212482273,0.12206299,-0.040894426861061,0.12646028,18.300219,901.2788088531529,3.1681128,18.396103,18.006435,0.3896675,2016.0,J135922.15+314738.1,209.8423082,+31.7939209,0.0482,0.0471,149.7,14.278,13.022,10.271,7.749,16.937,16.266,15.737,0.027,0.026,0.052,0.117,0.177,0.198,0.238,2100131801351031602,0000,0,000n,AAAB,-56,79,61,77,0.969
0.195296,1457531511636398080,209.6765211872742,31.99386484685134,55.37645613866845,74.60446153618935,-0.0938325806520633,0.17188197,0.06358378945575367,0.14173849,0.1499226853651373,0.16536814,18.680965,634.6884688444813,1.6305165,18.886791,18.270948,0.6158428,2016.0,J135842.37+315938.0,209.6765568,+31.9939099,0.0913,0.0860,13.7,15.754,14.432,11.599,9.363,,,,0.041,0.044,0.155,0.509,,,,2100131801351042383,0000,0,11nn,AABC,284,184,72,200,
0.118329,1457551268485920640,209.26182870004695,31.916088629657715,55.418636543120456,74.9646365874672,0.0625938476711147,0.15445082,-0.024327097239489212,0.13080955,-0.18669597760909834,0.14107774,18.543945,720.0596576759935,1.1753807,18.697462,18.188335,0.50912666,2016.0,J135702.82+315457.8,209.2617908,+31.9160821,0.1119,0.1044,8.7,15.788,14.928,11.425,8.498,,,,0.044,0.065,0.165,,,,,2100131801351037077,0000,0,00nn,AABU,-509,253,-367,272,
0.137365,1457575874355004800,209.1978170529552,32.202793417042805,56.53966376724169,74.94327157169899,-0.13211412759917926,0.111292355,0.017264454630409837,0.117365755,-0.04069753894270311,0.1408619,18.464628,774.6326745644321,1.669614,18.676882,18.110807,0.5660744,2016.0,J135647.46+321210.1,209.1977745,+32.2028061,0.0536,0.0529,11.1,14.666,13.310,10.477,8.007,16.703,16.855,15.913,0.029,0.028,0.060,0.164,0.157,,0.254,2100131801351039469,0000,0,221n,AAAB,10,104,26,107,0.744
0.022497,1457611402324508672,209.51311764088877,32.584076479526914,57.65678854565318,74.58261359809208,-0.18605545063026513,0.3206921,0.10091318595002485,0.39046657,-0.6129867413042162,0.5001434,18.572454,701.3991656875385,3.613581,17.080034,15.665796,1.414238,2016.0,J135803.14+323502.6,209.5131173,+32.5840827,0.0439,0.0410,134.0,12.788,12.833,11.440,8.741,14.207,13.534,13.247,0.022,0.026,0.153,,0.036,0.038,0.041,2087133301351000182,hh00,1,00nn,AABU,-52,46,18,46,0.111
0.163705,1457713721328657408,209.75729336974263,32.909459531719875,58.59719466049419,74.2920968322964,-0.012895812429189081,0.118440986,-1.0059638377732303E-4,0.1631604,-0.004471166810960728,0.17416263,18.85253,541.9193828807834,2.9721446,19.058687,18.409092,0.64959526,2016.0,J135901.74+325433.8,209.7572907,+32.9094141,0.0988,0.0884,16.6,15.736,14.381,11.444,8.611,,,,0.045,0.044,0.165,0.306,,,,2105133301351013398,0000,0,nnnn,AABB,-297,206,62,226,
0.147885,1457767185081703424,208.83072097542856,32.37703865300359,57.52244268604248,75.19336034057005,0.16464781995607308,0.11580864,0.008871745122558132,0.12792346,-0.1242574602659155,0.16239652,18.614868,674.5268772967112,1.395521,18.885864,18.226093,0.65977097,2016.0,J135519.38+322237.4,208.8307596,+32.3770636,0.1125,0.1044,18.8,15.864,14.697,11.829,9.162,,,,0.047,0.056,0.224,,,,,2082131801351053218,0000,0,11nn,AABU,280,339,177,363,
0.139388,1457807184115915392,209.44780519579285,32.86308278629356,58.720072991219425,74.55402477070449,-0.05824064613322619,0.108543836,0.049946446627688885,0.16107076,0.25916063400337436,0.196624,18.728441,607.5335994719331,1.4820739,18.760368,18.42243,0.3379383,2016.0,J135747.47+325146.9,209.4478014,+32.8630442,0.0559,0.0548,179.4,14.485,13.447,10.913,8.889,,,,0.029,0.030,0.088,0.407,,,,2087133301351024057,0000,0,011n,AAAC,12,109,137,114,
0.045703,1457889888006045952,208.62787767530355,33.229699689011895,60.88834773071379,75.08747546928296,0.03246303782832066,0.067731895,0.027255561711970726,0.07894792,-0.17804861599077992,0.09726074,17.95722,1236.1137895886254,1.0668601,18.035929,17.654108,0.38182068,2016.0,J135430.69+331346.9,208.6278927,+33.2297013,0.0443,0.0427,146.3,13.898,12.650,9.821,7.299,,,,0.025,0.025,0.047,0.105,,,,2087133301351032033,0000,0,0011,AAAA,103,170,187,158,
0.168553,1457911946956665984,209.76257619047823,33.14371275134299,59.41536368998345,74.21724780942392,-0.4432502376996858,0.398881,-0.09756390716513802,0.48834157,-0.4772640066101725,0.60081947,18.809181,563.9932561800658,2.3418934,16.838371,15.6207905,1.2175808,2016.0,J135903.03+330837.3,209.7626317,+33.1437068,0.0440,0.0415,136.2,12.770,12.697,11.502,9.089,14.371,13.645,13.371,0.023,0.025,0.140,,0.042,0.039,0.048,2105133301351013307,0000,5,11nn,AABU,83,45,-3,46,0.157
0.050434,1457948226543151360,209.98413829822636,33.457938375270764,60.29103676224874,73.94276201770809,0.025943635156598983,0.10166864,0.046986344235011857,0.12579583,-0.12809727752437375,0.14419612,18.637041,660.8916652893668,1.2718265,18.863974,18.237005,0.6269684,2016.0,J135956.19+332728.5,209.9841548,+33.4579409,0.0734,0.0690,14.6,15.350,13.819,10.684,8.639,,,,0.039,0.034,0.076,0.254,,,,2105133301351037595,0000,0,011n,AAAB,162,160,33,169,
0.107832,1457958225227053312,209.56358513602842,33.5193202994959,60.9212000678876,74.25417635367486,0.08737316394909267,0.12630709,0.05517751577264096,0.16458021,-0.07510609551231347,0.2039341,18.730062,606.6268042609755,2.3969963,18.804354,18.477127,0.32722664,2016.0,J135815.26+333109.5,209.5636208,+33.5193239,0.0680,0.0643,12.3,14.919,13.836,11.335,8.589,,,,0.032,0.037,0.128,,,,,2087133301351051082,0000,0,00nn,AABU,418,181,153,194,
0.059131,1458036702869741440,209.51609729075398,34.048353448798956,62.790563730698445,74.10665412562659,0.0833260257999155,0.10510871,-0.009146773785973974,0.118308656,-0.17504159782900688,0.1418452,18.198942,989.3946551729148,2.5387878,18.280504,17.770494,0.51000977,2016.0,J135803.86+340254.1,209.5161033,+34.0483691,0.0394,0.0385,137.9,13.435,12.216,9.126,6.477,16.882,16.090,15.108,0.024,0.022,0.030,0.060,0.157,0.166,0.137,2087133301351053749,0000,0,1200,AAAA,78,50,26,53,0.625
0.248901,1458037978476915712,209.41643924180835,34.08943400407233,63.040982706375814,74.1684417381466,7.611491797681891E-4,0.09045323,0.1216571822510187,0.09905425,-0.014188663953109963,0.124706075,18.085703,1098.1592823684286,2.677365,18.277622,17.696766,0.5808563,2016.0,J135739.96+340521.7,209.4165016,+34.0893881,0.0669,0.0634,16.8,15.021,13.779,10.576,8.250,,,,0.033,0.034,0.076,0.227,,,,2101134801351010653,0000,0,000n,AAAB,-22,176,164,185,
0.137090,1458058869198681472,206.55889135009062,31.64703334671938,56.94756211783637,77.24881887101544,-0.0403251094124176,0.117787376,-0.013202066157715811,0.11336925,0.09513575431468593,0.14451374,18.418833,808.0035589735485,1.5231613,18.54672,18.112371,0.43434906,2016.0,J134614.12+313849.3,206.5588470,+31.6470380,0.0515,0.0512,161.6,14.511,13.143,10.240,7.583,,,,0.028,0.028,0.056,0.121,,,,2064131801351019121,0000,0,1100,AAAB,-11,144,82,138,
0.143193,1458135040440579072,206.19007163949783,32.120894388041656,59.44893940156816,77.3947076710644,0.047511352819964194,0.09856423,-0.020566456043994215,0.10608129,-0.025195807994136583,0.15341811,18.527155,731.2813929160741,2.1548471,18.63182,18.127651,0.50416946,2016.0,J134445.61+320715.3,206.1900736,+32.1209341,0.0596,0.0583,0.8,14.621,13.558,10.345,7.832,,,,0.031,0.032,0.061,0.163,,,,2064131801351042271,0000,0,110n,AAAB,128,164,274,166,
0.269696,1458152666986409088,206.7422441083281,32.292312943561846,59.46412172800375,76.89705530685495,-0.14818055961734558,0.12986186,0.0930972708197528,0.1389635,-0.19317575311066135,0.18630163,18.892145,522.5025042651366,1.7087173,19.106388,18.459032,0.64735603,2016.0,J134658.15+321732.4,206.7423121,+32.2923610,0.1275,0.1156,24.8,16.067,14.856,11.515,8.709,,,,0.052,0.061,0.186,0.350,,,,2064131801351056067,0000,0,00nn,AABB,136,390,-332,424,
1.391700,1458158718598392192,207.0024806426914,32.479442924099864,59.90861310175974,76.62695864476201,0.03413496020798086,0.12939431,0.10719612391441964,0.14001173,0.3436944065320314,0.20412047,18.885963,525.4858082624352,3.0817964,18.972143,18.544058,0.42808533,2016.0,J134800.54+322847.2,207.0022769,+32.4797892,0.0863,0.0819,9.8,15.383,14.471,11.788,8.533,,,,0.038,0.047,0.209,,,,,2064131801351055973,0000,0,01nn,AABU,98,233,134,252,
0.180942,1458261832173332224,207.2075471427949,32.73396248376575,60.675856686362465,76.37685255169774,-0.0048231492820379265,0.07839525,0.12388422507362404,0.08949759,0.11706129026569465,0.114832036,18.13596,1048.4858021725536,2.838444,18.272326,17.726984,0.5453415,2016.0,J134849.81+324402.4,207.2075652,+32.7340104,0.0686,0.0660,5.4,14.975,14.002,11.033,8.552,,,,0.031,0.037,0.120,0.280,,,,2069133301351002747,0000,0,000n,AABB,244,181,118,189,
0.253252,1458282276217635456,206.9899208661049,32.89836400435638,61.61003563311956,76.48845473944237,-0.011705214091564907,0.13663287,-0.2462390225883147,0.13747828,0.139593629203142,0.17760521,18.804932,566.205288798481,1.2676668,19.00473,18.42535,0.57938004,2016.0,J134757.56+325353.9,206.9898605,+32.8983152,0.0799,0.0756,17.7,15.521,14.120,11.202,8.364,,,,0.040,0.037,0.113,0.230,,,,2069133301351018564,0000,0,00nn,AABB,125,200,58,206,
